run_id,model_name,criterion,run_started_at,epoch,epoch_timestamp,train_loss,val_loss,is_best,learning_rate,epoch_duration_sec,num_params,batch_size,seed
ModelCNN_fvs_std0.02_90k_RMSELoss_20260727_173236,ModelCNN_fvs_std0.02_90k_RMSELoss,RMSELoss,2026-07-27 17:32:36,1/200,2026-07-27 17:36:34,0.110632,0.097183,True,0.00010000,236.83,58260749,8,42
ModelCNN_fvs_std0.02_90k_RMSELoss_20260727_173236,ModelCNN_fvs_std0.02_90k_RMSELoss,RMSELoss,2026-07-27 17:32:36,2/200,2026-07-27 17:40:48,0.095461,0.092121,True,0.00010000,244.32,58260749,8,42
ModelCNN_fvs_std0.02_90k_RMSELoss_20260727_173236,ModelCNN_fvs_std0.02_90k_RMSELoss,RMSELoss,2026-07-27 17:32:36,3/200,2026-07-27 17:45:10,0.088893,0.087205,True,0.00010000,252.20,58260749,8,42
ModelCNN_fvs_std0.02_90k_RMSELoss_20260727_173236,ModelCNN_fvs_std0.02_90k_RMSELoss,RMSELoss,2026-07-27 17:32:36,4/200,2026-07-27 17:49:31,0.084227,0.082037,True,0.00010000,250.93,58260749,8,42
ModelCNN_fvs_std0.02_90k_RMSELoss_20260727_173236,ModelCNN_fvs_std0.02_90k_RMSELoss,RMSELoss,2026-07-27 17:32:36,5/200,2026-07-27 17:53:52,0.080778,0.083601,False,0.00010000,250.92,58260749,8,42
ModelCNN_fvs_std0.02_90k_RMSELoss_20260727_173236,ModelCNN_fvs_std0.02_90k_RMSELoss,RMSELoss,2026-07-27 17:32:36,6/200,2026-07-27 17:58:02,0.077694,0.078154,True,0.00010000,250.57,58260749,8,42
ModelCNN_fvs_std0.02_90k_RMSELoss_20260727_173236,ModelCNN_fvs_std0.02_90k_RMSELoss,RMSELoss,2026-07-27 17:32:36,7/200,2026-07-27 18:02:24,0.075040,0.078798,False,0.00010000,251.97,58260749,8,42
ModelCNN_fvs_std0.02_90k_RMSELoss_20260727_173236,ModelCNN_fvs_std0.02_90k_RMSELoss,RMSELoss,2026-07-27 17:32:36,8/200,2026-07-27 18:06:35,0.072586,0.076908,True,0.00010000,251.13,58260749,8,42
ModelCNN_fvs_std0.02_90k_RMSELoss_20260727_173236,ModelCNN_fvs_std0.02_90k_RMSELoss,RMSELoss,2026-07-27 17:32:36,9/200,2026-07-27 18:10:56,0.069981,0.076093,True,0.00010000,250.89,58260749,8,42
ModelCNN_fvs_std0.02_90k_RMSELoss_20260727_173236,ModelCNN_fvs_std0.02_90k_RMSELoss,RMSELoss,2026-07-27 17:32:36,10/200,2026-07-27 18:15:14,0.067586,0.075163,True,0.00010000,248.23,58260749,8,42
ModelCNN_fvs_std0.02_90k_RMSELoss_20260727_173236,ModelCNN_fvs_std0.02_90k_RMSELoss,RMSELoss,2026-07-27 17:32:36,11/200,2026-07-27 18:19:34,0.065333,0.073409,True,0.00010000,250.05,58260749,8,42
ModelCNN_fvs_std0.02_90k_RMSELoss_20260727_173236,ModelCNN_fvs_std0.02_90k_RMSELoss,RMSELoss,2026-07-27 17:32:36,12/200,2026-07-27 18:23:53,0.063423,0.073195,True,0.00010000,248.65,58260749,8,42
ModelCNN_fvs_std0.02_90k_RMSELoss_20260727_173236,ModelCNN_fvs_std0.02_90k_RMSELoss,RMSELoss,2026-07-27 17:32:36,13/200,2026-07-27 18:28:12,0.061580,0.073420,False,0.00010000,249.32,58260749,8,42
ModelCNN_fvs_std0.02_90k_RMSELoss_20260727_173236,ModelCNN_fvs_std0.02_90k_RMSELoss,RMSELoss,2026-07-27 17:32:36,14/200,2026-07-27 18:32:21,0.059822,0.073406,False,0.00010000,248.82,58260749,8,42
ModelCNN_fvs_std0.02_90k_RMSELoss_20260727_173236,ModelCNN_fvs_std0.02_90k_RMSELoss,RMSELoss,2026-07-27 17:32:36,15/200,2026-07-27 18:36:32,0.058124,0.071953,True,0.00010000,251.03,58260749,8,42
ModelCNN_fvs_std0.02_90k_RMSELoss_20260727_173236,ModelCNN_fvs_std0.02_90k_RMSELoss,RMSELoss,2026-07-27 17:32:36,16/200,2026-07-27 18:40:55,0.056538,0.072423,False,0.00010000,253.30,58260749,8,42
ModelCNN_fvs_std0.02_90k_RMSELoss_20260727_173236,ModelCNN_fvs_std0.02_90k_RMSELoss,RMSELoss,2026-07-27 17:32:36,17/200,2026-07-27 18:45:04,0.055209,0.072036,False,0.00010000,249.30,58260749,8,42
ModelCNN_fvs_std0.02_90k_RMSELoss_20260727_173236,ModelCNN_fvs_std0.02_90k_RMSELoss,RMSELoss,2026-07-27 17:32:36,18/200,2026-07-27 18:49:14,0.053878,0.071920,True,0.00010000,249.48,58260749,8,42
ModelCNN_fvs_std0.02_90k_RMSELoss_20260727_173236,ModelCNN_fvs_std0.02_90k_RMSELoss,RMSELoss,2026-07-27 17:32:36,19/200,2026-07-27 18:53:34,0.052610,0.071611,True,0.00010000,250.73,58260749,8,42
ModelCNN_fvs_std0.02_90k_RMSELoss_20260727_173236,ModelCNN_fvs_std0.02_90k_RMSELoss,RMSELoss,2026-07-27 17:32:36,20/200,2026-07-27 18:57:55,0.051397,0.070299,True,0.00005000,250.41,58260749,8,42
ModelCNN_fvs_std0.02_90k_RMSELoss_20260727_173236,ModelCNN_fvs_std0.02_90k_RMSELoss,RMSELoss,2026-07-27 17:32:36,21/200,2026-07-27 19:02:13,0.045803,0.068001,True,0.00005000,248.99,58260749,8,42
ModelCNN_fvs_std0.02_90k_RMSELoss_20260727_173236,ModelCNN_fvs_std0.02_90k_RMSELoss,RMSELoss,2026-07-27 17:32:36,22/200,2026-07-27 19:06:33,0.042658,0.067854,True,0.00005000,249.63,58260749,8,42
ModelCNN_fvs_std0.02_90k_RMSELoss_20260727_173236,ModelCNN_fvs_std0.02_90k_RMSELoss,RMSELoss,2026-07-27 17:32:36,23/200,2026-07-27 19:10:52,0.041071,0.067473,True,0.00005000,249.41,58260749,8,42
ModelCNN_fvs_std0.02_90k_RMSELoss_20260727_173236,ModelCNN_fvs_std0.02_90k_RMSELoss,RMSELoss,2026-07-27 17:32:36,24/200,2026-07-27 19:15:11,0.039818,0.067516,False,0.00005000,248.70,58260749,8,42
ModelCNN_fvs_std0.02_90k_RMSELoss_20260727_173236,ModelCNN_fvs_std0.02_90k_RMSELoss,RMSELoss,2026-07-27 17:32:36,25/200,2026-07-27 19:19:20,0.038753,0.067351,True,0.00005000,249.26,58260749,8,42
ModelCNN_fvs_std0.02_90k_RMSELoss_20260727_173236,ModelCNN_fvs_std0.02_90k_RMSELoss,RMSELoss,2026-07-27 17:32:36,26/200,2026-07-27 19:23:39,0.037750,0.067357,False,0.00005000,249.24,58260749,8,42
ModelCNN_fvs_std0.02_90k_RMSELoss_20260727_173236,ModelCNN_fvs_std0.02_90k_RMSELoss,RMSELoss,2026-07-27 17:32:36,27/200,2026-07-27 19:27:47,0.036917,0.067960,False,0.00005000,248.17,58260749,8,42
ModelCNN_fvs_std0.02_90k_RMSELoss_20260727_173236,ModelCNN_fvs_std0.02_90k_RMSELoss,RMSELoss,2026-07-27 17:32:36,28/200,2026-07-27 19:31:59,0.036091,0.067471,False,0.00005000,251.16,58260749,8,42
ModelCNN_fvs_std0.02_90k_RMSELoss_20260727_173236,ModelCNN_fvs_std0.02_90k_RMSELoss,RMSELoss,2026-07-27 17:32:36,29/200,2026-07-27 19:36:08,0.035345,0.067461,False,0.00005000,249.07,58260749,8,42
ModelCNN_fvs_std0.02_90k_RMSELoss_20260727_173236,ModelCNN_fvs_std0.02_90k_RMSELoss,RMSELoss,2026-07-27 17:32:36,30/200,2026-07-27 19:40:21,0.034678,0.067677,False,0.00005000,253.14,58260749,8,42
ModelCNN_fvs_std0.02_90k_RMSELoss_20260727_173236,ModelCNN_fvs_std0.02_90k_RMSELoss,RMSELoss,2026-07-27 17:32:36,31/200,2026-07-27 19:44:32,0.033904,0.067001,True,0.00005000,251.38,58260749,8,42
ModelCNN_fvs_std0.02_90k_RMSELoss_20260727_173236,ModelCNN_fvs_std0.02_90k_RMSELoss,RMSELoss,2026-07-27 17:32:36,32/200,2026-07-27 19:48:52,0.033357,0.066797,True,0.00005000,249.76,58260749,8,42
ModelCNN_fvs_std0.02_90k_RMSELoss_20260727_173236,ModelCNN_fvs_std0.02_90k_RMSELoss,RMSELoss,2026-07-27 17:32:36,33/200,2026-07-27 19:53:11,0.032737,0.067361,False,0.00005000,249.00,58260749,8,42
ModelCNN_fvs_std0.02_90k_RMSELoss_20260727_173236,ModelCNN_fvs_std0.02_90k_RMSELoss,RMSELoss,2026-07-27 17:32:36,34/200,2026-07-27 19:57:20,0.032041,0.067679,False,0.00005000,249.71,58260749,8,42
ModelCNN_fvs_std0.02_90k_RMSELoss_20260727_173236,ModelCNN_fvs_std0.02_90k_RMSELoss,RMSELoss,2026-07-27 17:32:36,35/200,2026-07-27 20:01:29,0.031515,0.067059,False,0.00005000,248.85,58260749,8,42
ModelCNN_fvs_std0.02_90k_RMSELoss_20260727_173236,ModelCNN_fvs_std0.02_90k_RMSELoss,RMSELoss,2026-07-27 17:32:36,36/200,2026-07-27 20:05:38,0.031031,0.067312,False,0.00005000,249.15,58260749,8,42
ModelCNN_fvs_std0.02_90k_RMSELoss_20260727_173236,ModelCNN_fvs_std0.02_90k_RMSELoss,RMSELoss,2026-07-27 17:32:36,37/200,2026-07-27 20:09:47,0.030459,0.067517,False,0.00005000,248.29,58260749,8,42
ModelCNN_fvs_std0.02_90k_RMSELoss_20260727_173236,ModelCNN_fvs_std0.02_90k_RMSELoss,RMSELoss,2026-07-27 17:32:36,38/200,2026-07-27 20:13:56,0.029906,0.067226,False,0.00005000,249.36,58260749,8,42
ModelCNN_fvs_std0.02_90k_RMSELoss_20260727_173236,ModelCNN_fvs_std0.02_90k_RMSELoss,RMSELoss,2026-07-27 17:32:36,39/200,2026-07-27 20:18:08,0.029529,0.066895,False,0.00005000,252.40,58260749,8,42
ModelCNN_fvs_std0.02_90k_RMSELoss_20260727_173236,ModelCNN_fvs_std0.02_90k_RMSELoss,RMSELoss,2026-07-27 17:32:36,40/200,2026-07-27 20:22:17,0.029012,0.066830,False,0.00002500,248.59,58260749,8,42
ModelCNN_fvs_std0.02_90k_RMSELoss_20260727_173236,ModelCNN_fvs_std0.02_90k_RMSELoss,RMSELoss,2026-07-27 17:32:36,41/200,2026-07-27 20:26:27,0.026151,0.065903,True,0.00002500,249.65,58260749,8,42
ModelCNN_fvs_std0.02_90k_RMSELoss_20260727_173236,ModelCNN_fvs_std0.02_90k_RMSELoss,RMSELoss,2026-07-27 17:32:36,42/200,2026-07-27 20:30:46,0.024378,0.065847,True,0.00002500,249.82,58260749,8,42
ModelCNN_fvs_std0.02_90k_RMSELoss_20260727_173236,ModelCNN_fvs_std0.02_90k_RMSELoss,RMSELoss,2026-07-27 17:32:36,43/200,2026-07-27 20:35:06,0.023659,0.065520,True,0.00002500,249.73,58260749,8,42
ModelCNN_fvs_std0.02_90k_RMSELoss_20260727_173236,ModelCNN_fvs_std0.02_90k_RMSELoss,RMSELoss,2026-07-27 17:32:36,44/200,2026-07-27 20:39:25,0.023119,0.065741,False,0.00002500,248.96,58260749,8,42
ModelCNN_fvs_std0.02_90k_RMSELoss_20260727_173236,ModelCNN_fvs_std0.02_90k_RMSELoss,RMSELoss,2026-07-27 17:32:36,45/200,2026-07-27 20:43:34,0.022697,0.065847,False,0.00002500,248.87,58260749,8,42
ModelCNN_fvs_std0.02_90k_RMSELoss_20260727_173236,ModelCNN_fvs_std0.02_90k_RMSELoss,RMSELoss,2026-07-27 17:32:36,46/200,2026-07-27 20:47:44,0.022238,0.065667,False,0.00002500,249.90,58260749,8,42
ModelCNN_fvs_std0.02_90k_RMSELoss_20260727_173236,ModelCNN_fvs_std0.02_90k_RMSELoss,RMSELoss,2026-07-27 17:32:36,47/200,2026-07-27 20:51:54,0.021934,0.065831,False,0.00002500,250.24,58260749,8,42
ModelCNN_fvs_std0.02_90k_RMSELoss_20260727_173236,ModelCNN_fvs_std0.02_90k_RMSELoss,RMSELoss,2026-07-27 17:32:36,48/200,2026-07-27 20:56:03,0.021626,0.065824,False,0.00002500,249.47,58260749,8,42
ModelCNN_fvs_std0.02_90k_RMSELoss_20260727_173236,ModelCNN_fvs_std0.02_90k_RMSELoss,RMSELoss,2026-07-27 17:32:36,49/200,2026-07-27 21:00:13,0.021211,0.065661,False,0.00002500,249.67,58260749,8,42
ModelCNN_fvs_std0.02_90k_RMSELoss_20260727_173236,ModelCNN_fvs_std0.02_90k_RMSELoss,RMSELoss,2026-07-27 17:32:36,50/200,2026-07-27 21:04:23,0.020972,0.065879,False,0.00002500,250.22,58260749,8,42
ModelCNN_fvs_std0.02_90k_RMSELoss_20260727_173236,ModelCNN_fvs_std0.02_90k_RMSELoss,RMSELoss,2026-07-27 17:32:36,51/200,2026-07-27 21:08:33,0.020699,0.065857,False,0.00002500,249.49,58260749,8,42
ModelCNN_fvs_std0.02_90k_RMSELoss_20260727_173236,ModelCNN_fvs_std0.02_90k_RMSELoss,RMSELoss,2026-07-27 17:32:36,52/200,2026-07-27 21:12:41,0.020501,0.065987,False,0.00002500,248.37,58260749,8,42
ModelCNN_fvs_std0.02_90k_RMSELoss_20260727_173236,ModelCNN_fvs_std0.02_90k_RMSELoss,RMSELoss,2026-07-27 17:32:36,53/200,2026-07-27 21:16:50,0.020220,0.065813,False,0.00002500,248.58,58260749,8,42
ModelCNN_fvs_std0.02_90k_RMSELoss_20260727_173236,ModelCNN_fvs_std0.02_90k_RMSELoss,RMSELoss,2026-07-27 17:32:36,54/200,2026-07-27 21:20:58,0.019962,0.065827,False,0.00002500,248.65,58260749,8,42
ModelCNN_fvs_std0.02_90k_RMSELoss_20260727_173236,ModelCNN_fvs_std0.02_90k_RMSELoss,RMSELoss,2026-07-27 17:32:36,55/200,2026-07-27 21:25:07,0.019759,0.065809,False,0.00002500,248.82,58260749,8,42
ModelCNN_fvs_std0.02_90k_RMSELoss_20260727_173236,ModelCNN_fvs_std0.02_90k_RMSELoss,RMSELoss,2026-07-27 17:32:36,56/200,2026-07-27 21:29:16,0.019454,0.065786,False,0.00002500,248.86,58260749,8,42
ModelCNN_fvs_std0.02_90k_RMSELoss_20260727_173236,ModelCNN_fvs_std0.02_90k_RMSELoss,RMSELoss,2026-07-27 17:32:36,57/200,2026-07-27 21:33:30,0.019300,0.065631,False,0.00002500,253.83,58260749,8,42
ModelCNN_fvs_std0.02_90k_RMSELoss_20260727_173236,ModelCNN_fvs_std0.02_90k_RMSELoss,RMSELoss,2026-07-27 17:32:36,58/200,2026-07-27 21:37:40,0.019140,0.065497,True,0.00002500,249.89,58260749,8,42
ModelCNN_fvs_std0.02_90k_RMSELoss_20260727_173236,ModelCNN_fvs_std0.02_90k_RMSELoss,RMSELoss,2026-07-27 17:32:36,59/200,2026-07-27 21:41:58,0.018881,0.065763,False,0.00002500,248.93,58260749,8,42
ModelCNN_fvs_std0.02_90k_RMSELoss_20260727_173236,ModelCNN_fvs_std0.02_90k_RMSELoss,RMSELoss,2026-07-27 17:32:36,60/200,2026-07-27 21:46:08,0.018678,0.065773,False,0.00001250,249.16,58260749,8,42
ModelCNN_fvs_std0.02_90k_RMSELoss_20260727_173236,ModelCNN_fvs_std0.02_90k_RMSELoss,RMSELoss,2026-07-27 17:32:36,61/200,2026-07-27 21:50:17,0.017364,0.065256,True,0.00001250,249.52,58260749,8,42
ModelCNN_fvs_std0.02_90k_RMSELoss_20260727_173236,ModelCNN_fvs_std0.02_90k_RMSELoss,RMSELoss,2026-07-27 17:32:36,62/200,2026-07-27 21:54:36,0.016606,0.065586,False,0.00001250,249.20,58260749,8,42
ModelCNN_fvs_std0.02_90k_RMSELoss_20260727_173236,ModelCNN_fvs_std0.02_90k_RMSELoss,RMSELoss,2026-07-27 17:32:36,63/200,2026-07-27 21:58:45,0.016236,0.065440,False,0.00001250,248.97,58260749,8,42
ModelCNN_fvs_std0.02_90k_RMSELoss_20260727_173236,ModelCNN_fvs_std0.02_90k_RMSELoss,RMSELoss,2026-07-27 17:32:36,64/200,2026-07-27 22:02:55,0.016133,0.065331,False,0.00001250,249.78,58260749,8,42
ModelCNN_fvs_std0.02_90k_RMSELoss_20260727_173236,ModelCNN_fvs_std0.02_90k_RMSELoss,RMSELoss,2026-07-27 17:32:36,65/200,2026-07-27 22:07:04,0.015940,0.065445,False,0.00001250,249.04,58260749,8,42
ModelCNN_fvs_std0.02_90k_RMSELoss_20260727_173236,ModelCNN_fvs_std0.02_90k_RMSELoss,RMSELoss,2026-07-27 17:32:36,66/200,2026-07-27 22:11:12,0.015717,0.065275,False,0.00001250,248.10,58260749,8,42
ModelCNN_fvs_std0.02_90k_RMSELoss_20260727_173236,ModelCNN_fvs_std0.02_90k_RMSELoss,RMSELoss,2026-07-27 17:32:36,67/200,2026-07-27 22:15:21,0.015648,0.065440,False,0.00001250,248.33,58260749,8,42
ModelCNN_fvs_std0.02_90k_RMSELoss_20260727_173236,ModelCNN_fvs_std0.02_90k_RMSELoss,RMSELoss,2026-07-27 17:32:36,68/200,2026-07-27 22:19:30,0.015437,0.065376,False,0.00001250,249.32,58260749,8,42
ModelCNN_fvs_std0.02_90k_RMSELoss_20260727_173236,ModelCNN_fvs_std0.02_90k_RMSELoss,RMSELoss,2026-07-27 17:32:36,69/200,2026-07-27 22:23:39,0.015322,0.065520,False,0.00001250,248.72,58260749,8,42
ModelCNN_fvs_std0.02_90k_RMSELoss_20260727_173236,ModelCNN_fvs_std0.02_90k_RMSELoss,RMSELoss,2026-07-27 17:32:36,70/200,2026-07-27 22:27:49,0.015180,0.065552,False,0.00001250,250.16,58260749,8,42
ModelCNN_fvs_std0.02_90k_RMSELoss_20260727_173236,ModelCNN_fvs_std0.02_90k_RMSELoss,RMSELoss,2026-07-27 17:32:36,71/200,2026-07-27 22:31:58,0.015071,0.065468,False,0.00001250,249.19,58260749,8,42
ModelCNN_fvs_std0.02_90k_RMSELoss_20260727_173236,ModelCNN_fvs_std0.02_90k_RMSELoss,RMSELoss,2026-07-27 17:32:36,72/200,2026-07-27 22:36:11,0.014937,0.065565,False,0.00001250,253.37,58260749,8,42
ModelCNN_fvs_std0.02_90k_RMSELoss_20260727_173236,ModelCNN_fvs_std0.02_90k_RMSELoss,RMSELoss,2026-07-27 17:32:36,73/200,2026-07-27 22:40:21,0.014868,0.065477,False,0.00001250,249.28,58260749,8,42
ModelCNN_fvs_std0.02_90k_RMSELoss_20260727_173236,ModelCNN_fvs_std0.02_90k_RMSELoss,RMSELoss,2026-07-27 17:32:36,74/200,2026-07-27 22:44:30,0.014687,0.065566,False,0.00001250,249.63,58260749,8,42
ModelCNN_fvs_std0.02_90k_RMSELoss_20260727_173236,ModelCNN_fvs_std0.02_90k_RMSELoss,RMSELoss,2026-07-27 17:32:36,75/200,2026-07-27 22:48:40,0.014612,0.065456,False,0.00001250,250.09,58260749,8,42
ModelCNN_fvs_std0.02_90k_RMSELoss_20260727_173236,ModelCNN_fvs_std0.02_90k_RMSELoss,RMSELoss,2026-07-27 17:32:36,76/200,2026-07-27 22:52:52,0.014534,0.065323,False,0.00001250,251.21,58260749,8,42
ModelCNN_fvs_std0.02_90k_RMSELoss_20260727_173236,ModelCNN_fvs_std0.02_90k_RMSELoss,RMSELoss,2026-07-27 17:32:36,77/200,2026-07-27 22:57:01,0.014439,0.065494,False,0.00001250,249.24,58260749,8,42
ModelCNN_fvs_std0.02_90k_RMSELoss_20260727_173236,ModelCNN_fvs_std0.02_90k_RMSELoss,RMSELoss,2026-07-27 17:32:36,78/200,2026-07-27 23:01:10,0.014320,0.065405,False,0.00001250,248.91,58260749,8,42
ModelCNN_fvs_std0.02_90k_RMSELoss_20260727_173236,ModelCNN_fvs_std0.02_90k_RMSELoss,RMSELoss,2026-07-27 17:32:36,79/200,2026-07-27 23:05:20,0.014204,0.065420,False,0.00001250,250.16,58260749,8,42
ModelCNN_fvs_std0.02_90k_RMSELoss_20260727_173236,ModelCNN_fvs_std0.02_90k_RMSELoss,RMSELoss,2026-07-27 17:32:36,80/200,2026-07-27 23:09:30,0.014091,0.065545,False,0.00000625,249.83,58260749,8,42
ModelCNN_fvs_std0.02_90k_RMSELoss_20260727_173236,ModelCNN_fvs_std0.02_90k_RMSELoss,RMSELoss,2026-07-27 17:32:36,81/200,2026-07-27 23:13:45,0.013589,0.065535,False,0.00000625,254.94,58260749,8,42
ModelCNN_fvs_std0.02_90k_RMSELoss_20260727_173236,ModelCNN_fvs_std0.02_90k_RMSELoss,RMSELoss,2026-07-27 17:32:36,82/200,2026-07-27 23:17:54,0.013232,0.065341,False,0.00000625,249.65,58260749,8,42
ModelCNN_fvs_std0.02_90k_RMSELoss_20260727_173236,ModelCNN_fvs_std0.02_90k_RMSELoss,RMSELoss,2026-07-27 17:32:36,83/200,2026-07-27 23:22:03,0.013048,0.065416,False,0.00000625,248.84,58260749,8,42
ModelCNN_fvs_std0.02_90k_RMSELoss_20260727_173236,ModelCNN_fvs_std0.02_90k_RMSELoss,RMSELoss,2026-07-27 17:32:36,84/200,2026-07-27 23:26:12,0.012972,0.065384,False,0.00000625,248.48,58260749,8,42
ModelCNN_fvs_std0.02_90k_RMSELoss_20260727_173236,ModelCNN_fvs_std0.02_90k_RMSELoss,RMSELoss,2026-07-27 17:32:36,85/200,2026-07-27 23:30:21,0.012878,0.065444,False,0.00000625,249.11,58260749,8,42
ModelCNN_fvs_std0.02_90k_RMSELoss_20260727_173236,ModelCNN_fvs_std0.02_90k_RMSELoss,RMSELoss,2026-07-27 17:32:36,86/200,2026-07-27 23:34:31,0.012801,0.065370,False,0.00000625,250.23,58260749,8,42
ModelCNN_fvs_std0.02_90k_RMSELoss_20260727_173236,ModelCNN_fvs_std0.02_90k_RMSELoss,RMSELoss,2026-07-27 17:32:36,87/200,2026-07-27 23:38:41,0.012768,0.065416,False,0.00000625,250.41,58260749,8,42
ModelCNN_fvs_std0.02_90k_RMSELoss_20260727_173236,ModelCNN_fvs_std0.02_90k_RMSELoss,RMSELoss,2026-07-27 17:32:36,88/200,2026-07-27 23:42:51,0.012654,0.065381,False,0.00000625,249.29,58260749,8,42
ModelCNN_fvs_std0.02_90k_RMSELoss_20260727_173236,ModelCNN_fvs_std0.02_90k_RMSELoss,RMSELoss,2026-07-27 17:32:36,89/200,2026-07-27 23:47:02,0.012622,0.065384,False,0.00000625,250.95,58260749,8,42
ModelCNN_fvs_std0.02_90k_RMSELoss_20260727_173236,ModelCNN_fvs_std0.02_90k_RMSELoss,RMSELoss,2026-07-27 17:32:36,90/200,2026-07-27 23:51:11,0.012518,0.065481,False,0.00000625,249.17,58260749,8,42
ModelCNN_fvs_std0.02_90k_RMSELoss_20260727_173236,ModelCNN_fvs_std0.02_90k_RMSELoss,RMSELoss,2026-07-27 17:32:36,91/200,2026-07-27 23:55:21,0.012542,0.065427,False,0.00000625,250.48,58260749,8,42
ModelCNN_fvs_std0.02_90k_RMSELoss_20260727_173236,ModelCNN_fvs_std0.02_90k_RMSELoss,RMSELoss,2026-07-27 17:32:36,92/200,2026-07-27 23:59:30,0.012496,0.065535,False,0.00000625,248.94,58260749,8,42
ModelCNN_fvs_std0.02_90k_RMSELoss_20260727_173236,ModelCNN_fvs_std0.02_90k_RMSELoss,RMSELoss,2026-07-27 17:32:36,93/200,2026-07-28 00:03:39,0.012421,0.065395,False,0.00000625,249.06,58260749,8,42
ModelCNN_fvs_std0.02_90k_RMSELoss_20260727_173236,ModelCNN_fvs_std0.02_90k_RMSELoss,RMSELoss,2026-07-27 17:32:36,94/200,2026-07-28 00:07:49,0.012353,0.065368,False,0.00000625,249.29,58260749,8,42
ModelCNN_fvs_std0.02_90k_RMSELoss_20260727_173236,ModelCNN_fvs_std0.02_90k_RMSELoss,RMSELoss,2026-07-27 17:32:36,95/200,2026-07-28 00:11:59,0.012308,0.065384,False,0.00000625,250.36,58260749,8,42
ModelCNN_fvs_std0.02_90k_RMSELoss_20260727_173236,ModelCNN_fvs_std0.02_90k_RMSELoss,RMSELoss,2026-07-27 17:32:36,96/200,2026-07-28 00:16:08,0.012203,0.065385,False,0.00000625,248.63,58260749,8,42
ModelCNN_fvs_std0.02_90k_RMSELoss_20260727_173236,ModelCNN_fvs_std0.02_90k_RMSELoss,RMSELoss,2026-07-27 17:32:36,97/200,2026-07-28 00:20:17,0.012197,0.065485,False,0.00000625,249.36,58260749,8,42
ModelCNN_fvs_std0.02_90k_RMSELoss_20260727_173236,ModelCNN_fvs_std0.02_90k_RMSELoss,RMSELoss,2026-07-27 17:32:36,98/200,2026-07-28 00:24:26,0.012146,0.065474,False,0.00000625,248.85,58260749,8,42
ModelCNN_fvs_std0.02_90k_RMSELoss_20260727_173236,ModelCNN_fvs_std0.02_90k_RMSELoss,RMSELoss,2026-07-27 17:32:36,99/200,2026-07-28 00:28:36,0.012059,0.065520,False,0.00000625,250.60,58260749,8,42
ModelCNN_fvs_std0.02_90k_RMSELoss_20260727_173236,ModelCNN_fvs_std0.02_90k_RMSELoss,RMSELoss,2026-07-27 17:32:36,100/200,2026-07-28 00:32:45,0.012066,0.065426,False,0.00000313,248.95,58260749,8,42
ModelCNN_fvs_std0.02_90k_RMSELoss_20260727_173236,ModelCNN_fvs_std0.02_90k_RMSELoss,RMSELoss,2026-07-27 17:32:36,101/200,2026-07-28 00:36:54,0.011762,0.065412,False,0.00000313,248.88,58260749,8,42
ModelCNN_fvs_std0.02_90k_RMSELoss_20260727_173236,ModelCNN_fvs_std0.02_90k_RMSELoss,RMSELoss,2026-07-27 17:32:36,102/200,2026-07-28 00:41:03,0.011642,0.065448,False,0.00000313,248.96,58260749,8,42
ModelCNN_fvs_std0.02_90k_RMSELoss_20260727_173236,ModelCNN_fvs_std0.02_90k_RMSELoss,RMSELoss,2026-07-27 17:32:36,103/200,2026-07-28 00:45:16,0.011606,0.065328,False,0.00000313,252.37,58260749,8,42
ModelCNN_fvs_std0.02_90k_RMSELoss_20260727_173236,ModelCNN_fvs_std0.02_90k_RMSELoss,RMSELoss,2026-07-27 17:32:36,104/200,2026-07-28 00:49:25,0.011496,0.065382,False,0.00000313,249.21,58260749,8,42
ModelCNN_fvs_std0.02_90k_RMSELoss_20260727_173236,ModelCNN_fvs_std0.02_90k_RMSELoss,RMSELoss,2026-07-27 17:32:36,105/200,2026-07-28 00:53:34,0.011487,0.065427,False,0.00000313,249.62,58260749,8,42
ModelCNN_fvs_std0.02_90k_RMSELoss_20260727_173236,ModelCNN_fvs_std0.02_90k_RMSELoss,RMSELoss,2026-07-27 17:32:36,106/200,2026-07-28 00:57:45,0.011442,0.065551,False,0.00000313,250.10,58260749,8,42
Resnet50_fvs_std0.02_90k_RMSELoss_20260728_005745,Resnet50_fvs_std0.02_90k_RMSELoss,RMSELoss,2026-07-28 00:57:45,1/200,2026-07-28 01:01:53,0.110864,0.096197,True,0.00010000,247.42,57284901,8,42
Resnet50_fvs_std0.02_90k_RMSELoss_20260728_005745,Resnet50_fvs_std0.02_90k_RMSELoss,RMSELoss,2026-07-28 00:57:45,2/200,2026-07-28 01:06:13,0.094895,0.090758,True,0.00010000,249.96,57284901,8,42
Resnet50_fvs_std0.02_90k_RMSELoss_20260728_005745,Resnet50_fvs_std0.02_90k_RMSELoss,RMSELoss,2026-07-28 00:57:45,3/200,2026-07-28 01:10:32,0.088183,0.088436,True,0.00010000,249.63,57284901,8,42
Resnet50_fvs_std0.02_90k_RMSELoss_20260728_005745,Resnet50_fvs_std0.02_90k_RMSELoss,RMSELoss,2026-07-28 00:57:45,4/200,2026-07-28 01:14:55,0.083418,0.081509,True,0.00010000,252.62,57284901,8,42
Resnet50_fvs_std0.02_90k_RMSELoss_20260728_005745,Resnet50_fvs_std0.02_90k_RMSELoss,RMSELoss,2026-07-28 00:57:45,5/200,2026-07-28 01:19:14,0.079959,0.081032,True,0.00010000,249.70,57284901,8,42
Resnet50_fvs_std0.02_90k_RMSELoss_20260728_005745,Resnet50_fvs_std0.02_90k_RMSELoss,RMSELoss,2026-07-28 00:57:45,6/200,2026-07-28 01:23:33,0.076684,0.076857,True,0.00010000,248.54,57284901,8,42
Resnet50_fvs_std0.02_90k_RMSELoss_20260728_005745,Resnet50_fvs_std0.02_90k_RMSELoss,RMSELoss,2026-07-28 00:57:45,7/200,2026-07-28 01:27:51,0.073847,0.075830,True,0.00010000,248.85,57284901,8,42
Resnet50_fvs_std0.02_90k_RMSELoss_20260728_005745,Resnet50_fvs_std0.02_90k_RMSELoss,RMSELoss,2026-07-28 00:57:45,8/200,2026-07-28 01:32:09,0.071087,0.075980,False,0.00010000,248.25,57284901,8,42
Resnet50_fvs_std0.02_90k_RMSELoss_20260728_005745,Resnet50_fvs_std0.02_90k_RMSELoss,RMSELoss,2026-07-28 00:57:45,9/200,2026-07-28 01:36:18,0.068380,0.075666,True,0.00010000,248.35,57284901,8,42
Resnet50_fvs_std0.02_90k_RMSELoss_20260728_005745,Resnet50_fvs_std0.02_90k_RMSELoss,RMSELoss,2026-07-28 00:57:45,10/200,2026-07-28 01:40:37,0.066178,0.075486,True,0.00010000,248.87,57284901,8,42
Resnet50_fvs_std0.02_90k_RMSELoss_20260728_005745,Resnet50_fvs_std0.02_90k_RMSELoss,RMSELoss,2026-07-28 00:57:45,11/200,2026-07-28 01:44:54,0.063491,0.072751,True,0.00010000,247.43,57284901,8,42
Resnet50_fvs_std0.02_90k_RMSELoss_20260728_005745,Resnet50_fvs_std0.02_90k_RMSELoss,RMSELoss,2026-07-28 00:57:45,12/200,2026-07-28 01:49:12,0.061563,0.072885,False,0.00010000,248.40,57284901,8,42
Resnet50_fvs_std0.02_90k_RMSELoss_20260728_005745,Resnet50_fvs_std0.02_90k_RMSELoss,RMSELoss,2026-07-28 00:57:45,13/200,2026-07-28 01:53:20,0.059829,0.071921,True,0.00010000,247.98,57284901,8,42
Resnet50_fvs_std0.02_90k_RMSELoss_20260728_005745,Resnet50_fvs_std0.02_90k_RMSELoss,RMSELoss,2026-07-28 00:57:45,14/200,2026-07-28 01:57:39,0.057991,0.073492,False,0.00010000,249.51,57284901,8,42
Resnet50_fvs_std0.02_90k_RMSELoss_20260728_005745,Resnet50_fvs_std0.02_90k_RMSELoss,RMSELoss,2026-07-28 00:57:45,15/200,2026-07-28 02:01:49,0.056245,0.072801,False,0.00010000,249.23,57284901,8,42
Resnet50_fvs_std0.02_90k_RMSELoss_20260728_005745,Resnet50_fvs_std0.02_90k_RMSELoss,RMSELoss,2026-07-28 00:57:45,16/200,2026-07-28 02:05:58,0.054481,0.070561,True,0.00010000,249.21,57284901,8,42
Resnet50_fvs_std0.02_90k_RMSELoss_20260728_005745,Resnet50_fvs_std0.02_90k_RMSELoss,RMSELoss,2026-07-28 00:57:45,17/200,2026-07-28 02:10:16,0.052999,0.070726,False,0.00010000,248.04,57284901,8,42
Resnet50_fvs_std0.02_90k_RMSELoss_20260728_005745,Resnet50_fvs_std0.02_90k_RMSELoss,RMSELoss,2026-07-28 00:57:45,18/200,2026-07-28 02:14:24,0.051482,0.070755,False,0.00010000,248.59,57284901,8,42
Resnet50_fvs_std0.02_90k_RMSELoss_20260728_005745,Resnet50_fvs_std0.02_90k_RMSELoss,RMSELoss,2026-07-28 00:57:45,19/200,2026-07-28 02:18:33,0.050225,0.071351,False,0.00010000,248.97,57284901,8,42
Resnet50_fvs_std0.02_90k_RMSELoss_20260728_005745,Resnet50_fvs_std0.02_90k_RMSELoss,RMSELoss,2026-07-28 00:57:45,20/200,2026-07-28 02:22:45,0.048856,0.070242,True,0.00005000,251.79,57284901,8,42
Resnet50_fvs_std0.02_90k_RMSELoss_20260728_005745,Resnet50_fvs_std0.02_90k_RMSELoss,RMSELoss,2026-07-28 00:57:45,21/200,2026-07-28 02:27:04,0.043242,0.067630,True,0.00005000,248.78,57284901,8,42
Resnet50_fvs_std0.02_90k_RMSELoss_20260728_005745,Resnet50_fvs_std0.02_90k_RMSELoss,RMSELoss,2026-07-28 00:57:45,22/200,2026-07-28 02:31:22,0.039953,0.067194,True,0.00005000,248.24,57284901,8,42
Resnet50_fvs_std0.02_90k_RMSELoss_20260728_005745,Resnet50_fvs_std0.02_90k_RMSELoss,RMSELoss,2026-07-28 00:57:45,23/200,2026-07-28 02:35:41,0.038488,0.066703,True,0.00005000,248.99,57284901,8,42
Resnet50_fvs_std0.02_90k_RMSELoss_20260728_005745,Resnet50_fvs_std0.02_90k_RMSELoss,RMSELoss,2026-07-28 00:57:45,24/200,2026-07-28 02:39:59,0.037113,0.066866,False,0.00005000,248.35,57284901,8,42
Resnet50_fvs_std0.02_90k_RMSELoss_20260728_005745,Resnet50_fvs_std0.02_90k_RMSELoss,RMSELoss,2026-07-28 00:57:45,25/200,2026-07-28 02:44:08,0.036024,0.067210,False,0.00005000,248.98,57284901,8,42
Resnet50_fvs_std0.02_90k_RMSELoss_20260728_005745,Resnet50_fvs_std0.02_90k_RMSELoss,RMSELoss,2026-07-28 00:57:45,26/200,2026-07-28 02:48:16,0.034986,0.066370,True,0.00005000,248.49,57284901,8,42
Resnet50_fvs_std0.02_90k_RMSELoss_20260728_005745,Resnet50_fvs_std0.02_90k_RMSELoss,RMSELoss,2026-07-28 00:57:45,27/200,2026-07-28 02:52:35,0.034000,0.066599,False,0.00005000,248.74,57284901,8,42
Resnet50_fvs_std0.02_90k_RMSELoss_20260728_005745,Resnet50_fvs_std0.02_90k_RMSELoss,RMSELoss,2026-07-28 00:57:45,28/200,2026-07-28 02:56:44,0.033154,0.066669,False,0.00005000,249.32,57284901,8,42
Resnet50_fvs_std0.02_90k_RMSELoss_20260728_005745,Resnet50_fvs_std0.02_90k_RMSELoss,RMSELoss,2026-07-28 00:57:45,29/200,2026-07-28 03:00:53,0.032366,0.066496,False,0.00005000,248.79,57284901,8,42
Resnet50_fvs_std0.02_90k_RMSELoss_20260728_005745,Resnet50_fvs_std0.02_90k_RMSELoss,RMSELoss,2026-07-28 00:57:45,30/200,2026-07-28 03:05:03,0.031606,0.066660,False,0.00005000,250.11,57284901,8,42
Resnet50_fvs_std0.02_90k_RMSELoss_20260728_005745,Resnet50_fvs_std0.02_90k_RMSELoss,RMSELoss,2026-07-28 00:57:45,31/200,2026-07-28 03:09:12,0.030934,0.066670,False,0.00005000,249.13,57284901,8,42
Resnet50_fvs_std0.02_90k_RMSELoss_20260728_005745,Resnet50_fvs_std0.02_90k_RMSELoss,RMSELoss,2026-07-28 00:57:45,32/200,2026-07-28 03:13:21,0.030276,0.066233,True,0.00005000,248.67,57284901,8,42
Resnet50_fvs_std0.02_90k_RMSELoss_20260728_005745,Resnet50_fvs_std0.02_90k_RMSELoss,RMSELoss,2026-07-28 00:57:45,33/200,2026-07-28 03:17:39,0.029606,0.066972,False,0.00005000,248.26,57284901,8,42
Resnet50_fvs_std0.02_90k_RMSELoss_20260728_005745,Resnet50_fvs_std0.02_90k_RMSELoss,RMSELoss,2026-07-28 00:57:45,34/200,2026-07-28 03:21:51,0.028989,0.066400,False,0.00005000,251.62,57284901,8,42
Resnet50_fvs_std0.02_90k_RMSELoss_20260728_005745,Resnet50_fvs_std0.02_90k_RMSELoss,RMSELoss,2026-07-28 00:57:45,35/200,2026-07-28 03:25:59,0.028401,0.066445,False,0.00005000,248.41,57284901,8,42
Resnet50_fvs_std0.02_90k_RMSELoss_20260728_005745,Resnet50_fvs_std0.02_90k_RMSELoss,RMSELoss,2026-07-28 00:57:45,36/200,2026-07-28 03:30:08,0.027856,0.066393,False,0.00005000,249.17,57284901,8,42
Resnet50_fvs_std0.02_90k_RMSELoss_20260728_005745,Resnet50_fvs_std0.02_90k_RMSELoss,RMSELoss,2026-07-28 00:57:45,37/200,2026-07-28 03:34:18,0.027310,0.066502,False,0.00005000,249.08,57284901,8,42
Resnet50_fvs_std0.02_90k_RMSELoss_20260728_005745,Resnet50_fvs_std0.02_90k_RMSELoss,RMSELoss,2026-07-28 00:57:45,38/200,2026-07-28 03:38:26,0.026846,0.066049,True,0.00005000,248.64,57284901,8,42
Resnet50_fvs_std0.02_90k_RMSELoss_20260728_005745,Resnet50_fvs_std0.02_90k_RMSELoss,RMSELoss,2026-07-28 00:57:45,39/200,2026-07-28 03:42:46,0.026323,0.066558,False,0.00005000,249.49,57284901,8,42
Resnet50_fvs_std0.02_90k_RMSELoss_20260728_005745,Resnet50_fvs_std0.02_90k_RMSELoss,RMSELoss,2026-07-28 00:57:45,40/200,2026-07-28 03:46:54,0.025970,0.066136,False,0.00002500,248.08,57284901,8,42
Resnet50_fvs_std0.02_90k_RMSELoss_20260728_005745,Resnet50_fvs_std0.02_90k_RMSELoss,RMSELoss,2026-07-28 00:57:45,41/200,2026-07-28 03:51:03,0.023470,0.065420,True,0.00002500,248.94,57284901,8,42
Resnet50_fvs_std0.02_90k_RMSELoss_20260728_005745,Resnet50_fvs_std0.02_90k_RMSELoss,RMSELoss,2026-07-28 00:57:45,42/200,2026-07-28 03:55:20,0.021668,0.065194,True,0.00002500,248.06,57284901,8,42
Resnet50_fvs_std0.02_90k_RMSELoss_20260728_005745,Resnet50_fvs_std0.02_90k_RMSELoss,RMSELoss,2026-07-28 00:57:45,43/200,2026-07-28 03:59:40,0.021062,0.065100,True,0.00002500,249.48,57284901,8,42
Resnet50_fvs_std0.02_90k_RMSELoss_20260728_005745,Resnet50_fvs_std0.02_90k_RMSELoss,RMSELoss,2026-07-28 00:57:45,44/200,2026-07-28 04:03:58,0.020541,0.065207,False,0.00002500,248.02,57284901,8,42
Resnet50_fvs_std0.02_90k_RMSELoss_20260728_005745,Resnet50_fvs_std0.02_90k_RMSELoss,RMSELoss,2026-07-28 00:57:45,45/200,2026-07-28 04:08:06,0.020137,0.065315,False,0.00002500,248.78,57284901,8,42
Resnet50_fvs_std0.02_90k_RMSELoss_20260728_005745,Resnet50_fvs_std0.02_90k_RMSELoss,RMSELoss,2026-07-28 00:57:45,46/200,2026-07-28 04:12:16,0.019817,0.065250,False,0.00002500,249.31,57284901,8,42
Resnet50_fvs_std0.02_90k_RMSELoss_20260728_005745,Resnet50_fvs_std0.02_90k_RMSELoss,RMSELoss,2026-07-28 00:57:45,47/200,2026-07-28 04:16:24,0.019477,0.065198,False,0.00002500,248.65,57284901,8,42
Resnet50_fvs_std0.02_90k_RMSELoss_20260728_005745,Resnet50_fvs_std0.02_90k_RMSELoss,RMSELoss,2026-07-28 00:57:45,48/200,2026-07-28 04:20:34,0.019214,0.065317,False,0.00002500,249.08,57284901,8,42
Resnet50_fvs_std0.02_90k_RMSELoss_20260728_005745,Resnet50_fvs_std0.02_90k_RMSELoss,RMSELoss,2026-07-28 00:57:45,49/200,2026-07-28 04:24:46,0.018911,0.065014,True,0.00002500,251.96,57284901,8,42
Resnet50_fvs_std0.02_90k_RMSELoss_20260728_005745,Resnet50_fvs_std0.02_90k_RMSELoss,RMSELoss,2026-07-28 00:57:45,50/200,2026-07-28 04:29:05,0.018707,0.065370,False,0.00002500,249.61,57284901,8,42
Resnet50_fvs_std0.02_90k_RMSELoss_20260728_005745,Resnet50_fvs_std0.02_90k_RMSELoss,RMSELoss,2026-07-28 00:57:45,51/200,2026-07-28 04:33:14,0.018399,0.065398,False,0.00002500,249.00,57284901,8,42
Resnet50_fvs_std0.02_90k_RMSELoss_20260728_005745,Resnet50_fvs_std0.02_90k_RMSELoss,RMSELoss,2026-07-28 00:57:45,52/200,2026-07-28 04:37:23,0.018187,0.065291,False,0.00002500,249.35,57284901,8,42
Resnet50_fvs_std0.02_90k_RMSELoss_20260728_005745,Resnet50_fvs_std0.02_90k_RMSELoss,RMSELoss,2026-07-28 00:57:45,53/200,2026-07-28 04:41:32,0.017972,0.065440,False,0.00002500,248.93,57284901,8,42
Resnet50_fvs_std0.02_90k_RMSELoss_20260728_005745,Resnet50_fvs_std0.02_90k_RMSELoss,RMSELoss,2026-07-28 00:57:45,54/200,2026-07-28 04:45:41,0.017726,0.065025,False,0.00002500,248.21,57284901,8,42
Resnet50_fvs_std0.02_90k_RMSELoss_20260728_005745,Resnet50_fvs_std0.02_90k_RMSELoss,RMSELoss,2026-07-28 00:57:45,55/200,2026-07-28 04:49:49,0.017554,0.065336,False,0.00002500,248.24,57284901,8,42
Resnet50_fvs_std0.02_90k_RMSELoss_20260728_005745,Resnet50_fvs_std0.02_90k_RMSELoss,RMSELoss,2026-07-28 00:57:45,56/200,2026-07-28 04:53:57,0.017321,0.065384,False,0.00002500,248.52,57284901,8,42
Resnet50_fvs_std0.02_90k_RMSELoss_20260728_005745,Resnet50_fvs_std0.02_90k_RMSELoss,RMSELoss,2026-07-28 00:57:45,57/200,2026-07-28 04:58:08,0.017109,0.064801,True,0.00002500,250.55,57284901,8,42
Resnet50_fvs_std0.02_90k_RMSELoss_20260728_005745,Resnet50_fvs_std0.02_90k_RMSELoss,RMSELoss,2026-07-28 00:57:45,58/200,2026-07-28 05:02:27,0.016991,0.064976,False,0.00002500,248.81,57284901,8,42
Resnet50_fvs_std0.02_90k_RMSELoss_20260728_005745,Resnet50_fvs_std0.02_90k_RMSELoss,RMSELoss,2026-07-28 00:57:45,59/200,2026-07-28 05:06:38,0.016866,0.065010,False,0.00002500,251.12,57284901,8,42
Resnet50_fvs_std0.02_90k_RMSELoss_20260728_005745,Resnet50_fvs_std0.02_90k_RMSELoss,RMSELoss,2026-07-28 00:57:45,60/200,2026-07-28 05:10:47,0.016590,0.065089,False,0.00001250,249.76,57284901,8,42
Resnet50_fvs_std0.02_90k_RMSELoss_20260728_005745,Resnet50_fvs_std0.02_90k_RMSELoss,RMSELoss,2026-07-28 00:57:45,61/200,2026-07-28 05:14:57,0.015502,0.064842,False,0.00001250,249.37,57284901,8,42
Resnet50_fvs_std0.02_90k_RMSELoss_20260728_005745,Resnet50_fvs_std0.02_90k_RMSELoss,RMSELoss,2026-07-28 00:57:45,62/200,2026-07-28 05:19:06,0.014776,0.065037,False,0.00001250,249.49,57284901,8,42
Resnet50_fvs_std0.02_90k_RMSELoss_20260728_005745,Resnet50_fvs_std0.02_90k_RMSELoss,RMSELoss,2026-07-28 00:57:45,63/200,2026-07-28 05:23:19,0.014474,0.064748,True,0.00001250,252.85,57284901,8,42
Resnet50_fvs_std0.02_90k_RMSELoss_20260728_005745,Resnet50_fvs_std0.02_90k_RMSELoss,RMSELoss,2026-07-28 00:57:45,64/200,2026-07-28 05:27:38,0.014303,0.064771,False,0.00001250,248.99,57284901,8,42
Resnet50_fvs_std0.02_90k_RMSELoss_20260728_005745,Resnet50_fvs_std0.02_90k_RMSELoss,RMSELoss,2026-07-28 00:57:45,65/200,2026-07-28 05:31:48,0.014134,0.065027,False,0.00001250,249.55,57284901,8,42
Resnet50_fvs_std0.02_90k_RMSELoss_20260728_005745,Resnet50_fvs_std0.02_90k_RMSELoss,RMSELoss,2026-07-28 00:57:45,66/200,2026-07-28 05:35:57,0.014013,0.064908,False,0.00001250,249.71,57284901,8,42
Resnet50_fvs_std0.02_90k_RMSELoss_20260728_005745,Resnet50_fvs_std0.02_90k_RMSELoss,RMSELoss,2026-07-28 00:57:45,67/200,2026-07-28 05:40:07,0.013896,0.064849,False,0.00001250,249.53,57284901,8,42
Resnet50_fvs_std0.02_90k_RMSELoss_20260728_005745,Resnet50_fvs_std0.02_90k_RMSELoss,RMSELoss,2026-07-28 00:57:45,68/200,2026-07-28 05:44:15,0.013740,0.064818,False,0.00001250,248.25,57284901,8,42
Resnet50_fvs_std0.02_90k_RMSELoss_20260728_005745,Resnet50_fvs_std0.02_90k_RMSELoss,RMSELoss,2026-07-28 00:57:45,69/200,2026-07-28 05:48:24,0.013608,0.065121,False,0.00001250,249.42,57284901,8,42
Resnet50_fvs_std0.02_90k_RMSELoss_20260728_005745,Resnet50_fvs_std0.02_90k_RMSELoss,RMSELoss,2026-07-28 00:57:45,70/200,2026-07-28 05:52:33,0.013534,0.064967,False,0.00001250,248.03,57284901,8,42
Resnet50_fvs_std0.02_90k_RMSELoss_20260728_005745,Resnet50_fvs_std0.02_90k_RMSELoss,RMSELoss,2026-07-28 00:57:45,71/200,2026-07-28 05:56:41,0.013444,0.064796,False,0.00001250,248.13,57284901,8,42
Resnet50_fvs_std0.02_90k_RMSELoss_20260728_005745,Resnet50_fvs_std0.02_90k_RMSELoss,RMSELoss,2026-07-28 00:57:45,72/200,2026-07-28 06:00:50,0.013305,0.064841,False,0.00001250,249.25,57284901,8,42
Resnet50_fvs_std0.02_90k_RMSELoss_20260728_005745,Resnet50_fvs_std0.02_90k_RMSELoss,RMSELoss,2026-07-28 00:57:45,73/200,2026-07-28 06:04:58,0.013239,0.065056,False,0.00001250,248.23,57284901,8,42
Resnet50_fvs_std0.02_90k_RMSELoss_20260728_005745,Resnet50_fvs_std0.02_90k_RMSELoss,RMSELoss,2026-07-28 00:57:45,74/200,2026-07-28 06:09:08,0.013109,0.064976,False,0.00001250,250.18,57284901,8,42
Resnet50_fvs_std0.02_90k_RMSELoss_20260728_005745,Resnet50_fvs_std0.02_90k_RMSELoss,RMSELoss,2026-07-28 00:57:45,75/200,2026-07-28 06:13:19,0.012995,0.064897,False,0.00001250,250.16,57284901,8,42
Resnet50_fvs_std0.02_90k_RMSELoss_20260728_005745,Resnet50_fvs_std0.02_90k_RMSELoss,RMSELoss,2026-07-28 00:57:45,76/200,2026-07-28 06:17:27,0.012974,0.064877,False,0.00001250,248.36,57284901,8,42
Resnet50_fvs_std0.02_90k_RMSELoss_20260728_005745,Resnet50_fvs_std0.02_90k_RMSELoss,RMSELoss,2026-07-28 00:57:45,77/200,2026-07-28 06:21:40,0.012841,0.064932,False,0.00001250,252.89,57284901,8,42
Resnet50_fvs_std0.02_90k_RMSELoss_20260728_005745,Resnet50_fvs_std0.02_90k_RMSELoss,RMSELoss,2026-07-28 00:57:45,78/200,2026-07-28 06:25:49,0.012743,0.064905,False,0.00001250,249.35,57284901,8,42
Resnet50_fvs_std0.02_90k_RMSELoss_20260728_005745,Resnet50_fvs_std0.02_90k_RMSELoss,RMSELoss,2026-07-28 00:57:45,79/200,2026-07-28 06:29:59,0.012693,0.065069,False,0.00001250,249.37,57284901,8,42
Resnet50_fvs_std0.02_90k_RMSELoss_20260728_005745,Resnet50_fvs_std0.02_90k_RMSELoss,RMSELoss,2026-07-28 00:57:45,80/200,2026-07-28 06:34:08,0.012599,0.064926,False,0.00000625,249.81,57284901,8,42
Resnet50_fvs_std0.02_90k_RMSELoss_20260728_005745,Resnet50_fvs_std0.02_90k_RMSELoss,RMSELoss,2026-07-28 00:57:45,81/200,2026-07-28 06:38:18,0.012152,0.064905,False,0.00000625,249.62,57284901,8,42
Resnet50_fvs_std0.02_90k_RMSELoss_20260728_005745,Resnet50_fvs_std0.02_90k_RMSELoss,RMSELoss,2026-07-28 00:57:45,82/200,2026-07-28 06:42:27,0.011822,0.064823,False,0.00000625,249.06,57284901,8,42
Resnet50_fvs_std0.02_90k_RMSELoss_20260728_005745,Resnet50_fvs_std0.02_90k_RMSELoss,RMSELoss,2026-07-28 00:57:45,83/200,2026-07-28 06:46:39,0.011706,0.064839,False,0.00000625,251.50,57284901,8,42
Resnet50_fvs_std0.02_90k_RMSELoss_20260728_005745,Resnet50_fvs_std0.02_90k_RMSELoss,RMSELoss,2026-07-28 00:57:45,84/200,2026-07-28 06:50:48,0.011564,0.064839,False,0.00000625,249.35,57284901,8,42
Resnet50_fvs_std0.02_90k_RMSELoss_20260728_005745,Resnet50_fvs_std0.02_90k_RMSELoss,RMSELoss,2026-07-28 00:57:45,85/200,2026-07-28 06:54:57,0.011516,0.064789,False,0.00000625,249.18,57284901,8,42
Resnet50_fvs_std0.02_90k_RMSELoss_20260728_005745,Resnet50_fvs_std0.02_90k_RMSELoss,RMSELoss,2026-07-28 00:57:45,86/200,2026-07-28 06:59:06,0.011424,0.064915,False,0.00000625,248.79,57284901,8,42
Resnet50_fvs_std0.02_90k_RMSELoss_20260728_005745,Resnet50_fvs_std0.02_90k_RMSELoss,RMSELoss,2026-07-28 00:57:45,87/200,2026-07-28 07:03:15,0.011430,0.064940,False,0.00000625,249.14,57284901,8,42
Resnet50_fvs_std0.02_90k_RMSELoss_20260728_005745,Resnet50_fvs_std0.02_90k_RMSELoss,RMSELoss,2026-07-28 00:57:45,88/200,2026-07-28 07:07:25,0.011277,0.064811,False,0.00000625,250.29,57284901,8,42
Resnet50_fvs_std0.02_90k_RMSELoss_20260728_005745,Resnet50_fvs_std0.02_90k_RMSELoss,RMSELoss,2026-07-28 00:57:45,89/200,2026-07-28 07:11:34,0.011294,0.064887,False,0.00000625,248.59,57284901,8,42
Resnet50_fvs_std0.02_90k_RMSELoss_20260728_005745,Resnet50_fvs_std0.02_90k_RMSELoss,RMSELoss,2026-07-28 00:57:45,90/200,2026-07-28 07:15:44,0.011197,0.064896,False,0.00000625,250.44,57284901,8,42
Resnet50_fvs_std0.02_90k_RMSELoss_20260728_005745,Resnet50_fvs_std0.02_90k_RMSELoss,RMSELoss,2026-07-28 00:57:45,91/200,2026-07-28 07:19:53,0.011225,0.064746,True,0.00000625,248.81,57284901,8,42
Resnet50_fvs_std0.02_90k_RMSELoss_20260728_005745,Resnet50_fvs_std0.02_90k_RMSELoss,RMSELoss,2026-07-28 00:57:45,92/200,2026-07-28 07:24:12,0.011138,0.064902,False,0.00000625,249.22,57284901,8,42
Resnet50_fvs_std0.02_90k_RMSELoss_20260728_005745,Resnet50_fvs_std0.02_90k_RMSELoss,RMSELoss,2026-07-28 00:57:45,93/200,2026-07-28 07:28:20,0.011087,0.064827,False,0.00000625,247.62,57284901,8,42
Resnet50_fvs_std0.02_90k_RMSELoss_20260728_005745,Resnet50_fvs_std0.02_90k_RMSELoss,RMSELoss,2026-07-28 00:57:45,94/200,2026-07-28 07:32:29,0.011056,0.064870,False,0.00000625,248.91,57284901,8,42
Resnet50_fvs_std0.02_90k_RMSELoss_20260728_005745,Resnet50_fvs_std0.02_90k_RMSELoss,RMSELoss,2026-07-28 00:57:45,95/200,2026-07-28 07:36:41,0.011016,0.064817,False,0.00000625,252.33,57284901,8,42
Resnet50_fvs_std0.02_90k_RMSELoss_20260728_005745,Resnet50_fvs_std0.02_90k_RMSELoss,RMSELoss,2026-07-28 00:57:45,96/200,2026-07-28 07:40:51,0.010963,0.064976,False,0.00000625,249.79,57284901,8,42
Resnet50_fvs_std0.02_90k_RMSELoss_20260728_005745,Resnet50_fvs_std0.02_90k_RMSELoss,RMSELoss,2026-07-28 00:57:45,97/200,2026-07-28 07:45:00,0.010914,0.064965,False,0.00000625,249.16,57284901,8,42
Resnet50_fvs_std0.02_90k_RMSELoss_20260728_005745,Resnet50_fvs_std0.02_90k_RMSELoss,RMSELoss,2026-07-28 00:57:45,98/200,2026-07-28 07:49:10,0.010862,0.064911,False,0.00000625,249.65,57284901,8,42
Resnet50_fvs_std0.02_90k_RMSELoss_20260728_005745,Resnet50_fvs_std0.02_90k_RMSELoss,RMSELoss,2026-07-28 00:57:45,99/200,2026-07-28 07:53:20,0.010810,0.064977,False,0.00000625,249.86,57284901,8,42
Resnet50_fvs_std0.02_90k_RMSELoss_20260728_005745,Resnet50_fvs_std0.02_90k_RMSELoss,RMSELoss,2026-07-28 00:57:45,100/200,2026-07-28 07:57:28,0.010796,0.064869,False,0.00000313,248.58,57284901,8,42
Resnet50_fvs_std0.02_90k_RMSELoss_20260728_005745,Resnet50_fvs_std0.02_90k_RMSELoss,RMSELoss,2026-07-28 00:57:45,101/200,2026-07-28 08:01:37,0.010553,0.064978,False,0.00000313,249.12,57284901,8,42
Resnet50_fvs_std0.02_90k_RMSELoss_20260728_005745,Resnet50_fvs_std0.02_90k_RMSELoss,RMSELoss,2026-07-28 00:57:45,102/200,2026-07-28 08:05:47,0.010436,0.064946,False,0.00000313,249.95,57284901,8,42
Resnet50_fvs_std0.02_90k_RMSELoss_20260728_005745,Resnet50_fvs_std0.02_90k_RMSELoss,RMSELoss,2026-07-28 00:57:45,103/200,2026-07-28 08:09:57,0.010372,0.064930,False,0.00000313,249.29,57284901,8,42
Resnet50_fvs_std0.02_90k_RMSELoss_20260728_005745,Resnet50_fvs_std0.02_90k_RMSELoss,RMSELoss,2026-07-28 00:57:45,104/200,2026-07-28 08:14:07,0.010324,0.064893,False,0.00000313,250.13,57284901,8,42
Resnet50_fvs_std0.02_90k_RMSELoss_20260728_005745,Resnet50_fvs_std0.02_90k_RMSELoss,RMSELoss,2026-07-28 00:57:45,105/200,2026-07-28 08:18:16,0.010274,0.064854,False,0.00000313,249.17,57284901,8,42
Resnet50_fvs_std0.02_90k_RMSELoss_20260728_005745,Resnet50_fvs_std0.02_90k_RMSELoss,RMSELoss,2026-07-28 00:57:45,106/200,2026-07-28 08:22:26,0.010230,0.064963,False,0.00000313,249.61,57284901,8,42
Resnet50_fvs_std0.02_90k_RMSELoss_20260728_005745,Resnet50_fvs_std0.02_90k_RMSELoss,RMSELoss,2026-07-28 00:57:45,107/200,2026-07-28 08:26:35,0.010225,0.064853,False,0.00000313,249.07,57284901,8,42
Resnet50_fvs_std0.02_90k_RMSELoss_20260728_005745,Resnet50_fvs_std0.02_90k_RMSELoss,RMSELoss,2026-07-28 00:57:45,108/200,2026-07-28 08:30:43,0.010185,0.064873,False,0.00000313,248.79,57284901,8,42
Resnet50_fvs_std0.02_90k_RMSELoss_20260728_005745,Resnet50_fvs_std0.02_90k_RMSELoss,RMSELoss,2026-07-28 00:57:45,109/200,2026-07-28 08:34:56,0.010174,0.064985,False,0.00000313,252.26,57284901,8,42
Resnet50_fvs_std0.02_90k_RMSELoss_20260728_005745,Resnet50_fvs_std0.02_90k_RMSELoss,RMSELoss,2026-07-28 00:57:45,110/200,2026-07-28 08:39:05,0.010157,0.064969,False,0.00000313,249.63,57284901,8,42
Resnet50_fvs_std0.02_90k_RMSELoss_20260728_005745,Resnet50_fvs_std0.02_90k_RMSELoss,RMSELoss,2026-07-28 00:57:45,111/200,2026-07-28 08:43:20,0.010107,0.064990,False,0.00000313,254.72,57284901,8,42
Resnet50_fvs_std0.02_90k_RMSELoss_20260728_005745,Resnet50_fvs_std0.02_90k_RMSELoss,RMSELoss,2026-07-28 00:57:45,112/200,2026-07-28 08:47:28,0.010085,0.064988,False,0.00000313,248.25,57284901,8,42
Resnet50_fvs_std0.02_90k_RMSELoss_20260728_005745,Resnet50_fvs_std0.02_90k_RMSELoss,RMSELoss,2026-07-28 00:57:45,113/200,2026-07-28 08:51:35,0.010071,0.065013,False,0.00000313,246.84,57284901,8,42
Resnet50_fvs_std0.02_90k_RMSELoss_20260728_005745,Resnet50_fvs_std0.02_90k_RMSELoss,RMSELoss,2026-07-28 00:57:45,114/200,2026-07-28 08:55:43,0.010043,0.064983,False,0.00000313,247.80,57284901,8,42
Resnet50_fvs_std0.02_90k_RMSELoss_20260728_005745,Resnet50_fvs_std0.02_90k_RMSELoss,RMSELoss,2026-07-28 00:57:45,115/200,2026-07-28 08:59:52,0.010042,0.065001,False,0.00000313,248.57,57284901,8,42
Resnet50_fvs_std0.02_90k_RMSELoss_20260728_005745,Resnet50_fvs_std0.02_90k_RMSELoss,RMSELoss,2026-07-28 00:57:45,116/200,2026-07-28 09:03:59,0.009992,0.064985,False,0.00000313,247.26,57284901,8,42
Resnet50_fvs_std0.02_90k_RMSELoss_20260728_005745,Resnet50_fvs_std0.02_90k_RMSELoss,RMSELoss,2026-07-28 00:57:45,117/200,2026-07-28 09:08:08,0.009988,0.065032,False,0.00000313,248.97,57284901,8,42
Resnet50_fvs_std0.02_90k_RMSELoss_20260728_005745,Resnet50_fvs_std0.02_90k_RMSELoss,RMSELoss,2026-07-28 00:57:45,118/200,2026-07-28 09:12:15,0.009988,0.064898,False,0.00000313,247.02,57284901,8,42
Resnet50_fvs_std0.02_90k_RMSELoss_20260728_005745,Resnet50_fvs_std0.02_90k_RMSELoss,RMSELoss,2026-07-28 00:57:45,119/200,2026-07-28 09:16:24,0.009941,0.064969,False,0.00000313,249.30,57284901,8,42
Resnet50_fvs_std0.02_90k_RMSELoss_20260728_005745,Resnet50_fvs_std0.02_90k_RMSELoss,RMSELoss,2026-07-28 00:57:45,120/200,2026-07-28 09:20:32,0.009909,0.065029,False,0.00000156,247.67,57284901,8,42
Resnet50_fvs_std0.02_90k_RMSELoss_20260728_005745,Resnet50_fvs_std0.02_90k_RMSELoss,RMSELoss,2026-07-28 00:57:45,121/200,2026-07-28 09:24:40,0.009811,0.064959,False,0.00000156,248.58,57284901,8,42
Resnet50_fvs_std0.02_90k_RMSELoss_20260728_005745,Resnet50_fvs_std0.02_90k_RMSELoss,RMSELoss,2026-07-28 00:57:45,122/200,2026-07-28 09:28:49,0.009766,0.064972,False,0.00000156,248.74,57284901,8,42
Resnet50_fvs_std0.02_90k_RMSELoss_20260728_005745,Resnet50_fvs_std0.02_90k_RMSELoss,RMSELoss,2026-07-28 00:57:45,123/200,2026-07-28 09:32:56,0.009717,0.064895,False,0.00000156,247.32,57284901,8,42
Resnet50_fvs_std0.02_90k_RMSELoss_20260728_005745,Resnet50_fvs_std0.02_90k_RMSELoss,RMSELoss,2026-07-28 00:57:45,124/200,2026-07-28 09:37:08,0.009732,0.064990,False,0.00000156,251.46,57284901,8,42
Resnet50_fvs_std0.02_90k_RMSELoss_20260728_005745,Resnet50_fvs_std0.02_90k_RMSELoss,RMSELoss,2026-07-28 00:57:45,125/200,2026-07-28 09:41:16,0.009682,0.064924,False,0.00000156,247.83,57284901,8,42
Resnet50_fvs_std0.02_90k_RMSELoss_20260728_005745,Resnet50_fvs_std0.02_90k_RMSELoss,RMSELoss,2026-07-28 00:57:45,126/200,2026-07-28 09:45:24,0.009668,0.064921,False,0.00000156,248.12,57284901,8,42
Resnet50_fvs_std0.02_90k_RMSELoss_20260728_005745,Resnet50_fvs_std0.02_90k_RMSELoss,RMSELoss,2026-07-28 00:57:45,127/200,2026-07-28 09:49:32,0.009652,0.064913,False,0.00000156,248.02,57284901,8,42
Resnet50_fvs_std0.02_90k_RMSELoss_20260728_005745,Resnet50_fvs_std0.02_90k_RMSELoss,RMSELoss,2026-07-28 00:57:45,128/200,2026-07-28 09:53:39,0.009632,0.064919,False,0.00000156,247.51,57284901,8,42
Resnet50_fvs_std0.02_90k_RMSELoss_20260728_005745,Resnet50_fvs_std0.02_90k_RMSELoss,RMSELoss,2026-07-28 00:57:45,129/200,2026-07-28 09:57:49,0.009618,0.064969,False,0.00000156,249.40,57284901,8,42
Resnet50_fvs_std0.02_90k_RMSELoss_20260728_005745,Resnet50_fvs_std0.02_90k_RMSELoss,RMSELoss,2026-07-28 00:57:45,130/200,2026-07-28 10:01:57,0.009621,0.064910,False,0.00000156,248.07,57284901,8,42
Resnet50_fvs_std0.02_90k_RMSELoss_20260728_005745,Resnet50_fvs_std0.02_90k_RMSELoss,RMSELoss,2026-07-28 00:57:45,131/200,2026-07-28 10:06:05,0.009629,0.064907,False,0.00000156,248.30,57284901,8,42
Resnet50_fvs_std0.02_90k_RMSELoss_20260728_005745,Resnet50_fvs_std0.02_90k_RMSELoss,RMSELoss,2026-07-28 00:57:45,132/200,2026-07-28 10:10:14,0.009576,0.064865,False,0.00000156,248.81,57284901,8,42
Resnet50_fvs_std0.02_90k_RMSELoss_20260728_005745,Resnet50_fvs_std0.02_90k_RMSELoss,RMSELoss,2026-07-28 00:57:45,133/200,2026-07-28 10:14:22,0.009581,0.064911,False,0.00000156,247.49,57284901,8,42
Resnet50_fvs_std0.02_90k_RMSELoss_20260728_005745,Resnet50_fvs_std0.02_90k_RMSELoss,RMSELoss,2026-07-28 00:57:45,134/200,2026-07-28 10:18:29,0.009588,0.064964,False,0.00000156,247.90,57284901,8,42
Resnet50_fvs_std0.02_90k_RMSELoss_20260728_005745,Resnet50_fvs_std0.02_90k_RMSELoss,RMSELoss,2026-07-28 00:57:45,135/200,2026-07-28 10:22:39,0.009529,0.065001,False,0.00000156,249.45,57284901,8,42
Resnet50_fvs_std0.02_90k_RMSELoss_20260728_005745,Resnet50_fvs_std0.02_90k_RMSELoss,RMSELoss,2026-07-28 00:57:45,136/200,2026-07-28 10:26:46,0.009543,0.064892,False,0.00000156,247.22,57284901,8,42
Densenet121_std0.02_90k_RMSELoss_20260728_102646,Densenet121_std0.02_90k_RMSELoss,RMSELoss,2026-07-28 10:26:46,1/200,2026-07-28 10:33:14,0.111217,0.096666,True,0.00010000,387.01,39682149,8,42
Densenet121_std0.02_90k_RMSELoss_20260728_102646,Densenet121_std0.02_90k_RMSELoss,RMSELoss,2026-07-28 10:26:46,2/200,2026-07-28 10:39:58,0.096236,0.089690,True,0.00010000,394.38,39682149,8,42
Densenet121_std0.02_90k_RMSELoss_20260728_102646,Densenet121_std0.02_90k_RMSELoss,RMSELoss,2026-07-28 10:26:46,3/200,2026-07-28 10:46:33,0.089907,0.085944,True,0.00010000,384.19,39682149,8,42
Densenet121_std0.02_90k_RMSELoss_20260728_102646,Densenet121_std0.02_90k_RMSELoss,RMSELoss,2026-07-28 10:26:46,4/200,2026-07-28 10:53:08,0.085724,0.082956,True,0.00010000,385.13,39682149,8,42
Densenet121_std0.02_90k_RMSELoss_20260728_102646,Densenet121_std0.02_90k_RMSELoss,RMSELoss,2026-07-28 10:26:46,5/200,2026-07-28 10:59:38,0.082830,0.080768,True,0.00010000,380.48,39682149,8,42
Densenet121_std0.02_90k_RMSELoss_20260728_102646,Densenet121_std0.02_90k_RMSELoss,RMSELoss,2026-07-28 10:26:46,6/200,2026-07-28 11:06:18,0.080065,0.079843,True,0.00010000,389.87,39682149,8,42
Densenet121_std0.02_90k_RMSELoss_20260728_102646,Densenet121_std0.02_90k_RMSELoss,RMSELoss,2026-07-28 10:26:46,7/200,2026-07-28 11:12:53,0.077908,0.077488,True,0.00010000,385.28,39682149,8,42
Densenet121_std0.02_90k_RMSELoss_20260728_102646,Densenet121_std0.02_90k_RMSELoss,RMSELoss,2026-07-28 10:26:46,8/200,2026-07-28 11:19:33,0.075983,0.076567,True,0.00010000,389.80,39682149,8,42
Densenet121_std0.02_90k_RMSELoss_20260728_102646,Densenet121_std0.02_90k_RMSELoss,RMSELoss,2026-07-28 10:26:46,9/200,2026-07-28 11:26:08,0.074229,0.077439,False,0.00010000,384.97,39682149,8,42
Densenet121_std0.02_90k_RMSELoss_20260728_102646,Densenet121_std0.02_90k_RMSELoss,RMSELoss,2026-07-28 10:26:46,10/200,2026-07-28 11:32:40,0.072361,0.073549,True,0.00010000,392.14,39682149,8,42
Densenet121_std0.02_90k_RMSELoss_20260728_102646,Densenet121_std0.02_90k_RMSELoss,RMSELoss,2026-07-28 10:26:46,11/200,2026-07-28 11:39:16,0.070740,0.075810,False,0.00010000,385.87,39682149,8,42
Densenet121_std0.02_90k_RMSELoss_20260728_102646,Densenet121_std0.02_90k_RMSELoss,RMSELoss,2026-07-28 10:26:46,12/200,2026-07-28 11:45:47,0.069505,0.073262,True,0.00010000,391.41,39682149,8,42
Densenet121_std0.02_90k_RMSELoss_20260728_102646,Densenet121_std0.02_90k_RMSELoss,RMSELoss,2026-07-28 10:26:46,13/200,2026-07-28 11:52:21,0.067688,0.073119,True,0.00010000,383.72,39682149,8,42
Densenet121_std0.02_90k_RMSELoss_20260728_102646,Densenet121_std0.02_90k_RMSELoss,RMSELoss,2026-07-28 10:26:46,14/200,2026-07-28 11:58:55,0.066546,0.073671,False,0.00010000,384.73,39682149,8,42
Densenet121_std0.02_90k_RMSELoss_20260728_102646,Densenet121_std0.02_90k_RMSELoss,RMSELoss,2026-07-28 10:26:46,15/200,2026-07-28 12:05:20,0.065242,0.071295,True,0.00010000,384.58,39682149,8,42
Densenet121_std0.02_90k_RMSELoss_20260728_102646,Densenet121_std0.02_90k_RMSELoss,RMSELoss,2026-07-28 10:26:46,16/200,2026-07-28 12:11:56,0.063803,0.071450,False,0.00010000,386.20,39682149,8,42
Densenet121_std0.02_90k_RMSELoss_20260728_102646,Densenet121_std0.02_90k_RMSELoss,RMSELoss,2026-07-28 10:26:46,17/200,2026-07-28 12:18:22,0.062792,0.071142,True,0.00010000,385.73,39682149,8,42
Densenet121_std0.02_90k_RMSELoss_20260728_102646,Densenet121_std0.02_90k_RMSELoss,RMSELoss,2026-07-28 10:26:46,18/200,2026-07-28 12:24:54,0.061778,0.070963,True,0.00010000,382.23,39682149,8,42
Densenet121_std0.02_90k_RMSELoss_20260728_102646,Densenet121_std0.02_90k_RMSELoss,RMSELoss,2026-07-28 10:26:46,19/200,2026-07-28 12:31:26,0.060441,0.070492,True,0.00010000,382.48,39682149,8,42
Densenet121_std0.02_90k_RMSELoss_20260728_102646,Densenet121_std0.02_90k_RMSELoss,RMSELoss,2026-07-28 10:26:46,20/200,2026-07-28 12:38:09,0.059453,0.068474,True,0.00005000,392.57,39682149,8,42
Densenet121_std0.02_90k_RMSELoss_20260728_102646,Densenet121_std0.02_90k_RMSELoss,RMSELoss,2026-07-28 10:26:46,21/200,2026-07-28 12:44:56,0.053931,0.066460,True,0.00005000,396.58,39682149,8,42
Densenet121_std0.02_90k_RMSELoss_20260728_102646,Densenet121_std0.02_90k_RMSELoss,RMSELoss,2026-07-28 10:26:46,22/200,2026-07-28 12:51:32,0.051720,0.066394,True,0.00005000,386.73,39682149,8,42
Densenet121_std0.02_90k_RMSELoss_20260728_102646,Densenet121_std0.02_90k_RMSELoss,RMSELoss,2026-07-28 10:26:46,23/200,2026-07-28 12:58:10,0.050522,0.065630,True,0.00005000,387.73,39682149,8,42
Densenet121_std0.02_90k_RMSELoss_20260728_102646,Densenet121_std0.02_90k_RMSELoss,RMSELoss,2026-07-28 10:26:46,24/200,2026-07-28 13:04:46,0.049201,0.065905,False,0.00005000,386.50,39682149,8,42
Densenet121_std0.02_90k_RMSELoss_20260728_102646,Densenet121_std0.02_90k_RMSELoss,RMSELoss,2026-07-28 10:26:46,25/200,2026-07-28 13:11:18,0.048377,0.065954,False,0.00005000,391.25,39682149,8,42
Densenet121_std0.02_90k_RMSELoss_20260728_102646,Densenet121_std0.02_90k_RMSELoss,RMSELoss,2026-07-28 10:26:46,26/200,2026-07-28 13:17:43,0.047523,0.065653,False,0.00005000,385.81,39682149,8,42
Densenet121_std0.02_90k_RMSELoss_20260728_102646,Densenet121_std0.02_90k_RMSELoss,RMSELoss,2026-07-28 10:26:46,27/200,2026-07-28 13:24:10,0.046785,0.066025,False,0.00005000,386.31,39682149,8,42
Densenet121_std0.02_90k_RMSELoss_20260728_102646,Densenet121_std0.02_90k_RMSELoss,RMSELoss,2026-07-28 10:26:46,28/200,2026-07-28 13:30:41,0.045947,0.065489,True,0.00005000,390.97,39682149,8,42
Densenet121_std0.02_90k_RMSELoss_20260728_102646,Densenet121_std0.02_90k_RMSELoss,RMSELoss,2026-07-28 10:26:46,29/200,2026-07-28 13:37:18,0.045161,0.065645,False,0.00005000,387.54,39682149,8,42
Densenet121_std0.02_90k_RMSELoss_20260728_102646,Densenet121_std0.02_90k_RMSELoss,RMSELoss,2026-07-28 10:26:46,30/200,2026-07-28 13:43:47,0.044675,0.065094,True,0.00005000,388.92,39682149,8,42
Densenet121_std0.02_90k_RMSELoss_20260728_102646,Densenet121_std0.02_90k_RMSELoss,RMSELoss,2026-07-28 10:26:46,31/200,2026-07-28 13:50:22,0.043948,0.065456,False,0.00005000,384.71,39682149,8,42
Densenet121_std0.02_90k_RMSELoss_20260728_102646,Densenet121_std0.02_90k_RMSELoss,RMSELoss,2026-07-28 10:26:46,32/200,2026-07-28 13:56:49,0.043418,0.065654,False,0.00005000,387.71,39682149,8,42
Densenet121_std0.02_90k_RMSELoss_20260728_102646,Densenet121_std0.02_90k_RMSELoss,RMSELoss,2026-07-28 10:26:46,33/200,2026-07-28 14:03:14,0.042863,0.065592,False,0.00005000,384.27,39682149,8,42
Densenet121_std0.02_90k_RMSELoss_20260728_102646,Densenet121_std0.02_90k_RMSELoss,RMSELoss,2026-07-28 10:26:46,34/200,2026-07-28 14:09:45,0.042438,0.065918,False,0.00005000,390.91,39682149,8,42
Densenet121_std0.02_90k_RMSELoss_20260728_102646,Densenet121_std0.02_90k_RMSELoss,RMSELoss,2026-07-28 10:26:46,35/200,2026-07-28 14:16:12,0.041767,0.065326,False,0.00005000,387.08,39682149,8,42
Densenet121_std0.02_90k_RMSELoss_20260728_102646,Densenet121_std0.02_90k_RMSELoss,RMSELoss,2026-07-28 10:26:46,36/200,2026-07-28 14:22:40,0.041381,0.065699,False,0.00005000,388.66,39682149,8,42
Densenet121_std0.02_90k_RMSELoss_20260728_102646,Densenet121_std0.02_90k_RMSELoss,RMSELoss,2026-07-28 10:26:46,37/200,2026-07-28 14:29:06,0.040915,0.065698,False,0.00005000,385.69,39682149,8,42
Densenet121_std0.02_90k_RMSELoss_20260728_102646,Densenet121_std0.02_90k_RMSELoss,RMSELoss,2026-07-28 10:26:46,38/200,2026-07-28 14:35:38,0.040452,0.065218,False,0.00005000,392.38,39682149,8,42
Densenet121_std0.02_90k_RMSELoss_20260728_102646,Densenet121_std0.02_90k_RMSELoss,RMSELoss,2026-07-28 10:26:46,39/200,2026-07-28 14:42:06,0.040062,0.064506,True,0.00005000,387.92,39682149,8,42
Densenet121_std0.02_90k_RMSELoss_20260728_102646,Densenet121_std0.02_90k_RMSELoss,RMSELoss,2026-07-28 10:26:46,40/200,2026-07-28 14:48:41,0.039556,0.065211,False,0.00002500,384.41,39682149,8,42
Densenet121_std0.02_90k_RMSELoss_20260728_102646,Densenet121_std0.02_90k_RMSELoss,RMSELoss,2026-07-28 10:26:46,41/200,2026-07-28 14:55:09,0.036506,0.063986,True,0.00002500,388.68,39682149,8,42
Densenet121_std0.02_90k_RMSELoss_20260728_102646,Densenet121_std0.02_90k_RMSELoss,RMSELoss,2026-07-28 10:26:46,42/200,2026-07-28 15:01:46,0.034972,0.064058,False,0.00002500,386.45,39682149,8,42
Densenet121_std0.02_90k_RMSELoss_20260728_102646,Densenet121_std0.02_90k_RMSELoss,RMSELoss,2026-07-28 10:26:46,43/200,2026-07-28 15:08:18,0.034246,0.063968,True,0.00002500,392.05,39682149,8,42
Densenet121_std0.02_90k_RMSELoss_20260728_102646,Densenet121_std0.02_90k_RMSELoss,RMSELoss,2026-07-28 10:26:46,44/200,2026-07-28 15:14:54,0.033808,0.064641,False,0.00002500,386.29,39682149,8,42
Densenet121_std0.02_90k_RMSELoss_20260728_102646,Densenet121_std0.02_90k_RMSELoss,RMSELoss,2026-07-28 10:26:46,45/200,2026-07-28 15:21:22,0.033314,0.064030,False,0.00002500,387.61,39682149,8,42
Densenet121_std0.02_90k_RMSELoss_20260728_102646,Densenet121_std0.02_90k_RMSELoss,RMSELoss,2026-07-28 10:26:46,46/200,2026-07-28 15:27:46,0.032972,0.064099,False,0.00002500,384.58,39682149,8,42
Densenet121_std0.02_90k_RMSELoss_20260728_102646,Densenet121_std0.02_90k_RMSELoss,RMSELoss,2026-07-28 10:26:46,47/200,2026-07-28 15:34:16,0.032618,0.063554,True,0.00002500,389.91,39682149,8,42
Densenet121_std0.02_90k_RMSELoss_20260728_102646,Densenet121_std0.02_90k_RMSELoss,RMSELoss,2026-07-28 10:26:46,48/200,2026-07-28 15:40:52,0.032259,0.064191,False,0.00002500,385.59,39682149,8,42
Densenet121_std0.02_90k_RMSELoss_20260728_102646,Densenet121_std0.02_90k_RMSELoss,RMSELoss,2026-07-28 10:26:46,49/200,2026-07-28 15:47:24,0.031969,0.064084,False,0.00002500,392.34,39682149,8,42
Densenet121_std0.02_90k_RMSELoss_20260728_102646,Densenet121_std0.02_90k_RMSELoss,RMSELoss,2026-07-28 10:26:46,50/200,2026-07-28 15:53:56,0.031698,0.064048,False,0.00002500,391.53,39682149,8,42
Densenet121_std0.02_90k_RMSELoss_20260728_102646,Densenet121_std0.02_90k_RMSELoss,RMSELoss,2026-07-28 10:26:46,51/200,2026-07-28 16:00:26,0.031310,0.064435,False,0.00002500,390.66,39682149,8,42
Densenet121_std0.02_90k_RMSELoss_20260728_102646,Densenet121_std0.02_90k_RMSELoss,RMSELoss,2026-07-28 10:26:46,52/200,2026-07-28 16:06:57,0.031044,0.063585,False,0.00002500,391.04,39682149,8,42
Densenet121_std0.02_90k_RMSELoss_20260728_102646,Densenet121_std0.02_90k_RMSELoss,RMSELoss,2026-07-28 10:26:46,53/200,2026-07-28 16:13:29,0.030839,0.064301,False,0.00002500,392.07,39682149,8,42
Densenet121_std0.02_90k_RMSELoss_20260728_102646,Densenet121_std0.02_90k_RMSELoss,RMSELoss,2026-07-28 10:26:46,54/200,2026-07-28 16:19:56,0.030529,0.063593,False,0.00002500,386.48,39682149,8,42
Densenet121_std0.02_90k_RMSELoss_20260728_102646,Densenet121_std0.02_90k_RMSELoss,RMSELoss,2026-07-28 10:26:46,55/200,2026-07-28 16:26:25,0.030351,0.063444,True,0.00002500,389.57,39682149,8,42
Densenet121_std0.02_90k_RMSELoss_20260728_102646,Densenet121_std0.02_90k_RMSELoss,RMSELoss,2026-07-28 10:26:46,56/200,2026-07-28 16:33:03,0.030098,0.064972,False,0.00002500,387.31,39682149,8,42
Densenet121_std0.02_90k_RMSELoss_20260728_102646,Densenet121_std0.02_90k_RMSELoss,RMSELoss,2026-07-28 10:26:46,57/200,2026-07-28 16:39:38,0.029928,0.064254,False,0.00002500,395.10,39682149,8,42
Densenet121_std0.02_90k_RMSELoss_20260728_102646,Densenet121_std0.02_90k_RMSELoss,RMSELoss,2026-07-28 10:26:46,58/200,2026-07-28 16:46:04,0.029688,0.086677,False,0.00002500,386.30,39682149,8,42
Densenet121_std0.02_90k_RMSELoss_20260728_102646,Densenet121_std0.02_90k_RMSELoss,RMSELoss,2026-07-28 10:26:46,59/200,2026-07-28 16:52:37,0.029399,0.063863,False,0.00002500,392.55,39682149,8,42
Densenet121_std0.02_90k_RMSELoss_20260728_102646,Densenet121_std0.02_90k_RMSELoss,RMSELoss,2026-07-28 10:26:46,60/200,2026-07-28 16:59:02,0.029196,0.063856,False,0.00001250,385.43,39682149,8,42
Densenet121_std0.02_90k_RMSELoss_20260728_102646,Densenet121_std0.02_90k_RMSELoss,RMSELoss,2026-07-28 10:26:46,61/200,2026-07-28 17:05:39,0.027604,0.063911,False,0.00001250,396.82,39682149,8,42
Densenet121_std0.02_90k_RMSELoss_20260728_102646,Densenet121_std0.02_90k_RMSELoss,RMSELoss,2026-07-28 10:26:46,62/200,2026-07-28 17:12:08,0.026904,0.063423,True,0.00001250,388.56,39682149,8,42
Densenet121_std0.02_90k_RMSELoss_20260728_102646,Densenet121_std0.02_90k_RMSELoss,RMSELoss,2026-07-28 10:26:46,63/200,2026-07-28 17:18:43,0.026500,0.065622,False,0.00001250,385.35,39682149,8,42
Densenet121_std0.02_90k_RMSELoss_20260728_102646,Densenet121_std0.02_90k_RMSELoss,RMSELoss,2026-07-28 10:26:46,64/200,2026-07-28 17:25:11,0.026275,0.063234,True,0.00001250,388.02,39682149,8,42
Densenet121_std0.02_90k_RMSELoss_20260728_102646,Densenet121_std0.02_90k_RMSELoss,RMSELoss,2026-07-28 10:26:46,65/200,2026-07-28 17:31:50,0.026065,0.064435,False,0.00001250,389.12,39682149,8,42
Densenet121_std0.02_90k_RMSELoss_20260728_102646,Densenet121_std0.02_90k_RMSELoss,RMSELoss,2026-07-28 10:26:46,66/200,2026-07-28 17:38:25,0.025864,0.069822,False,0.00001250,394.58,39682149,8,42
Densenet121_std0.02_90k_RMSELoss_20260728_102646,Densenet121_std0.02_90k_RMSELoss,RMSELoss,2026-07-28 10:26:46,67/200,2026-07-28 17:44:56,0.025698,0.063385,False,0.00001250,391.33,39682149,8,42
Densenet121_std0.02_90k_RMSELoss_20260728_102646,Densenet121_std0.02_90k_RMSELoss,RMSELoss,2026-07-28 10:26:46,68/200,2026-07-28 17:51:24,0.025475,0.063547,False,0.00001250,388.16,39682149,8,42
Densenet121_std0.02_90k_RMSELoss_20260728_102646,Densenet121_std0.02_90k_RMSELoss,RMSELoss,2026-07-28 10:26:46,69/200,2026-07-28 17:57:58,0.025356,0.066312,False,0.00001250,393.78,39682149,8,42
Densenet121_std0.02_90k_RMSELoss_20260728_102646,Densenet121_std0.02_90k_RMSELoss,RMSELoss,2026-07-28 10:26:46,70/200,2026-07-28 18:04:24,0.025251,0.063716,False,0.00001250,385.77,39682149,8,42
Densenet121_std0.02_90k_RMSELoss_20260728_102646,Densenet121_std0.02_90k_RMSELoss,RMSELoss,2026-07-28 10:26:46,71/200,2026-07-28 18:10:56,0.025105,0.067718,False,0.00001250,392.67,39682149,8,42
Densenet121_std0.02_90k_RMSELoss_20260728_102646,Densenet121_std0.02_90k_RMSELoss,RMSELoss,2026-07-28 10:26:46,72/200,2026-07-28 18:17:25,0.024996,0.074453,False,0.00001250,388.94,39682149,8,42
Densenet121_std0.02_90k_RMSELoss_20260728_102646,Densenet121_std0.02_90k_RMSELoss,RMSELoss,2026-07-28 10:26:46,73/200,2026-07-28 18:23:54,0.024847,0.064407,False,0.00001250,388.68,39682149,8,42
Densenet121_std0.02_90k_RMSELoss_20260728_102646,Densenet121_std0.02_90k_RMSELoss,RMSELoss,2026-07-28 10:26:46,74/200,2026-07-28 18:30:28,0.024697,0.063557,False,0.00001250,394.43,39682149,8,42
Densenet121_std0.02_90k_RMSELoss_20260728_102646,Densenet121_std0.02_90k_RMSELoss,RMSELoss,2026-07-28 10:26:46,75/200,2026-07-28 18:37:05,0.024589,0.063635,False,0.00001250,396.85,39682149,8,42
Densenet121_std0.02_90k_RMSELoss_20260728_102646,Densenet121_std0.02_90k_RMSELoss,RMSELoss,2026-07-28 10:26:46,76/200,2026-07-28 18:43:35,0.024384,0.063883,False,0.00001250,389.44,39682149,8,42
Densenet121_std0.02_90k_RMSELoss_20260728_102646,Densenet121_std0.02_90k_RMSELoss,RMSELoss,2026-07-28 10:26:46,77/200,2026-07-28 18:50:02,0.024306,0.066642,False,0.00001250,387.27,39682149,8,42
Densenet121_std0.02_90k_RMSELoss_20260728_102646,Densenet121_std0.02_90k_RMSELoss,RMSELoss,2026-07-28 10:26:46,78/200,2026-07-28 18:56:29,0.024180,0.063798,False,0.00001250,386.86,39682149,8,42
Densenet121_std0.02_90k_RMSELoss_20260728_102646,Densenet121_std0.02_90k_RMSELoss,RMSELoss,2026-07-28 10:26:46,79/200,2026-07-28 19:02:58,0.024012,0.063491,False,0.00001250,389.49,39682149,8,42
Densenet121_std0.02_90k_RMSELoss_20260728_102646,Densenet121_std0.02_90k_RMSELoss,RMSELoss,2026-07-28 10:26:46,80/200,2026-07-28 19:09:37,0.023957,0.063324,False,0.00000625,398.87,39682149,8,42
Densenet121_std0.02_90k_RMSELoss_20260728_102646,Densenet121_std0.02_90k_RMSELoss,RMSELoss,2026-07-28 10:26:46,81/200,2026-07-28 19:16:06,0.023160,0.064086,False,0.00000625,389.18,39682149,8,42
Densenet121_std0.02_90k_RMSELoss_20260728_102646,Densenet121_std0.02_90k_RMSELoss,RMSELoss,2026-07-28 10:26:46,82/200,2026-07-28 19:22:36,0.022859,0.063070,True,0.00000625,389.09,39682149,8,42
Densenet121_std0.02_90k_RMSELoss_20260728_102646,Densenet121_std0.02_90k_RMSELoss,RMSELoss,2026-07-28 10:26:46,83/200,2026-07-28 19:29:10,0.022724,0.063264,False,0.00000625,384.59,39682149,8,42
Densenet121_std0.02_90k_RMSELoss_20260728_102646,Densenet121_std0.02_90k_RMSELoss,RMSELoss,2026-07-28 10:26:46,84/200,2026-07-28 19:35:42,0.022581,0.065017,False,0.00000625,391.92,39682149,8,42
Densenet121_std0.02_90k_RMSELoss_20260728_102646,Densenet121_std0.02_90k_RMSELoss,RMSELoss,2026-07-28 10:26:46,85/200,2026-07-28 19:42:11,0.022497,0.080622,False,0.00000625,389.49,39682149,8,42
Densenet121_std0.02_90k_RMSELoss_20260728_102646,Densenet121_std0.02_90k_RMSELoss,RMSELoss,2026-07-28 10:26:46,86/200,2026-07-28 19:48:38,0.022322,0.062981,True,0.00000625,386.85,39682149,8,42
Densenet121_std0.02_90k_RMSELoss_20260728_102646,Densenet121_std0.02_90k_RMSELoss,RMSELoss,2026-07-28 10:26:46,87/200,2026-07-28 19:55:16,0.022355,0.063119,False,0.00000625,387.77,39682149,8,42
Densenet121_std0.02_90k_RMSELoss_20260728_102646,Densenet121_std0.02_90k_RMSELoss,RMSELoss,2026-07-28 10:26:46,88/200,2026-07-28 20:01:48,0.022248,0.063162,False,0.00000625,391.96,39682149,8,42
Densenet121_std0.02_90k_RMSELoss_20260728_102646,Densenet121_std0.02_90k_RMSELoss,RMSELoss,2026-07-28 10:26:46,89/200,2026-07-28 20:08:18,0.022185,0.076336,False,0.00000625,389.62,39682149,8,42
Densenet121_std0.02_90k_RMSELoss_20260728_102646,Densenet121_std0.02_90k_RMSELoss,RMSELoss,2026-07-28 10:26:46,90/200,2026-07-28 20:14:49,0.022085,0.064811,False,0.00000625,391.17,39682149,8,42
Densenet121_std0.02_90k_RMSELoss_20260728_102646,Densenet121_std0.02_90k_RMSELoss,RMSELoss,2026-07-28 10:26:46,91/200,2026-07-28 20:21:15,0.021999,0.063553,False,0.00000625,386.67,39682149,8,42
Densenet121_std0.02_90k_RMSELoss_20260728_102646,Densenet121_std0.02_90k_RMSELoss,RMSELoss,2026-07-28 10:26:46,92/200,2026-07-28 20:27:43,0.021917,0.063937,False,0.00000625,387.15,39682149,8,42
Densenet121_std0.02_90k_RMSELoss_20260728_102646,Densenet121_std0.02_90k_RMSELoss,RMSELoss,2026-07-28 10:26:46,93/200,2026-07-28 20:34:14,0.021818,0.063699,False,0.00000625,391.46,39682149,8,42
Densenet121_std0.02_90k_RMSELoss_20260728_102646,Densenet121_std0.02_90k_RMSELoss,RMSELoss,2026-07-28 10:26:46,94/200,2026-07-28 20:40:43,0.021763,0.065842,False,0.00000625,389.39,39682149,8,42
Densenet121_std0.02_90k_RMSELoss_20260728_102646,Densenet121_std0.02_90k_RMSELoss,RMSELoss,2026-07-28 10:26:46,95/200,2026-07-28 20:47:11,0.021712,0.064589,False,0.00000625,387.46,39682149,8,42
Densenet121_std0.02_90k_RMSELoss_20260728_102646,Densenet121_std0.02_90k_RMSELoss,RMSELoss,2026-07-28 10:26:46,96/200,2026-07-28 20:53:43,0.021654,0.063480,False,0.00000625,391.67,39682149,8,42
Densenet121_std0.02_90k_RMSELoss_20260728_102646,Densenet121_std0.02_90k_RMSELoss,RMSELoss,2026-07-28 10:26:46,97/200,2026-07-28 21:00:11,0.021588,0.069007,False,0.00000625,388.66,39682149,8,42
Densenet121_std0.02_90k_RMSELoss_20260728_102646,Densenet121_std0.02_90k_RMSELoss,RMSELoss,2026-07-28 10:26:46,98/200,2026-07-28 21:06:49,0.021570,0.064608,False,0.00000625,398.19,39682149,8,42
Densenet121_std0.02_90k_RMSELoss_20260728_102646,Densenet121_std0.02_90k_RMSELoss,RMSELoss,2026-07-28 10:26:46,99/200,2026-07-28 21:13:16,0.021494,0.063138,False,0.00000625,386.03,39682149,8,42
Densenet121_std0.02_90k_RMSELoss_20260728_102646,Densenet121_std0.02_90k_RMSELoss,RMSELoss,2026-07-28 10:26:46,100/200,2026-07-28 21:19:41,0.021366,0.063726,False,0.00000313,385.87,39682149,8,42
Densenet121_std0.02_90k_RMSELoss_20260728_102646,Densenet121_std0.02_90k_RMSELoss,RMSELoss,2026-07-28 10:26:46,101/200,2026-07-28 21:26:06,0.021041,0.071726,False,0.00000313,385.11,39682149,8,42
Densenet121_std0.02_90k_RMSELoss_20260728_102646,Densenet121_std0.02_90k_RMSELoss,RMSELoss,2026-07-28 10:26:46,102/200,2026-07-28 21:32:32,0.020915,0.064329,False,0.00000313,385.48,39682149,8,42
Densenet121_std0.02_90k_RMSELoss_20260728_102646,Densenet121_std0.02_90k_RMSELoss,RMSELoss,2026-07-28 10:26:46,103/200,2026-07-28 21:39:03,0.020778,0.095945,False,0.00000313,390.91,39682149,8,42
Densenet121_std0.02_90k_RMSELoss_20260728_102646,Densenet121_std0.02_90k_RMSELoss,RMSELoss,2026-07-28 10:26:46,104/200,2026-07-28 21:45:29,0.020780,0.064720,False,0.00000313,385.73,39682149,8,42
Densenet121_std0.02_90k_RMSELoss_20260728_102646,Densenet121_std0.02_90k_RMSELoss,RMSELoss,2026-07-28 10:26:46,105/200,2026-07-28 21:51:56,0.020734,0.069386,False,0.00000313,387.16,39682149,8,42
Densenet121_std0.02_90k_RMSELoss_20260728_102646,Densenet121_std0.02_90k_RMSELoss,RMSELoss,2026-07-28 10:26:46,106/200,2026-07-28 21:58:21,0.020655,0.065410,False,0.00000313,385.26,39682149,8,42
Densenet121_std0.02_90k_RMSELoss_20260728_102646,Densenet121_std0.02_90k_RMSELoss,RMSELoss,2026-07-28 10:26:46,107/200,2026-07-28 22:04:57,0.020626,0.069558,False,0.00000313,396.23,39682149,8,42
Densenet121_std0.02_90k_RMSELoss_20260728_102646,Densenet121_std0.02_90k_RMSELoss,RMSELoss,2026-07-28 10:26:46,108/200,2026-07-28 22:11:23,0.020605,0.064585,False,0.00000313,386.07,39682149,8,42
Densenet121_std0.02_90k_RMSELoss_20260728_102646,Densenet121_std0.02_90k_RMSELoss,RMSELoss,2026-07-28 10:26:46,109/200,2026-07-28 22:17:49,0.020505,0.079252,False,0.00000313,385.88,39682149,8,42
Densenet121_std0.02_90k_RMSELoss_20260728_102646,Densenet121_std0.02_90k_RMSELoss,RMSELoss,2026-07-28 10:26:46,110/200,2026-07-28 22:24:16,0.020478,0.066148,False,0.00000313,386.72,39682149,8,42
Densenet121_std0.02_90k_RMSELoss_20260728_102646,Densenet121_std0.02_90k_RMSELoss,RMSELoss,2026-07-28 10:26:46,111/200,2026-07-28 22:30:46,0.020459,0.063921,False,0.00000313,389.72,39682149,8,42
Densenet121_std0.02_90k_RMSELoss_20260728_102646,Densenet121_std0.02_90k_RMSELoss,RMSELoss,2026-07-28 10:26:46,112/200,2026-07-28 22:37:15,0.020333,0.065369,False,0.00000313,389.14,39682149,8,42
Densenet121_std0.02_90k_RMSELoss_20260728_102646,Densenet121_std0.02_90k_RMSELoss,RMSELoss,2026-07-28 10:26:46,113/200,2026-07-28 22:43:43,0.020400,0.064518,False,0.00000313,388.41,39682149,8,42
Densenet121_std0.02_90k_RMSELoss_20260728_102646,Densenet121_std0.02_90k_RMSELoss,RMSELoss,2026-07-28 10:26:46,114/200,2026-07-28 22:50:11,0.020361,0.068877,False,0.00000313,388.09,39682149,8,42
Densenet121_std0.02_90k_RMSELoss_20260728_102646,Densenet121_std0.02_90k_RMSELoss,RMSELoss,2026-07-28 10:26:46,115/200,2026-07-28 22:56:37,0.020307,0.064325,False,0.00000313,385.97,39682149,8,42
Densenet121_std0.02_90k_RMSELoss_20260728_102646,Densenet121_std0.02_90k_RMSELoss,RMSELoss,2026-07-28 10:26:46,116/200,2026-07-28 23:03:03,0.020286,0.064428,False,0.00000313,385.84,39682149,8,42
Densenet121_std0.02_90k_RMSELoss_20260728_102646,Densenet121_std0.02_90k_RMSELoss,RMSELoss,2026-07-28 10:26:46,117/200,2026-07-28 23:09:37,0.020223,0.063427,False,0.00000313,393.80,39682149,8,42
Densenet121_std0.02_90k_RMSELoss_20260728_102646,Densenet121_std0.02_90k_RMSELoss,RMSELoss,2026-07-28 10:26:46,118/200,2026-07-28 23:16:07,0.020284,0.064876,False,0.00000313,390.19,39682149,8,42
Densenet121_std0.02_90k_RMSELoss_20260728_102646,Densenet121_std0.02_90k_RMSELoss,RMSELoss,2026-07-28 10:26:46,119/200,2026-07-28 23:22:35,0.020185,0.064839,False,0.00000313,387.71,39682149,8,42
Densenet121_std0.02_90k_RMSELoss_20260728_102646,Densenet121_std0.02_90k_RMSELoss,RMSELoss,2026-07-28 10:26:46,120/200,2026-07-28 23:29:00,0.020151,0.072560,False,0.00000156,385.08,39682149,8,42
Densenet121_std0.02_90k_RMSELoss_20260728_102646,Densenet121_std0.02_90k_RMSELoss,RMSELoss,2026-07-28 10:26:46,121/200,2026-07-28 23:35:33,0.019971,0.076535,False,0.00000156,392.77,39682149,8,42
Densenet121_std0.02_90k_RMSELoss_20260728_102646,Densenet121_std0.02_90k_RMSELoss,RMSELoss,2026-07-28 10:26:46,122/200,2026-07-28 23:42:02,0.019924,0.065796,False,0.00000156,389.33,39682149,8,42
Densenet121_std0.02_90k_RMSELoss_20260728_102646,Densenet121_std0.02_90k_RMSELoss,RMSELoss,2026-07-28 10:26:46,123/200,2026-07-28 23:48:29,0.019885,0.067691,False,0.00000156,386.42,39682149,8,42
Densenet121_std0.02_90k_RMSELoss_20260728_102646,Densenet121_std0.02_90k_RMSELoss,RMSELoss,2026-07-28 10:26:46,124/200,2026-07-28 23:54:55,0.019893,0.072345,False,0.00000156,386.08,39682149,8,42
Densenet121_std0.02_90k_RMSELoss_20260728_102646,Densenet121_std0.02_90k_RMSELoss,RMSELoss,2026-07-28 10:26:46,125/200,2026-07-29 00:01:28,0.019857,0.065152,False,0.00000156,393.49,39682149,8,42
Densenet121_std0.02_90k_RMSELoss_20260728_102646,Densenet121_std0.02_90k_RMSELoss,RMSELoss,2026-07-28 10:26:46,126/200,2026-07-29 00:08:01,0.019805,0.063651,False,0.00000156,393.32,39682149,8,42
Densenet121_std0.02_90k_RMSELoss_20260728_102646,Densenet121_std0.02_90k_RMSELoss,RMSELoss,2026-07-28 10:26:46,127/200,2026-07-29 00:14:31,0.019774,0.063462,False,0.00000156,389.22,39682149,8,42
Densenet121_std0.02_90k_RMSELoss_20260728_102646,Densenet121_std0.02_90k_RMSELoss,RMSELoss,2026-07-28 10:26:46,128/200,2026-07-29 00:21:03,0.019734,0.070428,False,0.00000156,391.99,39682149,8,42
Densenet121_std0.02_90k_RMSELoss_20260728_102646,Densenet121_std0.02_90k_RMSELoss,RMSELoss,2026-07-28 10:26:46,129/200,2026-07-29 00:27:37,0.019741,0.064139,False,0.00000156,394.15,39682149,8,42
Densenet121_std0.02_90k_RMSELoss_20260728_102646,Densenet121_std0.02_90k_RMSELoss,RMSELoss,2026-07-28 10:26:46,130/200,2026-07-29 00:34:07,0.019733,0.063895,False,0.00000156,390.40,39682149,8,42
Densenet121_std0.02_90k_RMSELoss_20260728_102646,Densenet121_std0.02_90k_RMSELoss,RMSELoss,2026-07-28 10:26:46,131/200,2026-07-29 00:40:34,0.019760,0.074048,False,0.00000156,386.57,39682149,8,42
ModelSwinT_std0.02_90k_RMSELoss_20260729_004034,ModelSwinT_std0.02_90k_RMSELoss,RMSELoss,2026-07-29 00:40:34,1/200,2026-07-29 00:46:34,0.119261,0.103099,True,0.00010000,358.11,59985503,8,42
ModelSwinT_std0.02_90k_RMSELoss_20260729_004034,ModelSwinT_std0.02_90k_RMSELoss,RMSELoss,2026-07-29 00:40:34,2/200,2026-07-29 00:52:39,0.101942,0.100414,True,0.00010000,355.15,59985503,8,42
ModelSwinT_std0.02_90k_RMSELoss_20260729_004034,ModelSwinT_std0.02_90k_RMSELoss,RMSELoss,2026-07-29 00:40:34,3/200,2026-07-29 00:58:43,0.096317,0.093996,True,0.00010000,354.11,59985503,8,42
ModelSwinT_std0.02_90k_RMSELoss_20260729_004034,ModelSwinT_std0.02_90k_RMSELoss,RMSELoss,2026-07-29 00:40:34,4/200,2026-07-29 01:04:50,0.092665,0.089180,True,0.00010000,357.16,59985503,8,42
ModelSwinT_std0.02_90k_RMSELoss_20260729_004034,ModelSwinT_std0.02_90k_RMSELoss,RMSELoss,2026-07-29 00:40:34,5/200,2026-07-29 01:10:54,0.089889,0.092152,False,0.00010000,354.20,59985503,8,42
ModelSwinT_std0.02_90k_RMSELoss_20260729_004034,ModelSwinT_std0.02_90k_RMSELoss,RMSELoss,2026-07-29 00:40:34,6/200,2026-07-29 01:16:53,0.087710,0.087616,True,0.00010000,358.87,59985503,8,42
ModelSwinT_std0.02_90k_RMSELoss_20260729_004034,ModelSwinT_std0.02_90k_RMSELoss,RMSELoss,2026-07-29 00:40:34,7/200,2026-07-29 01:22:57,0.085640,0.085073,True,0.00010000,354.31,59985503,8,42
ModelSwinT_std0.02_90k_RMSELoss_20260729_004034,ModelSwinT_std0.02_90k_RMSELoss,RMSELoss,2026-07-29 00:40:34,8/200,2026-07-29 01:29:03,0.083807,0.083915,True,0.00010000,355.69,59985503,8,42
ModelSwinT_std0.02_90k_RMSELoss_20260729_004034,ModelSwinT_std0.02_90k_RMSELoss,RMSELoss,2026-07-29 00:40:34,9/200,2026-07-29 01:35:06,0.082075,0.082118,True,0.00010000,353.81,59985503,8,42
ModelSwinT_std0.02_90k_RMSELoss_20260729_004034,ModelSwinT_std0.02_90k_RMSELoss,RMSELoss,2026-07-29 00:40:34,10/200,2026-07-29 01:41:11,0.080652,0.082081,True,0.00010000,354.33,59985503,8,42
ModelSwinT_std0.02_90k_RMSELoss_20260729_004034,ModelSwinT_std0.02_90k_RMSELoss,RMSELoss,2026-07-29 00:40:34,11/200,2026-07-29 01:47:16,0.078836,0.080517,True,0.00010000,355.16,59985503,8,42
ModelSwinT_std0.02_90k_RMSELoss_20260729_004034,ModelSwinT_std0.02_90k_RMSELoss,RMSELoss,2026-07-29 00:40:34,12/200,2026-07-29 01:53:19,0.077658,0.081657,False,0.00010000,353.18,59985503,8,42
ModelSwinT_std0.02_90k_RMSELoss_20260729_004034,ModelSwinT_std0.02_90k_RMSELoss,RMSELoss,2026-07-29 00:40:34,13/200,2026-07-29 01:59:18,0.076065,0.080142,True,0.00010000,358.85,59985503,8,42
ModelSwinT_std0.02_90k_RMSELoss_20260729_004034,ModelSwinT_std0.02_90k_RMSELoss,RMSELoss,2026-07-29 00:40:34,14/200,2026-07-29 02:05:28,0.075079,0.079510,True,0.00010000,360.11,59985503,8,42
ModelSwinT_std0.02_90k_RMSELoss_20260729_004034,ModelSwinT_std0.02_90k_RMSELoss,RMSELoss,2026-07-29 00:40:34,15/200,2026-07-29 02:11:46,0.073946,0.078327,True,0.00010000,368.33,59985503,8,42
ModelSwinT_std0.02_90k_RMSELoss_20260729_004034,ModelSwinT_std0.02_90k_RMSELoss,RMSELoss,2026-07-29 00:40:34,16/200,2026-07-29 02:17:54,0.072599,0.079641,False,0.00010000,358.08,59985503,8,42
ModelSwinT_std0.02_90k_RMSELoss_20260729_004034,ModelSwinT_std0.02_90k_RMSELoss,RMSELoss,2026-07-29 00:40:34,17/200,2026-07-29 02:23:54,0.071850,0.077741,True,0.00010000,359.59,59985503,8,42
ModelSwinT_std0.02_90k_RMSELoss_20260729_004034,ModelSwinT_std0.02_90k_RMSELoss,RMSELoss,2026-07-29 00:40:34,18/200,2026-07-29 02:30:02,0.070613,0.077460,True,0.00010000,357.95,59985503,8,42
ModelSwinT_std0.02_90k_RMSELoss_20260729_004034,ModelSwinT_std0.02_90k_RMSELoss,RMSELoss,2026-07-29 00:40:34,19/200,2026-07-29 02:36:07,0.069688,0.079494,False,0.00010000,354.80,59985503,8,42
ModelSwinT_std0.02_90k_RMSELoss_20260729_004034,ModelSwinT_std0.02_90k_RMSELoss,RMSELoss,2026-07-29 00:40:34,20/200,2026-07-29 02:41:59,0.068910,0.076646,True,0.00005000,352.36,59985503,8,42
ModelSwinT_std0.02_90k_RMSELoss_20260729_004034,ModelSwinT_std0.02_90k_RMSELoss,RMSELoss,2026-07-29 00:40:34,21/200,2026-07-29 02:48:14,0.063745,0.072971,True,0.00005000,364.97,59985503,8,42
ModelSwinT_std0.02_90k_RMSELoss_20260729_004034,ModelSwinT_std0.02_90k_RMSELoss,RMSELoss,2026-07-29 00:40:34,22/200,2026-07-29 02:54:18,0.061699,0.072448,True,0.00005000,354.31,59985503,8,42
ModelSwinT_std0.02_90k_RMSELoss_20260729_004034,ModelSwinT_std0.02_90k_RMSELoss,RMSELoss,2026-07-29 00:40:34,23/200,2026-07-29 03:00:22,0.060719,0.072130,True,0.00005000,353.67,59985503,8,42
ModelSwinT_std0.02_90k_RMSELoss_20260729_004034,ModelSwinT_std0.02_90k_RMSELoss,RMSELoss,2026-07-29 00:40:34,24/200,2026-07-29 03:06:27,0.059812,0.072570,False,0.00005000,355.10,59985503,8,42
ModelSwinT_std0.02_90k_RMSELoss_20260729_004034,ModelSwinT_std0.02_90k_RMSELoss,RMSELoss,2026-07-29 00:40:34,25/200,2026-07-29 03:12:20,0.059006,0.072265,False,0.00005000,353.37,59985503,8,42
ModelSwinT_std0.02_90k_RMSELoss_20260729_004034,ModelSwinT_std0.02_90k_RMSELoss,RMSELoss,2026-07-29 00:40:34,26/200,2026-07-29 03:18:14,0.058231,0.071886,True,0.00005000,353.65,59985503,8,42
ModelSwinT_std0.02_90k_RMSELoss_20260729_004034,ModelSwinT_std0.02_90k_RMSELoss,RMSELoss,2026-07-29 00:40:34,27/200,2026-07-29 03:24:18,0.057562,0.071569,True,0.00005000,353.84,59985503,8,42
ModelSwinT_std0.02_90k_RMSELoss_20260729_004034,ModelSwinT_std0.02_90k_RMSELoss,RMSELoss,2026-07-29 00:40:34,28/200,2026-07-29 03:30:24,0.056896,0.072739,False,0.00005000,356.24,59985503,8,42
ModelSwinT_std0.02_90k_RMSELoss_20260729_004034,ModelSwinT_std0.02_90k_RMSELoss,RMSELoss,2026-07-29 00:40:34,29/200,2026-07-29 03:36:16,0.056353,0.071721,False,0.00005000,352.09,59985503,8,42
ModelSwinT_std0.02_90k_RMSELoss_20260729_004034,ModelSwinT_std0.02_90k_RMSELoss,RMSELoss,2026-07-29 00:40:34,30/200,2026-07-29 03:42:10,0.055890,0.071472,True,0.00005000,353.47,59985503,8,42
ModelSwinT_std0.02_90k_RMSELoss_20260729_004034,ModelSwinT_std0.02_90k_RMSELoss,RMSELoss,2026-07-29 00:40:34,31/200,2026-07-29 03:48:13,0.055121,0.070891,True,0.00005000,353.60,59985503,8,42
ModelSwinT_std0.02_90k_RMSELoss_20260729_004034,ModelSwinT_std0.02_90k_RMSELoss,RMSELoss,2026-07-29 00:40:34,32/200,2026-07-29 03:54:17,0.054755,0.070491,True,0.00005000,353.71,59985503,8,42
ModelSwinT_std0.02_90k_RMSELoss_20260729_004034,ModelSwinT_std0.02_90k_RMSELoss,RMSELoss,2026-07-29 00:40:34,33/200,2026-07-29 04:00:21,0.054308,0.071102,False,0.00005000,353.86,59985503,8,42
ModelSwinT_std0.02_90k_RMSELoss_20260729_004034,ModelSwinT_std0.02_90k_RMSELoss,RMSELoss,2026-07-29 00:40:34,34/200,2026-07-29 04:06:16,0.053835,0.071177,False,0.00005000,355.76,59985503,8,42
ModelSwinT_std0.02_90k_RMSELoss_20260729_004034,ModelSwinT_std0.02_90k_RMSELoss,RMSELoss,2026-07-29 00:40:34,35/200,2026-07-29 04:12:14,0.053314,0.070932,False,0.00005000,357.65,59985503,8,42
ModelSwinT_std0.02_90k_RMSELoss_20260729_004034,ModelSwinT_std0.02_90k_RMSELoss,RMSELoss,2026-07-29 00:40:34,36/200,2026-07-29 04:18:12,0.052747,0.070475,True,0.00005000,357.68,59985503,8,42
ModelSwinT_std0.02_90k_RMSELoss_20260729_004034,ModelSwinT_std0.02_90k_RMSELoss,RMSELoss,2026-07-29 00:40:34,37/200,2026-07-29 04:24:18,0.052586,0.070484,False,0.00005000,356.46,59985503,8,42
ModelSwinT_std0.02_90k_RMSELoss_20260729_004034,ModelSwinT_std0.02_90k_RMSELoss,RMSELoss,2026-07-29 00:40:34,38/200,2026-07-29 04:30:12,0.052135,0.070049,True,0.00005000,353.90,59985503,8,42
ModelSwinT_std0.02_90k_RMSELoss_20260729_004034,ModelSwinT_std0.02_90k_RMSELoss,RMSELoss,2026-07-29 00:40:34,39/200,2026-07-29 04:36:16,0.051700,0.070408,False,0.00005000,354.39,59985503,8,42
ModelSwinT_std0.02_90k_RMSELoss_20260729_004034,ModelSwinT_std0.02_90k_RMSELoss,RMSELoss,2026-07-29 00:40:34,40/200,2026-07-29 04:42:15,0.051129,0.070093,False,0.00002500,358.48,59985503,8,42
ModelSwinT_std0.02_90k_RMSELoss_20260729_004034,ModelSwinT_std0.02_90k_RMSELoss,RMSELoss,2026-07-29 00:40:34,41/200,2026-07-29 04:48:10,0.048162,0.068799,True,0.00002500,354.65,59985503,8,42
ModelSwinT_std0.02_90k_RMSELoss_20260729_004034,ModelSwinT_std0.02_90k_RMSELoss,RMSELoss,2026-07-29 00:40:34,42/200,2026-07-29 04:54:14,0.047055,0.068798,True,0.00002500,354.51,59985503,8,42
ModelSwinT_std0.02_90k_RMSELoss_20260729_004034,ModelSwinT_std0.02_90k_RMSELoss,RMSELoss,2026-07-29 00:40:34,43/200,2026-07-29 05:00:20,0.046601,0.068834,False,0.00002500,356.31,59985503,8,42
ModelSwinT_std0.02_90k_RMSELoss_20260729_004034,ModelSwinT_std0.02_90k_RMSELoss,RMSELoss,2026-07-29 00:40:34,44/200,2026-07-29 05:06:17,0.045852,0.068478,True,0.00002500,356.26,59985503,8,42
ModelSwinT_std0.02_90k_RMSELoss_20260729_004034,ModelSwinT_std0.02_90k_RMSELoss,RMSELoss,2026-07-29 00:40:34,45/200,2026-07-29 05:12:19,0.045584,0.068710,False,0.00002500,352.49,59985503,8,42
ModelSwinT_std0.02_90k_RMSELoss_20260729_004034,ModelSwinT_std0.02_90k_RMSELoss,RMSELoss,2026-07-29 00:40:34,46/200,2026-07-29 05:18:17,0.045224,0.068167,True,0.00002500,358.27,59985503,8,42
ModelSwinT_std0.02_90k_RMSELoss_20260729_004034,ModelSwinT_std0.02_90k_RMSELoss,RMSELoss,2026-07-29 00:40:34,47/200,2026-07-29 05:24:21,0.044752,0.068199,False,0.00002500,353.11,59985503,8,42
ModelSwinT_std0.02_90k_RMSELoss_20260729_004034,ModelSwinT_std0.02_90k_RMSELoss,RMSELoss,2026-07-29 00:40:34,48/200,2026-07-29 05:30:13,0.044633,0.068597,False,0.00002500,352.80,59985503,8,42
ModelSwinT_std0.02_90k_RMSELoss_20260729_004034,ModelSwinT_std0.02_90k_RMSELoss,RMSELoss,2026-07-29 00:40:34,49/200,2026-07-29 05:36:12,0.044179,0.069089,False,0.00002500,358.26,59985503,8,42
ModelSwinT_std0.02_90k_RMSELoss_20260729_004034,ModelSwinT_std0.02_90k_RMSELoss,RMSELoss,2026-07-29 00:40:34,50/200,2026-07-29 05:42:14,0.043827,0.067965,True,0.00002500,362.78,59985503,8,42
ModelSwinT_std0.02_90k_RMSELoss_20260729_004034,ModelSwinT_std0.02_90k_RMSELoss,RMSELoss,2026-07-29 00:40:34,51/200,2026-07-29 05:48:17,0.043769,0.069042,False,0.00002500,352.63,59985503,8,42
ModelSwinT_std0.02_90k_RMSELoss_20260729_004034,ModelSwinT_std0.02_90k_RMSELoss,RMSELoss,2026-07-29 00:40:34,52/200,2026-07-29 05:54:11,0.043294,0.068207,False,0.00002500,353.98,59985503,8,42
ModelSwinT_std0.02_90k_RMSELoss_20260729_004034,ModelSwinT_std0.02_90k_RMSELoss,RMSELoss,2026-07-29 00:40:34,53/200,2026-07-29 06:00:06,0.043048,0.068446,False,0.00002500,354.56,59985503,8,42
ModelSwinT_std0.02_90k_RMSELoss_20260729_004034,ModelSwinT_std0.02_90k_RMSELoss,RMSELoss,2026-07-29 00:40:34,54/200,2026-07-29 06:06:03,0.042790,0.067973,False,0.00002500,357.73,59985503,8,42
ModelSwinT_std0.02_90k_RMSELoss_20260729_004034,ModelSwinT_std0.02_90k_RMSELoss,RMSELoss,2026-07-29 00:40:34,55/200,2026-07-29 06:11:56,0.042556,0.068163,False,0.00002500,352.61,59985503,8,42
ModelSwinT_std0.02_90k_RMSELoss_20260729_004034,ModelSwinT_std0.02_90k_RMSELoss,RMSELoss,2026-07-29 00:40:34,56/200,2026-07-29 06:17:52,0.042212,0.068243,False,0.00002500,356.23,59985503,8,42
ModelSwinT_std0.02_90k_RMSELoss_20260729_004034,ModelSwinT_std0.02_90k_RMSELoss,RMSELoss,2026-07-29 00:40:34,57/200,2026-07-29 06:23:47,0.042038,0.068304,False,0.00002500,354.71,59985503,8,42
ModelSwinT_std0.02_90k_RMSELoss_20260729_004034,ModelSwinT_std0.02_90k_RMSELoss,RMSELoss,2026-07-29 00:40:34,58/200,2026-07-29 06:29:45,0.041893,0.067905,True,0.00002500,357.89,59985503,8,42
ModelSwinT_std0.02_90k_RMSELoss_20260729_004034,ModelSwinT_std0.02_90k_RMSELoss,RMSELoss,2026-07-29 00:40:34,59/200,2026-07-29 06:35:50,0.041571,0.067847,True,0.00002500,355.07,59985503,8,42
ModelSwinT_std0.02_90k_RMSELoss_20260729_004034,ModelSwinT_std0.02_90k_RMSELoss,RMSELoss,2026-07-29 00:40:34,60/200,2026-07-29 06:41:54,0.041194,0.068410,False,0.00001250,354.55,59985503,8,42
ModelSwinT_std0.02_90k_RMSELoss_20260729_004034,ModelSwinT_std0.02_90k_RMSELoss,RMSELoss,2026-07-29 00:40:34,61/200,2026-07-29 06:47:50,0.039606,0.067746,True,0.00001250,355.56,59985503,8,42
ModelSwinT_std0.02_90k_RMSELoss_20260729_004034,ModelSwinT_std0.02_90k_RMSELoss,RMSELoss,2026-07-29 00:40:34,62/200,2026-07-29 06:53:54,0.039082,0.067726,True,0.00001250,354.21,59985503,8,42
ModelSwinT_std0.02_90k_RMSELoss_20260729_004034,ModelSwinT_std0.02_90k_RMSELoss,RMSELoss,2026-07-29 00:40:34,63/200,2026-07-29 06:59:58,0.038857,0.067658,True,0.00001250,353.28,59985503,8,42
ModelSwinT_std0.02_90k_RMSELoss_20260729_004034,ModelSwinT_std0.02_90k_RMSELoss,RMSELoss,2026-07-29 00:40:34,64/200,2026-07-29 07:06:03,0.038546,0.067635,True,0.00001250,355.81,59985503,8,42
ModelSwinT_std0.02_90k_RMSELoss_20260729_004034,ModelSwinT_std0.02_90k_RMSELoss,RMSELoss,2026-07-29 00:40:34,65/200,2026-07-29 07:12:07,0.038384,0.067569,True,0.00001250,353.84,59985503,8,42
ModelSwinT_std0.02_90k_RMSELoss_20260729_004034,ModelSwinT_std0.02_90k_RMSELoss,RMSELoss,2026-07-29 00:40:34,66/200,2026-07-29 07:18:15,0.038194,0.067357,True,0.00001250,358.28,59985503,8,42
ModelSwinT_std0.02_90k_RMSELoss_20260729_004034,ModelSwinT_std0.02_90k_RMSELoss,RMSELoss,2026-07-29 00:40:34,67/200,2026-07-29 07:24:19,0.038083,0.067557,False,0.00001250,353.92,59985503,8,42
ModelSwinT_std0.02_90k_RMSELoss_20260729_004034,ModelSwinT_std0.02_90k_RMSELoss,RMSELoss,2026-07-29 00:40:34,68/200,2026-07-29 07:30:13,0.037835,0.067495,False,0.00001250,353.44,59985503,8,42
ModelSwinT_std0.02_90k_RMSELoss_20260729_004034,ModelSwinT_std0.02_90k_RMSELoss,RMSELoss,2026-07-29 00:40:34,69/200,2026-07-29 07:36:11,0.037780,0.067652,False,0.00001250,358.18,59985503,8,42
ModelSwinT_std0.02_90k_RMSELoss_20260729_004034,ModelSwinT_std0.02_90k_RMSELoss,RMSELoss,2026-07-29 00:40:34,70/200,2026-07-29 07:42:09,0.037565,0.067471,False,0.00001250,358.11,59985503,8,42
ModelSwinT_std0.02_90k_RMSELoss_20260729_004034,ModelSwinT_std0.02_90k_RMSELoss,RMSELoss,2026-07-29 00:40:34,71/200,2026-07-29 07:48:04,0.037272,0.067388,False,0.00001250,354.62,59985503,8,42
ModelSwinT_std0.02_90k_RMSELoss_20260729_004034,ModelSwinT_std0.02_90k_RMSELoss,RMSELoss,2026-07-29 00:40:34,72/200,2026-07-29 07:54:03,0.037261,0.067799,False,0.00001250,359.88,59985503,8,42
ModelSwinT_std0.02_90k_RMSELoss_20260729_004034,ModelSwinT_std0.02_90k_RMSELoss,RMSELoss,2026-07-29 00:40:34,73/200,2026-07-29 08:00:00,0.037058,0.067191,True,0.00001250,357.04,59985503,8,42
ModelSwinT_std0.02_90k_RMSELoss_20260729_004034,ModelSwinT_std0.02_90k_RMSELoss,RMSELoss,2026-07-29 00:40:34,74/200,2026-07-29 08:06:07,0.037002,0.067449,False,0.00001250,356.76,59985503,8,42
ModelSwinT_std0.02_90k_RMSELoss_20260729_004034,ModelSwinT_std0.02_90k_RMSELoss,RMSELoss,2026-07-29 00:40:34,75/200,2026-07-29 08:12:02,0.036764,0.067233,False,0.00001250,354.26,59985503,8,42
ModelSwinT_std0.02_90k_RMSELoss_20260729_004034,ModelSwinT_std0.02_90k_RMSELoss,RMSELoss,2026-07-29 00:40:34,76/200,2026-07-29 08:17:56,0.036617,0.067300,False,0.00001250,354.48,59985503,8,42
ModelSwinT_std0.02_90k_RMSELoss_20260729_004034,ModelSwinT_std0.02_90k_RMSELoss,RMSELoss,2026-07-29 00:40:34,77/200,2026-07-29 08:23:54,0.036512,0.067308,False,0.00001250,358.03,59985503,8,42
ModelSwinT_std0.02_90k_RMSELoss_20260729_004034,ModelSwinT_std0.02_90k_RMSELoss,RMSELoss,2026-07-29 00:40:34,78/200,2026-07-29 08:29:48,0.036368,0.067077,True,0.00001250,353.62,59985503,8,42
ModelSwinT_std0.02_90k_RMSELoss_20260729_004034,ModelSwinT_std0.02_90k_RMSELoss,RMSELoss,2026-07-29 00:40:34,79/200,2026-07-29 08:35:51,0.036271,0.067247,False,0.00001250,352.98,59985503,8,42
ModelSwinT_std0.02_90k_RMSELoss_20260729_004034,ModelSwinT_std0.02_90k_RMSELoss,RMSELoss,2026-07-29 00:40:34,80/200,2026-07-29 08:41:47,0.036159,0.067127,False,0.00000625,356.51,59985503,8,42
ModelSwinT_std0.02_90k_RMSELoss_20260729_004034,ModelSwinT_std0.02_90k_RMSELoss,RMSELoss,2026-07-29 00:40:34,81/200,2026-07-29 08:47:45,0.035293,0.066934,True,0.00000625,358.33,59985503,8,42
ModelSwinT_std0.02_90k_RMSELoss_20260729_004034,ModelSwinT_std0.02_90k_RMSELoss,RMSELoss,2026-07-29 00:40:34,82/200,2026-07-29 08:53:48,0.035085,0.067125,False,0.00000625,352.99,59985503,8,42
ModelSwinT_std0.02_90k_RMSELoss_20260729_004034,ModelSwinT_std0.02_90k_RMSELoss,RMSELoss,2026-07-29 00:40:34,83/200,2026-07-29 08:59:46,0.034789,0.066986,False,0.00000625,357.04,59985503,8,42
ModelSwinT_std0.02_90k_RMSELoss_20260729_004034,ModelSwinT_std0.02_90k_RMSELoss,RMSELoss,2026-07-29 00:40:34,84/200,2026-07-29 09:05:44,0.034832,0.067030,False,0.00000625,358.47,59985503,8,42
ModelSwinT_std0.02_90k_RMSELoss_20260729_004034,ModelSwinT_std0.02_90k_RMSELoss,RMSELoss,2026-07-29 00:40:34,85/200,2026-07-29 09:11:38,0.034738,0.067070,False,0.00000625,353.71,59985503,8,42
ModelSwinT_std0.02_90k_RMSELoss_20260729_004034,ModelSwinT_std0.02_90k_RMSELoss,RMSELoss,2026-07-29 00:40:34,86/200,2026-07-29 09:17:28,0.034639,0.066975,False,0.00000625,349.88,59985503,8,42
ModelSwinT_std0.02_90k_RMSELoss_20260729_004034,ModelSwinT_std0.02_90k_RMSELoss,RMSELoss,2026-07-29 00:40:34,87/200,2026-07-29 09:23:25,0.034481,0.066966,False,0.00000625,357.53,59985503,8,42
ModelSwinT_std0.02_90k_RMSELoss_20260729_004034,ModelSwinT_std0.02_90k_RMSELoss,RMSELoss,2026-07-29 00:40:34,88/200,2026-07-29 09:29:19,0.034374,0.066780,True,0.00000625,354.29,59985503,8,42
ModelSwinT_std0.02_90k_RMSELoss_20260729_004034,ModelSwinT_std0.02_90k_RMSELoss,RMSELoss,2026-07-29 00:40:34,89/200,2026-07-29 09:35:24,0.034451,0.066866,False,0.00000625,354.93,59985503,8,42
ModelSwinT_std0.02_90k_RMSELoss_20260729_004034,ModelSwinT_std0.02_90k_RMSELoss,RMSELoss,2026-07-29 00:40:34,90/200,2026-07-29 09:41:19,0.034178,0.066953,False,0.00000625,354.80,59985503,8,42
ModelSwinT_std0.02_90k_RMSELoss_20260729_004034,ModelSwinT_std0.02_90k_RMSELoss,RMSELoss,2026-07-29 00:40:34,91/200,2026-07-29 09:47:13,0.034189,0.067096,False,0.00000625,353.91,59985503,8,42
ModelSwinT_std0.02_90k_RMSELoss_20260729_004034,ModelSwinT_std0.02_90k_RMSELoss,RMSELoss,2026-07-29 00:40:34,92/200,2026-07-29 09:53:07,0.034002,0.066908,False,0.00000625,354.03,59985503,8,42
ModelSwinT_std0.02_90k_RMSELoss_20260729_004034,ModelSwinT_std0.02_90k_RMSELoss,RMSELoss,2026-07-29 00:40:34,93/200,2026-07-29 09:59:03,0.033999,0.066720,True,0.00000625,355.97,59985503,8,42
ModelSwinT_std0.02_90k_RMSELoss_20260729_004034,ModelSwinT_std0.02_90k_RMSELoss,RMSELoss,2026-07-29 00:40:34,94/200,2026-07-29 10:05:06,0.033874,0.066896,False,0.00000625,353.30,59985503,8,42
ModelSwinT_std0.02_90k_RMSELoss_20260729_004034,ModelSwinT_std0.02_90k_RMSELoss,RMSELoss,2026-07-29 00:40:34,95/200,2026-07-29 10:11:08,0.033852,0.066839,False,0.00000625,361.28,59985503,8,42
ModelSwinT_std0.02_90k_RMSELoss_20260729_004034,ModelSwinT_std0.02_90k_RMSELoss,RMSELoss,2026-07-29 00:40:34,96/200,2026-07-29 10:17:06,0.033660,0.066949,False,0.00000625,358.46,59985503,8,42
ModelSwinT_std0.02_90k_RMSELoss_20260729_004034,ModelSwinT_std0.02_90k_RMSELoss,RMSELoss,2026-07-29 00:40:34,97/200,2026-07-29 10:22:58,0.033746,0.066772,False,0.00000625,351.73,59985503,8,42
ModelSwinT_std0.02_90k_RMSELoss_20260729_004034,ModelSwinT_std0.02_90k_RMSELoss,RMSELoss,2026-07-29 00:40:34,98/200,2026-07-29 10:28:53,0.033617,0.067078,False,0.00000625,355.23,59985503,8,42
ModelSwinT_std0.02_90k_RMSELoss_20260729_004034,ModelSwinT_std0.02_90k_RMSELoss,RMSELoss,2026-07-29 00:40:34,99/200,2026-07-29 10:34:53,0.033415,0.067056,False,0.00000625,359.65,59985503,8,42
ModelSwinT_std0.02_90k_RMSELoss_20260729_004034,ModelSwinT_std0.02_90k_RMSELoss,RMSELoss,2026-07-29 00:40:34,100/200,2026-07-29 10:40:47,0.033453,0.066790,False,0.00000313,354.00,59985503,8,42
ModelSwinT_std0.02_90k_RMSELoss_20260729_004034,ModelSwinT_std0.02_90k_RMSELoss,RMSELoss,2026-07-29 00:40:34,101/200,2026-07-29 10:46:44,0.033056,0.066765,False,0.00000313,357.37,59985503,8,42
ModelSwinT_std0.02_90k_RMSELoss_20260729_004034,ModelSwinT_std0.02_90k_RMSELoss,RMSELoss,2026-07-29 00:40:34,102/200,2026-07-29 10:52:37,0.032923,0.066807,False,0.00000313,352.61,59985503,8,42
ModelSwinT_std0.02_90k_RMSELoss_20260729_004034,ModelSwinT_std0.02_90k_RMSELoss,RMSELoss,2026-07-29 00:40:34,103/200,2026-07-29 10:58:30,0.032880,0.066749,False,0.00000313,352.84,59985503,8,42
ModelSwinT_std0.02_90k_RMSELoss_20260729_004034,ModelSwinT_std0.02_90k_RMSELoss,RMSELoss,2026-07-29 00:40:34,104/200,2026-07-29 11:04:29,0.032918,0.066753,False,0.00000313,359.23,59985503,8,42
ModelSwinT_std0.02_90k_RMSELoss_20260729_004034,ModelSwinT_std0.02_90k_RMSELoss,RMSELoss,2026-07-29 00:40:34,105/200,2026-07-29 11:10:25,0.032836,0.066900,False,0.00000313,355.95,59985503,8,42
ModelSwinT_std0.02_90k_RMSELoss_20260729_004034,ModelSwinT_std0.02_90k_RMSELoss,RMSELoss,2026-07-29 00:40:34,106/200,2026-07-29 11:16:18,0.032755,0.066611,True,0.00000313,353.56,59985503,8,42
ModelSwinT_std0.02_90k_RMSELoss_20260729_004034,ModelSwinT_std0.02_90k_RMSELoss,RMSELoss,2026-07-29 00:40:34,107/200,2026-07-29 11:22:23,0.032608,0.066750,False,0.00000313,354.16,59985503,8,42
ModelSwinT_std0.02_90k_RMSELoss_20260729_004034,ModelSwinT_std0.02_90k_RMSELoss,RMSELoss,2026-07-29 00:40:34,108/200,2026-07-29 11:28:18,0.032628,0.066816,False,0.00000313,355.37,59985503,8,42
ModelSwinT_std0.02_90k_RMSELoss_20260729_004034,ModelSwinT_std0.02_90k_RMSELoss,RMSELoss,2026-07-29 00:40:34,109/200,2026-07-29 11:34:14,0.032616,0.066689,False,0.00000313,356.26,59985503,8,42
ModelSwinT_std0.02_90k_RMSELoss_20260729_004034,ModelSwinT_std0.02_90k_RMSELoss,RMSELoss,2026-07-29 00:40:34,110/200,2026-07-29 11:40:12,0.032465,0.066814,False,0.00000313,357.73,59985503,8,42
ModelSwinT_std0.02_90k_RMSELoss_20260729_004034,ModelSwinT_std0.02_90k_RMSELoss,RMSELoss,2026-07-29 00:40:34,111/200,2026-07-29 11:46:06,0.032438,0.066595,True,0.00000313,354.45,59985503,8,42
ModelSwinT_std0.02_90k_RMSELoss_20260729_004034,ModelSwinT_std0.02_90k_RMSELoss,RMSELoss,2026-07-29 00:40:34,112/200,2026-07-29 11:52:10,0.032428,0.066880,False,0.00000313,353.91,59985503,8,42
ModelSwinT_std0.02_90k_RMSELoss_20260729_004034,ModelSwinT_std0.02_90k_RMSELoss,RMSELoss,2026-07-29 00:40:34,113/200,2026-07-29 11:58:09,0.032404,0.066905,False,0.00000313,358.62,59985503,8,42
ModelSwinT_std0.02_90k_RMSELoss_20260729_004034,ModelSwinT_std0.02_90k_RMSELoss,RMSELoss,2026-07-29 00:40:34,114/200,2026-07-29 12:04:02,0.032461,0.066862,False,0.00000313,353.12,59985503,8,42
ModelSwinT_std0.02_90k_RMSELoss_20260729_004034,ModelSwinT_std0.02_90k_RMSELoss,RMSELoss,2026-07-29 00:40:34,115/200,2026-07-29 12:09:56,0.032368,0.066769,False,0.00000313,353.91,59985503,8,42
ModelSwinT_std0.02_90k_RMSELoss_20260729_004034,ModelSwinT_std0.02_90k_RMSELoss,RMSELoss,2026-07-29 00:40:34,116/200,2026-07-29 12:15:54,0.032295,0.066920,False,0.00000313,358.29,59985503,8,42
ModelSwinT_std0.02_90k_RMSELoss_20260729_004034,ModelSwinT_std0.02_90k_RMSELoss,RMSELoss,2026-07-29 00:40:34,117/200,2026-07-29 12:21:49,0.032131,0.066842,False,0.00000313,354.59,59985503,8,42
ModelSwinT_std0.02_90k_RMSELoss_20260729_004034,ModelSwinT_std0.02_90k_RMSELoss,RMSELoss,2026-07-29 00:40:34,118/200,2026-07-29 12:27:48,0.032275,0.066847,False,0.00000313,358.82,59985503,8,42
ModelSwinT_std0.02_90k_RMSELoss_20260729_004034,ModelSwinT_std0.02_90k_RMSELoss,RMSELoss,2026-07-29 00:40:34,119/200,2026-07-29 12:33:45,0.032118,0.066725,False,0.00000313,357.59,59985503,8,42
ModelSwinT_std0.02_90k_RMSELoss_20260729_004034,ModelSwinT_std0.02_90k_RMSELoss,RMSELoss,2026-07-29 00:40:34,120/200,2026-07-29 12:39:43,0.032125,0.066889,False,0.00000156,358.25,59985503,8,42
ModelSwinT_std0.02_90k_RMSELoss_20260729_004034,ModelSwinT_std0.02_90k_RMSELoss,RMSELoss,2026-07-29 00:40:34,121/200,2026-07-29 12:45:38,0.032021,0.066760,False,0.00000156,354.44,59985503,8,42
ModelSwinT_std0.02_90k_RMSELoss_20260729_004034,ModelSwinT_std0.02_90k_RMSELoss,RMSELoss,2026-07-29 00:40:34,122/200,2026-07-29 12:51:34,0.031797,0.066723,False,0.00000156,355.58,59985503,8,42
ModelSwinT_std0.02_90k_RMSELoss_20260729_004034,ModelSwinT_std0.02_90k_RMSELoss,RMSELoss,2026-07-29 00:40:34,123/200,2026-07-29 12:57:31,0.031808,0.066689,False,0.00000156,357.68,59985503,8,42
ModelSwinT_std0.02_90k_RMSELoss_20260729_004034,ModelSwinT_std0.02_90k_RMSELoss,RMSELoss,2026-07-29 00:40:34,124/200,2026-07-29 13:03:29,0.031768,0.066799,False,0.00000156,357.92,59985503,8,42
ModelSwinT_std0.02_90k_RMSELoss_20260729_004034,ModelSwinT_std0.02_90k_RMSELoss,RMSELoss,2026-07-29 00:40:34,125/200,2026-07-29 13:09:24,0.031768,0.066726,False,0.00000156,354.40,59985503,8,42
ModelSwinT_std0.02_90k_RMSELoss_20260729_004034,ModelSwinT_std0.02_90k_RMSELoss,RMSELoss,2026-07-29 00:40:34,126/200,2026-07-29 13:15:23,0.031778,0.066754,False,0.00000156,359.78,59985503,8,42
ModelSwinT_std0.02_90k_RMSELoss_20260729_004034,ModelSwinT_std0.02_90k_RMSELoss,RMSELoss,2026-07-29 00:40:34,127/200,2026-07-29 13:21:19,0.031625,0.066664,False,0.00000156,355.66,59985503,8,42
ModelSwinT_std0.02_90k_RMSELoss_20260729_004034,ModelSwinT_std0.02_90k_RMSELoss,RMSELoss,2026-07-29 00:40:34,128/200,2026-07-29 13:27:18,0.031807,0.066734,False,0.00000156,358.65,59985503,8,42
ModelSwinT_std0.02_90k_RMSELoss_20260729_004034,ModelSwinT_std0.02_90k_RMSELoss,RMSELoss,2026-07-29 00:40:34,129/200,2026-07-29 13:33:19,0.031721,0.066705,False,0.00000156,361.29,59985503,8,42
ModelSwinT_std0.02_90k_RMSELoss_20260729_004034,ModelSwinT_std0.02_90k_RMSELoss,RMSELoss,2026-07-29 00:40:34,130/200,2026-07-29 13:39:15,0.031700,0.066611,False,0.00000156,355.71,59985503,8,42
ModelSwinT_std0.02_90k_RMSELoss_20260729_004034,ModelSwinT_std0.02_90k_RMSELoss,RMSELoss,2026-07-29 00:40:34,131/200,2026-07-29 13:45:08,0.031566,0.066634,False,0.00000156,353.60,59985503,8,42
ModelSwinT_std0.02_90k_RMSELoss_20260729_004034,ModelSwinT_std0.02_90k_RMSELoss,RMSELoss,2026-07-29 00:40:34,132/200,2026-07-29 13:51:02,0.031623,0.066669,False,0.00000156,353.26,59985503,8,42
ModelSwinT_std0.02_90k_RMSELoss_20260729_004034,ModelSwinT_std0.02_90k_RMSELoss,RMSELoss,2026-07-29 00:40:34,133/200,2026-07-29 13:56:57,0.031604,0.066682,False,0.00000156,355.37,59985503,8,42
ModelSwinT_std0.02_90k_RMSELoss_20260729_004034,ModelSwinT_std0.02_90k_RMSELoss,RMSELoss,2026-07-29 00:40:34,134/200,2026-07-29 14:02:52,0.031527,0.066730,False,0.00000156,355.22,59985503,8,42
ModelSwinT_std0.02_90k_RMSELoss_20260729_004034,ModelSwinT_std0.02_90k_RMSELoss,RMSELoss,2026-07-29 00:40:34,135/200,2026-07-29 14:08:50,0.031708,0.066727,False,0.00000156,358.10,59985503,8,42
ModelSwinT_std0.02_90k_RMSELoss_20260729_004034,ModelSwinT_std0.02_90k_RMSELoss,RMSELoss,2026-07-29 00:40:34,136/200,2026-07-29 14:14:52,0.031401,0.066663,False,0.00000156,361.70,59985503,8,42
ModelSwinT_std0.02_90k_RMSELoss_20260729_004034,ModelSwinT_std0.02_90k_RMSELoss,RMSELoss,2026-07-29 00:40:34,137/200,2026-07-29 14:20:48,0.031506,0.066753,False,0.00000156,356.07,59985503,8,42
ModelSwinT_std0.02_90k_RMSELoss_20260729_004034,ModelSwinT_std0.02_90k_RMSELoss,RMSELoss,2026-07-29 00:40:34,138/200,2026-07-29 14:26:50,0.031489,0.066632,False,0.00000156,362.11,59985503,8,42
ModelSwinT_std0.02_90k_RMSELoss_20260729_004034,ModelSwinT_std0.02_90k_RMSELoss,RMSELoss,2026-07-29 00:40:34,139/200,2026-07-29 14:32:47,0.031471,0.066699,False,0.00000156,356.63,59985503,8,42
ModelSwinT_std0.02_90k_RMSELoss_20260729_004034,ModelSwinT_std0.02_90k_RMSELoss,RMSELoss,2026-07-29 00:40:34,140/200,2026-07-29 14:38:45,0.031385,0.066706,False,0.00000078,358.65,59985503,8,42
ModelSwinT_std0.02_90k_RMSELoss_20260729_004034,ModelSwinT_std0.02_90k_RMSELoss,RMSELoss,2026-07-29 00:40:34,141/200,2026-07-29 14:44:45,0.031263,0.066710,False,0.00000078,359.66,59985503,8,42
ModelSwinT_std0.02_90k_RMSELoss_20260729_004034,ModelSwinT_std0.02_90k_RMSELoss,RMSELoss,2026-07-29 00:40:34,142/200,2026-07-29 14:50:40,0.031322,0.066723,False,0.00000078,354.46,59985503,8,42
ModelSwinT_std0.02_90k_RMSELoss_20260729_004034,ModelSwinT_std0.02_90k_RMSELoss,RMSELoss,2026-07-29 00:40:34,143/200,2026-07-29 14:56:35,0.031302,0.066635,False,0.00000078,355.03,59985503,8,42
ModelSwinT_std0.02_90k_RMSELoss_20260729_004034,ModelSwinT_std0.02_90k_RMSELoss,RMSELoss,2026-07-29 00:40:34,144/200,2026-07-29 15:02:28,0.031268,0.066644,False,0.00000078,353.72,59985503,8,42
ModelSwinT_std0.02_90k_RMSELoss_20260729_004034,ModelSwinT_std0.02_90k_RMSELoss,RMSELoss,2026-07-29 00:40:34,145/200,2026-07-29 15:08:22,0.031313,0.066639,False,0.00000078,353.89,59985503,8,42
ModelSwinT_std0.02_90k_RMSELoss_20260729_004034,ModelSwinT_std0.02_90k_RMSELoss,RMSELoss,2026-07-29 00:40:34,146/200,2026-07-29 15:14:23,0.031312,0.066711,False,0.00000078,360.92,59985503,8,42
ModelSwinT_std0.02_90k_RMSELoss_20260729_004034,ModelSwinT_std0.02_90k_RMSELoss,RMSELoss,2026-07-29 00:40:34,147/200,2026-07-29 15:20:17,0.031228,0.066619,False,0.00000078,354.02,59985503,8,42
ModelSwinT_std0.02_90k_RMSELoss_20260729_004034,ModelSwinT_std0.02_90k_RMSELoss,RMSELoss,2026-07-29 00:40:34,148/200,2026-07-29 15:26:12,0.031252,0.066619,False,0.00000078,355.22,59985503,8,42
ModelSwinT_std0.02_90k_RMSELoss_20260729_004034,ModelSwinT_std0.02_90k_RMSELoss,RMSELoss,2026-07-29 00:40:34,149/200,2026-07-29 15:32:06,0.031267,0.066686,False,0.00000078,353.13,59985503,8,42
ModelSwinT_std0.02_90k_RMSELoss_20260729_004034,ModelSwinT_std0.02_90k_RMSELoss,RMSELoss,2026-07-29 00:40:34,150/200,2026-07-29 15:38:02,0.031227,0.066674,False,0.00000078,356.75,59985503,8,42
ModelSwinT_std0.02_90k_RMSELoss_20260729_004034,ModelSwinT_std0.02_90k_RMSELoss,RMSELoss,2026-07-29 00:40:34,151/200,2026-07-29 15:43:57,0.031301,0.066624,False,0.00000078,355.11,59985503,8,42
ModelSwinT_std0.02_90k_RMSELoss_20260729_004034,ModelSwinT_std0.02_90k_RMSELoss,RMSELoss,2026-07-29 00:40:34,152/200,2026-07-29 15:49:50,0.031264,0.066618,False,0.00000078,352.57,59985503,8,42
ModelSwinT_std0.02_90k_RMSELoss_20260729_004034,ModelSwinT_std0.02_90k_RMSELoss,RMSELoss,2026-07-29 00:40:34,153/200,2026-07-29 15:55:44,0.031152,0.066592,True,0.00000078,353.84,59985503,8,42
ModelSwinT_std0.02_90k_RMSELoss_20260729_004034,ModelSwinT_std0.02_90k_RMSELoss,RMSELoss,2026-07-29 00:40:34,154/200,2026-07-29 16:01:47,0.031182,0.066571,True,0.00000078,352.93,59985503,8,42
ModelSwinT_std0.02_90k_RMSELoss_20260729_004034,ModelSwinT_std0.02_90k_RMSELoss,RMSELoss,2026-07-29 00:40:34,155/200,2026-07-29 16:07:49,0.031168,0.066631,False,0.00000078,352.51,59985503,8,42
ModelSwinT_std0.02_90k_RMSELoss_20260729_004034,ModelSwinT_std0.02_90k_RMSELoss,RMSELoss,2026-07-29 00:40:34,156/200,2026-07-29 16:13:45,0.031211,0.066582,False,0.00000078,355.73,59985503,8,42
ModelSwinT_std0.02_90k_RMSELoss_20260729_004034,ModelSwinT_std0.02_90k_RMSELoss,RMSELoss,2026-07-29 00:40:34,157/200,2026-07-29 16:19:39,0.031152,0.066673,False,0.00000078,353.91,59985503,8,42
ModelSwinT_std0.02_90k_RMSELoss_20260729_004034,ModelSwinT_std0.02_90k_RMSELoss,RMSELoss,2026-07-29 00:40:34,158/200,2026-07-29 16:25:36,0.031163,0.066642,False,0.00000078,357.47,59985503,8,42
ModelSwinT_std0.02_90k_RMSELoss_20260729_004034,ModelSwinT_std0.02_90k_RMSELoss,RMSELoss,2026-07-29 00:40:34,159/200,2026-07-29 16:31:29,0.031221,0.066672,False,0.00000078,352.89,59985503,8,42
ModelSwinT_std0.02_90k_RMSELoss_20260729_004034,ModelSwinT_std0.02_90k_RMSELoss,RMSELoss,2026-07-29 00:40:34,160/200,2026-07-29 16:37:22,0.031159,0.066639,False,0.00000039,352.40,59985503,8,42
ModelSwinT_std0.02_90k_RMSELoss_20260729_004034,ModelSwinT_std0.02_90k_RMSELoss,RMSELoss,2026-07-29 00:40:34,161/200,2026-07-29 16:43:15,0.031095,0.066591,False,0.00000039,353.23,59985503,8,42
ModelSwinT_std0.02_90k_RMSELoss_20260729_004034,ModelSwinT_std0.02_90k_RMSELoss,RMSELoss,2026-07-29 00:40:34,162/200,2026-07-29 16:49:07,0.030962,0.066622,False,0.00000039,352.00,59985503,8,42
ModelSwinT_std0.02_90k_RMSELoss_20260729_004034,ModelSwinT_std0.02_90k_RMSELoss,RMSELoss,2026-07-29 00:40:34,163/200,2026-07-29 16:55:01,0.031111,0.066586,False,0.00000039,354.30,59985503,8,42
ModelSwinT_std0.02_90k_RMSELoss_20260729_004034,ModelSwinT_std0.02_90k_RMSELoss,RMSELoss,2026-07-29 00:40:34,164/200,2026-07-29 17:01:00,0.031021,0.066661,False,0.00000039,358.29,59985503,8,42
ModelSwinT_std0.02_90k_RMSELoss_20260729_004034,ModelSwinT_std0.02_90k_RMSELoss,RMSELoss,2026-07-29 00:40:34,165/200,2026-07-29 17:06:57,0.031009,0.066629,False,0.00000039,356.97,59985503,8,42
ModelSwinT_std0.02_90k_RMSELoss_20260729_004034,ModelSwinT_std0.02_90k_RMSELoss,RMSELoss,2026-07-29 00:40:34,166/200,2026-07-29 17:12:54,0.031055,0.066652,False,0.00000039,357.79,59985503,8,42
ModelSwinT_std0.02_90k_RMSELoss_20260729_004034,ModelSwinT_std0.02_90k_RMSELoss,RMSELoss,2026-07-29 00:40:34,167/200,2026-07-29 17:18:51,0.030982,0.066625,False,0.00000039,356.95,59985503,8,42
ModelSwinT_std0.02_90k_RMSELoss_20260729_004034,ModelSwinT_std0.02_90k_RMSELoss,RMSELoss,2026-07-29 00:40:34,168/200,2026-07-29 17:24:51,0.030998,0.066686,False,0.00000039,359.81,59985503,8,42
ModelSwinT_std0.02_90k_RMSELoss_20260729_004034,ModelSwinT_std0.02_90k_RMSELoss,RMSELoss,2026-07-29 00:40:34,169/200,2026-07-29 17:30:48,0.031005,0.066689,False,0.00000039,357.34,59985503,8,42
ModelSwinT_std0.02_90k_RMSELoss_20260729_004034,ModelSwinT_std0.02_90k_RMSELoss,RMSELoss,2026-07-29 00:40:34,170/200,2026-07-29 17:36:43,0.031022,0.066687,False,0.00000039,354.47,59985503,8,42
ModelSwinT_std0.02_90k_RMSELoss_20260729_004034,ModelSwinT_std0.02_90k_RMSELoss,RMSELoss,2026-07-29 00:40:34,171/200,2026-07-29 17:42:38,0.030956,0.066625,False,0.00000039,354.94,59985503,8,42
ModelSwinT_std0.02_90k_RMSELoss_20260729_004034,ModelSwinT_std0.02_90k_RMSELoss,RMSELoss,2026-07-29 00:40:34,172/200,2026-07-29 17:48:32,0.030984,0.066603,False,0.00000039,354.13,59985503,8,42
ModelSwinT_std0.02_90k_RMSELoss_20260729_004034,ModelSwinT_std0.02_90k_RMSELoss,RMSELoss,2026-07-29 00:40:34,173/200,2026-07-29 17:54:27,0.031078,0.066661,False,0.00000039,354.84,59985503,8,42
ModelSwinT_std0.02_90k_RMSELoss_20260729_004034,ModelSwinT_std0.02_90k_RMSELoss,RMSELoss,2026-07-29 00:40:34,174/200,2026-07-29 18:00:24,0.031013,0.066579,False,0.00000039,357.19,59985503,8,42
ModelSwinT_std0.02_90k_RMSELoss_20260729_004034,ModelSwinT_std0.02_90k_RMSELoss,RMSELoss,2026-07-29 00:40:34,175/200,2026-07-29 18:06:23,0.031007,0.066618,False,0.00000039,358.78,59985503,8,42
ModelSwinT_std0.02_90k_RMSELoss_20260729_004034,ModelSwinT_std0.02_90k_RMSELoss,RMSELoss,2026-07-29 00:40:34,176/200,2026-07-29 18:12:22,0.030926,0.066657,False,0.00000039,358.98,59985503,8,42
ModelSwinT_std0.02_90k_RMSELoss_20260729_004034,ModelSwinT_std0.02_90k_RMSELoss,RMSELoss,2026-07-29 00:40:34,177/200,2026-07-29 18:18:20,0.030984,0.066628,False,0.00000039,357.69,59985503,8,42
ModelSwinT_std0.02_90k_RMSELoss_20260729_004034,ModelSwinT_std0.02_90k_RMSELoss,RMSELoss,2026-07-29 00:40:34,178/200,2026-07-29 18:24:16,0.030894,0.066617,False,0.00000039,355.94,59985503,8,42
ModelSwinT_std0.02_90k_RMSELoss_20260729_004034,ModelSwinT_std0.02_90k_RMSELoss,RMSELoss,2026-07-29 00:40:34,179/200,2026-07-29 18:30:13,0.030943,0.066593,False,0.00000039,357.64,59985503,8,42
ModelSwinT_std0.02_90k_RMSELoss_20260729_004034,ModelSwinT_std0.02_90k_RMSELoss,RMSELoss,2026-07-29 00:40:34,180/200,2026-07-29 18:36:13,0.030928,0.066611,False,0.00000020,359.44,59985503,8,42
ModelSwinT_std0.02_90k_RMSELoss_20260729_004034,ModelSwinT_std0.02_90k_RMSELoss,RMSELoss,2026-07-29 00:40:34,181/200,2026-07-29 18:42:10,0.031038,0.066644,False,0.00000020,357.67,59985503,8,42
ModelSwinT_std0.02_90k_RMSELoss_20260729_004034,ModelSwinT_std0.02_90k_RMSELoss,RMSELoss,2026-07-29 00:40:34,182/200,2026-07-29 18:48:07,0.030853,0.066623,False,0.00000020,357.02,59985503,8,42
ModelSwinT_std0.02_90k_RMSELoss_20260729_004034,ModelSwinT_std0.02_90k_RMSELoss,RMSELoss,2026-07-29 00:40:34,183/200,2026-07-29 18:54:00,0.031024,0.066615,False,0.00000020,352.71,59985503,8,42
ModelSwinT_std0.02_90k_RMSELoss_20260729_004034,ModelSwinT_std0.02_90k_RMSELoss,RMSELoss,2026-07-29 00:40:34,184/200,2026-07-29 18:59:54,0.030908,0.066629,False,0.00000020,353.49,59985503,8,42
ModelSwinT_std0.02_90k_RMSELoss_20260729_004034,ModelSwinT_std0.02_90k_RMSELoss,RMSELoss,2026-07-29 00:40:34,185/200,2026-07-29 19:05:56,0.030877,0.066610,False,0.00000020,362.15,59985503,8,42
ModelSwinT_std0.02_90k_RMSELoss_20260729_004034,ModelSwinT_std0.02_90k_RMSELoss,RMSELoss,2026-07-29 00:40:34,186/200,2026-07-29 19:11:55,0.030855,0.066604,False,0.00000020,359.20,59985503,8,42
ModelSwinT_std0.02_90k_RMSELoss_20260729_004034,ModelSwinT_std0.02_90k_RMSELoss,RMSELoss,2026-07-29 00:40:34,187/200,2026-07-29 19:17:52,0.030923,0.066600,False,0.00000020,357.05,59985503,8,42
ModelSwinT_std0.02_90k_RMSELoss_20260729_004034,ModelSwinT_std0.02_90k_RMSELoss,RMSELoss,2026-07-29 00:40:34,188/200,2026-07-29 19:23:56,0.030832,0.066600,False,0.00000020,364.23,59985503,8,42
ModelSwinT_std0.02_90k_RMSELoss_20260729_004034,ModelSwinT_std0.02_90k_RMSELoss,RMSELoss,2026-07-29 00:40:34,189/200,2026-07-29 19:29:49,0.030908,0.066618,False,0.00000020,352.84,59985503,8,42
ModelSwinT_std0.02_90k_RMSELoss_20260729_004034,ModelSwinT_std0.02_90k_RMSELoss,RMSELoss,2026-07-29 00:40:34,190/200,2026-07-29 19:35:46,0.030984,0.066597,False,0.00000020,357.08,59985503,8,42
ModelSwinT_std0.02_90k_RMSELoss_20260729_004034,ModelSwinT_std0.02_90k_RMSELoss,RMSELoss,2026-07-29 00:40:34,191/200,2026-07-29 19:41:42,0.030826,0.066623,False,0.00000020,355.70,59985503,8,42
ModelSwinT_std0.02_90k_RMSELoss_20260729_004034,ModelSwinT_std0.02_90k_RMSELoss,RMSELoss,2026-07-29 00:40:34,192/200,2026-07-29 19:47:35,0.030944,0.066633,False,0.00000020,353.15,59985503,8,42
ModelSwinT_std0.02_90k_RMSELoss_20260729_004034,ModelSwinT_std0.02_90k_RMSELoss,RMSELoss,2026-07-29 00:40:34,193/200,2026-07-29 19:53:31,0.030934,0.066627,False,0.00000020,356.07,59985503,8,42
ModelSwinT_std0.02_90k_RMSELoss_20260729_004034,ModelSwinT_std0.02_90k_RMSELoss,RMSELoss,2026-07-29 00:40:34,194/200,2026-07-29 19:59:24,0.030850,0.066600,False,0.00000020,352.62,59985503,8,42
ModelSwinT_std0.02_90k_RMSELoss_20260729_004034,ModelSwinT_std0.02_90k_RMSELoss,RMSELoss,2026-07-29 00:40:34,195/200,2026-07-29 20:05:21,0.030909,0.066576,False,0.00000020,357.08,59985503,8,42
ModelSwinT_std0.02_90k_RMSELoss_20260729_004034,ModelSwinT_std0.02_90k_RMSELoss,RMSELoss,2026-07-29 00:40:34,196/200,2026-07-29 20:11:15,0.030828,0.066610,False,0.00000020,353.70,59985503,8,42
ModelSwinT_std0.02_90k_RMSELoss_20260729_004034,ModelSwinT_std0.02_90k_RMSELoss,RMSELoss,2026-07-29 00:40:34,197/200,2026-07-29 20:17:13,0.030991,0.066632,False,0.00000020,358.76,59985503,8,42
ModelSwinT_std0.02_90k_RMSELoss_20260729_004034,ModelSwinT_std0.02_90k_RMSELoss,RMSELoss,2026-07-29 00:40:34,198/200,2026-07-29 20:23:13,0.030872,0.066628,False,0.00000020,359.21,59985503,8,42
ModelSwinT_std0.02_90k_RMSELoss_20260729_004034,ModelSwinT_std0.02_90k_RMSELoss,RMSELoss,2026-07-29 00:40:34,199/200,2026-07-29 20:29:08,0.030812,0.066577,False,0.00000020,355.40,59985503,8,42
ModelEfficientNetB0_fvs_std0.02_90k_RMSELoss_20260729_202908,ModelEfficientNetB0_fvs_std0.02_90k_RMSELoss,RMSELoss,2026-07-29 20:29:08,1/200,2026-07-29 20:33:37,0.112762,0.116659,True,0.00010000,267.54,36997985,8,42
ModelEfficientNetB0_fvs_std0.02_90k_RMSELoss_20260729_202908,ModelEfficientNetB0_fvs_std0.02_90k_RMSELoss,RMSELoss,2026-07-29 20:29:08,2/200,2026-07-29 20:38:13,0.095584,0.101480,True,0.00010000,266.34,36997985,8,42
ModelEfficientNetB0_fvs_std0.02_90k_RMSELoss_20260729_202908,ModelEfficientNetB0_fvs_std0.02_90k_RMSELoss,RMSELoss,2026-07-29 20:29:08,3/200,2026-07-29 20:42:52,0.089359,0.097974,True,0.00010000,269.99,36997985,8,42
ModelEfficientNetB0_fvs_std0.02_90k_RMSELoss_20260729_202908,ModelEfficientNetB0_fvs_std0.02_90k_RMSELoss,RMSELoss,2026-07-29 20:29:08,4/200,2026-07-29 20:47:27,0.085113,0.094001,True,0.00010000,265.34,36997985,8,42
ModelEfficientNetB0_fvs_std0.02_90k_RMSELoss_20260729_202908,ModelEfficientNetB0_fvs_std0.02_90k_RMSELoss,RMSELoss,2026-07-29 20:29:08,5/200,2026-07-29 20:52:06,0.082201,0.090385,True,0.00010000,268.80,36997985,8,42
ModelEfficientNetB0_fvs_std0.02_90k_RMSELoss_20260729_202908,ModelEfficientNetB0_fvs_std0.02_90k_RMSELoss,RMSELoss,2026-07-29 20:29:08,6/200,2026-07-29 20:56:42,0.079640,0.087663,True,0.00010000,266.13,36997985,8,42
ModelEfficientNetB0_fvs_std0.02_90k_RMSELoss_20260729_202908,ModelEfficientNetB0_fvs_std0.02_90k_RMSELoss,RMSELoss,2026-07-29 20:29:08,7/200,2026-07-29 21:01:18,0.077558,0.082610,True,0.00010000,266.48,36997985,8,42
ModelEfficientNetB0_fvs_std0.02_90k_RMSELoss_20260729_202908,ModelEfficientNetB0_fvs_std0.02_90k_RMSELoss,RMSELoss,2026-07-29 20:29:08,8/200,2026-07-29 21:05:55,0.075743,0.081091,True,0.00010000,267.97,36997985,8,42
ModelEfficientNetB0_fvs_std0.02_90k_RMSELoss_20260729_202908,ModelEfficientNetB0_fvs_std0.02_90k_RMSELoss,RMSELoss,2026-07-29 20:29:08,9/200,2026-07-29 21:10:32,0.074137,0.081171,False,0.00010000,266.99,36997985,8,42
ModelEfficientNetB0_fvs_std0.02_90k_RMSELoss_20260729_202908,ModelEfficientNetB0_fvs_std0.02_90k_RMSELoss,RMSELoss,2026-07-29 20:29:08,10/200,2026-07-29 21:14:59,0.072660,0.080983,True,0.00010000,266.58,36997985,8,42
ModelEfficientNetB0_fvs_std0.02_90k_RMSELoss_20260729_202908,ModelEfficientNetB0_fvs_std0.02_90k_RMSELoss,RMSELoss,2026-07-29 20:29:08,11/200,2026-07-29 21:19:35,0.070965,0.078366,True,0.00010000,266.11,36997985,8,42
ModelEfficientNetB0_fvs_std0.02_90k_RMSELoss_20260729_202908,ModelEfficientNetB0_fvs_std0.02_90k_RMSELoss,RMSELoss,2026-07-29 20:29:08,12/200,2026-07-29 21:24:15,0.069938,0.078480,False,0.00010000,271.04,36997985,8,42
ModelEfficientNetB0_fvs_std0.02_90k_RMSELoss_20260729_202908,ModelEfficientNetB0_fvs_std0.02_90k_RMSELoss,RMSELoss,2026-07-29 20:29:08,13/200,2026-07-29 21:28:42,0.068560,0.077699,True,0.00010000,266.62,36997985,8,42
ModelEfficientNetB0_fvs_std0.02_90k_RMSELoss_20260729_202908,ModelEfficientNetB0_fvs_std0.02_90k_RMSELoss,RMSELoss,2026-07-29 20:29:08,14/200,2026-07-29 21:33:18,0.067441,0.075265,True,0.00010000,266.26,36997985,8,42
ModelEfficientNetB0_fvs_std0.02_90k_RMSELoss_20260729_202908,ModelEfficientNetB0_fvs_std0.02_90k_RMSELoss,RMSELoss,2026-07-29 20:29:08,15/200,2026-07-29 21:37:54,0.066449,0.073854,True,0.00010000,266.66,36997985,8,42
ModelEfficientNetB0_fvs_std0.02_90k_RMSELoss_20260729_202908,ModelEfficientNetB0_fvs_std0.02_90k_RMSELoss,RMSELoss,2026-07-29 20:29:08,16/200,2026-07-29 21:42:30,0.065400,0.075526,False,0.00010000,265.70,36997985,8,42
ModelEfficientNetB0_fvs_std0.02_90k_RMSELoss_20260729_202908,ModelEfficientNetB0_fvs_std0.02_90k_RMSELoss,RMSELoss,2026-07-29 20:29:08,17/200,2026-07-29 21:46:54,0.064322,0.073064,True,0.00010000,264.88,36997985,8,42
ModelEfficientNetB0_fvs_std0.02_90k_RMSELoss_20260729_202908,ModelEfficientNetB0_fvs_std0.02_90k_RMSELoss,RMSELoss,2026-07-29 20:29:08,18/200,2026-07-29 21:51:29,0.063342,0.074059,False,0.00010000,264.65,36997985,8,42
ModelEfficientNetB0_fvs_std0.02_90k_RMSELoss_20260729_202908,ModelEfficientNetB0_fvs_std0.02_90k_RMSELoss,RMSELoss,2026-07-29 20:29:08,19/200,2026-07-29 21:55:58,0.062509,0.073230,False,0.00010000,269.20,36997985,8,42
ModelEfficientNetB0_fvs_std0.02_90k_RMSELoss_20260729_202908,ModelEfficientNetB0_fvs_std0.02_90k_RMSELoss,RMSELoss,2026-07-29 20:29:08,20/200,2026-07-29 22:00:24,0.061590,0.071762,True,0.00005000,265.72,36997985,8,42
ModelEfficientNetB0_fvs_std0.02_90k_RMSELoss_20260729_202908,ModelEfficientNetB0_fvs_std0.02_90k_RMSELoss,RMSELoss,2026-07-29 20:29:08,21/200,2026-07-29 22:05:03,0.056971,0.069330,True,0.00005000,270.08,36997985,8,42
ModelEfficientNetB0_fvs_std0.02_90k_RMSELoss_20260729_202908,ModelEfficientNetB0_fvs_std0.02_90k_RMSELoss,RMSELoss,2026-07-29 20:29:08,22/200,2026-07-29 22:09:39,0.055534,0.069316,True,0.00005000,265.95,36997985,8,42
ModelEfficientNetB0_fvs_std0.02_90k_RMSELoss_20260729_202908,ModelEfficientNetB0_fvs_std0.02_90k_RMSELoss,RMSELoss,2026-07-29 20:29:08,23/200,2026-07-29 22:14:17,0.054498,0.069178,True,0.00005000,268.20,36997985,8,42
ModelEfficientNetB0_fvs_std0.02_90k_RMSELoss_20260729_202908,ModelEfficientNetB0_fvs_std0.02_90k_RMSELoss,RMSELoss,2026-07-29 20:29:08,24/200,2026-07-29 22:18:54,0.053530,0.068885,True,0.00005000,267.50,36997985,8,42
ModelEfficientNetB0_fvs_std0.02_90k_RMSELoss_20260729_202908,ModelEfficientNetB0_fvs_std0.02_90k_RMSELoss,RMSELoss,2026-07-29 20:29:08,25/200,2026-07-29 22:23:30,0.052927,0.069593,False,0.00005000,265.78,36997985,8,42
ModelEfficientNetB0_fvs_std0.02_90k_RMSELoss_20260729_202908,ModelEfficientNetB0_fvs_std0.02_90k_RMSELoss,RMSELoss,2026-07-29 20:29:08,26/200,2026-07-29 22:27:56,0.052234,0.069070,False,0.00005000,266.38,36997985,8,42
ModelEfficientNetB0_fvs_std0.02_90k_RMSELoss_20260729_202908,ModelEfficientNetB0_fvs_std0.02_90k_RMSELoss,RMSELoss,2026-07-29 20:29:08,27/200,2026-07-29 22:32:22,0.051674,0.068628,True,0.00005000,265.77,36997985,8,42
ModelEfficientNetB0_fvs_std0.02_90k_RMSELoss_20260729_202908,ModelEfficientNetB0_fvs_std0.02_90k_RMSELoss,RMSELoss,2026-07-29 20:29:08,28/200,2026-07-29 22:36:56,0.050964,0.069556,False,0.00005000,264.89,36997985,8,42
ModelEfficientNetB0_fvs_std0.02_90k_RMSELoss_20260729_202908,ModelEfficientNetB0_fvs_std0.02_90k_RMSELoss,RMSELoss,2026-07-29 20:29:08,29/200,2026-07-29 22:41:22,0.050301,0.068128,True,0.00005000,265.90,36997985,8,42
ModelEfficientNetB0_fvs_std0.02_90k_RMSELoss_20260729_202908,ModelEfficientNetB0_fvs_std0.02_90k_RMSELoss,RMSELoss,2026-07-29 20:29:08,30/200,2026-07-29 22:46:01,0.049897,0.068461,False,0.00005000,269.30,36997985,8,42
ModelEfficientNetB0_fvs_std0.02_90k_RMSELoss_20260729_202908,ModelEfficientNetB0_fvs_std0.02_90k_RMSELoss,RMSELoss,2026-07-29 20:29:08,31/200,2026-07-29 22:50:28,0.049170,0.068423,False,0.00005000,266.89,36997985,8,42
ModelEfficientNetB0_fvs_std0.02_90k_RMSELoss_20260729_202908,ModelEfficientNetB0_fvs_std0.02_90k_RMSELoss,RMSELoss,2026-07-29 20:29:08,32/200,2026-07-29 22:54:55,0.048760,0.067985,True,0.00005000,266.53,36997985,8,42
ModelEfficientNetB0_fvs_std0.02_90k_RMSELoss_20260729_202908,ModelEfficientNetB0_fvs_std0.02_90k_RMSELoss,RMSELoss,2026-07-29 20:29:08,33/200,2026-07-29 22:59:31,0.048302,0.068781,False,0.00005000,266.77,36997985,8,42
ModelEfficientNetB0_fvs_std0.02_90k_RMSELoss_20260729_202908,ModelEfficientNetB0_fvs_std0.02_90k_RMSELoss,RMSELoss,2026-07-29 20:29:08,34/200,2026-07-29 23:03:58,0.047703,0.068834,False,0.00005000,267.39,36997985,8,42
ModelEfficientNetB0_fvs_std0.02_90k_RMSELoss_20260729_202908,ModelEfficientNetB0_fvs_std0.02_90k_RMSELoss,RMSELoss,2026-07-29 20:29:08,35/200,2026-07-29 23:08:26,0.047317,0.067729,True,0.00005000,267.43,36997985,8,42
ModelEfficientNetB0_fvs_std0.02_90k_RMSELoss_20260729_202908,ModelEfficientNetB0_fvs_std0.02_90k_RMSELoss,RMSELoss,2026-07-29 20:29:08,36/200,2026-07-29 23:13:01,0.046770,0.068120,False,0.00005000,265.64,36997985,8,42
ModelEfficientNetB0_fvs_std0.02_90k_RMSELoss_20260729_202908,ModelEfficientNetB0_fvs_std0.02_90k_RMSELoss,RMSELoss,2026-07-29 20:29:08,37/200,2026-07-29 23:17:29,0.046243,0.067989,False,0.00005000,268.08,36997985,8,42
ModelEfficientNetB0_fvs_std0.02_90k_RMSELoss_20260729_202908,ModelEfficientNetB0_fvs_std0.02_90k_RMSELoss,RMSELoss,2026-07-29 20:29:08,38/200,2026-07-29 23:21:57,0.045868,0.067158,True,0.00005000,267.77,36997985,8,42
ModelEfficientNetB0_fvs_std0.02_90k_RMSELoss_20260729_202908,ModelEfficientNetB0_fvs_std0.02_90k_RMSELoss,RMSELoss,2026-07-29 20:29:08,39/200,2026-07-29 23:26:33,0.045657,0.067474,False,0.00005000,266.38,36997985,8,42
ModelEfficientNetB0_fvs_std0.02_90k_RMSELoss_20260729_202908,ModelEfficientNetB0_fvs_std0.02_90k_RMSELoss,RMSELoss,2026-07-29 20:29:08,40/200,2026-07-29 23:31:00,0.045027,0.067170,False,0.00002500,266.76,36997985,8,42
ModelEfficientNetB0_fvs_std0.02_90k_RMSELoss_20260729_202908,ModelEfficientNetB0_fvs_std0.02_90k_RMSELoss,RMSELoss,2026-07-29 20:29:08,41/200,2026-07-29 23:35:30,0.042386,0.066202,True,0.00002500,269.80,36997985,8,42
ModelEfficientNetB0_fvs_std0.02_90k_RMSELoss_20260729_202908,ModelEfficientNetB0_fvs_std0.02_90k_RMSELoss,RMSELoss,2026-07-29 20:29:08,42/200,2026-07-29 23:40:09,0.041492,0.066873,False,0.00002500,269.34,36997985,8,42
ModelEfficientNetB0_fvs_std0.02_90k_RMSELoss_20260729_202908,ModelEfficientNetB0_fvs_std0.02_90k_RMSELoss,RMSELoss,2026-07-29 20:29:08,43/200,2026-07-29 23:44:34,0.041002,0.066258,False,0.00002500,265.18,36997985,8,42
ModelEfficientNetB0_fvs_std0.02_90k_RMSELoss_20260729_202908,ModelEfficientNetB0_fvs_std0.02_90k_RMSELoss,RMSELoss,2026-07-29 20:29:08,44/200,2026-07-29 23:49:00,0.040711,0.066953,False,0.00002500,265.73,36997985,8,42
ModelEfficientNetB0_fvs_std0.02_90k_RMSELoss_20260729_202908,ModelEfficientNetB0_fvs_std0.02_90k_RMSELoss,RMSELoss,2026-07-29 20:29:08,45/200,2026-07-29 23:53:27,0.040360,0.066494,False,0.00002500,267.58,36997985,8,42
ModelEfficientNetB0_fvs_std0.02_90k_RMSELoss_20260729_202908,ModelEfficientNetB0_fvs_std0.02_90k_RMSELoss,RMSELoss,2026-07-29 20:29:08,46/200,2026-07-29 23:57:53,0.039982,0.065780,True,0.00002500,266.12,36997985,8,42
ModelEfficientNetB0_fvs_std0.02_90k_RMSELoss_20260729_202908,ModelEfficientNetB0_fvs_std0.02_90k_RMSELoss,RMSELoss,2026-07-29 20:29:08,47/200,2026-07-30 00:02:29,0.039712,0.065802,False,0.00002500,266.29,36997985,8,42
ModelEfficientNetB0_fvs_std0.02_90k_RMSELoss_20260729_202908,ModelEfficientNetB0_fvs_std0.02_90k_RMSELoss,RMSELoss,2026-07-29 20:29:08,48/200,2026-07-30 00:06:56,0.039360,0.066261,False,0.00002500,266.67,36997985,8,42
ModelEfficientNetB0_fvs_std0.02_90k_RMSELoss_20260729_202908,ModelEfficientNetB0_fvs_std0.02_90k_RMSELoss,RMSELoss,2026-07-29 20:29:08,49/200,2026-07-30 00:11:22,0.039119,0.066800,False,0.00002500,266.03,36997985,8,42
ModelEfficientNetB0_fvs_std0.02_90k_RMSELoss_20260729_202908,ModelEfficientNetB0_fvs_std0.02_90k_RMSELoss,RMSELoss,2026-07-29 20:29:08,50/200,2026-07-30 00:15:52,0.038758,0.066090,False,0.00002500,269.73,36997985,8,42
ModelEfficientNetB0_fvs_std0.02_90k_RMSELoss_20260729_202908,ModelEfficientNetB0_fvs_std0.02_90k_RMSELoss,RMSELoss,2026-07-29 20:29:08,51/200,2026-07-30 00:20:21,0.038426,0.066694,False,0.00002500,269.48,36997985,8,42
ModelEfficientNetB0_fvs_std0.02_90k_RMSELoss_20260729_202908,ModelEfficientNetB0_fvs_std0.02_90k_RMSELoss,RMSELoss,2026-07-29 20:29:08,52/200,2026-07-30 00:24:48,0.038213,0.065997,False,0.00002500,266.32,36997985,8,42
ModelEfficientNetB0_fvs_std0.02_90k_RMSELoss_20260729_202908,ModelEfficientNetB0_fvs_std0.02_90k_RMSELoss,RMSELoss,2026-07-29 20:29:08,53/200,2026-07-30 00:29:16,0.037955,0.066625,False,0.00002500,268.31,36997985,8,42
ModelEfficientNetB0_fvs_std0.02_90k_RMSELoss_20260729_202908,ModelEfficientNetB0_fvs_std0.02_90k_RMSELoss,RMSELoss,2026-07-29 20:29:08,54/200,2026-07-30 00:33:45,0.037783,0.066316,False,0.00002500,269.23,36997985,8,42
ModelEfficientNetB0_fvs_std0.02_90k_RMSELoss_20260729_202908,ModelEfficientNetB0_fvs_std0.02_90k_RMSELoss,RMSELoss,2026-07-29 20:29:08,55/200,2026-07-30 00:38:12,0.037540,0.065671,True,0.00002500,267.02,36997985,8,42
ModelEfficientNetB0_fvs_std0.02_90k_RMSELoss_20260729_202908,ModelEfficientNetB0_fvs_std0.02_90k_RMSELoss,RMSELoss,2026-07-29 20:29:08,56/200,2026-07-30 00:42:48,0.037290,0.065867,False,0.00002500,266.61,36997985,8,42
ModelEfficientNetB0_fvs_std0.02_90k_RMSELoss_20260729_202908,ModelEfficientNetB0_fvs_std0.02_90k_RMSELoss,RMSELoss,2026-07-29 20:29:08,57/200,2026-07-30 00:47:13,0.037023,0.066080,False,0.00002500,264.83,36997985,8,42
ModelEfficientNetB0_fvs_std0.02_90k_RMSELoss_20260729_202908,ModelEfficientNetB0_fvs_std0.02_90k_RMSELoss,RMSELoss,2026-07-29 20:29:08,58/200,2026-07-30 00:51:40,0.036762,0.065634,True,0.00002500,266.64,36997985,8,42
ModelEfficientNetB0_fvs_std0.02_90k_RMSELoss_20260729_202908,ModelEfficientNetB0_fvs_std0.02_90k_RMSELoss,RMSELoss,2026-07-29 20:29:08,59/200,2026-07-30 00:56:16,0.036475,0.065869,False,0.00002500,266.08,36997985,8,42
ModelEfficientNetB0_fvs_std0.02_90k_RMSELoss_20260729_202908,ModelEfficientNetB0_fvs_std0.02_90k_RMSELoss,RMSELoss,2026-07-29 20:29:08,60/200,2026-07-30 01:00:43,0.036303,0.065562,True,0.00001250,266.96,36997985,8,42
ModelEfficientNetB0_fvs_std0.02_90k_RMSELoss_20260729_202908,ModelEfficientNetB0_fvs_std0.02_90k_RMSELoss,RMSELoss,2026-07-29 20:29:08,61/200,2026-07-30 01:05:17,0.035116,0.064939,True,0.00001250,265.11,36997985,8,42
ModelEfficientNetB0_fvs_std0.02_90k_RMSELoss_20260729_202908,ModelEfficientNetB0_fvs_std0.02_90k_RMSELoss,RMSELoss,2026-07-29 20:29:08,62/200,2026-07-30 01:09:51,0.034694,0.065030,False,0.00001250,264.42,36997985,8,42
ModelEfficientNetB0_fvs_std0.02_90k_RMSELoss_20260729_202908,ModelEfficientNetB0_fvs_std0.02_90k_RMSELoss,RMSELoss,2026-07-29 20:29:08,63/200,2026-07-30 01:14:17,0.034403,0.065155,False,0.00001250,265.39,36997985,8,42
ModelEfficientNetB0_fvs_std0.02_90k_RMSELoss_20260729_202908,ModelEfficientNetB0_fvs_std0.02_90k_RMSELoss,RMSELoss,2026-07-29 20:29:08,64/200,2026-07-30 01:18:44,0.034177,0.065129,False,0.00001250,267.38,36997985,8,42
ModelEfficientNetB0_fvs_std0.02_90k_RMSELoss_20260729_202908,ModelEfficientNetB0_fvs_std0.02_90k_RMSELoss,RMSELoss,2026-07-29 20:29:08,65/200,2026-07-30 01:23:09,0.034077,0.065559,False,0.00001250,265.21,36997985,8,42
ModelEfficientNetB0_fvs_std0.02_90k_RMSELoss_20260729_202908,ModelEfficientNetB0_fvs_std0.02_90k_RMSELoss,RMSELoss,2026-07-29 20:29:08,66/200,2026-07-30 01:27:35,0.033858,0.064804,True,0.00001250,265.63,36997985,8,42
ModelEfficientNetB0_fvs_std0.02_90k_RMSELoss_20260729_202908,ModelEfficientNetB0_fvs_std0.02_90k_RMSELoss,RMSELoss,2026-07-29 20:29:08,67/200,2026-07-30 01:32:11,0.033681,0.065232,False,0.00001250,266.25,36997985,8,42
ModelEfficientNetB0_fvs_std0.02_90k_RMSELoss_20260729_202908,ModelEfficientNetB0_fvs_std0.02_90k_RMSELoss,RMSELoss,2026-07-29 20:29:08,68/200,2026-07-30 01:36:36,0.033584,0.065228,False,0.00001250,264.57,36997985,8,42
ModelEfficientNetB0_fvs_std0.02_90k_RMSELoss_20260729_202908,ModelEfficientNetB0_fvs_std0.02_90k_RMSELoss,RMSELoss,2026-07-29 20:29:08,69/200,2026-07-30 01:41:01,0.033362,0.065253,False,0.00001250,265.75,36997985,8,42
ModelEfficientNetB0_fvs_std0.02_90k_RMSELoss_20260729_202908,ModelEfficientNetB0_fvs_std0.02_90k_RMSELoss,RMSELoss,2026-07-29 20:29:08,70/200,2026-07-30 01:45:27,0.033342,0.065136,False,0.00001250,265.93,36997985,8,42
ModelEfficientNetB0_fvs_std0.02_90k_RMSELoss_20260729_202908,ModelEfficientNetB0_fvs_std0.02_90k_RMSELoss,RMSELoss,2026-07-29 20:29:08,71/200,2026-07-30 01:49:54,0.033205,0.064837,False,0.00001250,266.14,36997985,8,42
ModelEfficientNetB0_fvs_std0.02_90k_RMSELoss_20260729_202908,ModelEfficientNetB0_fvs_std0.02_90k_RMSELoss,RMSELoss,2026-07-29 20:29:08,72/200,2026-07-30 01:54:20,0.033064,0.065221,False,0.00001250,266.43,36997985,8,42
ModelEfficientNetB0_fvs_std0.02_90k_RMSELoss_20260729_202908,ModelEfficientNetB0_fvs_std0.02_90k_RMSELoss,RMSELoss,2026-07-29 20:29:08,73/200,2026-07-30 01:58:46,0.032931,0.065109,False,0.00001250,265.65,36997985,8,42
ModelEfficientNetB0_fvs_std0.02_90k_RMSELoss_20260729_202908,ModelEfficientNetB0_fvs_std0.02_90k_RMSELoss,RMSELoss,2026-07-29 20:29:08,74/200,2026-07-30 02:03:11,0.032765,0.065422,False,0.00001250,265.62,36997985,8,42
ModelEfficientNetB0_fvs_std0.02_90k_RMSELoss_20260729_202908,ModelEfficientNetB0_fvs_std0.02_90k_RMSELoss,RMSELoss,2026-07-29 20:29:08,75/200,2026-07-30 02:07:37,0.032760,0.064995,False,0.00001250,265.91,36997985,8,42
ModelEfficientNetB0_fvs_std0.02_90k_RMSELoss_20260729_202908,ModelEfficientNetB0_fvs_std0.02_90k_RMSELoss,RMSELoss,2026-07-29 20:29:08,76/200,2026-07-30 02:12:04,0.032520,0.065566,False,0.00001250,266.81,36997985,8,42
ModelEfficientNetB0_fvs_std0.02_90k_RMSELoss_20260729_202908,ModelEfficientNetB0_fvs_std0.02_90k_RMSELoss,RMSELoss,2026-07-29 20:29:08,77/200,2026-07-30 02:16:35,0.032402,0.065072,False,0.00001250,270.65,36997985,8,42
ModelEfficientNetB0_fvs_std0.02_90k_RMSELoss_20260729_202908,ModelEfficientNetB0_fvs_std0.02_90k_RMSELoss,RMSELoss,2026-07-29 20:29:08,78/200,2026-07-30 02:21:01,0.032222,0.064740,True,0.00001250,266.16,36997985,8,42
ModelEfficientNetB0_fvs_std0.02_90k_RMSELoss_20260729_202908,ModelEfficientNetB0_fvs_std0.02_90k_RMSELoss,RMSELoss,2026-07-29 20:29:08,79/200,2026-07-30 02:25:38,0.032213,0.065128,False,0.00001250,267.60,36997985,8,42
ModelEfficientNetB0_fvs_std0.02_90k_RMSELoss_20260729_202908,ModelEfficientNetB0_fvs_std0.02_90k_RMSELoss,RMSELoss,2026-07-29 20:29:08,80/200,2026-07-30 02:30:04,0.032028,0.064944,False,0.00000625,266.06,36997985,8,42
ModelEfficientNetB0_fvs_std0.02_90k_RMSELoss_20260729_202908,ModelEfficientNetB0_fvs_std0.02_90k_RMSELoss,RMSELoss,2026-07-29 20:29:08,81/200,2026-07-30 02:34:30,0.031439,0.064566,True,0.00000625,265.85,36997985,8,42
ModelEfficientNetB0_fvs_std0.02_90k_RMSELoss_20260729_202908,ModelEfficientNetB0_fvs_std0.02_90k_RMSELoss,RMSELoss,2026-07-29 20:29:08,82/200,2026-07-30 02:39:05,0.031144,0.064707,False,0.00000625,264.79,36997985,8,42
ModelEfficientNetB0_fvs_std0.02_90k_RMSELoss_20260729_202908,ModelEfficientNetB0_fvs_std0.02_90k_RMSELoss,RMSELoss,2026-07-29 20:29:08,83/200,2026-07-30 02:43:31,0.031051,0.064822,False,0.00000625,266.15,36997985,8,42
ModelEfficientNetB0_fvs_std0.02_90k_RMSELoss_20260729_202908,ModelEfficientNetB0_fvs_std0.02_90k_RMSELoss,RMSELoss,2026-07-29 20:29:08,84/200,2026-07-30 02:47:59,0.031095,0.064936,False,0.00000625,268.03,36997985,8,42
ModelEfficientNetB0_fvs_std0.02_90k_RMSELoss_20260729_202908,ModelEfficientNetB0_fvs_std0.02_90k_RMSELoss,RMSELoss,2026-07-29 20:29:08,85/200,2026-07-30 02:52:24,0.030853,0.064650,False,0.00000625,265.67,36997985,8,42
ModelEfficientNetB0_fvs_std0.02_90k_RMSELoss_20260729_202908,ModelEfficientNetB0_fvs_std0.02_90k_RMSELoss,RMSELoss,2026-07-29 20:29:08,86/200,2026-07-30 02:56:50,0.030798,0.064689,False,0.00000625,265.39,36997985,8,42
ModelEfficientNetB0_fvs_std0.02_90k_RMSELoss_20260729_202908,ModelEfficientNetB0_fvs_std0.02_90k_RMSELoss,RMSELoss,2026-07-29 20:29:08,87/200,2026-07-30 03:01:17,0.030795,0.064713,False,0.00000625,266.71,36997985,8,42
ModelEfficientNetB0_fvs_std0.02_90k_RMSELoss_20260729_202908,ModelEfficientNetB0_fvs_std0.02_90k_RMSELoss,RMSELoss,2026-07-29 20:29:08,88/200,2026-07-30 03:05:44,0.030742,0.064888,False,0.00000625,267.80,36997985,8,42
ModelEfficientNetB0_fvs_std0.02_90k_RMSELoss_20260729_202908,ModelEfficientNetB0_fvs_std0.02_90k_RMSELoss,RMSELoss,2026-07-29 20:29:08,89/200,2026-07-30 03:10:12,0.030534,0.064530,True,0.00000625,267.48,36997985,8,42
ModelEfficientNetB0_fvs_std0.02_90k_RMSELoss_20260729_202908,ModelEfficientNetB0_fvs_std0.02_90k_RMSELoss,RMSELoss,2026-07-29 20:29:08,90/200,2026-07-30 03:14:47,0.030513,0.064820,False,0.00000625,265.90,36997985,8,42
ModelEfficientNetB0_fvs_std0.02_90k_RMSELoss_20260729_202908,ModelEfficientNetB0_fvs_std0.02_90k_RMSELoss,RMSELoss,2026-07-29 20:29:08,91/200,2026-07-30 03:19:18,0.030575,0.064554,False,0.00000625,270.12,36997985,8,42
ModelEfficientNetB0_fvs_std0.02_90k_RMSELoss_20260729_202908,ModelEfficientNetB0_fvs_std0.02_90k_RMSELoss,RMSELoss,2026-07-29 20:29:08,92/200,2026-07-30 03:23:42,0.030441,0.064569,False,0.00000625,264.84,36997985,8,42
ModelEfficientNetB0_fvs_std0.02_90k_RMSELoss_20260729_202908,ModelEfficientNetB0_fvs_std0.02_90k_RMSELoss,RMSELoss,2026-07-29 20:29:08,93/200,2026-07-30 03:28:08,0.030371,0.064712,False,0.00000625,265.75,36997985,8,42
ModelEfficientNetB0_fvs_std0.02_90k_RMSELoss_20260729_202908,ModelEfficientNetB0_fvs_std0.02_90k_RMSELoss,RMSELoss,2026-07-29 20:29:08,94/200,2026-07-30 03:32:33,0.030239,0.064684,False,0.00000625,265.16,36997985,8,42
ModelEfficientNetB0_fvs_std0.02_90k_RMSELoss_20260729_202908,ModelEfficientNetB0_fvs_std0.02_90k_RMSELoss,RMSELoss,2026-07-29 20:29:08,95/200,2026-07-30 03:36:58,0.030225,0.064666,False,0.00000625,264.40,36997985,8,42
ModelEfficientNetB0_fvs_std0.02_90k_RMSELoss_20260729_202908,ModelEfficientNetB0_fvs_std0.02_90k_RMSELoss,RMSELoss,2026-07-29 20:29:08,96/200,2026-07-30 03:41:24,0.030235,0.064313,True,0.00000625,266.27,36997985,8,42
ModelEfficientNetB0_fvs_std0.02_90k_RMSELoss_20260729_202908,ModelEfficientNetB0_fvs_std0.02_90k_RMSELoss,RMSELoss,2026-07-29 20:29:08,97/200,2026-07-30 03:45:59,0.030103,0.064717,False,0.00000625,265.75,36997985,8,42
ModelEfficientNetB0_fvs_std0.02_90k_RMSELoss_20260729_202908,ModelEfficientNetB0_fvs_std0.02_90k_RMSELoss,RMSELoss,2026-07-29 20:29:08,98/200,2026-07-30 03:50:25,0.030076,0.064462,False,0.00000625,265.65,36997985,8,42
ModelEfficientNetB0_fvs_std0.02_90k_RMSELoss_20260729_202908,ModelEfficientNetB0_fvs_std0.02_90k_RMSELoss,RMSELoss,2026-07-29 20:29:08,99/200,2026-07-30 03:54:50,0.029973,0.064721,False,0.00000625,264.68,36997985,8,42
ModelEfficientNetB0_fvs_std0.02_90k_RMSELoss_20260729_202908,ModelEfficientNetB0_fvs_std0.02_90k_RMSELoss,RMSELoss,2026-07-29 20:29:08,100/200,2026-07-30 03:59:15,0.030016,0.064639,False,0.00000313,265.32,36997985,8,42
ModelEfficientNetB0_fvs_std0.02_90k_RMSELoss_20260729_202908,ModelEfficientNetB0_fvs_std0.02_90k_RMSELoss,RMSELoss,2026-07-29 20:29:08,101/200,2026-07-30 04:03:40,0.029635,0.064731,False,0.00000313,265.04,36997985,8,42
ModelEfficientNetB0_fvs_std0.02_90k_RMSELoss_20260729_202908,ModelEfficientNetB0_fvs_std0.02_90k_RMSELoss,RMSELoss,2026-07-29 20:29:08,102/200,2026-07-30 04:08:04,0.029454,0.064745,False,0.00000313,264.10,36997985,8,42
ModelEfficientNetB0_fvs_std0.02_90k_RMSELoss_20260729_202908,ModelEfficientNetB0_fvs_std0.02_90k_RMSELoss,RMSELoss,2026-07-29 20:29:08,103/200,2026-07-30 04:12:31,0.029480,0.064464,False,0.00000313,267.13,36997985,8,42
ModelEfficientNetB0_fvs_std0.02_90k_RMSELoss_20260729_202908,ModelEfficientNetB0_fvs_std0.02_90k_RMSELoss,RMSELoss,2026-07-29 20:29:08,104/200,2026-07-30 04:17:00,0.029446,0.064579,False,0.00000313,268.30,36997985,8,42
ModelEfficientNetB0_fvs_std0.02_90k_RMSELoss_20260729_202908,ModelEfficientNetB0_fvs_std0.02_90k_RMSELoss,RMSELoss,2026-07-29 20:29:08,105/200,2026-07-30 04:21:25,0.029358,0.064504,False,0.00000313,265.05,36997985,8,42
ModelEfficientNetB0_fvs_std0.02_90k_RMSELoss_20260729_202908,ModelEfficientNetB0_fvs_std0.02_90k_RMSELoss,RMSELoss,2026-07-29 20:29:08,106/200,2026-07-30 04:25:50,0.029309,0.064490,False,0.00000313,265.50,36997985,8,42
ModelEfficientNetB0_fvs_std0.02_90k_RMSELoss_20260729_202908,ModelEfficientNetB0_fvs_std0.02_90k_RMSELoss,RMSELoss,2026-07-29 20:29:08,107/200,2026-07-30 04:30:15,0.029311,0.064540,False,0.00000313,264.91,36997985,8,42
ModelEfficientNetB0_fvs_std0.02_90k_RMSELoss_20260729_202908,ModelEfficientNetB0_fvs_std0.02_90k_RMSELoss,RMSELoss,2026-07-29 20:29:08,108/200,2026-07-30 04:34:45,0.029179,0.064790,False,0.00000313,269.43,36997985,8,42
ModelEfficientNetB0_fvs_std0.02_90k_RMSELoss_20260729_202908,ModelEfficientNetB0_fvs_std0.02_90k_RMSELoss,RMSELoss,2026-07-29 20:29:08,109/200,2026-07-30 04:39:12,0.029226,0.064616,False,0.00000313,267.46,36997985,8,42
ModelEfficientNetB0_fvs_std0.02_90k_RMSELoss_20260729_202908,ModelEfficientNetB0_fvs_std0.02_90k_RMSELoss,RMSELoss,2026-07-29 20:29:08,110/200,2026-07-30 04:43:40,0.029166,0.064729,False,0.00000313,268.11,36997985,8,42
ModelEfficientNetB0_fvs_std0.02_90k_RMSELoss_20260729_202908,ModelEfficientNetB0_fvs_std0.02_90k_RMSELoss,RMSELoss,2026-07-29 20:29:08,111/200,2026-07-30 04:48:07,0.029073,0.064447,False,0.00000313,267.12,36997985,8,42
ModelEfficientNetB0_fvs_std0.02_90k_RMSELoss_20260729_202908,ModelEfficientNetB0_fvs_std0.02_90k_RMSELoss,RMSELoss,2026-07-29 20:29:08,112/200,2026-07-30 04:52:37,0.029111,0.064667,False,0.00000313,269.22,36997985,8,42
ModelEfficientNetB0_fvs_std0.02_90k_RMSELoss_20260729_202908,ModelEfficientNetB0_fvs_std0.02_90k_RMSELoss,RMSELoss,2026-07-29 20:29:08,113/200,2026-07-30 04:57:03,0.029029,0.064448,False,0.00000313,266.34,36997985,8,42
ModelEfficientNetB0_fvs_std0.02_90k_RMSELoss_20260729_202908,ModelEfficientNetB0_fvs_std0.02_90k_RMSELoss,RMSELoss,2026-07-29 20:29:08,114/200,2026-07-30 05:01:31,0.029044,0.064468,False,0.00000313,267.95,36997985,8,42
ModelEfficientNetB0_fvs_std0.02_90k_RMSELoss_20260729_202908,ModelEfficientNetB0_fvs_std0.02_90k_RMSELoss,RMSELoss,2026-07-29 20:29:08,115/200,2026-07-30 05:05:57,0.029025,0.064420,False,0.00000313,266.29,36997985,8,42
ModelEfficientNetB0_fvs_std0.02_90k_RMSELoss_20260729_202908,ModelEfficientNetB0_fvs_std0.02_90k_RMSELoss,RMSELoss,2026-07-29 20:29:08,116/200,2026-07-30 05:10:23,0.029003,0.064373,False,0.00000313,265.87,36997985,8,42
ModelEfficientNetB0_fvs_std0.02_90k_RMSELoss_20260729_202908,ModelEfficientNetB0_fvs_std0.02_90k_RMSELoss,RMSELoss,2026-07-29 20:29:08,117/200,2026-07-30 05:14:59,0.028919,0.064522,False,0.00000313,276.03,36997985,8,42
ModelEfficientNetB0_fvs_std0.02_90k_RMSELoss_20260729_202908,ModelEfficientNetB0_fvs_std0.02_90k_RMSELoss,RMSELoss,2026-07-29 20:29:08,118/200,2026-07-30 05:19:24,0.028973,0.064637,False,0.00000313,264.90,36997985,8,42
ModelEfficientNetB0_fvs_std0.02_90k_RMSELoss_20260729_202908,ModelEfficientNetB0_fvs_std0.02_90k_RMSELoss,RMSELoss,2026-07-29 20:29:08,119/200,2026-07-30 05:23:51,0.028907,0.064394,False,0.00000313,266.86,36997985,8,42
ModelEfficientNetB0_fvs_std0.02_90k_RMSELoss_20260729_202908,ModelEfficientNetB0_fvs_std0.02_90k_RMSELoss,RMSELoss,2026-07-29 20:29:08,120/200,2026-07-30 05:28:16,0.028764,0.064587,False,0.00000156,264.57,36997985,8,42
ModelEfficientNetB0_fvs_std0.02_90k_RMSELoss_20260729_202908,ModelEfficientNetB0_fvs_std0.02_90k_RMSELoss,RMSELoss,2026-07-29 20:29:08,121/200,2026-07-30 05:32:42,0.028769,0.064410,False,0.00000156,266.88,36997985,8,42
ModelEfficientNetB0_fvs_std0.02_90k_RMSELoss_20260729_202908,ModelEfficientNetB0_fvs_std0.02_90k_RMSELoss,RMSELoss,2026-07-29 20:29:08,122/200,2026-07-30 05:37:07,0.028627,0.064501,False,0.00000156,264.27,36997985,8,42
ModelEfficientNetB0_fvs_std0.02_90k_RMSELoss_20260729_202908,ModelEfficientNetB0_fvs_std0.02_90k_RMSELoss,RMSELoss,2026-07-29 20:29:08,123/200,2026-07-30 05:41:32,0.028652,0.064345,False,0.00000156,265.64,36997985,8,42
ModelEfficientNetB0_fvs_std0.02_90k_RMSELoss_20260729_202908,ModelEfficientNetB0_fvs_std0.02_90k_RMSELoss,RMSELoss,2026-07-29 20:29:08,124/200,2026-07-30 05:46:00,0.028697,0.064334,False,0.00000156,267.60,36997985,8,42
ModelEfficientNetB0_fvs_std0.02_90k_RMSELoss_20260729_202908,ModelEfficientNetB0_fvs_std0.02_90k_RMSELoss,RMSELoss,2026-07-29 20:29:08,125/200,2026-07-30 05:50:26,0.028572,0.064411,False,0.00000156,265.92,36997985,8,42
ModelEfficientNetB0_fvs_std0.02_90k_RMSELoss_20260729_202908,ModelEfficientNetB0_fvs_std0.02_90k_RMSELoss,RMSELoss,2026-07-29 20:29:08,126/200,2026-07-30 05:54:52,0.028603,0.064533,False,0.00000156,266.24,36997985,8,42
ModelEfficientNetB0_fvs_std0.02_90k_RMSELoss_20260729_202908,ModelEfficientNetB0_fvs_std0.02_90k_RMSELoss,RMSELoss,2026-07-29 20:29:08,127/200,2026-07-30 05:59:17,0.028526,0.064435,False,0.00000156,265.15,36997985,8,42
ModelEfficientNetB0_fvs_std0.02_90k_RMSELoss_20260729_202908,ModelEfficientNetB0_fvs_std0.02_90k_RMSELoss,RMSELoss,2026-07-29 20:29:08,128/200,2026-07-30 06:03:44,0.028520,0.064307,True,0.00000156,267.17,36997985,8,42
ModelEfficientNetB0_fvs_std0.02_90k_RMSELoss_20260729_202908,ModelEfficientNetB0_fvs_std0.02_90k_RMSELoss,RMSELoss,2026-07-29 20:29:08,129/200,2026-07-30 06:08:21,0.028539,0.064284,True,0.00000156,266.35,36997985,8,42
ModelEfficientNetB0_fvs_std0.02_90k_RMSELoss_20260729_202908,ModelEfficientNetB0_fvs_std0.02_90k_RMSELoss,RMSELoss,2026-07-29 20:29:08,130/200,2026-07-30 06:12:57,0.028499,0.064306,False,0.00000156,266.61,36997985,8,42
ModelEfficientNetB0_fvs_std0.02_90k_RMSELoss_20260729_202908,ModelEfficientNetB0_fvs_std0.02_90k_RMSELoss,RMSELoss,2026-07-29 20:29:08,131/200,2026-07-30 06:17:26,0.028528,0.064233,True,0.00000156,269.15,36997985,8,42
ModelEfficientNetB0_fvs_std0.02_90k_RMSELoss_20260729_202908,ModelEfficientNetB0_fvs_std0.02_90k_RMSELoss,RMSELoss,2026-07-29 20:29:08,132/200,2026-07-30 06:22:02,0.028527,0.064324,False,0.00000156,265.92,36997985,8,42
ModelEfficientNetB0_fvs_std0.02_90k_RMSELoss_20260729_202908,ModelEfficientNetB0_fvs_std0.02_90k_RMSELoss,RMSELoss,2026-07-29 20:29:08,133/200,2026-07-30 06:26:27,0.028438,0.064264,False,0.00000156,265.81,36997985,8,42
ModelEfficientNetB0_fvs_std0.02_90k_RMSELoss_20260729_202908,ModelEfficientNetB0_fvs_std0.02_90k_RMSELoss,RMSELoss,2026-07-29 20:29:08,134/200,2026-07-30 06:30:53,0.028419,0.064289,False,0.00000156,265.64,36997985,8,42
ModelEfficientNetB0_fvs_std0.02_90k_RMSELoss_20260729_202908,ModelEfficientNetB0_fvs_std0.02_90k_RMSELoss,RMSELoss,2026-07-29 20:29:08,135/200,2026-07-30 06:35:19,0.028453,0.064335,False,0.00000156,266.20,36997985,8,42
ModelEfficientNetB0_fvs_std0.02_90k_RMSELoss_20260729_202908,ModelEfficientNetB0_fvs_std0.02_90k_RMSELoss,RMSELoss,2026-07-29 20:29:08,136/200,2026-07-30 06:39:44,0.028385,0.064175,True,0.00000156,265.05,36997985,8,42
ModelEfficientNetB0_fvs_std0.02_90k_RMSELoss_20260729_202908,ModelEfficientNetB0_fvs_std0.02_90k_RMSELoss,RMSELoss,2026-07-29 20:29:08,137/200,2026-07-30 06:44:22,0.028430,0.064393,False,0.00000156,267.85,36997985,8,42
ModelEfficientNetB0_fvs_std0.02_90k_RMSELoss_20260729_202908,ModelEfficientNetB0_fvs_std0.02_90k_RMSELoss,RMSELoss,2026-07-29 20:29:08,138/200,2026-07-30 06:48:48,0.028318,0.064493,False,0.00000156,266.05,36997985,8,42
ModelEfficientNetB0_fvs_std0.02_90k_RMSELoss_20260729_202908,ModelEfficientNetB0_fvs_std0.02_90k_RMSELoss,RMSELoss,2026-07-29 20:29:08,139/200,2026-07-30 06:53:14,0.028341,0.064230,False,0.00000156,266.12,36997985,8,42
ModelEfficientNetB0_fvs_std0.02_90k_RMSELoss_20260729_202908,ModelEfficientNetB0_fvs_std0.02_90k_RMSELoss,RMSELoss,2026-07-29 20:29:08,140/200,2026-07-30 06:57:41,0.028280,0.064340,False,0.00000078,267.36,36997985,8,42
ModelEfficientNetB0_fvs_std0.02_90k_RMSELoss_20260729_202908,ModelEfficientNetB0_fvs_std0.02_90k_RMSELoss,RMSELoss,2026-07-29 20:29:08,141/200,2026-07-30 07:02:08,0.028275,0.064304,False,0.00000078,266.60,36997985,8,42
ModelEfficientNetB0_fvs_std0.02_90k_RMSELoss_20260729_202908,ModelEfficientNetB0_fvs_std0.02_90k_RMSELoss,RMSELoss,2026-07-29 20:29:08,142/200,2026-07-30 07:06:36,0.028201,0.064192,False,0.00000078,268.04,36997985,8,42
ModelEfficientNetB0_fvs_std0.02_90k_RMSELoss_20260729_202908,ModelEfficientNetB0_fvs_std0.02_90k_RMSELoss,RMSELoss,2026-07-29 20:29:08,143/200,2026-07-30 07:11:03,0.028208,0.064341,False,0.00000078,266.95,36997985,8,42
ModelEfficientNetB0_fvs_std0.02_90k_RMSELoss_20260729_202908,ModelEfficientNetB0_fvs_std0.02_90k_RMSELoss,RMSELoss,2026-07-29 20:29:08,144/200,2026-07-30 07:15:30,0.028236,0.064406,False,0.00000078,267.16,36997985,8,42
ModelEfficientNetB0_fvs_std0.02_90k_RMSELoss_20260729_202908,ModelEfficientNetB0_fvs_std0.02_90k_RMSELoss,RMSELoss,2026-07-29 20:29:08,145/200,2026-07-30 07:19:55,0.028220,0.064334,False,0.00000078,264.72,36997985,8,42
ModelEfficientNetB0_fvs_std0.02_90k_RMSELoss_20260729_202908,ModelEfficientNetB0_fvs_std0.02_90k_RMSELoss,RMSELoss,2026-07-29 20:29:08,146/200,2026-07-30 07:24:25,0.028215,0.064258,False,0.00000078,269.68,36997985,8,42
ModelEfficientNetB0_fvs_std0.02_90k_RMSELoss_20260729_202908,ModelEfficientNetB0_fvs_std0.02_90k_RMSELoss,RMSELoss,2026-07-29 20:29:08,147/200,2026-07-30 07:28:52,0.028164,0.064258,False,0.00000078,267.38,36997985,8,42
ModelEfficientNetB0_fvs_std0.02_90k_RMSELoss_20260729_202908,ModelEfficientNetB0_fvs_std0.02_90k_RMSELoss,RMSELoss,2026-07-29 20:29:08,148/200,2026-07-30 07:33:18,0.028169,0.064262,False,0.00000078,265.80,36997985,8,42
ModelEfficientNetB0_fvs_std0.02_90k_RMSELoss_20260729_202908,ModelEfficientNetB0_fvs_std0.02_90k_RMSELoss,RMSELoss,2026-07-29 20:29:08,149/200,2026-07-30 07:37:44,0.028204,0.064346,False,0.00000078,266.02,36997985,8,42
ModelEfficientNetB0_fvs_std0.02_90k_RMSELoss_20260729_202908,ModelEfficientNetB0_fvs_std0.02_90k_RMSELoss,RMSELoss,2026-07-29 20:29:08,150/200,2026-07-30 07:42:10,0.028081,0.064500,False,0.00000078,265.73,36997985,8,42
ModelEfficientNetB0_fvs_std0.02_90k_RMSELoss_20260729_202908,ModelEfficientNetB0_fvs_std0.02_90k_RMSELoss,RMSELoss,2026-07-29 20:29:08,151/200,2026-07-30 07:46:35,0.028176,0.064414,False,0.00000078,265.61,36997985,8,42
ModelEfficientNetB0_fvs_std0.02_90k_RMSELoss_20260729_202908,ModelEfficientNetB0_fvs_std0.02_90k_RMSELoss,RMSELoss,2026-07-29 20:29:08,152/200,2026-07-30 07:51:00,0.028170,0.064272,False,0.00000078,264.51,36997985,8,42
ModelEfficientNetB0_fvs_std0.02_90k_RMSELoss_20260729_202908,ModelEfficientNetB0_fvs_std0.02_90k_RMSELoss,RMSELoss,2026-07-29 20:29:08,153/200,2026-07-30 07:55:26,0.028137,0.064237,False,0.00000078,265.86,36997985,8,42
ModelEfficientNetB0_fvs_std0.02_90k_RMSELoss_20260729_202908,ModelEfficientNetB0_fvs_std0.02_90k_RMSELoss,RMSELoss,2026-07-29 20:29:08,154/200,2026-07-30 07:59:50,0.028098,0.064300,False,0.00000078,263.97,36997985,8,42
ModelEfficientNetB0_fvs_std0.02_90k_RMSELoss_20260729_202908,ModelEfficientNetB0_fvs_std0.02_90k_RMSELoss,RMSELoss,2026-07-29 20:29:08,155/200,2026-07-30 08:04:17,0.028107,0.064373,False,0.00000078,267.34,36997985,8,42
ModelEfficientNetB0_fvs_std0.02_90k_RMSELoss_20260729_202908,ModelEfficientNetB0_fvs_std0.02_90k_RMSELoss,RMSELoss,2026-07-29 20:29:08,156/200,2026-07-30 08:08:43,0.028029,0.064157,True,0.00000078,266.42,36997985,8,42
ModelEfficientNetB0_fvs_std0.02_90k_RMSELoss_20260729_202908,ModelEfficientNetB0_fvs_std0.02_90k_RMSELoss,RMSELoss,2026-07-29 20:29:08,157/200,2026-07-30 08:13:19,0.028098,0.064229,False,0.00000078,266.13,36997985,8,42
ModelEfficientNetB0_fvs_std0.02_90k_RMSELoss_20260729_202908,ModelEfficientNetB0_fvs_std0.02_90k_RMSELoss,RMSELoss,2026-07-29 20:29:08,158/200,2026-07-30 08:17:44,0.028090,0.064246,False,0.00000078,264.58,36997985,8,42
ModelEfficientNetB0_fvs_std0.02_90k_RMSELoss_20260729_202908,ModelEfficientNetB0_fvs_std0.02_90k_RMSELoss,RMSELoss,2026-07-29 20:29:08,159/200,2026-07-30 08:22:11,0.028018,0.064310,False,0.00000078,266.84,36997985,8,42
ModelEfficientNetB0_fvs_std0.02_90k_RMSELoss_20260729_202908,ModelEfficientNetB0_fvs_std0.02_90k_RMSELoss,RMSELoss,2026-07-29 20:29:08,160/200,2026-07-30 08:26:35,0.028050,0.064264,False,0.00000039,264.66,36997985,8,42
ModelEfficientNetB0_fvs_std0.02_90k_RMSELoss_20260729_202908,ModelEfficientNetB0_fvs_std0.02_90k_RMSELoss,RMSELoss,2026-07-29 20:29:08,161/200,2026-07-30 08:31:05,0.028008,0.064332,False,0.00000039,269.57,36997985,8,42
ModelEfficientNetB0_fvs_std0.02_90k_RMSELoss_20260729_202908,ModelEfficientNetB0_fvs_std0.02_90k_RMSELoss,RMSELoss,2026-07-29 20:29:08,162/200,2026-07-30 08:35:30,0.027984,0.064405,False,0.00000039,264.85,36997985,8,42
ModelEfficientNetB0_fvs_std0.02_90k_RMSELoss_20260729_202908,ModelEfficientNetB0_fvs_std0.02_90k_RMSELoss,RMSELoss,2026-07-29 20:29:08,163/200,2026-07-30 08:39:55,0.028030,0.064335,False,0.00000039,264.82,36997985,8,42
ModelEfficientNetB0_fvs_std0.02_90k_RMSELoss_20260729_202908,ModelEfficientNetB0_fvs_std0.02_90k_RMSELoss,RMSELoss,2026-07-29 20:29:08,164/200,2026-07-30 08:44:20,0.027954,0.064169,False,0.00000039,265.51,36997985,8,42
ModelEfficientNetB0_fvs_std0.02_90k_RMSELoss_20260729_202908,ModelEfficientNetB0_fvs_std0.02_90k_RMSELoss,RMSELoss,2026-07-29 20:29:08,165/200,2026-07-30 08:48:46,0.028015,0.064389,False,0.00000039,266.15,36997985,8,42
ModelEfficientNetB0_fvs_std0.02_90k_RMSELoss_20260729_202908,ModelEfficientNetB0_fvs_std0.02_90k_RMSELoss,RMSELoss,2026-07-29 20:29:08,166/200,2026-07-30 08:53:13,0.027993,0.064463,False,0.00000039,266.28,36997985,8,42
ModelEfficientNetB0_fvs_std0.02_90k_RMSELoss_20260729_202908,ModelEfficientNetB0_fvs_std0.02_90k_RMSELoss,RMSELoss,2026-07-29 20:29:08,167/200,2026-07-30 08:57:40,0.028039,0.064167,False,0.00000039,267.69,36997985,8,42
ModelEfficientNetB0_fvs_std0.02_90k_RMSELoss_20260729_202908,ModelEfficientNetB0_fvs_std0.02_90k_RMSELoss,RMSELoss,2026-07-29 20:29:08,168/200,2026-07-30 09:02:05,0.027970,0.064305,False,0.00000039,265.03,36997985,8,42
ModelEfficientNetB0_fvs_std0.02_90k_RMSELoss_20260729_202908,ModelEfficientNetB0_fvs_std0.02_90k_RMSELoss,RMSELoss,2026-07-29 20:29:08,169/200,2026-07-30 09:06:32,0.028019,0.064192,False,0.00000039,266.59,36997985,8,42
ModelEfficientNetB0_fvs_std0.02_90k_RMSELoss_20260729_202908,ModelEfficientNetB0_fvs_std0.02_90k_RMSELoss,RMSELoss,2026-07-29 20:29:08,170/200,2026-07-30 09:10:58,0.028072,0.064220,False,0.00000039,266.25,36997985,8,42
ModelEfficientNetB0_fvs_std0.02_90k_RMSELoss_20260729_202908,ModelEfficientNetB0_fvs_std0.02_90k_RMSELoss,RMSELoss,2026-07-29 20:29:08,171/200,2026-07-30 09:15:24,0.027946,0.064341,False,0.00000039,265.82,36997985,8,42
ModelEfficientNetB0_fvs_std0.02_90k_RMSELoss_20260729_202908,ModelEfficientNetB0_fvs_std0.02_90k_RMSELoss,RMSELoss,2026-07-29 20:29:08,172/200,2026-07-30 09:19:49,0.027956,0.064276,False,0.00000039,265.32,36997985,8,42
ModelEfficientNetB0_fvs_std0.02_90k_RMSELoss_20260729_202908,ModelEfficientNetB0_fvs_std0.02_90k_RMSELoss,RMSELoss,2026-07-29 20:29:08,173/200,2026-07-30 09:24:17,0.027978,0.064087,True,0.00000039,267.93,36997985,8,42
ModelEfficientNetB0_fvs_std0.02_90k_RMSELoss_20260729_202908,ModelEfficientNetB0_fvs_std0.02_90k_RMSELoss,RMSELoss,2026-07-29 20:29:08,174/200,2026-07-30 09:28:52,0.027985,0.064378,False,0.00000039,264.61,36997985,8,42
ModelEfficientNetB0_fvs_std0.02_90k_RMSELoss_20260729_202908,ModelEfficientNetB0_fvs_std0.02_90k_RMSELoss,RMSELoss,2026-07-29 20:29:08,175/200,2026-07-30 09:33:20,0.027912,0.064298,False,0.00000039,268.69,36997985,8,42
ModelEfficientNetB0_fvs_std0.02_90k_RMSELoss_20260729_202908,ModelEfficientNetB0_fvs_std0.02_90k_RMSELoss,RMSELoss,2026-07-29 20:29:08,176/200,2026-07-30 09:37:47,0.027889,0.064335,False,0.00000039,266.42,36997985,8,42
ModelEfficientNetB0_fvs_std0.02_90k_RMSELoss_20260729_202908,ModelEfficientNetB0_fvs_std0.02_90k_RMSELoss,RMSELoss,2026-07-29 20:29:08,177/200,2026-07-30 09:42:11,0.027948,0.064300,False,0.00000039,264.22,36997985,8,42
ModelEfficientNetB0_fvs_std0.02_90k_RMSELoss_20260729_202908,ModelEfficientNetB0_fvs_std0.02_90k_RMSELoss,RMSELoss,2026-07-29 20:29:08,178/200,2026-07-30 09:46:37,0.027923,0.064324,False,0.00000039,265.84,36997985,8,42
ModelEfficientNetB0_fvs_std0.02_90k_RMSELoss_20260729_202908,ModelEfficientNetB0_fvs_std0.02_90k_RMSELoss,RMSELoss,2026-07-29 20:29:08,179/200,2026-07-30 09:51:03,0.027920,0.064261,False,0.00000039,266.14,36997985,8,42
ModelEfficientNetB0_fvs_std0.02_90k_RMSELoss_20260729_202908,ModelEfficientNetB0_fvs_std0.02_90k_RMSELoss,RMSELoss,2026-07-29 20:29:08,180/200,2026-07-30 09:55:28,0.027990,0.064280,False,0.00000020,265.57,36997985,8,42
ModelEfficientNetB0_fvs_std0.02_90k_RMSELoss_20260729_202908,ModelEfficientNetB0_fvs_std0.02_90k_RMSELoss,RMSELoss,2026-07-29 20:29:08,181/200,2026-07-30 09:59:53,0.027899,0.064162,False,0.00000020,264.46,36997985,8,42
ModelEfficientNetB0_fvs_std0.02_90k_RMSELoss_20260729_202908,ModelEfficientNetB0_fvs_std0.02_90k_RMSELoss,RMSELoss,2026-07-29 20:29:08,182/200,2026-07-30 10:04:19,0.027892,0.064296,False,0.00000020,266.29,36997985,8,42
ModelEfficientNetB0_fvs_std0.02_90k_RMSELoss_20260729_202908,ModelEfficientNetB0_fvs_std0.02_90k_RMSELoss,RMSELoss,2026-07-29 20:29:08,183/200,2026-07-30 10:08:46,0.027932,0.064327,False,0.00000020,267.02,36997985,8,42
ModelEfficientNetB0_fvs_std0.02_90k_RMSELoss_20260729_202908,ModelEfficientNetB0_fvs_std0.02_90k_RMSELoss,RMSELoss,2026-07-29 20:29:08,184/200,2026-07-30 10:13:14,0.027887,0.064183,False,0.00000020,268.22,36997985,8,42
ModelEfficientNetB0_fvs_std0.02_90k_RMSELoss_20260729_202908,ModelEfficientNetB0_fvs_std0.02_90k_RMSELoss,RMSELoss,2026-07-29 20:29:08,185/200,2026-07-30 10:17:39,0.027886,0.064214,False,0.00000020,264.20,36997985,8,42
ModelEfficientNetB0_fvs_std0.02_90k_RMSELoss_20260729_202908,ModelEfficientNetB0_fvs_std0.02_90k_RMSELoss,RMSELoss,2026-07-29 20:29:08,186/200,2026-07-30 10:22:03,0.027907,0.064196,False,0.00000020,264.46,36997985,8,42
ModelEfficientNetB0_fvs_std0.02_90k_RMSELoss_20260729_202908,ModelEfficientNetB0_fvs_std0.02_90k_RMSELoss,RMSELoss,2026-07-29 20:29:08,187/200,2026-07-30 10:26:31,0.027836,0.064289,False,0.00000020,267.51,36997985,8,42
ModelEfficientNetB0_fvs_std0.02_90k_RMSELoss_20260729_202908,ModelEfficientNetB0_fvs_std0.02_90k_RMSELoss,RMSELoss,2026-07-29 20:29:08,188/200,2026-07-30 10:30:56,0.027903,0.064282,False,0.00000020,265.72,36997985,8,42
ModelEfficientNetB0_fvs_std0.02_90k_RMSELoss_20260729_202908,ModelEfficientNetB0_fvs_std0.02_90k_RMSELoss,RMSELoss,2026-07-29 20:29:08,189/200,2026-07-30 10:35:23,0.027914,0.064198,False,0.00000020,266.63,36997985,8,42
ModelEfficientNetB0_fvs_std0.02_90k_RMSELoss_20260729_202908,ModelEfficientNetB0_fvs_std0.02_90k_RMSELoss,RMSELoss,2026-07-29 20:29:08,190/200,2026-07-30 10:39:48,0.027900,0.064211,False,0.00000020,264.84,36997985,8,42
ModelEfficientNetB0_fvs_std0.02_90k_RMSELoss_20260729_202908,ModelEfficientNetB0_fvs_std0.02_90k_RMSELoss,RMSELoss,2026-07-29 20:29:08,191/200,2026-07-30 10:44:14,0.027942,0.064413,False,0.00000020,266.29,36997985,8,42
ModelEfficientNetB0_fvs_std0.02_90k_RMSELoss_20260729_202908,ModelEfficientNetB0_fvs_std0.02_90k_RMSELoss,RMSELoss,2026-07-29 20:29:08,192/200,2026-07-30 10:48:38,0.027911,0.064263,False,0.00000020,263.98,36997985,8,42
ModelEfficientNetB0_fvs_std0.02_90k_RMSELoss_20260729_202908,ModelEfficientNetB0_fvs_std0.02_90k_RMSELoss,RMSELoss,2026-07-29 20:29:08,193/200,2026-07-30 10:53:06,0.027806,0.064204,False,0.00000020,267.40,36997985,8,42
ModelEfficientNetB0_fvs_std0.02_90k_RMSELoss_20260729_202908,ModelEfficientNetB0_fvs_std0.02_90k_RMSELoss,RMSELoss,2026-07-29 20:29:08,194/200,2026-07-30 10:57:31,0.027887,0.064362,False,0.00000020,265.53,36997985,8,42
ModelEfficientNetB0_fvs_std0.02_90k_RMSELoss_20260729_202908,ModelEfficientNetB0_fvs_std0.02_90k_RMSELoss,RMSELoss,2026-07-29 20:29:08,195/200,2026-07-30 11:02:00,0.027972,0.064285,False,0.00000020,269.28,36997985,8,42
ModelEfficientNetB0_fvs_std0.02_90k_RMSELoss_20260729_202908,ModelEfficientNetB0_fvs_std0.02_90k_RMSELoss,RMSELoss,2026-07-29 20:29:08,196/200,2026-07-30 11:06:26,0.027821,0.064276,False,0.00000020,265.69,36997985,8,42
ModelEfficientNetB0_fvs_std0.02_90k_RMSELoss_20260729_202908,ModelEfficientNetB0_fvs_std0.02_90k_RMSELoss,RMSELoss,2026-07-29 20:29:08,197/200,2026-07-30 11:10:51,0.027884,0.064409,False,0.00000020,264.67,36997985,8,42
ModelEfficientNetB0_fvs_std0.02_90k_RMSELoss_20260729_202908,ModelEfficientNetB0_fvs_std0.02_90k_RMSELoss,RMSELoss,2026-07-29 20:29:08,198/200,2026-07-30 11:15:15,0.027812,0.064339,False,0.00000020,264.57,36997985,8,42
ModelEfficientNetB0_fvs_std0.02_90k_RMSELoss_20260729_202908,ModelEfficientNetB0_fvs_std0.02_90k_RMSELoss,RMSELoss,2026-07-29 20:29:08,199/200,2026-07-30 11:19:42,0.027810,0.064279,False,0.00000020,266.54,36997985,8,42
ModelEfficientNetB0_fvs_std0.02_90k_RMSELoss_20260729_202908,ModelEfficientNetB0_fvs_std0.02_90k_RMSELoss,RMSELoss,2026-07-29 20:29:08,200/200,2026-07-30 11:24:08,0.027850,0.064271,False,0.00000010,265.95,36997985,8,42
