run_id,model_name,criterion,run_started_at,epoch,epoch_timestamp,train_loss,val_loss,is_best,learning_rate,epoch_duration_sec,num_params,batch_size,seed
ModelCNN_fvs_No_Noise_90k_RMSELoss_20260717_155940,ModelCNN_fvs_No_Noise_90k_RMSELoss,RMSELoss,2026-07-17 15:59:40,1/200,2026-07-17 16:03:55,0.111272,0.096930,True,0.00010000,254.53,58260749,8,42
ModelCNN_fvs_No_Noise_90k_RMSELoss_20260717_155940,ModelCNN_fvs_No_Noise_90k_RMSELoss,RMSELoss,2026-07-17 15:59:40,2/200,2026-07-17 16:08:11,0.095595,0.089653,True,0.00010000,245.08,58260749,8,42
ModelCNN_fvs_No_Noise_90k_RMSELoss_20260717_155940,ModelCNN_fvs_No_Noise_90k_RMSELoss,RMSELoss,2026-07-17 15:59:40,3/200,2026-07-17 16:12:33,0.088768,0.088457,True,0.00010000,252.55,58260749,8,42
ModelCNN_fvs_No_Noise_90k_RMSELoss_20260717_155940,ModelCNN_fvs_No_Noise_90k_RMSELoss,RMSELoss,2026-07-17 15:59:40,4/200,2026-07-17 16:16:56,0.083671,0.081772,True,0.00010000,252.04,58260749,8,42
ModelCNN_fvs_No_Noise_90k_RMSELoss_20260717_155940,ModelCNN_fvs_No_Noise_90k_RMSELoss,RMSELoss,2026-07-17 15:59:40,5/200,2026-07-17 16:21:13,0.080189,0.081086,True,0.00010000,246.89,58260749,8,42
ModelCNN_fvs_No_Noise_90k_RMSELoss_20260717_155940,ModelCNN_fvs_No_Noise_90k_RMSELoss,RMSELoss,2026-07-17 15:59:40,6/200,2026-07-17 16:25:26,0.076736,0.078450,True,0.00010000,243.43,58260749,8,42
ModelCNN_fvs_No_Noise_90k_RMSELoss_20260717_155940,ModelCNN_fvs_No_Noise_90k_RMSELoss,RMSELoss,2026-07-17 15:59:40,7/200,2026-07-17 16:29:41,0.073677,0.076335,True,0.00010000,244.47,58260749,8,42
ModelCNN_fvs_No_Noise_90k_RMSELoss_20260717_155940,ModelCNN_fvs_No_Noise_90k_RMSELoss,RMSELoss,2026-07-17 15:59:40,8/200,2026-07-17 16:33:55,0.070812,0.076048,True,0.00010000,244.13,58260749,8,42
ModelCNN_fvs_No_Noise_90k_RMSELoss_20260717_155940,ModelCNN_fvs_No_Noise_90k_RMSELoss,RMSELoss,2026-07-17 15:59:40,9/200,2026-07-17 16:38:07,0.067909,0.075363,True,0.00010000,242.22,58260749,8,42
ModelCNN_fvs_No_Noise_90k_RMSELoss_20260717_155940,ModelCNN_fvs_No_Noise_90k_RMSELoss,RMSELoss,2026-07-17 15:59:40,10/200,2026-07-17 16:42:20,0.065486,0.075440,False,0.00010000,242.39,58260749,8,42
ModelCNN_fvs_No_Noise_90k_RMSELoss_20260717_155940,ModelCNN_fvs_No_Noise_90k_RMSELoss,RMSELoss,2026-07-17 15:59:40,11/200,2026-07-17 16:46:22,0.062924,0.073239,True,0.00010000,242.40,58260749,8,42
ModelCNN_fvs_No_Noise_90k_RMSELoss_20260717_155940,ModelCNN_fvs_No_Noise_90k_RMSELoss,RMSELoss,2026-07-17 15:59:40,12/200,2026-07-17 16:50:34,0.060918,0.074695,False,0.00010000,241.84,58260749,8,42
ModelCNN_fvs_No_Noise_90k_RMSELoss_20260717_155940,ModelCNN_fvs_No_Noise_90k_RMSELoss,RMSELoss,2026-07-17 15:59:40,13/200,2026-07-17 16:54:34,0.058828,0.074461,False,0.00010000,239.74,58260749,8,42
ModelCNN_fvs_No_Noise_90k_RMSELoss_20260717_155940,ModelCNN_fvs_No_Noise_90k_RMSELoss,RMSELoss,2026-07-17 15:59:40,14/200,2026-07-17 16:58:36,0.057035,0.072264,True,0.00010000,242.51,58260749,8,42
ModelCNN_fvs_No_Noise_90k_RMSELoss_20260717_155940,ModelCNN_fvs_No_Noise_90k_RMSELoss,RMSELoss,2026-07-17 15:59:40,15/200,2026-07-17 17:02:48,0.055319,0.073695,False,0.00010000,241.37,58260749,8,42
ModelCNN_fvs_No_Noise_90k_RMSELoss_20260717_155940,ModelCNN_fvs_No_Noise_90k_RMSELoss,RMSELoss,2026-07-17 15:59:40,16/200,2026-07-17 17:06:52,0.053606,0.071052,True,0.00010000,244.35,58260749,8,42
ModelCNN_fvs_No_Noise_90k_RMSELoss_20260717_155940,ModelCNN_fvs_No_Noise_90k_RMSELoss,RMSELoss,2026-07-17 15:59:40,17/200,2026-07-17 17:11:04,0.052129,0.071860,False,0.00010000,241.58,58260749,8,42
ModelCNN_fvs_No_Noise_90k_RMSELoss_20260717_155940,ModelCNN_fvs_No_Noise_90k_RMSELoss,RMSELoss,2026-07-17 15:59:40,18/200,2026-07-17 17:15:06,0.050864,0.070649,True,0.00010000,242.61,58260749,8,42
ModelCNN_fvs_No_Noise_90k_RMSELoss_20260717_155940,ModelCNN_fvs_No_Noise_90k_RMSELoss,RMSELoss,2026-07-17 15:59:40,19/200,2026-07-17 17:19:18,0.049525,0.071257,False,0.00010000,241.46,58260749,8,42
ModelCNN_fvs_No_Noise_90k_RMSELoss_20260717_155940,ModelCNN_fvs_No_Noise_90k_RMSELoss,RMSELoss,2026-07-17 15:59:40,20/200,2026-07-17 17:23:20,0.048320,0.069724,True,0.00005000,241.82,58260749,8,42
ModelCNN_fvs_No_Noise_90k_RMSELoss_20260717_155940,ModelCNN_fvs_No_Noise_90k_RMSELoss,RMSELoss,2026-07-17 15:59:40,21/200,2026-07-17 17:27:29,0.042603,0.067219,True,0.00005000,239.83,58260749,8,42
ModelCNN_fvs_No_Noise_90k_RMSELoss_20260717_155940,ModelCNN_fvs_No_Noise_90k_RMSELoss,RMSELoss,2026-07-17 15:59:40,22/200,2026-07-17 17:31:43,0.038897,0.067174,True,0.00005000,243.32,58260749,8,42
ModelCNN_fvs_No_Noise_90k_RMSELoss_20260717_155940,ModelCNN_fvs_No_Noise_90k_RMSELoss,RMSELoss,2026-07-17 15:59:40,23/200,2026-07-17 17:35:55,0.037290,0.066766,True,0.00005000,242.32,58260749,8,42
ModelCNN_fvs_No_Noise_90k_RMSELoss_20260717_155940,ModelCNN_fvs_No_Noise_90k_RMSELoss,RMSELoss,2026-07-17 15:59:40,24/200,2026-07-17 17:40:06,0.036055,0.066809,False,0.00005000,241.03,58260749,8,42
ModelCNN_fvs_No_Noise_90k_RMSELoss_20260717_155940,ModelCNN_fvs_No_Noise_90k_RMSELoss,RMSELoss,2026-07-17 15:59:40,25/200,2026-07-17 17:44:07,0.034848,0.066572,True,0.00005000,241.15,58260749,8,42
ModelCNN_fvs_No_Noise_90k_RMSELoss_20260717_155940,ModelCNN_fvs_No_Noise_90k_RMSELoss,RMSELoss,2026-07-17 15:59:40,26/200,2026-07-17 17:48:18,0.033848,0.066890,False,0.00005000,240.62,58260749,8,42
ModelCNN_fvs_No_Noise_90k_RMSELoss_20260717_155940,ModelCNN_fvs_No_Noise_90k_RMSELoss,RMSELoss,2026-07-17 15:59:40,27/200,2026-07-17 17:52:19,0.032911,0.066656,False,0.00005000,241.62,58260749,8,42
ModelCNN_fvs_No_Noise_90k_RMSELoss_20260717_155940,ModelCNN_fvs_No_Noise_90k_RMSELoss,RMSELoss,2026-07-17 15:59:40,28/200,2026-07-17 17:56:22,0.032121,0.066816,False,0.00005000,242.05,58260749,8,42
ModelCNN_fvs_No_Noise_90k_RMSELoss_20260717_155940,ModelCNN_fvs_No_Noise_90k_RMSELoss,RMSELoss,2026-07-17 15:59:40,29/200,2026-07-17 18:00:23,0.031319,0.066649,False,0.00005000,241.87,58260749,8,42
ModelCNN_fvs_No_Noise_90k_RMSELoss_20260717_155940,ModelCNN_fvs_No_Noise_90k_RMSELoss,RMSELoss,2026-07-17 15:59:40,30/200,2026-07-17 18:04:27,0.030492,0.066377,True,0.00005000,244.07,58260749,8,42
ModelCNN_fvs_No_Noise_90k_RMSELoss_20260717_155940,ModelCNN_fvs_No_Noise_90k_RMSELoss,RMSELoss,2026-07-17 15:59:40,31/200,2026-07-17 18:08:39,0.029744,0.066544,False,0.00005000,241.32,58260749,8,42
ModelCNN_fvs_No_Noise_90k_RMSELoss_20260717_155940,ModelCNN_fvs_No_Noise_90k_RMSELoss,RMSELoss,2026-07-17 15:59:40,32/200,2026-07-17 18:12:44,0.029149,0.066062,True,0.00005000,244.95,58260749,8,42
ModelCNN_fvs_No_Noise_90k_RMSELoss_20260717_155940,ModelCNN_fvs_No_Noise_90k_RMSELoss,RMSELoss,2026-07-17 15:59:40,33/200,2026-07-17 18:16:57,0.028483,0.066305,False,0.00005000,243.07,58260749,8,42
ModelCNN_fvs_No_Noise_90k_RMSELoss_20260717_155940,ModelCNN_fvs_No_Noise_90k_RMSELoss,RMSELoss,2026-07-17 15:59:40,34/200,2026-07-17 18:21:00,0.027923,0.066110,False,0.00005000,243.28,58260749,8,42
ModelCNN_fvs_No_Noise_90k_RMSELoss_20260717_155940,ModelCNN_fvs_No_Noise_90k_RMSELoss,RMSELoss,2026-07-17 15:59:40,35/200,2026-07-17 18:25:04,0.027214,0.066248,False,0.00005000,243.82,58260749,8,42
ModelCNN_fvs_No_Noise_90k_RMSELoss_20260717_155940,ModelCNN_fvs_No_Noise_90k_RMSELoss,RMSELoss,2026-07-17 15:59:40,36/200,2026-07-17 18:29:07,0.026696,0.066214,False,0.00005000,243.42,58260749,8,42
ModelCNN_fvs_No_Noise_90k_RMSELoss_20260717_155940,ModelCNN_fvs_No_Noise_90k_RMSELoss,RMSELoss,2026-07-17 15:59:40,37/200,2026-07-17 18:33:11,0.026182,0.066302,False,0.00005000,243.33,58260749,8,42
ModelCNN_fvs_No_Noise_90k_RMSELoss_20260717_155940,ModelCNN_fvs_No_Noise_90k_RMSELoss,RMSELoss,2026-07-17 15:59:40,38/200,2026-07-17 18:37:13,0.025615,0.065724,True,0.00005000,242.18,58260749,8,42
ModelCNN_fvs_No_Noise_90k_RMSELoss_20260717_155940,ModelCNN_fvs_No_Noise_90k_RMSELoss,RMSELoss,2026-07-17 15:59:40,39/200,2026-07-17 18:41:28,0.025147,0.065822,False,0.00005000,245.34,58260749,8,42
ModelCNN_fvs_No_Noise_90k_RMSELoss_20260717_155940,ModelCNN_fvs_No_Noise_90k_RMSELoss,RMSELoss,2026-07-17 15:59:40,40/200,2026-07-17 18:45:31,0.024618,0.066044,False,0.00002500,243.00,58260749,8,42
ModelCNN_fvs_No_Noise_90k_RMSELoss_20260717_155940,ModelCNN_fvs_No_Noise_90k_RMSELoss,RMSELoss,2026-07-17 15:59:40,41/200,2026-07-17 18:49:33,0.021966,0.064866,True,0.00002500,241.70,58260749,8,42
ModelCNN_fvs_No_Noise_90k_RMSELoss_20260717_155940,ModelCNN_fvs_No_Noise_90k_RMSELoss,RMSELoss,2026-07-17 15:59:40,42/200,2026-07-17 18:53:44,0.019788,0.064767,True,0.00002500,240.91,58260749,8,42
ModelCNN_fvs_No_Noise_90k_RMSELoss_20260717_155940,ModelCNN_fvs_No_Noise_90k_RMSELoss,RMSELoss,2026-07-17 15:59:40,43/200,2026-07-17 18:57:56,0.019093,0.064753,True,0.00002500,241.47,58260749,8,42
ModelCNN_fvs_No_Noise_90k_RMSELoss_20260717_155940,ModelCNN_fvs_No_Noise_90k_RMSELoss,RMSELoss,2026-07-17 15:59:40,44/200,2026-07-17 19:02:07,0.018591,0.064372,True,0.00002500,241.95,58260749,8,42
ModelCNN_fvs_No_Noise_90k_RMSELoss_20260717_155940,ModelCNN_fvs_No_Noise_90k_RMSELoss,RMSELoss,2026-07-17 15:59:40,45/200,2026-07-17 19:06:19,0.018138,0.064617,False,0.00002500,241.11,58260749,8,42
ModelCNN_fvs_No_Noise_90k_RMSELoss_20260717_155940,ModelCNN_fvs_No_Noise_90k_RMSELoss,RMSELoss,2026-07-17 15:59:40,46/200,2026-07-17 19:10:20,0.017791,0.064412,False,0.00002500,241.19,58260749,8,42
ModelCNN_fvs_No_Noise_90k_RMSELoss_20260717_155940,ModelCNN_fvs_No_Noise_90k_RMSELoss,RMSELoss,2026-07-17 15:59:40,47/200,2026-07-17 19:14:21,0.017421,0.064337,True,0.00002500,241.54,58260749,8,42
ModelCNN_fvs_No_Noise_90k_RMSELoss_20260717_155940,ModelCNN_fvs_No_Noise_90k_RMSELoss,RMSELoss,2026-07-17 15:59:40,48/200,2026-07-17 19:18:31,0.017116,0.064740,False,0.00002500,240.06,58260749,8,42
ModelCNN_fvs_No_Noise_90k_RMSELoss_20260717_155940,ModelCNN_fvs_No_Noise_90k_RMSELoss,RMSELoss,2026-07-17 15:59:40,49/200,2026-07-17 19:22:32,0.016766,0.064524,False,0.00002500,240.65,58260749,8,42
ModelCNN_fvs_No_Noise_90k_RMSELoss_20260717_155940,ModelCNN_fvs_No_Noise_90k_RMSELoss,RMSELoss,2026-07-17 15:59:40,50/200,2026-07-17 19:26:32,0.016502,0.064598,False,0.00002500,239.66,58260749,8,42
ModelCNN_fvs_No_Noise_90k_RMSELoss_20260717_155940,ModelCNN_fvs_No_Noise_90k_RMSELoss,RMSELoss,2026-07-17 15:59:40,51/200,2026-07-17 19:30:33,0.016253,0.064599,False,0.00002500,241.02,58260749,8,42
ModelCNN_fvs_No_Noise_90k_RMSELoss_20260717_155940,ModelCNN_fvs_No_Noise_90k_RMSELoss,RMSELoss,2026-07-17 15:59:40,52/200,2026-07-17 19:34:34,0.015952,0.064546,False,0.00002500,240.98,58260749,8,42
ModelCNN_fvs_No_Noise_90k_RMSELoss_20260717_155940,ModelCNN_fvs_No_Noise_90k_RMSELoss,RMSELoss,2026-07-17 15:59:40,53/200,2026-07-17 19:38:35,0.015691,0.064528,False,0.00002500,240.93,58260749,8,42
ModelCNN_fvs_No_Noise_90k_RMSELoss_20260717_155940,ModelCNN_fvs_No_Noise_90k_RMSELoss,RMSELoss,2026-07-17 15:59:40,54/200,2026-07-17 19:42:37,0.015518,0.064322,True,0.00002500,242.15,58260749,8,42
ModelCNN_fvs_No_Noise_90k_RMSELoss_20260717_155940,ModelCNN_fvs_No_Noise_90k_RMSELoss,RMSELoss,2026-07-17 15:59:40,55/200,2026-07-17 19:46:49,0.015232,0.064523,False,0.00002500,242.29,58260749,8,42
ModelCNN_fvs_No_Noise_90k_RMSELoss_20260717_155940,ModelCNN_fvs_No_Noise_90k_RMSELoss,RMSELoss,2026-07-17 15:59:40,56/200,2026-07-17 19:50:54,0.015032,0.064583,False,0.00002500,244.58,58260749,8,42
ModelCNN_fvs_No_Noise_90k_RMSELoss_20260717_155940,ModelCNN_fvs_No_Noise_90k_RMSELoss,RMSELoss,2026-07-17 15:59:40,57/200,2026-07-17 19:54:56,0.014872,0.064293,True,0.00002500,242.09,58260749,8,42
ModelCNN_fvs_No_Noise_90k_RMSELoss_20260717_155940,ModelCNN_fvs_No_Noise_90k_RMSELoss,RMSELoss,2026-07-17 15:59:40,58/200,2026-07-17 19:59:07,0.014630,0.064392,False,0.00002500,240.63,58260749,8,42
ModelCNN_fvs_No_Noise_90k_RMSELoss_20260717_155940,ModelCNN_fvs_No_Noise_90k_RMSELoss,RMSELoss,2026-07-17 15:59:40,59/200,2026-07-17 20:03:08,0.014457,0.064428,False,0.00002500,241.41,58260749,8,42
ModelCNN_fvs_No_Noise_90k_RMSELoss_20260717_155940,ModelCNN_fvs_No_Noise_90k_RMSELoss,RMSELoss,2026-07-17 15:59:40,60/200,2026-07-17 20:07:09,0.014251,0.064318,False,0.00001250,241.40,58260749,8,42
ModelCNN_fvs_No_Noise_90k_RMSELoss_20260717_155940,ModelCNN_fvs_No_Noise_90k_RMSELoss,RMSELoss,2026-07-17 15:59:40,61/200,2026-07-17 20:11:11,0.013129,0.064087,True,0.00001250,242.02,58260749,8,42
ModelCNN_fvs_No_Noise_90k_RMSELoss_20260717_155940,ModelCNN_fvs_No_Noise_90k_RMSELoss,RMSELoss,2026-07-17 15:59:40,62/200,2026-07-17 20:15:24,0.012210,0.064167,False,0.00001250,242.21,58260749,8,42
ModelCNN_fvs_No_Noise_90k_RMSELoss_20260717_155940,ModelCNN_fvs_No_Noise_90k_RMSELoss,RMSELoss,2026-07-17 15:59:40,63/200,2026-07-17 20:19:26,0.011924,0.064126,False,0.00001250,241.91,58260749,8,42
ModelCNN_fvs_No_Noise_90k_RMSELoss_20260717_155940,ModelCNN_fvs_No_Noise_90k_RMSELoss,RMSELoss,2026-07-17 15:59:40,64/200,2026-07-17 20:23:27,0.011746,0.064128,False,0.00001250,241.76,58260749,8,42
ModelCNN_fvs_No_Noise_90k_RMSELoss_20260717_155940,ModelCNN_fvs_No_Noise_90k_RMSELoss,RMSELoss,2026-07-17 15:59:40,65/200,2026-07-17 20:27:27,0.011562,0.064098,False,0.00001250,240.11,58260749,8,42
ModelCNN_fvs_No_Noise_90k_RMSELoss_20260717_155940,ModelCNN_fvs_No_Noise_90k_RMSELoss,RMSELoss,2026-07-17 15:59:40,66/200,2026-07-17 20:31:29,0.011431,0.063955,True,0.00001250,241.42,58260749,8,42
ModelCNN_fvs_No_Noise_90k_RMSELoss_20260717_155940,ModelCNN_fvs_No_Noise_90k_RMSELoss,RMSELoss,2026-07-17 15:59:40,67/200,2026-07-17 20:35:47,0.011266,0.064021,False,0.00001250,248.52,58260749,8,42
ModelCNN_fvs_No_Noise_90k_RMSELoss_20260717_155940,ModelCNN_fvs_No_Noise_90k_RMSELoss,RMSELoss,2026-07-17 15:59:40,68/200,2026-07-17 20:39:48,0.011166,0.063857,True,0.00001250,240.67,58260749,8,42
ModelCNN_fvs_No_Noise_90k_RMSELoss_20260717_155940,ModelCNN_fvs_No_Noise_90k_RMSELoss,RMSELoss,2026-07-17 15:59:40,69/200,2026-07-17 20:43:59,0.011058,0.064065,False,0.00001250,240.79,58260749,8,42
ModelCNN_fvs_No_Noise_90k_RMSELoss_20260717_155940,ModelCNN_fvs_No_Noise_90k_RMSELoss,RMSELoss,2026-07-17 15:59:40,70/200,2026-07-17 20:47:59,0.010936,0.063860,False,0.00001250,240.49,58260749,8,42
ModelCNN_fvs_No_Noise_90k_RMSELoss_20260717_155940,ModelCNN_fvs_No_Noise_90k_RMSELoss,RMSELoss,2026-07-17 15:59:40,71/200,2026-07-17 20:52:01,0.010815,0.064044,False,0.00001250,241.28,58260749,8,42
ModelCNN_fvs_No_Noise_90k_RMSELoss_20260717_155940,ModelCNN_fvs_No_Noise_90k_RMSELoss,RMSELoss,2026-07-17 15:59:40,72/200,2026-07-17 20:56:00,0.010685,0.063941,False,0.00001250,239.58,58260749,8,42
ModelCNN_fvs_No_Noise_90k_RMSELoss_20260717_155940,ModelCNN_fvs_No_Noise_90k_RMSELoss,RMSELoss,2026-07-17 15:59:40,73/200,2026-07-17 21:00:00,0.010617,0.063952,False,0.00001250,239.91,58260749,8,42
ModelCNN_fvs_No_Noise_90k_RMSELoss_20260717_155940,ModelCNN_fvs_No_Noise_90k_RMSELoss,RMSELoss,2026-07-17 15:59:40,74/200,2026-07-17 21:04:01,0.010521,0.063913,False,0.00001250,240.40,58260749,8,42
ModelCNN_fvs_No_Noise_90k_RMSELoss_20260717_155940,ModelCNN_fvs_No_Noise_90k_RMSELoss,RMSELoss,2026-07-17 15:59:40,75/200,2026-07-17 21:08:01,0.010422,0.064147,False,0.00001250,240.67,58260749,8,42
ModelCNN_fvs_No_Noise_90k_RMSELoss_20260717_155940,ModelCNN_fvs_No_Noise_90k_RMSELoss,RMSELoss,2026-07-17 15:59:40,76/200,2026-07-17 21:12:03,0.010370,0.063869,False,0.00001250,241.32,58260749,8,42
ModelCNN_fvs_No_Noise_90k_RMSELoss_20260717_155940,ModelCNN_fvs_No_Noise_90k_RMSELoss,RMSELoss,2026-07-17 15:59:40,77/200,2026-07-17 21:16:03,0.010253,0.064038,False,0.00001250,240.13,58260749,8,42
ModelCNN_fvs_No_Noise_90k_RMSELoss_20260717_155940,ModelCNN_fvs_No_Noise_90k_RMSELoss,RMSELoss,2026-07-17 15:59:40,78/200,2026-07-17 21:20:03,0.010166,0.063930,False,0.00001250,240.03,58260749,8,42
ModelCNN_fvs_No_Noise_90k_RMSELoss_20260717_155940,ModelCNN_fvs_No_Noise_90k_RMSELoss,RMSELoss,2026-07-17 15:59:40,79/200,2026-07-17 21:24:04,0.010104,0.064138,False,0.00001250,241.08,58260749,8,42
ModelCNN_fvs_No_Noise_90k_RMSELoss_20260717_155940,ModelCNN_fvs_No_Noise_90k_RMSELoss,RMSELoss,2026-07-17 15:59:40,80/200,2026-07-17 21:28:05,0.009999,0.063920,False,0.00000625,241.09,58260749,8,42
ModelCNN_fvs_No_Noise_90k_RMSELoss_20260717_155940,ModelCNN_fvs_No_Noise_90k_RMSELoss,RMSELoss,2026-07-17 15:59:40,81/200,2026-07-17 21:32:06,0.009516,0.063894,False,0.00000625,240.64,58260749,8,42
ModelCNN_fvs_No_Noise_90k_RMSELoss_20260717_155940,ModelCNN_fvs_No_Noise_90k_RMSELoss,RMSELoss,2026-07-17 15:59:40,82/200,2026-07-17 21:36:06,0.009142,0.063819,True,0.00000625,240.58,58260749,8,42
ModelCNN_fvs_No_Noise_90k_RMSELoss_20260717_155940,ModelCNN_fvs_No_Noise_90k_RMSELoss,RMSELoss,2026-07-17 15:59:40,83/200,2026-07-17 21:40:16,0.009025,0.063970,False,0.00000625,240.01,58260749,8,42
ModelCNN_fvs_No_Noise_90k_RMSELoss_20260717_155940,ModelCNN_fvs_No_Noise_90k_RMSELoss,RMSELoss,2026-07-17 15:59:40,84/200,2026-07-17 21:44:17,0.008917,0.063895,False,0.00000625,240.29,58260749,8,42
ModelCNN_fvs_No_Noise_90k_RMSELoss_20260717_155940,ModelCNN_fvs_No_Noise_90k_RMSELoss,RMSELoss,2026-07-17 15:59:40,85/200,2026-07-17 21:48:16,0.008860,0.063834,False,0.00000625,239.37,58260749,8,42
ModelCNN_fvs_No_Noise_90k_RMSELoss_20260717_155940,ModelCNN_fvs_No_Noise_90k_RMSELoss,RMSELoss,2026-07-17 15:59:40,86/200,2026-07-17 21:52:17,0.008759,0.063895,False,0.00000625,240.64,58260749,8,42
ModelCNN_fvs_No_Noise_90k_RMSELoss_20260717_155940,ModelCNN_fvs_No_Noise_90k_RMSELoss,RMSELoss,2026-07-17 15:59:40,87/200,2026-07-17 21:56:20,0.008722,0.063887,False,0.00000625,243.46,58260749,8,42
ModelCNN_fvs_No_Noise_90k_RMSELoss_20260717_155940,ModelCNN_fvs_No_Noise_90k_RMSELoss,RMSELoss,2026-07-17 15:59:40,88/200,2026-07-17 22:00:20,0.008671,0.063779,True,0.00000625,240.06,58260749,8,42
ModelCNN_fvs_No_Noise_90k_RMSELoss_20260717_155940,ModelCNN_fvs_No_Noise_90k_RMSELoss,RMSELoss,2026-07-17 15:59:40,89/200,2026-07-17 22:04:31,0.008622,0.063794,False,0.00000625,240.45,58260749,8,42
ModelCNN_fvs_No_Noise_90k_RMSELoss_20260717_155940,ModelCNN_fvs_No_Noise_90k_RMSELoss,RMSELoss,2026-07-17 15:59:40,90/200,2026-07-17 22:08:31,0.008575,0.063827,False,0.00000625,240.84,58260749,8,42
ModelCNN_fvs_No_Noise_90k_RMSELoss_20260717_155940,ModelCNN_fvs_No_Noise_90k_RMSELoss,RMSELoss,2026-07-17 15:59:40,91/200,2026-07-17 22:12:33,0.008515,0.063882,False,0.00000625,241.15,58260749,8,42
ModelCNN_fvs_No_Noise_90k_RMSELoss_20260717_155940,ModelCNN_fvs_No_Noise_90k_RMSELoss,RMSELoss,2026-07-17 15:59:40,92/200,2026-07-17 22:16:34,0.008475,0.063862,False,0.00000625,241.41,58260749,8,42
ModelCNN_fvs_No_Noise_90k_RMSELoss_20260717_155940,ModelCNN_fvs_No_Noise_90k_RMSELoss,RMSELoss,2026-07-17 15:59:40,93/200,2026-07-17 22:20:35,0.008433,0.063767,True,0.00000625,241.34,58260749,8,42
ModelCNN_fvs_No_Noise_90k_RMSELoss_20260717_155940,ModelCNN_fvs_No_Noise_90k_RMSELoss,RMSELoss,2026-07-17 15:59:40,94/200,2026-07-17 22:24:45,0.008403,0.063823,False,0.00000625,239.11,58260749,8,42
ModelCNN_fvs_No_Noise_90k_RMSELoss_20260717_155940,ModelCNN_fvs_No_Noise_90k_RMSELoss,RMSELoss,2026-07-17 15:59:40,95/200,2026-07-17 22:28:46,0.008333,0.063900,False,0.00000625,241.04,58260749,8,42
ModelCNN_fvs_No_Noise_90k_RMSELoss_20260717_155940,ModelCNN_fvs_No_Noise_90k_RMSELoss,RMSELoss,2026-07-17 15:59:40,96/200,2026-07-17 22:32:46,0.008291,0.063942,False,0.00000625,240.90,58260749,8,42
ModelCNN_fvs_No_Noise_90k_RMSELoss_20260717_155940,ModelCNN_fvs_No_Noise_90k_RMSELoss,RMSELoss,2026-07-17 15:59:40,97/200,2026-07-17 22:36:48,0.008274,0.063839,False,0.00000625,241.71,58260749,8,42
ModelCNN_fvs_No_Noise_90k_RMSELoss_20260717_155940,ModelCNN_fvs_No_Noise_90k_RMSELoss,RMSELoss,2026-07-17 15:59:40,98/200,2026-07-17 22:40:50,0.008232,0.063744,True,0.00000625,241.71,58260749,8,42
ModelCNN_fvs_No_Noise_90k_RMSELoss_20260717_155940,ModelCNN_fvs_No_Noise_90k_RMSELoss,RMSELoss,2026-07-17 15:59:40,99/200,2026-07-17 22:45:02,0.008194,0.063855,False,0.00000625,241.57,58260749,8,42
ModelCNN_fvs_No_Noise_90k_RMSELoss_20260717_155940,ModelCNN_fvs_No_Noise_90k_RMSELoss,RMSELoss,2026-07-17 15:59:40,100/200,2026-07-17 22:49:05,0.008148,0.063834,False,0.00000313,243.77,58260749,8,42
ModelCNN_fvs_No_Noise_90k_RMSELoss_20260717_155940,ModelCNN_fvs_No_Noise_90k_RMSELoss,RMSELoss,2026-07-17 15:59:40,101/200,2026-07-17 22:53:08,0.007933,0.063719,True,0.00000313,242.34,58260749,8,42
ModelCNN_fvs_No_Noise_90k_RMSELoss_20260717_155940,ModelCNN_fvs_No_Noise_90k_RMSELoss,RMSELoss,2026-07-17 15:59:40,102/200,2026-07-17 22:57:21,0.007788,0.063796,False,0.00000313,243.04,58260749,8,42
ModelCNN_fvs_No_Noise_90k_RMSELoss_20260717_155940,ModelCNN_fvs_No_Noise_90k_RMSELoss,RMSELoss,2026-07-17 15:59:40,103/200,2026-07-17 23:01:22,0.007715,0.063814,False,0.00000313,241.61,58260749,8,42
ModelCNN_fvs_No_Noise_90k_RMSELoss_20260717_155940,ModelCNN_fvs_No_Noise_90k_RMSELoss,RMSELoss,2026-07-17 15:59:40,104/200,2026-07-17 23:05:23,0.007673,0.063721,False,0.00000313,240.50,58260749,8,42
ModelCNN_fvs_No_Noise_90k_RMSELoss_20260717_155940,ModelCNN_fvs_No_Noise_90k_RMSELoss,RMSELoss,2026-07-17 15:59:40,105/200,2026-07-17 23:09:25,0.007632,0.063795,False,0.00000313,241.72,58260749,8,42
ModelCNN_fvs_No_Noise_90k_RMSELoss_20260717_155940,ModelCNN_fvs_No_Noise_90k_RMSELoss,RMSELoss,2026-07-17 15:59:40,106/200,2026-07-17 23:13:25,0.007616,0.063798,False,0.00000313,240.36,58260749,8,42
ModelCNN_fvs_No_Noise_90k_RMSELoss_20260717_155940,ModelCNN_fvs_No_Noise_90k_RMSELoss,RMSELoss,2026-07-17 15:59:40,107/200,2026-07-17 23:17:27,0.007598,0.063756,False,0.00000313,242.06,58260749,8,42
ModelCNN_fvs_No_Noise_90k_RMSELoss_20260717_155940,ModelCNN_fvs_No_Noise_90k_RMSELoss,RMSELoss,2026-07-17 15:59:40,108/200,2026-07-17 23:21:28,0.007557,0.063749,False,0.00000313,241.35,58260749,8,42
ModelCNN_fvs_No_Noise_90k_RMSELoss_20260717_155940,ModelCNN_fvs_No_Noise_90k_RMSELoss,RMSELoss,2026-07-17 15:59:40,109/200,2026-07-17 23:25:30,0.007536,0.063736,False,0.00000313,241.73,58260749,8,42
ModelCNN_fvs_No_Noise_90k_RMSELoss_20260717_155940,ModelCNN_fvs_No_Noise_90k_RMSELoss,RMSELoss,2026-07-17 15:59:40,110/200,2026-07-17 23:29:33,0.007520,0.063756,False,0.00000313,242.44,58260749,8,42
ModelCNN_fvs_No_Noise_90k_RMSELoss_20260717_155940,ModelCNN_fvs_No_Noise_90k_RMSELoss,RMSELoss,2026-07-17 15:59:40,111/200,2026-07-17 23:33:37,0.007499,0.063773,False,0.00000313,244.19,58260749,8,42
ModelCNN_fvs_No_Noise_90k_RMSELoss_20260717_155940,ModelCNN_fvs_No_Noise_90k_RMSELoss,RMSELoss,2026-07-17 15:59:40,112/200,2026-07-17 23:37:33,0.007466,0.063796,False,0.00000313,236.72,58260749,8,42
ModelCNN_fvs_No_Noise_90k_RMSELoss_20260717_155940,ModelCNN_fvs_No_Noise_90k_RMSELoss,RMSELoss,2026-07-17 15:59:40,113/200,2026-07-17 23:41:28,0.007464,0.063860,False,0.00000313,234.93,58260749,8,42
ModelCNN_fvs_No_Noise_90k_RMSELoss_20260717_155940,ModelCNN_fvs_No_Noise_90k_RMSELoss,RMSELoss,2026-07-17 15:59:40,114/200,2026-07-17 23:45:22,0.007437,0.063843,False,0.00000313,233.79,58260749,8,42
ModelCNN_fvs_No_Noise_90k_RMSELoss_20260717_155940,ModelCNN_fvs_No_Noise_90k_RMSELoss,RMSELoss,2026-07-17 15:59:40,115/200,2026-07-17 23:49:17,0.007421,0.063808,False,0.00000313,234.83,58260749,8,42
ModelCNN_fvs_No_Noise_90k_RMSELoss_20260717_155940,ModelCNN_fvs_No_Noise_90k_RMSELoss,RMSELoss,2026-07-17 15:59:40,116/200,2026-07-17 23:53:12,0.007384,0.063783,False,0.00000313,234.67,58260749,8,42
ModelCNN_fvs_No_Noise_90k_RMSELoss_20260717_155940,ModelCNN_fvs_No_Noise_90k_RMSELoss,RMSELoss,2026-07-17 15:59:40,117/200,2026-07-17 23:57:05,0.007360,0.063817,False,0.00000313,233.09,58260749,8,42
ModelCNN_fvs_No_Noise_90k_RMSELoss_20260717_155940,ModelCNN_fvs_No_Noise_90k_RMSELoss,RMSELoss,2026-07-17 15:59:40,118/200,2026-07-18 00:01:00,0.007355,0.063782,False,0.00000313,235.47,58260749,8,42
ModelCNN_fvs_No_Noise_90k_RMSELoss_20260717_155940,ModelCNN_fvs_No_Noise_90k_RMSELoss,RMSELoss,2026-07-17 15:59:40,119/200,2026-07-18 00:04:56,0.007325,0.063769,False,0.00000313,236.17,58260749,8,42
ModelCNN_fvs_No_Noise_90k_RMSELoss_20260717_155940,ModelCNN_fvs_No_Noise_90k_RMSELoss,RMSELoss,2026-07-17 15:59:40,120/200,2026-07-18 00:08:50,0.007317,0.063725,False,0.00000156,234.01,58260749,8,42
ModelCNN_fvs_No_Noise_90k_RMSELoss_20260717_155940,ModelCNN_fvs_No_Noise_90k_RMSELoss,RMSELoss,2026-07-17 15:59:40,121/200,2026-07-18 00:12:44,0.007197,0.063767,False,0.00000156,233.03,58260749,8,42
ModelCNN_fvs_No_Noise_90k_RMSELoss_20260717_155940,ModelCNN_fvs_No_Noise_90k_RMSELoss,RMSELoss,2026-07-17 15:59:40,122/200,2026-07-18 00:16:37,0.007151,0.063748,False,0.00000156,233.70,58260749,8,42
ModelCNN_fvs_No_Noise_90k_RMSELoss_20260717_155940,ModelCNN_fvs_No_Noise_90k_RMSELoss,RMSELoss,2026-07-17 15:59:40,123/200,2026-07-18 00:20:32,0.007126,0.063788,False,0.00000156,234.89,58260749,8,42
ModelCNN_fvs_No_Noise_90k_RMSELoss_20260717_155940,ModelCNN_fvs_No_Noise_90k_RMSELoss,RMSELoss,2026-07-17 15:59:40,124/200,2026-07-18 00:24:25,0.007112,0.063806,False,0.00000156,232.61,58260749,8,42
ModelCNN_fvs_No_Noise_90k_RMSELoss_20260717_155940,ModelCNN_fvs_No_Noise_90k_RMSELoss,RMSELoss,2026-07-17 15:59:40,125/200,2026-07-18 00:28:17,0.007071,0.063787,False,0.00000156,232.37,58260749,8,42
ModelCNN_fvs_No_Noise_90k_RMSELoss_20260717_155940,ModelCNN_fvs_No_Noise_90k_RMSELoss,RMSELoss,2026-07-17 15:59:40,126/200,2026-07-18 00:32:10,0.007074,0.063822,False,0.00000156,233.11,58260749,8,42
ModelCNN_fvs_No_Noise_90k_RMSELoss_20260717_155940,ModelCNN_fvs_No_Noise_90k_RMSELoss,RMSELoss,2026-07-17 15:59:40,127/200,2026-07-18 00:36:03,0.007065,0.063764,False,0.00000156,232.84,58260749,8,42
ModelCNN_fvs_No_Noise_90k_RMSELoss_20260717_155940,ModelCNN_fvs_No_Noise_90k_RMSELoss,RMSELoss,2026-07-17 15:59:40,128/200,2026-07-18 00:39:56,0.007042,0.063790,False,0.00000156,233.08,58260749,8,42
ModelCNN_fvs_No_Noise_90k_RMSELoss_20260717_155940,ModelCNN_fvs_No_Noise_90k_RMSELoss,RMSELoss,2026-07-17 15:59:40,129/200,2026-07-18 00:43:50,0.007027,0.063761,False,0.00000156,233.35,58260749,8,42
ModelCNN_fvs_No_Noise_90k_RMSELoss_20260717_155940,ModelCNN_fvs_No_Noise_90k_RMSELoss,RMSELoss,2026-07-17 15:59:40,130/200,2026-07-18 00:47:41,0.007012,0.063781,False,0.00000156,231.33,58260749,8,42
ModelCNN_fvs_No_Noise_90k_RMSELoss_20260717_155940,ModelCNN_fvs_No_Noise_90k_RMSELoss,RMSELoss,2026-07-17 15:59:40,131/200,2026-07-18 00:51:33,0.007000,0.063771,False,0.00000156,232.38,58260749,8,42
ModelCNN_fvs_No_Noise_90k_RMSELoss_20260717_155940,ModelCNN_fvs_No_Noise_90k_RMSELoss,RMSELoss,2026-07-17 15:59:40,132/200,2026-07-18 00:55:26,0.006992,0.063726,False,0.00000156,233.21,58260749,8,42
ModelCNN_fvs_No_Noise_90k_RMSELoss_20260717_155940,ModelCNN_fvs_No_Noise_90k_RMSELoss,RMSELoss,2026-07-17 15:59:40,133/200,2026-07-18 00:59:19,0.006980,0.063764,False,0.00000156,232.55,58260749,8,42
ModelCNN_fvs_No_Noise_90k_RMSELoss_20260717_155940,ModelCNN_fvs_No_Noise_90k_RMSELoss,RMSELoss,2026-07-17 15:59:40,134/200,2026-07-18 01:03:13,0.006963,0.063800,False,0.00000156,233.71,58260749,8,42
ModelCNN_fvs_No_Noise_90k_RMSELoss_20260717_155940,ModelCNN_fvs_No_Noise_90k_RMSELoss,RMSELoss,2026-07-17 15:59:40,135/200,2026-07-18 01:07:06,0.006959,0.063850,False,0.00000156,233.44,58260749,8,42
ModelCNN_fvs_No_Noise_90k_RMSELoss_20260717_155940,ModelCNN_fvs_No_Noise_90k_RMSELoss,RMSELoss,2026-07-17 15:59:40,136/200,2026-07-18 01:10:58,0.006956,0.063709,True,0.00000156,232.26,58260749,8,42
ModelCNN_fvs_No_Noise_90k_RMSELoss_20260717_155940,ModelCNN_fvs_No_Noise_90k_RMSELoss,RMSELoss,2026-07-17 15:59:40,137/200,2026-07-18 01:15:02,0.006958,0.063790,False,0.00000156,233.36,58260749,8,42
ModelCNN_fvs_No_Noise_90k_RMSELoss_20260717_155940,ModelCNN_fvs_No_Noise_90k_RMSELoss,RMSELoss,2026-07-17 15:59:40,138/200,2026-07-18 01:18:56,0.006923,0.063713,False,0.00000156,234.21,58260749,8,42
ModelCNN_fvs_No_Noise_90k_RMSELoss_20260717_155940,ModelCNN_fvs_No_Noise_90k_RMSELoss,RMSELoss,2026-07-17 15:59:40,139/200,2026-07-18 01:22:50,0.006913,0.063744,False,0.00000156,233.84,58260749,8,42
ModelCNN_fvs_No_Noise_90k_RMSELoss_20260717_155940,ModelCNN_fvs_No_Noise_90k_RMSELoss,RMSELoss,2026-07-17 15:59:40,140/200,2026-07-18 01:26:43,0.006920,0.063715,False,0.00000078,233.14,58260749,8,42
ModelCNN_fvs_No_Noise_90k_RMSELoss_20260717_155940,ModelCNN_fvs_No_Noise_90k_RMSELoss,RMSELoss,2026-07-17 15:59:40,141/200,2026-07-18 01:30:35,0.006872,0.063794,False,0.00000078,232.37,58260749,8,42
ModelCNN_fvs_No_Noise_90k_RMSELoss_20260717_155940,ModelCNN_fvs_No_Noise_90k_RMSELoss,RMSELoss,2026-07-17 15:59:40,142/200,2026-07-18 01:34:29,0.006852,0.063743,False,0.00000078,233.47,58260749,8,42
ModelCNN_fvs_No_Noise_90k_RMSELoss_20260717_155940,ModelCNN_fvs_No_Noise_90k_RMSELoss,RMSELoss,2026-07-17 15:59:40,143/200,2026-07-18 01:38:22,0.006824,0.063761,False,0.00000078,232.79,58260749,8,42
ModelCNN_fvs_No_Noise_90k_RMSELoss_20260717_155940,ModelCNN_fvs_No_Noise_90k_RMSELoss,RMSELoss,2026-07-17 15:59:40,144/200,2026-07-18 01:42:15,0.006818,0.063816,False,0.00000078,233.19,58260749,8,42
ModelCNN_fvs_No_Noise_90k_RMSELoss_20260717_155940,ModelCNN_fvs_No_Noise_90k_RMSELoss,RMSELoss,2026-07-17 15:59:40,145/200,2026-07-18 01:46:08,0.006816,0.063753,False,0.00000078,233.53,58260749,8,42
ModelCNN_fvs_No_Noise_90k_RMSELoss_20260717_155940,ModelCNN_fvs_No_Noise_90k_RMSELoss,RMSELoss,2026-07-17 15:59:40,146/200,2026-07-18 01:50:01,0.006806,0.063752,False,0.00000078,232.68,58260749,8,42
ModelCNN_fvs_No_Noise_90k_RMSELoss_20260717_155940,ModelCNN_fvs_No_Noise_90k_RMSELoss,RMSELoss,2026-07-17 15:59:40,147/200,2026-07-18 01:53:54,0.006798,0.063725,False,0.00000078,233.26,58260749,8,42
ModelCNN_fvs_No_Noise_90k_RMSELoss_20260717_155940,ModelCNN_fvs_No_Noise_90k_RMSELoss,RMSELoss,2026-07-17 15:59:40,148/200,2026-07-18 01:57:46,0.006787,0.063769,False,0.00000078,231.41,58260749,8,42
ModelCNN_fvs_No_Noise_90k_RMSELoss_20260717_155940,ModelCNN_fvs_No_Noise_90k_RMSELoss,RMSELoss,2026-07-17 15:59:40,149/200,2026-07-18 02:01:39,0.006785,0.063791,False,0.00000078,233.40,58260749,8,42
ModelCNN_fvs_No_Noise_90k_RMSELoss_20260717_155940,ModelCNN_fvs_No_Noise_90k_RMSELoss,RMSELoss,2026-07-17 15:59:40,150/200,2026-07-18 02:05:33,0.006781,0.063784,False,0.00000078,233.71,58260749,8,42
ModelCNN_fvs_No_Noise_90k_RMSELoss_20260717_155940,ModelCNN_fvs_No_Noise_90k_RMSELoss,RMSELoss,2026-07-17 15:59:40,151/200,2026-07-18 02:09:25,0.006772,0.063758,False,0.00000078,231.97,58260749,8,42
ModelCNN_fvs_No_Noise_90k_RMSELoss_20260717_155940,ModelCNN_fvs_No_Noise_90k_RMSELoss,RMSELoss,2026-07-17 15:59:40,152/200,2026-07-18 02:13:18,0.006768,0.063723,False,0.00000078,233.43,58260749,8,42
ModelCNN_fvs_No_Noise_90k_RMSELoss_20260717_155940,ModelCNN_fvs_No_Noise_90k_RMSELoss,RMSELoss,2026-07-17 15:59:40,153/200,2026-07-18 02:17:11,0.006761,0.063757,False,0.00000078,232.91,58260749,8,42
ModelCNN_fvs_No_Noise_90k_RMSELoss_20260717_155940,ModelCNN_fvs_No_Noise_90k_RMSELoss,RMSELoss,2026-07-17 15:59:40,154/200,2026-07-18 02:21:06,0.006753,0.063779,False,0.00000078,234.95,58260749,8,42
ModelCNN_fvs_No_Noise_90k_RMSELoss_20260717_155940,ModelCNN_fvs_No_Noise_90k_RMSELoss,RMSELoss,2026-07-17 15:59:40,155/200,2026-07-18 02:24:59,0.006755,0.063746,False,0.00000078,232.43,58260749,8,42
ModelCNN_fvs_No_Noise_90k_RMSELoss_20260717_155940,ModelCNN_fvs_No_Noise_90k_RMSELoss,RMSELoss,2026-07-17 15:59:40,156/200,2026-07-18 02:28:52,0.006736,0.063770,False,0.00000078,232.99,58260749,8,42
ModelCNN_fvs_No_Noise_90k_RMSELoss_20260717_155940,ModelCNN_fvs_No_Noise_90k_RMSELoss,RMSELoss,2026-07-17 15:59:40,157/200,2026-07-18 02:32:45,0.006736,0.063753,False,0.00000078,233.11,58260749,8,42
ModelCNN_fvs_No_Noise_90k_RMSELoss_20260717_155940,ModelCNN_fvs_No_Noise_90k_RMSELoss,RMSELoss,2026-07-17 15:59:40,158/200,2026-07-18 02:36:37,0.006738,0.063801,False,0.00000078,232.78,58260749,8,42
ModelCNN_fvs_No_Noise_90k_RMSELoss_20260717_155940,ModelCNN_fvs_No_Noise_90k_RMSELoss,RMSELoss,2026-07-17 15:59:40,159/200,2026-07-18 02:40:31,0.006726,0.063716,False,0.00000078,233.55,58260749,8,42
ModelCNN_fvs_No_Noise_90k_RMSELoss_20260717_155940,ModelCNN_fvs_No_Noise_90k_RMSELoss,RMSELoss,2026-07-17 15:59:40,160/200,2026-07-18 02:44:25,0.006713,0.063769,False,0.00000039,234.31,58260749,8,42
ModelCNN_fvs_No_Noise_90k_RMSELoss_20260717_155940,ModelCNN_fvs_No_Noise_90k_RMSELoss,RMSELoss,2026-07-17 15:59:40,161/200,2026-07-18 02:48:21,0.006690,0.063772,False,0.00000039,236.19,58260749,8,42
ModelCNN_fvs_No_Noise_90k_RMSELoss_20260717_155940,ModelCNN_fvs_No_Noise_90k_RMSELoss,RMSELoss,2026-07-17 15:59:40,162/200,2026-07-18 02:52:15,0.006683,0.063739,False,0.00000039,233.25,58260749,8,42
ModelCNN_fvs_No_Noise_90k_RMSELoss_20260717_155940,ModelCNN_fvs_No_Noise_90k_RMSELoss,RMSELoss,2026-07-17 15:59:40,163/200,2026-07-18 02:56:08,0.006689,0.063755,False,0.00000039,233.64,58260749,8,42
ModelCNN_fvs_No_Noise_90k_RMSELoss_20260717_155940,ModelCNN_fvs_No_Noise_90k_RMSELoss,RMSELoss,2026-07-17 15:59:40,164/200,2026-07-18 03:00:02,0.006673,0.063776,False,0.00000039,233.22,58260749,8,42
ModelCNN_fvs_No_Noise_90k_RMSELoss_20260717_155940,ModelCNN_fvs_No_Noise_90k_RMSELoss,RMSELoss,2026-07-17 15:59:40,165/200,2026-07-18 03:03:56,0.006657,0.063701,True,0.00000039,234.13,58260749,8,42
ModelCNN_fvs_No_Noise_90k_RMSELoss_20260717_155940,ModelCNN_fvs_No_Noise_90k_RMSELoss,RMSELoss,2026-07-17 15:59:40,166/200,2026-07-18 03:07:59,0.006674,0.063731,False,0.00000039,233.74,58260749,8,42
ModelCNN_fvs_No_Noise_90k_RMSELoss_20260717_155940,ModelCNN_fvs_No_Noise_90k_RMSELoss,RMSELoss,2026-07-17 15:59:40,167/200,2026-07-18 03:11:54,0.006662,0.063753,False,0.00000039,234.49,58260749,8,42
ModelCNN_fvs_No_Noise_90k_RMSELoss_20260717_155940,ModelCNN_fvs_No_Noise_90k_RMSELoss,RMSELoss,2026-07-17 15:59:40,168/200,2026-07-18 03:15:49,0.006671,0.063765,False,0.00000039,234.85,58260749,8,42
ModelCNN_fvs_No_Noise_90k_RMSELoss_20260717_155940,ModelCNN_fvs_No_Noise_90k_RMSELoss,RMSELoss,2026-07-17 15:59:40,169/200,2026-07-18 03:19:42,0.006662,0.063756,False,0.00000039,233.07,58260749,8,42
ModelCNN_fvs_No_Noise_90k_RMSELoss_20260717_155940,ModelCNN_fvs_No_Noise_90k_RMSELoss,RMSELoss,2026-07-17 15:59:40,170/200,2026-07-18 03:23:36,0.006651,0.063789,False,0.00000039,233.91,58260749,8,42
ModelCNN_fvs_No_Noise_90k_RMSELoss_20260717_155940,ModelCNN_fvs_No_Noise_90k_RMSELoss,RMSELoss,2026-07-17 15:59:40,171/200,2026-07-18 03:27:29,0.006647,0.063772,False,0.00000039,232.91,58260749,8,42
ModelCNN_fvs_No_Noise_90k_RMSELoss_20260717_155940,ModelCNN_fvs_No_Noise_90k_RMSELoss,RMSELoss,2026-07-17 15:59:40,172/200,2026-07-18 03:31:23,0.006650,0.063730,False,0.00000039,234.31,58260749,8,42
ModelCNN_fvs_No_Noise_90k_RMSELoss_20260717_155940,ModelCNN_fvs_No_Noise_90k_RMSELoss,RMSELoss,2026-07-17 15:59:40,173/200,2026-07-18 03:35:18,0.006631,0.063790,False,0.00000039,234.74,58260749,8,42
ModelCNN_fvs_No_Noise_90k_RMSELoss_20260717_155940,ModelCNN_fvs_No_Noise_90k_RMSELoss,RMSELoss,2026-07-17 15:59:40,174/200,2026-07-18 03:39:12,0.006648,0.063780,False,0.00000039,234.47,58260749,8,42
ModelCNN_fvs_No_Noise_90k_RMSELoss_20260717_155940,ModelCNN_fvs_No_Noise_90k_RMSELoss,RMSELoss,2026-07-17 15:59:40,175/200,2026-07-18 03:43:06,0.006642,0.063713,False,0.00000039,233.72,58260749,8,42
ModelCNN_fvs_No_Noise_90k_RMSELoss_20260717_155940,ModelCNN_fvs_No_Noise_90k_RMSELoss,RMSELoss,2026-07-17 15:59:40,176/200,2026-07-18 03:47:02,0.006628,0.063731,False,0.00000039,236.28,58260749,8,42
ModelCNN_fvs_No_Noise_90k_RMSELoss_20260717_155940,ModelCNN_fvs_No_Noise_90k_RMSELoss,RMSELoss,2026-07-17 15:59:40,177/200,2026-07-18 03:50:57,0.006614,0.063732,False,0.00000039,234.70,58260749,8,42
ModelCNN_fvs_No_Noise_90k_RMSELoss_20260717_155940,ModelCNN_fvs_No_Noise_90k_RMSELoss,RMSELoss,2026-07-17 15:59:40,178/200,2026-07-18 03:54:51,0.006631,0.063788,False,0.00000039,234.34,58260749,8,42
ModelCNN_fvs_No_Noise_90k_RMSELoss_20260717_155940,ModelCNN_fvs_No_Noise_90k_RMSELoss,RMSELoss,2026-07-17 15:59:40,179/200,2026-07-18 03:58:44,0.006620,0.063791,False,0.00000039,232.90,58260749,8,42
ModelCNN_fvs_No_Noise_90k_RMSELoss_20260717_155940,ModelCNN_fvs_No_Noise_90k_RMSELoss,RMSELoss,2026-07-17 15:59:40,180/200,2026-07-18 04:02:37,0.006644,0.063747,False,0.00000020,233.17,58260749,8,42
ModelCNN_fvs_No_Noise_90k_RMSELoss_20260717_155940,ModelCNN_fvs_No_Noise_90k_RMSELoss,RMSELoss,2026-07-17 15:59:40,181/200,2026-07-18 04:06:30,0.006617,0.063819,False,0.00000020,232.95,58260749,8,42
ModelCNN_fvs_No_Noise_90k_RMSELoss_20260717_155940,ModelCNN_fvs_No_Noise_90k_RMSELoss,RMSELoss,2026-07-17 15:59:40,182/200,2026-07-18 04:10:24,0.006616,0.063756,False,0.00000020,233.57,58260749,8,42
ModelCNN_fvs_No_Noise_90k_RMSELoss_20260717_155940,ModelCNN_fvs_No_Noise_90k_RMSELoss,RMSELoss,2026-07-17 15:59:40,183/200,2026-07-18 04:14:17,0.006602,0.063771,False,0.00000020,233.44,58260749,8,42
ModelCNN_fvs_No_Noise_90k_RMSELoss_20260717_155940,ModelCNN_fvs_No_Noise_90k_RMSELoss,RMSELoss,2026-07-17 15:59:40,184/200,2026-07-18 04:18:11,0.006607,0.063746,False,0.00000020,233.30,58260749,8,42
ModelCNN_fvs_No_Noise_90k_RMSELoss_20260717_155940,ModelCNN_fvs_No_Noise_90k_RMSELoss,RMSELoss,2026-07-17 15:59:40,185/200,2026-07-18 04:22:06,0.006612,0.063786,False,0.00000020,235.15,58260749,8,42
ModelCNN_fvs_No_Noise_90k_RMSELoss_20260717_155940,ModelCNN_fvs_No_Noise_90k_RMSELoss,RMSELoss,2026-07-17 15:59:40,186/200,2026-07-18 04:26:01,0.006595,0.063774,False,0.00000020,234.92,58260749,8,42
ModelCNN_fvs_No_Noise_90k_RMSELoss_20260717_155940,ModelCNN_fvs_No_Noise_90k_RMSELoss,RMSELoss,2026-07-17 15:59:40,187/200,2026-07-18 04:29:57,0.006598,0.063761,False,0.00000020,236.57,58260749,8,42
ModelCNN_fvs_No_Noise_90k_RMSELoss_20260717_155940,ModelCNN_fvs_No_Noise_90k_RMSELoss,RMSELoss,2026-07-17 15:59:40,188/200,2026-07-18 04:33:57,0.006592,0.063752,False,0.00000020,239.56,58260749,8,42
ModelCNN_fvs_No_Noise_90k_RMSELoss_20260717_155940,ModelCNN_fvs_No_Noise_90k_RMSELoss,RMSELoss,2026-07-17 15:59:40,189/200,2026-07-18 04:37:54,0.006598,0.063750,False,0.00000020,237.08,58260749,8,42
ModelCNN_fvs_No_Noise_90k_RMSELoss_20260717_155940,ModelCNN_fvs_No_Noise_90k_RMSELoss,RMSELoss,2026-07-17 15:59:40,190/200,2026-07-18 04:41:50,0.006591,0.063802,False,0.00000020,235.59,58260749,8,42
ModelCNN_fvs_No_Noise_90k_RMSELoss_20260717_155940,ModelCNN_fvs_No_Noise_90k_RMSELoss,RMSELoss,2026-07-17 15:59:40,191/200,2026-07-18 04:45:46,0.006591,0.063778,False,0.00000020,236.11,58260749,8,42
ModelCNN_fvs_No_Noise_90k_RMSELoss_20260717_155940,ModelCNN_fvs_No_Noise_90k_RMSELoss,RMSELoss,2026-07-17 15:59:40,192/200,2026-07-18 04:49:42,0.006590,0.063764,False,0.00000020,236.20,58260749,8,42
ModelCNN_fvs_No_Noise_90k_RMSELoss_20260717_155940,ModelCNN_fvs_No_Noise_90k_RMSELoss,RMSELoss,2026-07-17 15:59:40,193/200,2026-07-18 04:53:39,0.006592,0.063768,False,0.00000020,236.71,58260749,8,42
ModelCNN_fvs_No_Noise_90k_RMSELoss_20260717_155940,ModelCNN_fvs_No_Noise_90k_RMSELoss,RMSELoss,2026-07-17 15:59:40,194/200,2026-07-18 04:57:34,0.006588,0.063747,False,0.00000020,235.63,58260749,8,42
ModelCNN_fvs_No_Noise_90k_RMSELoss_20260717_155940,ModelCNN_fvs_No_Noise_90k_RMSELoss,RMSELoss,2026-07-17 15:59:40,195/200,2026-07-18 05:01:29,0.006591,0.063759,False,0.00000020,235.04,58260749,8,42
ModelCNN_fvs_No_Noise_90k_RMSELoss_20260717_155940,ModelCNN_fvs_No_Noise_90k_RMSELoss,RMSELoss,2026-07-17 15:59:40,196/200,2026-07-18 05:05:25,0.006586,0.063784,False,0.00000020,235.62,58260749,8,42
ModelCNN_fvs_No_Noise_90k_RMSELoss_20260717_155940,ModelCNN_fvs_No_Noise_90k_RMSELoss,RMSELoss,2026-07-17 15:59:40,197/200,2026-07-18 05:09:19,0.006600,0.063754,False,0.00000020,233.66,58260749,8,42
ModelCNN_fvs_No_Noise_90k_RMSELoss_20260717_155940,ModelCNN_fvs_No_Noise_90k_RMSELoss,RMSELoss,2026-07-17 15:59:40,198/200,2026-07-18 05:13:13,0.006577,0.063779,False,0.00000020,234.15,58260749,8,42
ModelCNN_fvs_No_Noise_90k_RMSELoss_20260717_155940,ModelCNN_fvs_No_Noise_90k_RMSELoss,RMSELoss,2026-07-17 15:59:40,199/200,2026-07-18 05:17:07,0.006593,0.063813,False,0.00000020,233.97,58260749,8,42
ModelCNN_fvs_No_Noise_90k_RMSELoss_20260717_155940,ModelCNN_fvs_No_Noise_90k_RMSELoss,RMSELoss,2026-07-17 15:59:40,200/200,2026-07-18 05:21:00,0.006587,0.063764,False,0.00000010,233.26,58260749,8,42
Resnet50_fvs_No_Noise_90k_RMSELoss_20260720_174345,Resnet50_fvs_No_Noise_90k_RMSELoss,RMSELoss,2026-07-20 17:43:45,1/200,2026-07-20 17:48:43,0.110912,0.097432,True,0.00010000,296.97,57284901,8,42
Resnet50_fvs_No_Noise_90k_RMSELoss_20260720_174345,Resnet50_fvs_No_Noise_90k_RMSELoss,RMSELoss,2026-07-20 17:43:45,2/200,2026-07-20 17:53:44,0.094973,0.090117,True,0.00010000,289.71,57284901,8,42
Resnet50_fvs_No_Noise_90k_RMSELoss_20260720_174345,Resnet50_fvs_No_Noise_90k_RMSELoss,RMSELoss,2026-07-20 17:43:45,3/200,2026-07-20 17:58:41,0.088032,0.086623,True,0.00010000,285.43,57284901,8,42
Resnet50_fvs_No_Noise_90k_RMSELoss_20260720_174345,Resnet50_fvs_No_Noise_90k_RMSELoss,RMSELoss,2026-07-20 17:43:45,4/200,2026-07-20 18:03:51,0.082980,0.081036,True,0.00010000,299.04,57284901,8,42
Resnet50_fvs_No_Noise_90k_RMSELoss_20260720_174345,Resnet50_fvs_No_Noise_90k_RMSELoss,RMSELoss,2026-07-20 17:43:45,5/200,2026-07-20 18:08:53,0.079296,0.082540,False,0.00010000,291.12,57284901,8,42
Resnet50_fvs_No_Noise_90k_RMSELoss_20260720_174345,Resnet50_fvs_No_Noise_90k_RMSELoss,RMSELoss,2026-07-20 17:43:45,6/200,2026-07-20 18:13:38,0.075750,0.080490,True,0.00010000,285.24,57284901,8,42
Resnet50_fvs_No_Noise_90k_RMSELoss_20260720_174345,Resnet50_fvs_No_Noise_90k_RMSELoss,RMSELoss,2026-07-20 17:43:45,7/200,2026-07-20 18:18:32,0.072585,0.077498,True,0.00010000,283.22,57284901,8,42
Resnet50_fvs_No_Noise_90k_RMSELoss_20260720_174345,Resnet50_fvs_No_Noise_90k_RMSELoss,RMSELoss,2026-07-20 17:43:45,8/200,2026-07-20 18:23:45,0.069573,0.075086,True,0.00010000,301.80,57284901,8,42
Resnet50_fvs_No_Noise_90k_RMSELoss_20260720_174345,Resnet50_fvs_No_Noise_90k_RMSELoss,RMSELoss,2026-07-20 17:43:45,9/200,2026-07-20 18:28:49,0.066625,0.075004,True,0.00010000,293.54,57284901,8,42
Resnet50_fvs_No_Noise_90k_RMSELoss_20260720_174345,Resnet50_fvs_No_Noise_90k_RMSELoss,RMSELoss,2026-07-20 17:43:45,10/200,2026-07-20 18:33:50,0.064028,0.074226,True,0.00010000,290.22,57284901,8,42
Resnet50_fvs_No_Noise_90k_RMSELoss_20260720_174345,Resnet50_fvs_No_Noise_90k_RMSELoss,RMSELoss,2026-07-20 17:43:45,11/200,2026-07-20 18:38:51,0.061307,0.072464,True,0.00010000,290.57,57284901,8,42
Resnet50_fvs_No_Noise_90k_RMSELoss_20260720_174345,Resnet50_fvs_No_Noise_90k_RMSELoss,RMSELoss,2026-07-20 17:43:45,12/200,2026-07-20 18:43:51,0.059336,0.072162,True,0.00010000,289.39,57284901,8,42
Resnet50_fvs_No_Noise_90k_RMSELoss_20260720_174345,Resnet50_fvs_No_Noise_90k_RMSELoss,RMSELoss,2026-07-20 17:43:45,13/200,2026-07-20 18:48:53,0.057203,0.072107,True,0.00010000,291.19,57284901,8,42
Resnet50_fvs_No_Noise_90k_RMSELoss_20260720_174345,Resnet50_fvs_No_Noise_90k_RMSELoss,RMSELoss,2026-07-20 17:43:45,14/200,2026-07-20 18:53:47,0.055124,0.072724,False,0.00010000,283.47,57284901,8,42
Resnet50_fvs_No_Noise_90k_RMSELoss_20260720_174345,Resnet50_fvs_No_Noise_90k_RMSELoss,RMSELoss,2026-07-20 17:43:45,15/200,2026-07-20 18:58:37,0.053348,0.070358,True,0.00010000,289.68,57284901,8,42
Resnet50_fvs_No_Noise_90k_RMSELoss_20260720_174345,Resnet50_fvs_No_Noise_90k_RMSELoss,RMSELoss,2026-07-20 17:43:45,16/200,2026-07-20 19:03:32,0.051435,0.069999,True,0.00010000,283.95,57284901,8,42
Resnet50_fvs_No_Noise_90k_RMSELoss_20260720_174345,Resnet50_fvs_No_Noise_90k_RMSELoss,RMSELoss,2026-07-20 17:43:45,17/200,2026-07-20 19:08:32,0.049971,0.070860,False,0.00010000,289.10,57284901,8,42
Resnet50_fvs_No_Noise_90k_RMSELoss_20260720_174345,Resnet50_fvs_No_Noise_90k_RMSELoss,RMSELoss,2026-07-20 17:43:45,18/200,2026-07-20 19:13:16,0.048392,0.071931,False,0.00010000,283.72,57284901,8,42
Resnet50_fvs_No_Noise_90k_RMSELoss_20260720_174345,Resnet50_fvs_No_Noise_90k_RMSELoss,RMSELoss,2026-07-20 17:43:45,19/200,2026-07-20 19:18:14,0.047020,0.069746,True,0.00010000,298.31,57284901,8,42
Resnet50_fvs_No_Noise_90k_RMSELoss_20260720_174345,Resnet50_fvs_No_Noise_90k_RMSELoss,RMSELoss,2026-07-20 17:43:45,20/200,2026-07-20 19:23:08,0.045685,0.069255,True,0.00005000,283.33,57284901,8,42
Resnet50_fvs_No_Noise_90k_RMSELoss_20260720_174345,Resnet50_fvs_No_Noise_90k_RMSELoss,RMSELoss,2026-07-20 17:43:45,21/200,2026-07-20 19:28:07,0.039967,0.066180,True,0.00005000,288.29,57284901,8,42
Resnet50_fvs_No_Noise_90k_RMSELoss_20260720_174345,Resnet50_fvs_No_Noise_90k_RMSELoss,RMSELoss,2026-07-20 17:43:45,22/200,2026-07-20 19:33:14,0.036163,0.066399,False,0.00005000,296.59,57284901,8,42
Resnet50_fvs_No_Noise_90k_RMSELoss_20260720_174345,Resnet50_fvs_No_Noise_90k_RMSELoss,RMSELoss,2026-07-20 17:43:45,23/200,2026-07-20 19:37:57,0.034669,0.065533,True,0.00005000,283.21,57284901,8,42
Resnet50_fvs_No_Noise_90k_RMSELoss_20260720_174345,Resnet50_fvs_No_Noise_90k_RMSELoss,RMSELoss,2026-07-20 17:43:45,24/200,2026-07-20 19:42:50,0.033329,0.065695,False,0.00005000,282.31,57284901,8,42
Resnet50_fvs_No_Noise_90k_RMSELoss_20260720_174345,Resnet50_fvs_No_Noise_90k_RMSELoss,RMSELoss,2026-07-20 17:43:45,25/200,2026-07-20 19:47:39,0.032248,0.065466,True,0.00005000,288.68,57284901,8,42
Resnet50_fvs_No_Noise_90k_RMSELoss_20260720_174345,Resnet50_fvs_No_Noise_90k_RMSELoss,RMSELoss,2026-07-20 17:43:45,26/200,2026-07-20 19:52:35,0.031186,0.065676,False,0.00005000,283.45,57284901,8,42
Resnet50_fvs_No_Noise_90k_RMSELoss_20260720_174345,Resnet50_fvs_No_Noise_90k_RMSELoss,RMSELoss,2026-07-20 17:43:45,27/200,2026-07-20 19:57:17,0.030303,0.065522,False,0.00005000,282.50,57284901,8,42
Resnet50_fvs_No_Noise_90k_RMSELoss_20260720_174345,Resnet50_fvs_No_Noise_90k_RMSELoss,RMSELoss,2026-07-20 17:43:45,28/200,2026-07-20 20:02:05,0.029309,0.065647,False,0.00005000,288.11,57284901,8,42
Resnet50_fvs_No_Noise_90k_RMSELoss_20260720_174345,Resnet50_fvs_No_Noise_90k_RMSELoss,RMSELoss,2026-07-20 17:43:45,29/200,2026-07-20 20:06:49,0.028489,0.065173,True,0.00005000,283.54,57284901,8,42
Resnet50_fvs_No_Noise_90k_RMSELoss_20260720_174345,Resnet50_fvs_No_Noise_90k_RMSELoss,RMSELoss,2026-07-20 17:43:45,30/200,2026-07-20 20:11:54,0.027754,0.065495,False,0.00005000,294.87,57284901,8,42
Resnet50_fvs_No_Noise_90k_RMSELoss_20260720_174345,Resnet50_fvs_No_Noise_90k_RMSELoss,RMSELoss,2026-07-20 17:43:45,31/200,2026-07-20 20:16:37,0.027030,0.065428,False,0.00005000,282.48,57284901,8,42
Resnet50_fvs_No_Noise_90k_RMSELoss_20260720_174345,Resnet50_fvs_No_Noise_90k_RMSELoss,RMSELoss,2026-07-20 17:43:45,32/200,2026-07-20 20:21:20,0.026361,0.064912,True,0.00005000,283.65,57284901,8,42
Resnet50_fvs_No_Noise_90k_RMSELoss_20260720_174345,Resnet50_fvs_No_Noise_90k_RMSELoss,RMSELoss,2026-07-20 17:43:45,33/200,2026-07-20 20:26:14,0.025661,0.065246,False,0.00005000,282.98,57284901,8,42
Resnet50_fvs_No_Noise_90k_RMSELoss_20260720_174345,Resnet50_fvs_No_Noise_90k_RMSELoss,RMSELoss,2026-07-20 17:43:45,34/200,2026-07-20 20:31:03,0.025061,0.064990,False,0.00005000,288.97,57284901,8,42
Resnet50_fvs_No_Noise_90k_RMSELoss_20260720_174345,Resnet50_fvs_No_Noise_90k_RMSELoss,RMSELoss,2026-07-20 17:43:45,35/200,2026-07-20 20:35:46,0.024475,0.064844,True,0.00005000,283.14,57284901,8,42
Resnet50_fvs_No_Noise_90k_RMSELoss_20260720_174345,Resnet50_fvs_No_Noise_90k_RMSELoss,RMSELoss,2026-07-20 17:43:45,36/200,2026-07-20 20:40:39,0.023957,0.064845,False,0.00005000,282.02,57284901,8,42
Resnet50_fvs_No_Noise_90k_RMSELoss_20260720_174345,Resnet50_fvs_No_Noise_90k_RMSELoss,RMSELoss,2026-07-20 17:43:45,37/200,2026-07-20 20:45:24,0.023459,0.065202,False,0.00005000,285.46,57284901,8,42
Resnet50_fvs_No_Noise_90k_RMSELoss_20260720_174345,Resnet50_fvs_No_Noise_90k_RMSELoss,RMSELoss,2026-07-20 17:43:45,38/200,2026-07-20 20:50:08,0.022897,0.064591,True,0.00005000,283.91,57284901,8,42
Resnet50_fvs_No_Noise_90k_RMSELoss_20260720_174345,Resnet50_fvs_No_Noise_90k_RMSELoss,RMSELoss,2026-07-20 17:43:45,39/200,2026-07-20 20:55:11,0.022421,0.064934,False,0.00005000,285.14,57284901,8,42
Resnet50_fvs_No_Noise_90k_RMSELoss_20260720_174345,Resnet50_fvs_No_Noise_90k_RMSELoss,RMSELoss,2026-07-20 17:43:45,40/200,2026-07-20 20:59:54,0.021969,0.064737,False,0.00002500,282.46,57284901,8,42
Resnet50_fvs_No_Noise_90k_RMSELoss_20260720_174345,Resnet50_fvs_No_Noise_90k_RMSELoss,RMSELoss,2026-07-20 17:43:45,41/200,2026-07-20 21:04:42,0.019538,0.063574,True,0.00002500,288.41,57284901,8,42
Resnet50_fvs_No_Noise_90k_RMSELoss_20260720_174345,Resnet50_fvs_No_Noise_90k_RMSELoss,RMSELoss,2026-07-20 17:43:45,42/200,2026-07-20 21:09:40,0.017430,0.063504,True,0.00002500,287.48,57284901,8,42
Resnet50_fvs_No_Noise_90k_RMSELoss_20260720_174345,Resnet50_fvs_No_Noise_90k_RMSELoss,RMSELoss,2026-07-20 17:43:45,43/200,2026-07-20 21:14:38,0.016826,0.063395,True,0.00002500,287.15,57284901,8,42
Resnet50_fvs_No_Noise_90k_RMSELoss_20260720_174345,Resnet50_fvs_No_Noise_90k_RMSELoss,RMSELoss,2026-07-20 17:43:45,44/200,2026-07-20 21:19:49,0.016353,0.063479,False,0.00002500,293.48,57284901,8,42
Resnet50_fvs_No_Noise_90k_RMSELoss_20260720_174345,Resnet50_fvs_No_Noise_90k_RMSELoss,RMSELoss,2026-07-20 17:43:45,45/200,2026-07-20 21:24:42,0.015998,0.063584,False,0.00002500,292.12,57284901,8,42
Resnet50_fvs_No_Noise_90k_RMSELoss_20260720_174345,Resnet50_fvs_No_Noise_90k_RMSELoss,RMSELoss,2026-07-20 17:43:45,46/200,2026-07-20 21:29:30,0.015643,0.063444,False,0.00002500,288.74,57284901,8,42
Resnet50_fvs_No_Noise_90k_RMSELoss_20260720_174345,Resnet50_fvs_No_Noise_90k_RMSELoss,RMSELoss,2026-07-20 17:43:45,47/200,2026-07-20 21:34:13,0.015342,0.063515,False,0.00002500,282.59,57284901,8,42
Resnet50_fvs_No_Noise_90k_RMSELoss_20260720_174345,Resnet50_fvs_No_Noise_90k_RMSELoss,RMSELoss,2026-07-20 17:43:45,48/200,2026-07-20 21:39:07,0.015052,0.063303,True,0.00002500,294.39,57284901,8,42
Resnet50_fvs_No_Noise_90k_RMSELoss_20260720_174345,Resnet50_fvs_No_Noise_90k_RMSELoss,RMSELoss,2026-07-20 17:43:45,49/200,2026-07-20 21:44:04,0.014800,0.063495,False,0.00002500,285.60,57284901,8,42
Resnet50_fvs_No_Noise_90k_RMSELoss_20260720_174345,Resnet50_fvs_No_Noise_90k_RMSELoss,RMSELoss,2026-07-20 17:43:45,50/200,2026-07-20 21:48:57,0.014581,0.063602,False,0.00002500,293.26,57284901,8,42
Resnet50_fvs_No_Noise_90k_RMSELoss_20260720_174345,Resnet50_fvs_No_Noise_90k_RMSELoss,RMSELoss,2026-07-20 17:43:45,51/200,2026-07-20 21:53:46,0.014333,0.063572,False,0.00002500,288.83,57284901,8,42
Resnet50_fvs_No_Noise_90k_RMSELoss_20260720_174345,Resnet50_fvs_No_Noise_90k_RMSELoss,RMSELoss,2026-07-20 17:43:45,52/200,2026-07-20 21:58:29,0.014115,0.063351,False,0.00002500,282.62,57284901,8,42
Resnet50_fvs_No_Noise_90k_RMSELoss_20260720_174345,Resnet50_fvs_No_Noise_90k_RMSELoss,RMSELoss,2026-07-20 17:43:45,53/200,2026-07-20 22:03:17,0.013888,0.063425,False,0.00002500,287.97,57284901,8,42
Resnet50_fvs_No_Noise_90k_RMSELoss_20260720_174345,Resnet50_fvs_No_Noise_90k_RMSELoss,RMSELoss,2026-07-20 17:43:45,54/200,2026-07-20 22:08:00,0.013701,0.063417,False,0.00002500,283.23,57284901,8,42
Resnet50_fvs_No_Noise_90k_RMSELoss_20260720_174345,Resnet50_fvs_No_Noise_90k_RMSELoss,RMSELoss,2026-07-20 17:43:45,55/200,2026-07-20 22:12:43,0.013479,0.063348,False,0.00002500,282.77,57284901,8,42
Resnet50_fvs_No_Noise_90k_RMSELoss_20260720_174345,Resnet50_fvs_No_Noise_90k_RMSELoss,RMSELoss,2026-07-20 17:43:45,56/200,2026-07-20 22:17:25,0.013315,0.063447,False,0.00002500,282.32,57284901,8,42
Resnet50_fvs_No_Noise_90k_RMSELoss_20260720_174345,Resnet50_fvs_No_Noise_90k_RMSELoss,RMSELoss,2026-07-20 17:43:45,57/200,2026-07-20 22:22:07,0.013073,0.063200,True,0.00002500,282.58,57284901,8,42
Resnet50_fvs_No_Noise_90k_RMSELoss_20260720_174345,Resnet50_fvs_No_Noise_90k_RMSELoss,RMSELoss,2026-07-20 17:43:45,58/200,2026-07-20 22:27:19,0.012971,0.063212,False,0.00002500,301.03,57284901,8,42
Resnet50_fvs_No_Noise_90k_RMSELoss_20260720_174345,Resnet50_fvs_No_Noise_90k_RMSELoss,RMSELoss,2026-07-20 17:43:45,59/200,2026-07-20 22:32:12,0.012738,0.063397,False,0.00002500,292.74,57284901,8,42
Resnet50_fvs_No_Noise_90k_RMSELoss_20260720_174345,Resnet50_fvs_No_Noise_90k_RMSELoss,RMSELoss,2026-07-20 17:43:45,60/200,2026-07-20 22:36:55,0.012594,0.063328,False,0.00001250,283.11,57284901,8,42
Resnet50_fvs_No_Noise_90k_RMSELoss_20260720_174345,Resnet50_fvs_No_Noise_90k_RMSELoss,RMSELoss,2026-07-20 17:43:45,61/200,2026-07-20 22:41:38,0.011628,0.063002,True,0.00001250,283.27,57284901,8,42
Resnet50_fvs_No_Noise_90k_RMSELoss_20260720_174345,Resnet50_fvs_No_Noise_90k_RMSELoss,RMSELoss,2026-07-20 17:43:45,62/200,2026-07-20 22:46:32,0.010749,0.062919,True,0.00001250,283.62,57284901,8,42
Resnet50_fvs_No_Noise_90k_RMSELoss_20260720_174345,Resnet50_fvs_No_Noise_90k_RMSELoss,RMSELoss,2026-07-20 17:43:45,63/200,2026-07-20 22:51:40,0.010483,0.062974,False,0.00001250,296.64,57284901,8,42
Resnet50_fvs_No_Noise_90k_RMSELoss_20260720_174345,Resnet50_fvs_No_Noise_90k_RMSELoss,RMSELoss,2026-07-20 17:43:45,64/200,2026-07-20 22:56:29,0.010335,0.062918,True,0.00001250,289.47,57284901,8,42
Resnet50_fvs_No_Noise_90k_RMSELoss_20260720_174345,Resnet50_fvs_No_Noise_90k_RMSELoss,RMSELoss,2026-07-20 17:43:45,65/200,2026-07-20 23:01:23,0.010182,0.062849,True,0.00001250,283.02,57284901,8,42
Resnet50_fvs_No_Noise_90k_RMSELoss_20260720_174345,Resnet50_fvs_No_Noise_90k_RMSELoss,RMSELoss,2026-07-20 17:43:45,66/200,2026-07-20 23:06:39,0.010103,0.062859,False,0.00001250,305.06,57284901,8,42
Resnet50_fvs_No_Noise_90k_RMSELoss_20260720_174345,Resnet50_fvs_No_Noise_90k_RMSELoss,RMSELoss,2026-07-20 17:43:45,67/200,2026-07-20 23:11:21,0.009957,0.062847,True,0.00001250,282.77,57284901,8,42
Resnet50_fvs_No_Noise_90k_RMSELoss_20260720_174345,Resnet50_fvs_No_Noise_90k_RMSELoss,RMSELoss,2026-07-20 17:43:45,68/200,2026-07-20 23:16:16,0.009862,0.062964,False,0.00001250,283.48,57284901,8,42
Resnet50_fvs_No_Noise_90k_RMSELoss_20260720_174345,Resnet50_fvs_No_Noise_90k_RMSELoss,RMSELoss,2026-07-20 17:43:45,69/200,2026-07-20 23:20:59,0.009739,0.062895,False,0.00001250,283.40,57284901,8,42
Resnet50_fvs_No_Noise_90k_RMSELoss_20260720_174345,Resnet50_fvs_No_Noise_90k_RMSELoss,RMSELoss,2026-07-20 17:43:45,70/200,2026-07-20 23:25:43,0.009645,0.062942,False,0.00001250,283.32,57284901,8,42
Resnet50_fvs_No_Noise_90k_RMSELoss_20260720_174345,Resnet50_fvs_No_Noise_90k_RMSELoss,RMSELoss,2026-07-20 17:43:45,71/200,2026-07-20 23:30:26,0.009572,0.063030,False,0.00001250,282.92,57284901,8,42
Resnet50_fvs_No_Noise_90k_RMSELoss_20260720_174345,Resnet50_fvs_No_Noise_90k_RMSELoss,RMSELoss,2026-07-20 17:43:45,72/200,2026-07-20 23:35:16,0.009480,0.062976,False,0.00001250,290.59,57284901,8,42
Resnet50_fvs_No_Noise_90k_RMSELoss_20260720_174345,Resnet50_fvs_No_Noise_90k_RMSELoss,RMSELoss,2026-07-20 17:43:45,73/200,2026-07-20 23:40:00,0.009383,0.062862,False,0.00001250,283.71,57284901,8,42
Resnet50_fvs_No_Noise_90k_RMSELoss_20260720_174345,Resnet50_fvs_No_Noise_90k_RMSELoss,RMSELoss,2026-07-20 17:43:45,74/200,2026-07-20 23:44:43,0.009305,0.063075,False,0.00001250,283.38,57284901,8,42
Resnet50_fvs_No_Noise_90k_RMSELoss_20260720_174345,Resnet50_fvs_No_Noise_90k_RMSELoss,RMSELoss,2026-07-20 17:43:45,75/200,2026-07-20 23:49:30,0.009222,0.062794,True,0.00001250,286.78,57284901,8,42
Resnet50_fvs_No_Noise_90k_RMSELoss_20260720_174345,Resnet50_fvs_No_Noise_90k_RMSELoss,RMSELoss,2026-07-20 17:43:45,76/200,2026-07-20 23:54:35,0.009164,0.062820,False,0.00001250,289.18,57284901,8,42
Resnet50_fvs_No_Noise_90k_RMSELoss_20260720_174345,Resnet50_fvs_No_Noise_90k_RMSELoss,RMSELoss,2026-07-20 17:43:45,77/200,2026-07-20 23:59:33,0.009086,0.062919,False,0.00001250,297.64,57284901,8,42
Resnet50_fvs_No_Noise_90k_RMSELoss_20260720_174345,Resnet50_fvs_No_Noise_90k_RMSELoss,RMSELoss,2026-07-20 17:43:45,78/200,2026-07-21 00:04:23,0.009002,0.062906,False,0.00001250,290.35,57284901,8,42
Resnet50_fvs_No_Noise_90k_RMSELoss_20260720_174345,Resnet50_fvs_No_Noise_90k_RMSELoss,RMSELoss,2026-07-20 17:43:45,79/200,2026-07-21 00:09:29,0.008905,0.062867,False,0.00001250,305.77,57284901,8,42
Resnet50_fvs_No_Noise_90k_RMSELoss_20260720_174345,Resnet50_fvs_No_Noise_90k_RMSELoss,RMSELoss,2026-07-20 17:43:45,80/200,2026-07-21 00:14:11,0.008834,0.062961,False,0.00000625,282.55,57284901,8,42
Resnet50_fvs_No_Noise_90k_RMSELoss_20260720_174345,Resnet50_fvs_No_Noise_90k_RMSELoss,RMSELoss,2026-07-20 17:43:45,81/200,2026-07-21 00:18:58,0.008443,0.062831,False,0.00000625,287.12,57284901,8,42
Resnet50_fvs_No_Noise_90k_RMSELoss_20260720_174345,Resnet50_fvs_No_Noise_90k_RMSELoss,RMSELoss,2026-07-20 17:43:45,82/200,2026-07-21 00:23:41,0.008088,0.062750,True,0.00000625,282.48,57284901,8,42
Resnet50_fvs_No_Noise_90k_RMSELoss_20260720_174345,Resnet50_fvs_No_Noise_90k_RMSELoss,RMSELoss,2026-07-20 17:43:45,83/200,2026-07-21 00:28:43,0.007972,0.062803,False,0.00000625,291.97,57284901,8,42
Resnet50_fvs_No_Noise_90k_RMSELoss_20260720_174345,Resnet50_fvs_No_Noise_90k_RMSELoss,RMSELoss,2026-07-20 17:43:45,84/200,2026-07-21 00:33:25,0.007888,0.062768,False,0.00000625,281.75,57284901,8,42
Resnet50_fvs_No_Noise_90k_RMSELoss_20260720_174345,Resnet50_fvs_No_Noise_90k_RMSELoss,RMSELoss,2026-07-20 17:43:45,85/200,2026-07-21 00:38:10,0.007839,0.062756,False,0.00000625,284.71,57284901,8,42
Resnet50_fvs_No_Noise_90k_RMSELoss_20260720_174345,Resnet50_fvs_No_Noise_90k_RMSELoss,RMSELoss,2026-07-20 17:43:45,86/200,2026-07-21 00:42:52,0.007770,0.062752,False,0.00000625,282.20,57284901,8,42
Resnet50_fvs_No_Noise_90k_RMSELoss_20260720_174345,Resnet50_fvs_No_Noise_90k_RMSELoss,RMSELoss,2026-07-20 17:43:45,87/200,2026-07-21 00:47:34,0.007731,0.062783,False,0.00000625,282.42,57284901,8,42
Resnet50_fvs_No_Noise_90k_RMSELoss_20260720_174345,Resnet50_fvs_No_Noise_90k_RMSELoss,RMSELoss,2026-07-20 17:43:45,88/200,2026-07-21 00:52:17,0.007672,0.062664,True,0.00000625,282.43,57284901,8,42
Resnet50_fvs_No_Noise_90k_RMSELoss_20260720_174345,Resnet50_fvs_No_Noise_90k_RMSELoss,RMSELoss,2026-07-20 17:43:45,89/200,2026-07-21 00:57:15,0.007629,0.062712,False,0.00000625,287.24,57284901,8,42
Resnet50_fvs_No_Noise_90k_RMSELoss_20260720_174345,Resnet50_fvs_No_Noise_90k_RMSELoss,RMSELoss,2026-07-20 17:43:45,90/200,2026-07-21 01:02:08,0.007577,0.062742,False,0.00000625,293.43,57284901,8,42
Resnet50_fvs_No_Noise_90k_RMSELoss_20260720_174345,Resnet50_fvs_No_Noise_90k_RMSELoss,RMSELoss,2026-07-20 17:43:45,91/200,2026-07-21 01:06:56,0.007539,0.062704,False,0.00000625,287.90,57284901,8,42
Resnet50_fvs_No_Noise_90k_RMSELoss_20260720_174345,Resnet50_fvs_No_Noise_90k_RMSELoss,RMSELoss,2026-07-20 17:43:45,92/200,2026-07-21 01:11:52,0.007510,0.062742,False,0.00000625,295.75,57284901,8,42
Resnet50_fvs_No_Noise_90k_RMSELoss_20260720_174345,Resnet50_fvs_No_Noise_90k_RMSELoss,RMSELoss,2026-07-20 17:43:45,93/200,2026-07-21 01:16:33,0.007478,0.062786,False,0.00000625,281.69,57284901,8,42
Resnet50_fvs_No_Noise_90k_RMSELoss_20260720_174345,Resnet50_fvs_No_Noise_90k_RMSELoss,RMSELoss,2026-07-20 17:43:45,94/200,2026-07-21 01:21:19,0.007423,0.062800,False,0.00000625,285.80,57284901,8,42
Resnet50_fvs_No_Noise_90k_RMSELoss_20260720_174345,Resnet50_fvs_No_Noise_90k_RMSELoss,RMSELoss,2026-07-20 17:43:45,95/200,2026-07-21 01:26:13,0.007422,0.062833,False,0.00000625,293.49,57284901,8,42
Resnet50_fvs_No_Noise_90k_RMSELoss_20260720_174345,Resnet50_fvs_No_Noise_90k_RMSELoss,RMSELoss,2026-07-20 17:43:45,96/200,2026-07-21 01:31:01,0.007367,0.062785,False,0.00000625,288.21,57284901,8,42
Resnet50_fvs_No_Noise_90k_RMSELoss_20260720_174345,Resnet50_fvs_No_Noise_90k_RMSELoss,RMSELoss,2026-07-20 17:43:45,97/200,2026-07-21 01:35:43,0.007333,0.062801,False,0.00000625,282.45,57284901,8,42
Resnet50_fvs_No_Noise_90k_RMSELoss_20260720_174345,Resnet50_fvs_No_Noise_90k_RMSELoss,RMSELoss,2026-07-20 17:43:45,98/200,2026-07-21 01:40:27,0.007284,0.062789,False,0.00000625,283.56,57284901,8,42
Resnet50_fvs_No_Noise_90k_RMSELoss_20260720_174345,Resnet50_fvs_No_Noise_90k_RMSELoss,RMSELoss,2026-07-20 17:43:45,99/200,2026-07-21 01:45:10,0.007253,0.062848,False,0.00000625,282.66,57284901,8,42
Resnet50_fvs_No_Noise_90k_RMSELoss_20260720_174345,Resnet50_fvs_No_Noise_90k_RMSELoss,RMSELoss,2026-07-20 17:43:45,100/200,2026-07-21 01:49:53,0.007244,0.062684,False,0.00000313,282.93,57284901,8,42
Resnet50_fvs_No_Noise_90k_RMSELoss_20260720_174345,Resnet50_fvs_No_Noise_90k_RMSELoss,RMSELoss,2026-07-20 17:43:45,101/200,2026-07-21 01:54:45,0.007034,0.062748,False,0.00000313,292.51,57284901,8,42
Resnet50_fvs_No_Noise_90k_RMSELoss_20260720_174345,Resnet50_fvs_No_Noise_90k_RMSELoss,RMSELoss,2026-07-20 17:43:45,102/200,2026-07-21 01:59:36,0.006908,0.062720,False,0.00000313,291.31,57284901,8,42
Resnet50_fvs_No_Noise_90k_RMSELoss_20260720_174345,Resnet50_fvs_No_Noise_90k_RMSELoss,RMSELoss,2026-07-20 17:43:45,103/200,2026-07-21 02:04:21,0.006853,0.062760,False,0.00000313,284.17,57284901,8,42
Resnet50_fvs_No_Noise_90k_RMSELoss_20260720_174345,Resnet50_fvs_No_Noise_90k_RMSELoss,RMSELoss,2026-07-20 17:43:45,104/200,2026-07-21 02:09:05,0.006802,0.062792,False,0.00000313,284.53,57284901,8,42
Resnet50_fvs_No_Noise_90k_RMSELoss_20260720_174345,Resnet50_fvs_No_Noise_90k_RMSELoss,RMSELoss,2026-07-20 17:43:45,105/200,2026-07-21 02:13:56,0.006768,0.062682,False,0.00000313,291.13,57284901,8,42
Resnet50_fvs_No_Noise_90k_RMSELoss_20260720_174345,Resnet50_fvs_No_Noise_90k_RMSELoss,RMSELoss,2026-07-20 17:43:45,106/200,2026-07-21 02:18:40,0.006765,0.062769,False,0.00000313,283.85,57284901,8,42
Resnet50_fvs_No_Noise_90k_RMSELoss_20260720_174345,Resnet50_fvs_No_Noise_90k_RMSELoss,RMSELoss,2026-07-20 17:43:45,107/200,2026-07-21 02:23:27,0.006734,0.062788,False,0.00000313,286.78,57284901,8,42
Resnet50_fvs_No_Noise_90k_RMSELoss_20260720_174345,Resnet50_fvs_No_Noise_90k_RMSELoss,RMSELoss,2026-07-20 17:43:45,108/200,2026-07-21 02:28:08,0.006712,0.062772,False,0.00000313,281.15,57284901,8,42
Resnet50_fvs_No_Noise_90k_RMSELoss_20260720_174345,Resnet50_fvs_No_Noise_90k_RMSELoss,RMSELoss,2026-07-20 17:43:45,109/200,2026-07-21 02:32:50,0.006685,0.062744,False,0.00000313,281.97,57284901,8,42
Resnet50_fvs_No_Noise_90k_RMSELoss_20260720_174345,Resnet50_fvs_No_Noise_90k_RMSELoss,RMSELoss,2026-07-20 17:43:45,110/200,2026-07-21 02:37:31,0.006664,0.062737,False,0.00000313,280.97,57284901,8,42
Resnet50_fvs_No_Noise_90k_RMSELoss_20260720_174345,Resnet50_fvs_No_Noise_90k_RMSELoss,RMSELoss,2026-07-20 17:43:45,111/200,2026-07-21 02:42:13,0.006636,0.062767,False,0.00000313,282.21,57284901,8,42
Resnet50_fvs_No_Noise_90k_RMSELoss_20260720_174345,Resnet50_fvs_No_Noise_90k_RMSELoss,RMSELoss,2026-07-20 17:43:45,112/200,2026-07-21 02:46:56,0.006622,0.062749,False,0.00000313,282.53,57284901,8,42
Resnet50_fvs_No_Noise_90k_RMSELoss_20260720_174345,Resnet50_fvs_No_Noise_90k_RMSELoss,RMSELoss,2026-07-20 17:43:45,113/200,2026-07-21 02:51:38,0.006617,0.062763,False,0.00000313,282.02,57284901,8,42
Resnet50_fvs_No_Noise_90k_RMSELoss_20260720_174345,Resnet50_fvs_No_Noise_90k_RMSELoss,RMSELoss,2026-07-20 17:43:45,114/200,2026-07-21 02:56:25,0.006581,0.062789,False,0.00000313,287.25,57284901,8,42
Resnet50_fvs_No_Noise_90k_RMSELoss_20260720_174345,Resnet50_fvs_No_Noise_90k_RMSELoss,RMSELoss,2026-07-20 17:43:45,115/200,2026-07-21 03:01:06,0.006554,0.062750,False,0.00000313,280.84,57284901,8,42
Resnet50_fvs_No_Noise_90k_RMSELoss_20260720_174345,Resnet50_fvs_No_Noise_90k_RMSELoss,RMSELoss,2026-07-20 17:43:45,116/200,2026-07-21 03:05:47,0.006556,0.062731,False,0.00000313,281.09,57284901,8,42
Resnet50_fvs_No_Noise_90k_RMSELoss_20260720_174345,Resnet50_fvs_No_Noise_90k_RMSELoss,RMSELoss,2026-07-20 17:43:45,117/200,2026-07-21 03:10:30,0.006532,0.062792,False,0.00000313,282.50,57284901,8,42
Resnet50_fvs_No_Noise_90k_RMSELoss_20260720_174345,Resnet50_fvs_No_Noise_90k_RMSELoss,RMSELoss,2026-07-20 17:43:45,118/200,2026-07-21 03:15:13,0.006526,0.062776,False,0.00000313,283.15,57284901,8,42
Resnet50_fvs_No_Noise_90k_RMSELoss_20260720_174345,Resnet50_fvs_No_Noise_90k_RMSELoss,RMSELoss,2026-07-20 17:43:45,119/200,2026-07-21 03:19:56,0.006501,0.062764,False,0.00000313,282.91,57284901,8,42
Resnet50_fvs_No_Noise_90k_RMSELoss_20260720_174345,Resnet50_fvs_No_Noise_90k_RMSELoss,RMSELoss,2026-07-20 17:43:45,120/200,2026-07-21 03:24:37,0.006491,0.062703,False,0.00000156,281.67,57284901,8,42
Resnet50_fvs_No_Noise_90k_RMSELoss_20260720_174345,Resnet50_fvs_No_Noise_90k_RMSELoss,RMSELoss,2026-07-20 17:43:45,121/200,2026-07-21 03:29:20,0.006405,0.062747,False,0.00000156,282.50,57284901,8,42
Resnet50_fvs_No_Noise_90k_RMSELoss_20260720_174345,Resnet50_fvs_No_Noise_90k_RMSELoss,RMSELoss,2026-07-20 17:43:45,122/200,2026-07-21 03:34:08,0.006359,0.062736,False,0.00000156,287.80,57284901,8,42
Resnet50_fvs_No_Noise_90k_RMSELoss_20260720_174345,Resnet50_fvs_No_Noise_90k_RMSELoss,RMSELoss,2026-07-20 17:43:45,123/200,2026-07-21 03:38:54,0.006335,0.062724,False,0.00000156,285.97,57284901,8,42
Resnet50_fvs_No_Noise_90k_RMSELoss_20260720_174345,Resnet50_fvs_No_Noise_90k_RMSELoss,RMSELoss,2026-07-20 17:43:45,124/200,2026-07-21 03:43:43,0.006309,0.062780,False,0.00000156,289.62,57284901,8,42
Resnet50_fvs_No_Noise_90k_RMSELoss_20260720_174345,Resnet50_fvs_No_Noise_90k_RMSELoss,RMSELoss,2026-07-20 17:43:45,125/200,2026-07-21 03:48:27,0.006289,0.062700,False,0.00000156,283.88,57284901,8,42
Resnet50_fvs_No_Noise_90k_RMSELoss_20260720_174345,Resnet50_fvs_No_Noise_90k_RMSELoss,RMSELoss,2026-07-20 17:43:45,126/200,2026-07-21 03:53:09,0.006280,0.062704,False,0.00000156,282.09,57284901,8,42
Resnet50_fvs_No_Noise_90k_RMSELoss_20260720_174345,Resnet50_fvs_No_Noise_90k_RMSELoss,RMSELoss,2026-07-20 17:43:45,127/200,2026-07-21 03:57:51,0.006258,0.062694,False,0.00000156,281.51,57284901,8,42
Resnet50_fvs_No_Noise_90k_RMSELoss_20260720_174345,Resnet50_fvs_No_Noise_90k_RMSELoss,RMSELoss,2026-07-20 17:43:45,128/200,2026-07-21 04:02:33,0.006249,0.062795,False,0.00000156,282.48,57284901,8,42
Resnet50_fvs_No_Noise_90k_RMSELoss_20260720_174345,Resnet50_fvs_No_Noise_90k_RMSELoss,RMSELoss,2026-07-20 17:43:45,129/200,2026-07-21 04:07:15,0.006243,0.062746,False,0.00000156,281.43,57284901,8,42
Resnet50_fvs_No_Noise_90k_RMSELoss_20260720_174345,Resnet50_fvs_No_Noise_90k_RMSELoss,RMSELoss,2026-07-20 17:43:45,130/200,2026-07-21 04:11:57,0.006235,0.062684,False,0.00000156,281.99,57284901,8,42
Resnet50_fvs_No_Noise_90k_RMSELoss_20260720_174345,Resnet50_fvs_No_Noise_90k_RMSELoss,RMSELoss,2026-07-20 17:43:45,131/200,2026-07-21 04:16:38,0.006220,0.062742,False,0.00000156,281.04,57284901,8,42
Resnet50_fvs_No_Noise_90k_RMSELoss_20260720_174345,Resnet50_fvs_No_Noise_90k_RMSELoss,RMSELoss,2026-07-20 17:43:45,132/200,2026-07-21 04:21:21,0.006202,0.062738,False,0.00000156,283.40,57284901,8,42
Resnet50_fvs_No_Noise_90k_RMSELoss_20260720_174345,Resnet50_fvs_No_Noise_90k_RMSELoss,RMSELoss,2026-07-20 17:43:45,133/200,2026-07-21 04:26:04,0.006185,0.062728,False,0.00000156,283.10,57284901,8,42
ModelCNN_fvs_v2_32_128_No_Noise_90k_RMSELoss_20260821_134110,ModelCNN_fvs_v2_32_128_No_Noise_90k_RMSELoss,RMSELoss,2026-08-21 13:41:10,1/200,2026-08-21 13:44:41,0.110739,0.098704,True,0.00010000,209.01,27419471,8,42
ModelCNN_fvs_v2_32_128_No_Noise_90k_RMSELoss_20260821_134110,ModelCNN_fvs_v2_32_128_No_Noise_90k_RMSELoss,RMSELoss,2026-08-21 13:41:10,2/200,2026-08-21 13:48:19,0.095716,0.090814,True,0.00010000,208.40,27419471,8,42
ModelCNN_fvs_v2_32_128_No_Noise_90k_RMSELoss_20260821_134110,ModelCNN_fvs_v2_32_128_No_Noise_90k_RMSELoss,RMSELoss,2026-08-21 13:41:10,3/200,2026-08-21 13:52:05,0.089102,0.087978,True,0.00010000,215.64,27419471,8,42
ModelCNN_fvs_v2_32_128_No_Noise_90k_RMSELoss_20260821_134110,ModelCNN_fvs_v2_32_128_No_Noise_90k_RMSELoss,RMSELoss,2026-08-21 13:41:10,4/200,2026-08-21 13:56:03,0.084139,0.081372,True,0.00010000,229.00,27419471,8,42
ModelCNN_fvs_v2_32_128_No_Noise_90k_RMSELoss_20260821_134110,ModelCNN_fvs_v2_32_128_No_Noise_90k_RMSELoss,RMSELoss,2026-08-21 13:41:10,5/200,2026-08-21 13:59:48,0.080324,0.087168,False,0.00010000,215.12,27419471,8,42
ModelCNN_fvs_v2_32_128_No_Noise_90k_RMSELoss_20260821_134110,ModelCNN_fvs_v2_32_128_No_Noise_90k_RMSELoss,RMSELoss,2026-08-21 13:41:10,6/200,2026-08-21 14:03:24,0.076932,0.080994,True,0.00010000,215.63,27419471,8,42
ModelCNN_fvs_v2_32_128_No_Noise_90k_RMSELoss_20260821_134110,ModelCNN_fvs_v2_32_128_No_Noise_90k_RMSELoss,RMSELoss,2026-08-21 13:41:10,7/200,2026-08-21 14:07:10,0.073811,0.079964,True,0.00010000,215.77,27419471,8,42
ModelCNN_fvs_v2_32_128_No_Noise_90k_RMSELoss_20260821_134110,ModelCNN_fvs_v2_32_128_No_Noise_90k_RMSELoss,RMSELoss,2026-08-21 13:41:10,8/200,2026-08-21 14:10:57,0.070981,0.076730,True,0.00010000,217.04,27419471,8,42
ModelCNN_fvs_v2_32_128_No_Noise_90k_RMSELoss_20260821_134110,ModelCNN_fvs_v2_32_128_No_Noise_90k_RMSELoss,RMSELoss,2026-08-21 13:41:10,9/200,2026-08-21 14:14:44,0.068346,0.075648,True,0.00010000,217.73,27419471,8,42
ModelCNN_fvs_v2_32_128_No_Noise_90k_RMSELoss_20260821_134110,ModelCNN_fvs_v2_32_128_No_Noise_90k_RMSELoss,RMSELoss,2026-08-21 13:41:10,10/200,2026-08-21 14:18:33,0.065812,0.074290,True,0.00010000,218.81,27419471,8,42
ModelCNN_fvs_v2_32_128_No_Noise_90k_RMSELoss_20260821_134110,ModelCNN_fvs_v2_32_128_No_Noise_90k_RMSELoss,RMSELoss,2026-08-21 13:41:10,11/200,2026-08-21 14:22:18,0.063163,0.074171,True,0.00010000,215.52,27419471,8,42
ModelCNN_fvs_v2_32_128_No_Noise_90k_RMSELoss_20260821_134110,ModelCNN_fvs_v2_32_128_No_Noise_90k_RMSELoss,RMSELoss,2026-08-21 13:41:10,12/200,2026-08-21 14:26:06,0.061141,0.072383,True,0.00010000,217.52,27419471,8,42
ModelCNN_fvs_v2_32_128_No_Noise_90k_RMSELoss_20260821_134110,ModelCNN_fvs_v2_32_128_No_Noise_90k_RMSELoss,RMSELoss,2026-08-21 13:41:10,13/200,2026-08-21 14:29:49,0.059192,0.073347,False,0.00010000,213.73,27419471,8,42
ModelCNN_fvs_v2_32_128_No_Noise_90k_RMSELoss_20260821_134110,ModelCNN_fvs_v2_32_128_No_Noise_90k_RMSELoss,RMSELoss,2026-08-21 13:41:10,14/200,2026-08-21 14:33:27,0.057292,0.073047,False,0.00010000,218.06,27419471,8,42
ModelCNN_fvs_v2_32_128_No_Noise_90k_RMSELoss_20260821_134110,ModelCNN_fvs_v2_32_128_No_Noise_90k_RMSELoss,RMSELoss,2026-08-21 13:41:10,15/200,2026-08-21 14:37:04,0.055637,0.072631,False,0.00010000,216.74,27419471,8,42
ModelCNN_fvs_v2_32_128_No_Noise_90k_RMSELoss_20260821_134110,ModelCNN_fvs_v2_32_128_No_Noise_90k_RMSELoss,RMSELoss,2026-08-21 13:41:10,16/200,2026-08-21 14:40:40,0.053793,0.071822,True,0.00010000,215.70,27419471,8,42
ModelCNN_fvs_v2_32_128_No_Noise_90k_RMSELoss_20260821_134110,ModelCNN_fvs_v2_32_128_No_Noise_90k_RMSELoss,RMSELoss,2026-08-21 13:41:10,17/200,2026-08-21 14:44:25,0.052376,0.071540,True,0.00010000,215.21,27419471,8,42
ModelCNN_fvs_v2_32_128_No_Noise_90k_RMSELoss_20260821_134110,ModelCNN_fvs_v2_32_128_No_Noise_90k_RMSELoss,RMSELoss,2026-08-21 13:41:10,18/200,2026-08-21 14:48:11,0.050957,0.072409,False,0.00010000,216.54,27419471,8,42
ModelCNN_fvs_v2_32_128_No_Noise_90k_RMSELoss_20260821_134110,ModelCNN_fvs_v2_32_128_No_Noise_90k_RMSELoss,RMSELoss,2026-08-21 13:41:10,19/200,2026-08-21 14:51:45,0.049638,0.071697,False,0.00010000,213.60,27419471,8,42
ModelCNN_fvs_v2_32_128_No_Noise_90k_RMSELoss_20260821_134110,ModelCNN_fvs_v2_32_128_No_Noise_90k_RMSELoss,RMSELoss,2026-08-21 13:41:10,20/200,2026-08-21 14:55:20,0.048394,0.070588,True,0.00005000,215.08,27419471,8,42
ModelCNN_fvs_v2_32_128_No_Noise_90k_RMSELoss_20260821_134110,ModelCNN_fvs_v2_32_128_No_Noise_90k_RMSELoss,RMSELoss,2026-08-21 13:41:10,21/200,2026-08-21 14:59:05,0.042587,0.067545,True,0.00005000,215.74,27419471,8,42
ModelCNN_fvs_v2_32_128_No_Noise_90k_RMSELoss_20260821_134110,ModelCNN_fvs_v2_32_128_No_Noise_90k_RMSELoss,RMSELoss,2026-08-21 13:41:10,22/200,2026-08-21 15:02:49,0.038993,0.067594,False,0.00005000,213.56,27419471,8,42
ModelCNN_fvs_v2_32_128_No_Noise_90k_RMSELoss_20260821_134110,ModelCNN_fvs_v2_32_128_No_Noise_90k_RMSELoss,RMSELoss,2026-08-21 13:41:10,23/200,2026-08-21 15:06:24,0.037220,0.067427,True,0.00005000,215.08,27419471,8,42
ModelCNN_fvs_v2_32_128_No_Noise_90k_RMSELoss_20260821_134110,ModelCNN_fvs_v2_32_128_No_Noise_90k_RMSELoss,RMSELoss,2026-08-21 13:41:10,24/200,2026-08-21 15:10:10,0.035879,0.067906,False,0.00005000,216.33,27419471,8,42
ModelCNN_fvs_v2_32_128_No_Noise_90k_RMSELoss_20260821_134110,ModelCNN_fvs_v2_32_128_No_Noise_90k_RMSELoss,RMSELoss,2026-08-21 13:41:10,25/200,2026-08-21 15:13:45,0.034717,0.067734,False,0.00005000,214.54,27419471,8,42
ModelCNN_fvs_v2_32_128_No_Noise_90k_RMSELoss_20260821_134110,ModelCNN_fvs_v2_32_128_No_Noise_90k_RMSELoss,RMSELoss,2026-08-21 13:41:10,26/200,2026-08-21 15:17:20,0.033730,0.067482,False,0.00005000,215.44,27419471,8,42
ModelCNN_fvs_v2_32_128_No_Noise_90k_RMSELoss_20260821_134110,ModelCNN_fvs_v2_32_128_No_Noise_90k_RMSELoss,RMSELoss,2026-08-21 13:41:10,27/200,2026-08-21 15:20:55,0.032738,0.067559,False,0.00005000,215.08,27419471,8,42
ModelCNN_fvs_v2_32_128_No_Noise_90k_RMSELoss_20260821_134110,ModelCNN_fvs_v2_32_128_No_Noise_90k_RMSELoss,RMSELoss,2026-08-21 13:41:10,28/200,2026-08-21 15:24:31,0.031887,0.067399,True,0.00005000,216.32,27419471,8,42
ModelCNN_fvs_v2_32_128_No_Noise_90k_RMSELoss_20260821_134110,ModelCNN_fvs_v2_32_128_No_Noise_90k_RMSELoss,RMSELoss,2026-08-21 13:41:10,29/200,2026-08-21 15:28:19,0.031098,0.067012,True,0.00005000,217.35,27419471,8,42
ModelCNN_fvs_v2_32_128_No_Noise_90k_RMSELoss_20260821_134110,ModelCNN_fvs_v2_32_128_No_Noise_90k_RMSELoss,RMSELoss,2026-08-21 13:41:10,30/200,2026-08-21 15:32:05,0.030271,0.066625,True,0.00005000,216.99,27419471,8,42
ModelCNN_fvs_v2_32_128_No_Noise_90k_RMSELoss_20260821_134110,ModelCNN_fvs_v2_32_128_No_Noise_90k_RMSELoss,RMSELoss,2026-08-21 13:41:10,31/200,2026-08-21 15:35:50,0.029526,0.066841,False,0.00005000,214.39,27419471,8,42
ModelCNN_fvs_v2_32_128_No_Noise_90k_RMSELoss_20260821_134110,ModelCNN_fvs_v2_32_128_No_Noise_90k_RMSELoss,RMSELoss,2026-08-21 13:41:10,32/200,2026-08-21 15:39:24,0.028835,0.067075,False,0.00005000,214.55,27419471,8,42
ModelCNN_fvs_v2_32_128_No_Noise_90k_RMSELoss_20260821_134110,ModelCNN_fvs_v2_32_128_No_Noise_90k_RMSELoss,RMSELoss,2026-08-21 13:41:10,33/200,2026-08-21 15:42:59,0.028234,0.066855,False,0.00005000,214.71,27419471,8,42
ModelCNN_fvs_v2_32_128_No_Noise_90k_RMSELoss_20260821_134110,ModelCNN_fvs_v2_32_128_No_Noise_90k_RMSELoss,RMSELoss,2026-08-21 13:41:10,34/200,2026-08-21 15:46:36,0.027573,0.067014,False,0.00005000,216.73,27419471,8,42
ModelCNN_fvs_v2_32_128_No_Noise_90k_RMSELoss_20260821_134110,ModelCNN_fvs_v2_32_128_No_Noise_90k_RMSELoss,RMSELoss,2026-08-21 13:41:10,35/200,2026-08-21 15:50:15,0.026999,0.067105,False,0.00005000,219.18,27419471,8,42
ModelCNN_fvs_v2_32_128_No_Noise_90k_RMSELoss_20260821_134110,ModelCNN_fvs_v2_32_128_No_Noise_90k_RMSELoss,RMSELoss,2026-08-21 13:41:10,36/200,2026-08-21 15:53:50,0.026442,0.066608,True,0.00005000,215.46,27419471,8,42
ModelCNN_fvs_v2_32_128_No_Noise_90k_RMSELoss_20260821_134110,ModelCNN_fvs_v2_32_128_No_Noise_90k_RMSELoss,RMSELoss,2026-08-21 13:41:10,37/200,2026-08-21 15:57:37,0.025902,0.066588,True,0.00005000,216.78,27419471,8,42
ModelCNN_fvs_v2_32_128_No_Noise_90k_RMSELoss_20260821_134110,ModelCNN_fvs_v2_32_128_No_Noise_90k_RMSELoss,RMSELoss,2026-08-21 13:41:10,38/200,2026-08-21 16:01:23,0.025388,0.066527,True,0.00005000,215.98,27419471,8,42
ModelCNN_fvs_v2_32_128_No_Noise_90k_RMSELoss_20260821_134110,ModelCNN_fvs_v2_32_128_No_Noise_90k_RMSELoss,RMSELoss,2026-08-21 13:41:10,39/200,2026-08-21 16:05:09,0.024940,0.067107,False,0.00005000,216.27,27419471,8,42
ModelCNN_fvs_v2_32_128_No_Noise_90k_RMSELoss_20260821_134110,ModelCNN_fvs_v2_32_128_No_Noise_90k_RMSELoss,RMSELoss,2026-08-21 13:41:10,40/200,2026-08-21 16:08:44,0.024414,0.066586,False,0.00002500,215.18,27419471,8,42
ModelCNN_fvs_v2_32_128_No_Noise_90k_RMSELoss_20260821_134110,ModelCNN_fvs_v2_32_128_No_Noise_90k_RMSELoss,RMSELoss,2026-08-21 13:41:10,41/200,2026-08-21 16:12:18,0.021749,0.065278,True,0.00002500,214.31,27419471,8,42
ModelCNN_fvs_v2_32_128_No_Noise_90k_RMSELoss_20260821_134110,ModelCNN_fvs_v2_32_128_No_Noise_90k_RMSELoss,RMSELoss,2026-08-21 13:41:10,42/200,2026-08-21 16:16:07,0.019557,0.065338,False,0.00002500,219.12,27419471,8,42
ModelCNN_fvs_v2_32_128_No_Noise_90k_RMSELoss_20260821_134110,ModelCNN_fvs_v2_32_128_No_Noise_90k_RMSELoss,RMSELoss,2026-08-21 13:41:10,43/200,2026-08-21 16:19:43,0.018807,0.065198,True,0.00002500,215.35,27419471,8,42
ModelCNN_fvs_v2_32_128_No_Noise_90k_RMSELoss_20260821_134110,ModelCNN_fvs_v2_32_128_No_Noise_90k_RMSELoss,RMSELoss,2026-08-21 13:41:10,44/200,2026-08-21 16:23:27,0.018346,0.065271,False,0.00002500,214.28,27419471,8,42
ModelCNN_fvs_v2_32_128_No_Noise_90k_RMSELoss_20260821_134110,ModelCNN_fvs_v2_32_128_No_Noise_90k_RMSELoss,RMSELoss,2026-08-21 13:41:10,45/200,2026-08-21 16:27:03,0.017901,0.065154,True,0.00002500,216.56,27419471,8,42
ModelCNN_fvs_v2_32_128_No_Noise_90k_RMSELoss_20260821_134110,ModelCNN_fvs_v2_32_128_No_Noise_90k_RMSELoss,RMSELoss,2026-08-21 13:41:10,46/200,2026-08-21 16:30:47,0.017502,0.065008,True,0.00002500,213.32,27419471,8,42
ModelCNN_fvs_v2_32_128_No_Noise_90k_RMSELoss_20260821_134110,ModelCNN_fvs_v2_32_128_No_Noise_90k_RMSELoss,RMSELoss,2026-08-21 13:41:10,47/200,2026-08-21 16:34:31,0.017137,0.065053,False,0.00002500,214.88,27419471,8,42
ModelCNN_fvs_v2_32_128_No_Noise_90k_RMSELoss_20260821_134110,ModelCNN_fvs_v2_32_128_No_Noise_90k_RMSELoss,RMSELoss,2026-08-21 13:41:10,48/200,2026-08-21 16:38:08,0.016855,0.065206,False,0.00002500,217.01,27419471,8,42
ModelCNN_fvs_v2_32_128_No_Noise_90k_RMSELoss_20260821_134110,ModelCNN_fvs_v2_32_128_No_Noise_90k_RMSELoss,RMSELoss,2026-08-21 13:41:10,49/200,2026-08-21 16:41:44,0.016539,0.065104,False,0.00002500,216.00,27419471,8,42
ModelCNN_fvs_v2_32_128_No_Noise_90k_RMSELoss_20260821_134110,ModelCNN_fvs_v2_32_128_No_Noise_90k_RMSELoss,RMSELoss,2026-08-21 13:41:10,50/200,2026-08-21 16:45:20,0.016294,0.065160,False,0.00002500,215.30,27419471,8,42
ModelCNN_fvs_v2_32_128_No_Noise_90k_RMSELoss_20260821_134110,ModelCNN_fvs_v2_32_128_No_Noise_90k_RMSELoss,RMSELoss,2026-08-21 13:41:10,51/200,2026-08-21 16:48:56,0.015993,0.065303,False,0.00002500,216.24,27419471,8,42
ModelCNN_fvs_v2_32_128_No_Noise_90k_RMSELoss_20260821_134110,ModelCNN_fvs_v2_32_128_No_Noise_90k_RMSELoss,RMSELoss,2026-08-21 13:41:10,52/200,2026-08-21 16:52:31,0.015755,0.065142,False,0.00002500,214.97,27419471,8,42
ModelCNN_fvs_v2_32_128_No_Noise_90k_RMSELoss_20260821_134110,ModelCNN_fvs_v2_32_128_No_Noise_90k_RMSELoss,RMSELoss,2026-08-21 13:41:10,53/200,2026-08-21 16:56:08,0.015494,0.065477,False,0.00002500,216.63,27419471,8,42
ModelCNN_fvs_v2_32_128_No_Noise_90k_RMSELoss_20260821_134110,ModelCNN_fvs_v2_32_128_No_Noise_90k_RMSELoss,RMSELoss,2026-08-21 13:41:10,54/200,2026-08-21 16:59:44,0.015264,0.065299,False,0.00002500,216.95,27419471,8,42
ModelCNN_fvs_v2_32_128_No_Noise_90k_RMSELoss_20260821_134110,ModelCNN_fvs_v2_32_128_No_Noise_90k_RMSELoss,RMSELoss,2026-08-21 13:41:10,55/200,2026-08-21 17:03:19,0.015054,0.065284,False,0.00002500,214.70,27419471,8,42
ModelCNN_fvs_v2_32_128_No_Noise_90k_RMSELoss_20260821_134110,ModelCNN_fvs_v2_32_128_No_Noise_90k_RMSELoss,RMSELoss,2026-08-21 13:41:10,56/200,2026-08-21 17:06:55,0.014817,0.065169,False,0.00002500,215.65,27419471,8,42
ModelCNN_fvs_v2_32_128_No_Noise_90k_RMSELoss_20260821_134110,ModelCNN_fvs_v2_32_128_No_Noise_90k_RMSELoss,RMSELoss,2026-08-21 13:41:10,57/200,2026-08-21 17:10:30,0.014686,0.065143,False,0.00002500,214.64,27419471,8,42
ModelCNN_fvs_v2_32_128_No_Noise_90k_RMSELoss_20260821_134110,ModelCNN_fvs_v2_32_128_No_Noise_90k_RMSELoss,RMSELoss,2026-08-21 13:41:10,58/200,2026-08-21 17:14:06,0.014499,0.065130,False,0.00002500,216.53,27419471,8,42
ModelCNN_fvs_v2_32_128_No_Noise_90k_RMSELoss_20260821_134110,ModelCNN_fvs_v2_32_128_No_Noise_90k_RMSELoss,RMSELoss,2026-08-21 13:41:10,59/200,2026-08-21 17:17:46,0.014271,0.065132,False,0.00002500,219.56,27419471,8,42
ModelCNN_fvs_v2_32_128_No_Noise_90k_RMSELoss_20260821_134110,ModelCNN_fvs_v2_32_128_No_Noise_90k_RMSELoss,RMSELoss,2026-08-21 13:41:10,60/200,2026-08-21 17:21:21,0.014087,0.065079,False,0.00001250,215.11,27419471,8,42
ModelCNN_fvs_v2_32_128_No_Noise_90k_RMSELoss_20260821_134110,ModelCNN_fvs_v2_32_128_No_Noise_90k_RMSELoss,RMSELoss,2026-08-21 13:41:10,61/200,2026-08-21 17:24:55,0.012979,0.064754,True,0.00001250,214.11,27419471,8,42
ModelCNN_fvs_v2_32_128_No_Noise_90k_RMSELoss_20260821_134110,ModelCNN_fvs_v2_32_128_No_Noise_90k_RMSELoss,RMSELoss,2026-08-21 13:41:10,62/200,2026-08-21 17:28:40,0.011999,0.064744,True,0.00001250,215.66,27419471,8,42
ModelCNN_fvs_v2_32_128_No_Noise_90k_RMSELoss_20260821_134110,ModelCNN_fvs_v2_32_128_No_Noise_90k_RMSELoss,RMSELoss,2026-08-21 13:41:10,63/200,2026-08-21 17:32:25,0.011709,0.064755,False,0.00001250,215.04,27419471,8,42
ModelCNN_fvs_v2_32_128_No_Noise_90k_RMSELoss_20260821_134110,ModelCNN_fvs_v2_32_128_No_Noise_90k_RMSELoss,RMSELoss,2026-08-21 13:41:10,64/200,2026-08-21 17:36:04,0.011532,0.064604,True,0.00001250,219.28,27419471,8,42
ModelCNN_fvs_v2_32_128_No_Noise_90k_RMSELoss_20260821_134110,ModelCNN_fvs_v2_32_128_No_Noise_90k_RMSELoss,RMSELoss,2026-08-21 13:41:10,65/200,2026-08-21 17:39:49,0.011353,0.064636,False,0.00001250,214.35,27419471,8,42
ModelCNN_fvs_v2_32_128_No_Noise_90k_RMSELoss_20260821_134110,ModelCNN_fvs_v2_32_128_No_Noise_90k_RMSELoss,RMSELoss,2026-08-21 13:41:10,66/200,2026-08-21 17:43:24,0.011218,0.064662,False,0.00001250,215.18,27419471,8,42
ModelCNN_fvs_v2_32_128_No_Noise_90k_RMSELoss_20260821_134110,ModelCNN_fvs_v2_32_128_No_Noise_90k_RMSELoss,RMSELoss,2026-08-21 13:41:10,67/200,2026-08-21 17:46:58,0.011086,0.064678,False,0.00001250,214.25,27419471,8,42
ModelCNN_fvs_v2_32_128_No_Noise_90k_RMSELoss_20260821_134110,ModelCNN_fvs_v2_32_128_No_Noise_90k_RMSELoss,RMSELoss,2026-08-21 13:41:10,68/200,2026-08-21 17:50:36,0.010982,0.064592,True,0.00001250,217.65,27419471,8,42
ModelCNN_fvs_v2_32_128_No_Noise_90k_RMSELoss_20260821_134110,ModelCNN_fvs_v2_32_128_No_Noise_90k_RMSELoss,RMSELoss,2026-08-21 13:41:10,69/200,2026-08-21 17:54:21,0.010859,0.064782,False,0.00001250,215.17,27419471,8,42
ModelCNN_fvs_v2_32_128_No_Noise_90k_RMSELoss_20260821_134110,ModelCNN_fvs_v2_32_128_No_Noise_90k_RMSELoss,RMSELoss,2026-08-21 13:41:10,70/200,2026-08-21 17:57:57,0.010761,0.064667,False,0.00001250,216.35,27419471,8,42
ModelCNN_fvs_v2_32_128_No_Noise_90k_RMSELoss_20260821_134110,ModelCNN_fvs_v2_32_128_No_Noise_90k_RMSELoss,RMSELoss,2026-08-21 13:41:10,71/200,2026-08-21 18:01:36,0.010654,0.064424,True,0.00001250,218.97,27419471,8,42
ModelCNN_fvs_v2_32_128_No_Noise_90k_RMSELoss_20260821_134110,ModelCNN_fvs_v2_32_128_No_Noise_90k_RMSELoss,RMSELoss,2026-08-21 13:41:10,72/200,2026-08-21 18:05:20,0.010532,0.064729,False,0.00001250,214.60,27419471,8,42
ModelCNN_fvs_v2_32_128_No_Noise_90k_RMSELoss_20260821_134110,ModelCNN_fvs_v2_32_128_No_Noise_90k_RMSELoss,RMSELoss,2026-08-21 13:41:10,73/200,2026-08-21 18:08:56,0.010446,0.064666,False,0.00001250,215.34,27419471,8,42
ModelCNN_fvs_v2_32_128_No_Noise_90k_RMSELoss_20260821_134110,ModelCNN_fvs_v2_32_128_No_Noise_90k_RMSELoss,RMSELoss,2026-08-21 13:41:10,74/200,2026-08-21 18:12:31,0.010343,0.064709,False,0.00001250,214.81,27419471,8,42
ModelCNN_fvs_v2_32_128_No_Noise_90k_RMSELoss_20260821_134110,ModelCNN_fvs_v2_32_128_No_Noise_90k_RMSELoss,RMSELoss,2026-08-21 13:41:10,75/200,2026-08-21 18:16:06,0.010251,0.064621,False,0.00001250,215.28,27419471,8,42
ModelCNN_fvs_v2_32_128_No_Noise_90k_RMSELoss_20260821_134110,ModelCNN_fvs_v2_32_128_No_Noise_90k_RMSELoss,RMSELoss,2026-08-21 13:41:10,76/200,2026-08-21 18:19:42,0.010190,0.064742,False,0.00001250,216.64,27419471,8,42
ModelCNN_fvs_v2_32_128_No_Noise_90k_RMSELoss_20260821_134110,ModelCNN_fvs_v2_32_128_No_Noise_90k_RMSELoss,RMSELoss,2026-08-21 13:41:10,77/200,2026-08-21 18:23:17,0.010077,0.064682,False,0.00001250,214.85,27419471,8,42
ModelCNN_fvs_v2_32_128_No_Noise_90k_RMSELoss_20260821_134110,ModelCNN_fvs_v2_32_128_No_Noise_90k_RMSELoss,RMSELoss,2026-08-21 13:41:10,78/200,2026-08-21 18:26:56,0.010026,0.064535,False,0.00001250,219.02,27419471,8,42
ModelCNN_fvs_v2_32_128_No_Noise_90k_RMSELoss_20260821_134110,ModelCNN_fvs_v2_32_128_No_Noise_90k_RMSELoss,RMSELoss,2026-08-21 13:41:10,79/200,2026-08-21 18:30:34,0.009922,0.064667,False,0.00001250,217.35,27419471,8,42
ModelCNN_fvs_v2_32_128_No_Noise_90k_RMSELoss_20260821_134110,ModelCNN_fvs_v2_32_128_No_Noise_90k_RMSELoss,RMSELoss,2026-08-21 13:41:10,80/200,2026-08-21 18:34:13,0.009824,0.064635,False,0.00000625,218.85,27419471,8,42
ModelCNN_fvs_v2_32_128_No_Noise_90k_RMSELoss_20260821_134110,ModelCNN_fvs_v2_32_128_No_Noise_90k_RMSELoss,RMSELoss,2026-08-21 13:41:10,81/200,2026-08-21 18:37:48,0.009371,0.064603,False,0.00000625,215.18,27419471,8,42
ModelCNN_fvs_v2_32_128_No_Noise_90k_RMSELoss_20260821_134110,ModelCNN_fvs_v2_32_128_No_Noise_90k_RMSELoss,RMSELoss,2026-08-21 13:41:10,82/200,2026-08-21 18:41:23,0.008962,0.064472,False,0.00000625,215.64,27419471,8,42
ModelCNN_fvs_v2_32_128_No_Noise_90k_RMSELoss_20260821_134110,ModelCNN_fvs_v2_32_128_No_Noise_90k_RMSELoss,RMSELoss,2026-08-21 13:41:10,83/200,2026-08-21 18:44:58,0.008833,0.064532,False,0.00000625,214.16,27419471,8,42
ModelCNN_fvs_v2_32_128_No_Noise_90k_RMSELoss_20260821_134110,ModelCNN_fvs_v2_32_128_No_Noise_90k_RMSELoss,RMSELoss,2026-08-21 13:41:10,84/200,2026-08-21 18:48:32,0.008754,0.064547,False,0.00000625,214.23,27419471,8,42
ModelCNN_fvs_v2_32_128_No_Noise_90k_RMSELoss_20260821_134110,ModelCNN_fvs_v2_32_128_No_Noise_90k_RMSELoss,RMSELoss,2026-08-21 13:41:10,85/200,2026-08-21 18:52:08,0.008656,0.064448,False,0.00000625,216.13,27419471,8,42
ModelCNN_fvs_v2_32_128_No_Noise_90k_RMSELoss_20260821_134110,ModelCNN_fvs_v2_32_128_No_Noise_90k_RMSELoss,RMSELoss,2026-08-21 13:41:10,86/200,2026-08-21 18:55:44,0.008617,0.064542,False,0.00000625,216.27,27419471,8,42
ModelCNN_fvs_v2_32_128_No_Noise_90k_RMSELoss_20260821_134110,ModelCNN_fvs_v2_32_128_No_Noise_90k_RMSELoss,RMSELoss,2026-08-21 13:41:10,87/200,2026-08-21 18:59:20,0.008569,0.064520,False,0.00000625,215.49,27419471,8,42
ModelCNN_fvs_v2_32_128_No_Noise_90k_RMSELoss_20260821_134110,ModelCNN_fvs_v2_32_128_No_Noise_90k_RMSELoss,RMSELoss,2026-08-21 13:41:10,88/200,2026-08-21 19:02:56,0.008482,0.064511,False,0.00000625,216.69,27419471,8,42
ModelCNN_fvs_v2_32_128_No_Noise_90k_RMSELoss_20260821_134110,ModelCNN_fvs_v2_32_128_No_Noise_90k_RMSELoss,RMSELoss,2026-08-21 13:41:10,89/200,2026-08-21 19:06:31,0.008449,0.064473,False,0.00000625,214.58,27419471,8,42
ModelCNN_fvs_v2_32_128_No_Noise_90k_RMSELoss_20260821_134110,ModelCNN_fvs_v2_32_128_No_Noise_90k_RMSELoss,RMSELoss,2026-08-21 13:41:10,90/200,2026-08-21 19:10:07,0.008394,0.064447,False,0.00000625,216.20,27419471,8,42
ModelCNN_fvs_v2_32_128_No_Noise_90k_RMSELoss_20260821_134110,ModelCNN_fvs_v2_32_128_No_Noise_90k_RMSELoss,RMSELoss,2026-08-21 13:41:10,91/200,2026-08-21 19:13:43,0.008345,0.064500,False,0.00000625,215.73,27419471,8,42
ModelCNN_fvs_v2_32_128_No_Noise_90k_RMSELoss_20260821_134110,ModelCNN_fvs_v2_32_128_No_Noise_90k_RMSELoss,RMSELoss,2026-08-21 13:41:10,92/200,2026-08-21 19:17:17,0.008311,0.064493,False,0.00000625,214.46,27419471,8,42
ModelCNN_fvs_v2_32_128_No_Noise_90k_RMSELoss_20260821_134110,ModelCNN_fvs_v2_32_128_No_Noise_90k_RMSELoss,RMSELoss,2026-08-21 13:41:10,93/200,2026-08-21 19:20:52,0.008268,0.064441,False,0.00000625,214.84,27419471,8,42
ModelCNN_fvs_v2_32_128_No_Noise_90k_RMSELoss_20260821_134110,ModelCNN_fvs_v2_32_128_No_Noise_90k_RMSELoss,RMSELoss,2026-08-21 13:41:10,94/200,2026-08-21 19:24:29,0.008216,0.064492,False,0.00000625,216.86,27419471,8,42
ModelCNN_fvs_v2_32_128_No_Noise_90k_RMSELoss_20260821_134110,ModelCNN_fvs_v2_32_128_No_Noise_90k_RMSELoss,RMSELoss,2026-08-21 13:41:10,95/200,2026-08-21 19:28:04,0.008175,0.064541,False,0.00000625,215.20,27419471,8,42
ModelCNN_fvs_v2_32_128_No_Noise_90k_RMSELoss_20260821_134110,ModelCNN_fvs_v2_32_128_No_Noise_90k_RMSELoss,RMSELoss,2026-08-21 13:41:10,96/200,2026-08-21 19:31:40,0.008118,0.064526,False,0.00000625,216.07,27419471,8,42
ModelCNN_fvs_v2_32_128_No_Noise_90k_RMSELoss_20260821_134110,ModelCNN_fvs_v2_32_128_No_Noise_90k_RMSELoss,RMSELoss,2026-08-21 13:41:10,97/200,2026-08-21 19:35:16,0.008122,0.064538,False,0.00000625,215.23,27419471,8,42
ModelCNN_fvs_v2_32_128_No_Noise_90k_RMSELoss_20260821_134110,ModelCNN_fvs_v2_32_128_No_Noise_90k_RMSELoss,RMSELoss,2026-08-21 13:41:10,98/200,2026-08-21 19:38:51,0.008042,0.064479,False,0.00000625,215.02,27419471,8,42
ModelCNN_fvs_v2_32_128_No_Noise_90k_RMSELoss_20260821_134110,ModelCNN_fvs_v2_32_128_No_Noise_90k_RMSELoss,RMSELoss,2026-08-21 13:41:10,99/200,2026-08-21 19:42:27,0.008027,0.064540,False,0.00000625,216.59,27419471,8,42
ModelCNN_fvs_v2_32_128_No_Noise_90k_RMSELoss_20260821_134110,ModelCNN_fvs_v2_32_128_No_Noise_90k_RMSELoss,RMSELoss,2026-08-21 13:41:10,100/200,2026-08-21 19:46:03,0.007987,0.064514,False,0.00000313,215.30,27419471,8,42
ModelCNN_fvs_v2_32_128_No_Noise_90k_RMSELoss_20260821_134110,ModelCNN_fvs_v2_32_128_No_Noise_90k_RMSELoss,RMSELoss,2026-08-21 13:41:10,101/200,2026-08-21 19:49:38,0.007758,0.064552,False,0.00000313,215.46,27419471,8,42
ModelCNN_fvs_v2_32_128_No_Noise_90k_RMSELoss_20260821_134110,ModelCNN_fvs_v2_32_128_No_Noise_90k_RMSELoss,RMSELoss,2026-08-21 13:41:10,102/200,2026-08-21 19:53:14,0.007623,0.064468,False,0.00000313,216.17,27419471,8,42
ModelCNN_fvs_v2_32_128_No_Noise_90k_RMSELoss_20260821_134110,ModelCNN_fvs_v2_32_128_No_Noise_90k_RMSELoss,RMSELoss,2026-08-21 13:41:10,103/200,2026-08-21 19:56:50,0.007543,0.064415,True,0.00000313,215.98,27419471,8,42
ModelCNN_fvs_v2_32_128_No_Noise_90k_RMSELoss_20260821_134110,ModelCNN_fvs_v2_32_128_No_Noise_90k_RMSELoss,RMSELoss,2026-08-21 13:41:10,104/200,2026-08-21 20:00:34,0.007508,0.064477,False,0.00000313,214.04,27419471,8,42
ModelCNN_fvs_v2_32_128_No_Noise_90k_RMSELoss_20260821_134110,ModelCNN_fvs_v2_32_128_No_Noise_90k_RMSELoss,RMSELoss,2026-08-21 13:41:10,105/200,2026-08-21 20:04:09,0.007477,0.064525,False,0.00000313,214.63,27419471,8,42
ModelCNN_fvs_v2_32_128_No_Noise_90k_RMSELoss_20260821_134110,ModelCNN_fvs_v2_32_128_No_Noise_90k_RMSELoss,RMSELoss,2026-08-21 13:41:10,106/200,2026-08-21 20:07:44,0.007446,0.064479,False,0.00000313,215.01,27419471,8,42
ModelCNN_fvs_v2_32_128_No_Noise_90k_RMSELoss_20260821_134110,ModelCNN_fvs_v2_32_128_No_Noise_90k_RMSELoss,RMSELoss,2026-08-21 13:41:10,107/200,2026-08-21 20:11:18,0.007420,0.064475,False,0.00000313,214.30,27419471,8,42
ModelCNN_fvs_v2_32_128_No_Noise_90k_RMSELoss_20260821_134110,ModelCNN_fvs_v2_32_128_No_Noise_90k_RMSELoss,RMSELoss,2026-08-21 13:41:10,108/200,2026-08-21 20:14:53,0.007384,0.064443,False,0.00000313,214.51,27419471,8,42
ModelCNN_fvs_v2_32_128_No_Noise_90k_RMSELoss_20260821_134110,ModelCNN_fvs_v2_32_128_No_Noise_90k_RMSELoss,RMSELoss,2026-08-21 13:41:10,109/200,2026-08-21 20:18:28,0.007370,0.064486,False,0.00000313,214.97,27419471,8,42
ModelCNN_fvs_v2_32_128_No_Noise_90k_RMSELoss_20260821_134110,ModelCNN_fvs_v2_32_128_No_Noise_90k_RMSELoss,RMSELoss,2026-08-21 13:41:10,110/200,2026-08-21 20:22:06,0.007338,0.064511,False,0.00000313,217.76,27419471,8,42
ModelCNN_fvs_v2_32_128_No_Noise_90k_RMSELoss_20260821_134110,ModelCNN_fvs_v2_32_128_No_Noise_90k_RMSELoss,RMSELoss,2026-08-21 13:41:10,111/200,2026-08-21 20:25:42,0.007338,0.064482,False,0.00000313,216.61,27419471,8,42
ModelCNN_fvs_v2_32_128_No_Noise_90k_RMSELoss_20260821_134110,ModelCNN_fvs_v2_32_128_No_Noise_90k_RMSELoss,RMSELoss,2026-08-21 13:41:10,112/200,2026-08-21 20:29:21,0.007316,0.064400,True,0.00000313,219.08,27419471,8,42
ModelCNN_fvs_v2_32_128_No_Noise_90k_RMSELoss_20260821_134110,ModelCNN_fvs_v2_32_128_No_Noise_90k_RMSELoss,RMSELoss,2026-08-21 13:41:10,113/200,2026-08-21 20:33:06,0.007290,0.064528,False,0.00000313,215.13,27419471,8,42
ModelCNN_fvs_v2_32_128_No_Noise_90k_RMSELoss_20260821_134110,ModelCNN_fvs_v2_32_128_No_Noise_90k_RMSELoss,RMSELoss,2026-08-21 13:41:10,114/200,2026-08-21 20:36:42,0.007261,0.064513,False,0.00000313,215.98,27419471,8,42
ModelCNN_fvs_v2_32_128_No_Noise_90k_RMSELoss_20260821_134110,ModelCNN_fvs_v2_32_128_No_Noise_90k_RMSELoss,RMSELoss,2026-08-21 13:41:10,115/200,2026-08-21 20:40:17,0.007233,0.064416,False,0.00000313,214.64,27419471,8,42
ModelCNN_fvs_v2_32_128_No_Noise_90k_RMSELoss_20260821_134110,ModelCNN_fvs_v2_32_128_No_Noise_90k_RMSELoss,RMSELoss,2026-08-21 13:41:10,116/200,2026-08-21 20:43:52,0.007217,0.064445,False,0.00000313,215.28,27419471,8,42
ModelCNN_fvs_v2_32_128_No_Noise_90k_RMSELoss_20260821_134110,ModelCNN_fvs_v2_32_128_No_Noise_90k_RMSELoss,RMSELoss,2026-08-21 13:41:10,117/200,2026-08-21 20:47:26,0.007207,0.064531,False,0.00000313,214.10,27419471,8,42
ModelCNN_fvs_v2_32_128_No_Noise_90k_RMSELoss_20260821_134110,ModelCNN_fvs_v2_32_128_No_Noise_90k_RMSELoss,RMSELoss,2026-08-21 13:41:10,118/200,2026-08-21 20:51:02,0.007196,0.064505,False,0.00000313,215.86,27419471,8,42
ModelCNN_fvs_v2_32_128_No_Noise_90k_RMSELoss_20260821_134110,ModelCNN_fvs_v2_32_128_No_Noise_90k_RMSELoss,RMSELoss,2026-08-21 13:41:10,119/200,2026-08-21 20:54:39,0.007157,0.064526,False,0.00000313,217.24,27419471,8,42
ModelCNN_fvs_v2_32_128_No_Noise_90k_RMSELoss_20260821_134110,ModelCNN_fvs_v2_32_128_No_Noise_90k_RMSELoss,RMSELoss,2026-08-21 13:41:10,120/200,2026-08-21 20:58:15,0.007145,0.064435,False,0.00000156,215.40,27419471,8,42
ModelCNN_fvs_v2_32_128_No_Noise_90k_RMSELoss_20260821_134110,ModelCNN_fvs_v2_32_128_No_Noise_90k_RMSELoss,RMSELoss,2026-08-21 13:41:10,121/200,2026-08-21 21:01:49,0.007054,0.064461,False,0.00000156,214.59,27419471,8,42
ModelCNN_fvs_v2_32_128_No_Noise_90k_RMSELoss_20260821_134110,ModelCNN_fvs_v2_32_128_No_Noise_90k_RMSELoss,RMSELoss,2026-08-21 13:41:10,122/200,2026-08-21 21:05:25,0.006993,0.064456,False,0.00000156,216.08,27419471,8,42
ModelCNN_fvs_v2_32_128_No_Noise_90k_RMSELoss_20260821_134110,ModelCNN_fvs_v2_32_128_No_Noise_90k_RMSELoss,RMSELoss,2026-08-21 13:41:10,123/200,2026-08-21 21:09:00,0.006966,0.064461,False,0.00000156,214.28,27419471,8,42
ModelCNN_fvs_v2_32_128_No_Noise_90k_RMSELoss_20260821_134110,ModelCNN_fvs_v2_32_128_No_Noise_90k_RMSELoss,RMSELoss,2026-08-21 13:41:10,124/200,2026-08-21 21:12:34,0.006942,0.064504,False,0.00000156,213.90,27419471,8,42
ModelCNN_fvs_v2_32_128_No_Noise_90k_RMSELoss_20260821_134110,ModelCNN_fvs_v2_32_128_No_Noise_90k_RMSELoss,RMSELoss,2026-08-21 13:41:10,125/200,2026-08-21 21:16:08,0.006923,0.064516,False,0.00000156,214.64,27419471,8,42
ModelCNN_fvs_v2_32_128_No_Noise_90k_RMSELoss_20260821_134110,ModelCNN_fvs_v2_32_128_No_Noise_90k_RMSELoss,RMSELoss,2026-08-21 13:41:10,126/200,2026-08-21 21:19:43,0.006903,0.064448,False,0.00000156,215.09,27419471,8,42
ModelCNN_fvs_v2_32_128_No_Noise_90k_RMSELoss_20260821_134110,ModelCNN_fvs_v2_32_128_No_Noise_90k_RMSELoss,RMSELoss,2026-08-21 13:41:10,127/200,2026-08-21 21:23:21,0.006896,0.064411,False,0.00000156,217.51,27419471,8,42
ModelCNN_fvs_v2_32_128_No_Noise_90k_RMSELoss_20260821_134110,ModelCNN_fvs_v2_32_128_No_Noise_90k_RMSELoss,RMSELoss,2026-08-21 13:41:10,128/200,2026-08-21 21:26:54,0.006878,0.064470,False,0.00000156,213.03,27419471,8,42
ModelCNN_fvs_v2_32_128_No_Noise_90k_RMSELoss_20260821_134110,ModelCNN_fvs_v2_32_128_No_Noise_90k_RMSELoss,RMSELoss,2026-08-21 13:41:10,129/200,2026-08-21 21:30:27,0.006875,0.064497,False,0.00000156,213.32,27419471,8,42
ModelCNN_fvs_v2_32_128_No_Noise_90k_RMSELoss_20260821_134110,ModelCNN_fvs_v2_32_128_No_Noise_90k_RMSELoss,RMSELoss,2026-08-21 13:41:10,130/200,2026-08-21 21:34:03,0.006847,0.064475,False,0.00000156,216.09,27419471,8,42
ModelCNN_fvs_v2_32_128_No_Noise_90k_RMSELoss_20260821_134110,ModelCNN_fvs_v2_32_128_No_Noise_90k_RMSELoss,RMSELoss,2026-08-21 13:41:10,131/200,2026-08-21 21:37:38,0.006838,0.064463,False,0.00000156,214.33,27419471,8,42
ModelCNN_fvs_v2_32_128_No_Noise_90k_RMSELoss_20260821_134110,ModelCNN_fvs_v2_32_128_No_Noise_90k_RMSELoss,RMSELoss,2026-08-21 13:41:10,132/200,2026-08-21 21:41:13,0.006833,0.064424,False,0.00000156,215.70,27419471,8,42
ModelCNN_fvs_v2_32_128_No_Noise_90k_RMSELoss_20260821_134110,ModelCNN_fvs_v2_32_128_No_Noise_90k_RMSELoss,RMSELoss,2026-08-21 13:41:10,133/200,2026-08-21 21:44:50,0.006819,0.064524,False,0.00000156,216.22,27419471,8,42
ModelCNN_fvs_v2_32_128_No_Noise_90k_RMSELoss_20260821_134110,ModelCNN_fvs_v2_32_128_No_Noise_90k_RMSELoss,RMSELoss,2026-08-21 13:41:10,134/200,2026-08-21 21:48:25,0.006820,0.064485,False,0.00000156,215.00,27419471,8,42
ModelCNN_fvs_v2_32_128_No_Noise_90k_RMSELoss_20260821_134110,ModelCNN_fvs_v2_32_128_No_Noise_90k_RMSELoss,RMSELoss,2026-08-21 13:41:10,135/200,2026-08-21 21:51:58,0.006805,0.064479,False,0.00000156,213.41,27419471,8,42
ModelCNN_fvs_v2_32_128_No_Noise_90k_RMSELoss_20260821_134110,ModelCNN_fvs_v2_32_128_No_Noise_90k_RMSELoss,RMSELoss,2026-08-21 13:41:10,136/200,2026-08-21 21:55:34,0.006787,0.064404,False,0.00000156,215.46,27419471,8,42
ModelCNN_fvs_v2_32_128_No_Noise_90k_RMSELoss_20260821_134110,ModelCNN_fvs_v2_32_128_No_Noise_90k_RMSELoss,RMSELoss,2026-08-21 13:41:10,137/200,2026-08-21 21:59:09,0.006782,0.064443,False,0.00000156,215.34,27419471,8,42
ModelCNN_fvs_v2_32_128_No_Noise_90k_RMSELoss_20260821_134110,ModelCNN_fvs_v2_32_128_No_Noise_90k_RMSELoss,RMSELoss,2026-08-21 13:41:10,138/200,2026-08-21 22:02:44,0.006772,0.064460,False,0.00000156,215.29,27419471,8,42
ModelCNN_fvs_v2_32_128_No_Noise_90k_RMSELoss_20260821_134110,ModelCNN_fvs_v2_32_128_No_Noise_90k_RMSELoss,RMSELoss,2026-08-21 13:41:10,139/200,2026-08-21 22:06:20,0.006755,0.064445,False,0.00000156,216.05,27419471,8,42
ModelCNN_fvs_v2_32_128_No_Noise_90k_RMSELoss_20260821_134110,ModelCNN_fvs_v2_32_128_No_Noise_90k_RMSELoss,RMSELoss,2026-08-21 13:41:10,140/200,2026-08-21 22:09:54,0.006735,0.064435,False,0.00000078,213.96,27419471,8,42
ModelCNN_fvs_v2_32_128_No_Noise_90k_RMSELoss_20260821_134110,ModelCNN_fvs_v2_32_128_No_Noise_90k_RMSELoss,RMSELoss,2026-08-21 13:41:10,141/200,2026-08-21 22:13:28,0.006702,0.064515,False,0.00000078,214.09,27419471,8,42
ModelCNN_fvs_v2_32_128_No_Noise_90k_RMSELoss_20260821_134110,ModelCNN_fvs_v2_32_128_No_Noise_90k_RMSELoss,RMSELoss,2026-08-21 13:41:10,142/200,2026-08-21 22:17:02,0.006682,0.064432,False,0.00000078,213.48,27419471,8,42
ModelCNN_fvs_v2_32_128_No_Noise_90k_RMSELoss_20260821_134110,ModelCNN_fvs_v2_32_128_No_Noise_90k_RMSELoss,RMSELoss,2026-08-21 13:41:10,143/200,2026-08-21 22:20:37,0.006662,0.064464,False,0.00000078,215.22,27419471,8,42
ModelCNN_fvs_v2_32_128_No_Noise_90k_RMSELoss_20260821_134110,ModelCNN_fvs_v2_32_128_No_Noise_90k_RMSELoss,RMSELoss,2026-08-21 13:41:10,144/200,2026-08-21 22:24:12,0.006644,0.064509,False,0.00000078,215.38,27419471,8,42
ModelCNN_fvs_v2_32_128_No_Noise_90k_RMSELoss_20260821_134110,ModelCNN_fvs_v2_32_128_No_Noise_90k_RMSELoss,RMSELoss,2026-08-21 13:41:10,145/200,2026-08-21 22:27:46,0.006644,0.064470,False,0.00000078,213.51,27419471,8,42
ModelCNN_fvs_v2_32_128_No_Noise_90k_RMSELoss_20260821_134110,ModelCNN_fvs_v2_32_128_No_Noise_90k_RMSELoss,RMSELoss,2026-08-21 13:41:10,146/200,2026-08-21 22:31:19,0.006641,0.064468,False,0.00000078,212.75,27419471,8,42
ModelCNN_fvs_v2_32_128_No_Noise_90k_RMSELoss_20260821_134110,ModelCNN_fvs_v2_32_128_No_Noise_90k_RMSELoss,RMSELoss,2026-08-21 13:41:10,147/200,2026-08-21 22:34:52,0.006631,0.064438,False,0.00000078,213.55,27419471,8,42
ModelCNN_fvs_v2_32_128_No_Noise_90k_RMSELoss_20260821_134110,ModelCNN_fvs_v2_32_128_No_Noise_90k_RMSELoss,RMSELoss,2026-08-21 13:41:10,148/200,2026-08-21 22:38:26,0.006621,0.064409,False,0.00000078,213.72,27419471,8,42
ModelCNN_fvs_v2_32_128_No_Noise_90k_RMSELoss_20260821_134110,ModelCNN_fvs_v2_32_128_No_Noise_90k_RMSELoss,RMSELoss,2026-08-21 13:41:10,149/200,2026-08-21 22:42:00,0.006624,0.064511,False,0.00000078,213.78,27419471,8,42
ModelCNN_fvs_v2_32_128_No_Noise_90k_RMSELoss_20260821_134110,ModelCNN_fvs_v2_32_128_No_Noise_90k_RMSELoss,RMSELoss,2026-08-21 13:41:10,150/200,2026-08-21 22:45:35,0.006605,0.064435,False,0.00000078,215.62,27419471,8,42
ModelCNN_fvs_v2_32_128_No_Noise_90k_RMSELoss_20260821_134110,ModelCNN_fvs_v2_32_128_No_Noise_90k_RMSELoss,RMSELoss,2026-08-21 13:41:10,151/200,2026-08-21 22:49:10,0.006599,0.064428,False,0.00000078,214.74,27419471,8,42
ModelCNN_fvs_v2_32_128_No_Noise_90k_RMSELoss_20260821_134110,ModelCNN_fvs_v2_32_128_No_Noise_90k_RMSELoss,RMSELoss,2026-08-21 13:41:10,152/200,2026-08-21 22:52:44,0.006601,0.064472,False,0.00000078,214.31,27419471,8,42
ModelCNN_fvs_v2_32_128_No_Noise_90k_RMSELoss_20260821_134110,ModelCNN_fvs_v2_32_128_No_Noise_90k_RMSELoss,RMSELoss,2026-08-21 13:41:10,153/200,2026-08-21 22:56:20,0.006595,0.064460,False,0.00000078,215.21,27419471,8,42
ModelCNN_fvs_v2_32_128_No_Noise_90k_RMSELoss_20260821_134110,ModelCNN_fvs_v2_32_128_No_Noise_90k_RMSELoss,RMSELoss,2026-08-21 13:41:10,154/200,2026-08-21 22:59:54,0.006584,0.064468,False,0.00000078,214.79,27419471,8,42
ModelCNN_fvs_v2_32_128_No_Noise_90k_RMSELoss_20260821_134110,ModelCNN_fvs_v2_32_128_No_Noise_90k_RMSELoss,RMSELoss,2026-08-21 13:41:10,155/200,2026-08-21 23:03:28,0.006583,0.064441,False,0.00000078,213.69,27419471,8,42
ModelCNN_fvs_v2_32_128_No_Noise_90k_RMSELoss_20260821_134110,ModelCNN_fvs_v2_32_128_No_Noise_90k_RMSELoss,RMSELoss,2026-08-21 13:41:10,156/200,2026-08-21 23:07:02,0.006578,0.064460,False,0.00000078,213.90,27419471,8,42
ModelCNN_fvs_v2_32_128_No_Noise_90k_RMSELoss_20260821_134110,ModelCNN_fvs_v2_32_128_No_Noise_90k_RMSELoss,RMSELoss,2026-08-21 13:41:10,157/200,2026-08-21 23:10:36,0.006572,0.064470,False,0.00000078,213.55,27419471,8,42
Resnet50_fvs_v2_32_128_90k_RMSELoss_20260823_034520,Resnet50_fvs_v2_32_128_90k_RMSELoss,RMSELoss,2026-08-23 03:45:20,1/200,2026-08-23 03:48:48,0.110131,0.096321,True,0.00010000,206.33,26443623,8,42
Resnet50_fvs_v2_32_128_90k_RMSELoss_20260823_034520,Resnet50_fvs_v2_32_128_90k_RMSELoss,RMSELoss,2026-08-23 03:45:20,2/200,2026-08-23 03:52:27,0.094760,0.089367,True,0.00010000,209.02,26443623,8,42
Resnet50_fvs_v2_32_128_90k_RMSELoss_20260823_034520,Resnet50_fvs_v2_32_128_90k_RMSELoss,RMSELoss,2026-08-23 03:45:20,3/200,2026-08-23 03:56:06,0.087980,0.085910,True,0.00010000,209.77,26443623,8,42
Resnet50_fvs_v2_32_128_90k_RMSELoss_20260823_034520,Resnet50_fvs_v2_32_128_90k_RMSELoss,RMSELoss,2026-08-23 03:45:20,4/200,2026-08-23 03:59:44,0.083144,0.081110,True,0.00010000,208.55,26443623,8,42
Resnet50_fvs_v2_32_128_90k_RMSELoss_20260823_034520,Resnet50_fvs_v2_32_128_90k_RMSELoss,RMSELoss,2026-08-23 03:45:20,5/200,2026-08-23 04:03:23,0.079311,0.089014,False,0.00010000,208.87,26443623,8,42
Resnet50_fvs_v2_32_128_90k_RMSELoss_20260823_034520,Resnet50_fvs_v2_32_128_90k_RMSELoss,RMSELoss,2026-08-23 03:45:20,6/200,2026-08-23 04:06:51,0.075786,0.081534,False,0.00010000,208.01,26443623,8,42
Resnet50_fvs_v2_32_128_90k_RMSELoss_20260823_034520,Resnet50_fvs_v2_32_128_90k_RMSELoss,RMSELoss,2026-08-23 03:45:20,7/200,2026-08-23 04:10:19,0.072579,0.077292,True,0.00010000,207.82,26443623,8,42
Resnet50_fvs_v2_32_128_90k_RMSELoss_20260823_034520,Resnet50_fvs_v2_32_128_90k_RMSELoss,RMSELoss,2026-08-23 03:45:20,8/200,2026-08-23 04:13:57,0.069526,0.075504,True,0.00010000,208.49,26443623,8,42
Resnet50_fvs_v2_32_128_90k_RMSELoss_20260823_034520,Resnet50_fvs_v2_32_128_90k_RMSELoss,RMSELoss,2026-08-23 03:45:20,9/200,2026-08-23 04:17:35,0.066762,0.075686,False,0.00010000,208.28,26443623,8,42
Resnet50_fvs_v2_32_128_90k_RMSELoss_20260823_034520,Resnet50_fvs_v2_32_128_90k_RMSELoss,RMSELoss,2026-08-23 03:45:20,10/200,2026-08-23 04:21:03,0.064279,0.073745,True,0.00010000,207.59,26443623,8,42
Resnet50_fvs_v2_32_128_90k_RMSELoss_20260823_034520,Resnet50_fvs_v2_32_128_90k_RMSELoss,RMSELoss,2026-08-23 03:45:20,11/200,2026-08-23 04:24:39,0.061389,0.074201,False,0.00010000,206.55,26443623,8,42
Resnet50_fvs_v2_32_128_90k_RMSELoss_20260823_034520,Resnet50_fvs_v2_32_128_90k_RMSELoss,RMSELoss,2026-08-23 03:45:20,12/200,2026-08-23 04:28:05,0.059269,0.072056,True,0.00010000,206.65,26443623,8,42
Resnet50_fvs_v2_32_128_90k_RMSELoss_20260823_034520,Resnet50_fvs_v2_32_128_90k_RMSELoss,RMSELoss,2026-08-23 03:45:20,13/200,2026-08-23 04:31:43,0.057242,0.072698,False,0.00010000,207.94,26443623,8,42
Resnet50_fvs_v2_32_128_90k_RMSELoss_20260823_034520,Resnet50_fvs_v2_32_128_90k_RMSELoss,RMSELoss,2026-08-23 03:45:20,14/200,2026-08-23 04:35:11,0.055141,0.072836,False,0.00010000,207.90,26443623,8,42
Resnet50_fvs_v2_32_128_90k_RMSELoss_20260823_034520,Resnet50_fvs_v2_32_128_90k_RMSELoss,RMSELoss,2026-08-23 03:45:20,15/200,2026-08-23 04:38:42,0.053392,0.071828,True,0.00010000,211.11,26443623,8,42
Resnet50_fvs_v2_32_128_90k_RMSELoss_20260823_034520,Resnet50_fvs_v2_32_128_90k_RMSELoss,RMSELoss,2026-08-23 03:45:20,16/200,2026-08-23 04:42:18,0.051596,0.070951,True,0.00010000,206.61,26443623,8,42
Resnet50_fvs_v2_32_128_90k_RMSELoss_20260823_034520,Resnet50_fvs_v2_32_128_90k_RMSELoss,RMSELoss,2026-08-23 03:45:20,17/200,2026-08-23 04:45:55,0.049998,0.071723,False,0.00010000,206.62,26443623,8,42
Resnet50_fvs_v2_32_128_90k_RMSELoss_20260823_034520,Resnet50_fvs_v2_32_128_90k_RMSELoss,RMSELoss,2026-08-23 03:45:20,18/200,2026-08-23 04:49:21,0.048560,0.071017,False,0.00010000,206.86,26443623,8,42
Resnet50_fvs_v2_32_128_90k_RMSELoss_20260823_034520,Resnet50_fvs_v2_32_128_90k_RMSELoss,RMSELoss,2026-08-23 03:45:20,19/200,2026-08-23 04:52:49,0.047095,0.072106,False,0.00010000,207.55,26443623,8,42
Resnet50_fvs_v2_32_128_90k_RMSELoss_20260823_034520,Resnet50_fvs_v2_32_128_90k_RMSELoss,RMSELoss,2026-08-23 03:45:20,20/200,2026-08-23 04:56:17,0.045728,0.069701,True,0.00005000,207.63,26443623,8,42
Resnet50_fvs_v2_32_128_90k_RMSELoss_20260823_034520,Resnet50_fvs_v2_32_128_90k_RMSELoss,RMSELoss,2026-08-23 03:45:20,21/200,2026-08-23 04:59:54,0.040151,0.067248,True,0.00005000,207.67,26443623,8,42
Resnet50_fvs_v2_32_128_90k_RMSELoss_20260823_034520,Resnet50_fvs_v2_32_128_90k_RMSELoss,RMSELoss,2026-08-23 03:45:20,22/200,2026-08-23 05:03:32,0.036274,0.067489,False,0.00005000,208.26,26443623,8,42
Resnet50_fvs_v2_32_128_90k_RMSELoss_20260823_034520,Resnet50_fvs_v2_32_128_90k_RMSELoss,RMSELoss,2026-08-23 03:45:20,23/200,2026-08-23 05:06:59,0.034648,0.067178,True,0.00005000,207.61,26443623,8,42
Resnet50_fvs_v2_32_128_90k_RMSELoss_20260823_034520,Resnet50_fvs_v2_32_128_90k_RMSELoss,RMSELoss,2026-08-23 03:45:20,24/200,2026-08-23 05:10:38,0.033208,0.067045,True,0.00005000,208.56,26443623,8,42
Resnet50_fvs_v2_32_128_90k_RMSELoss_20260823_034520,Resnet50_fvs_v2_32_128_90k_RMSELoss,RMSELoss,2026-08-23 03:45:20,25/200,2026-08-23 05:14:15,0.032077,0.067139,False,0.00005000,207.48,26443623,8,42
Resnet50_fvs_v2_32_128_90k_RMSELoss_20260823_034520,Resnet50_fvs_v2_32_128_90k_RMSELoss,RMSELoss,2026-08-23 03:45:20,26/200,2026-08-23 05:17:42,0.030988,0.066862,True,0.00005000,207.36,26443623,8,42
Resnet50_fvs_v2_32_128_90k_RMSELoss_20260823_034520,Resnet50_fvs_v2_32_128_90k_RMSELoss,RMSELoss,2026-08-23 03:45:20,27/200,2026-08-23 05:21:19,0.029964,0.066533,True,0.00005000,207.39,26443623,8,42
Resnet50_fvs_v2_32_128_90k_RMSELoss_20260823_034520,Resnet50_fvs_v2_32_128_90k_RMSELoss,RMSELoss,2026-08-23 03:45:20,28/200,2026-08-23 05:24:56,0.029010,0.066742,False,0.00005000,206.68,26443623,8,42
Resnet50_fvs_v2_32_128_90k_RMSELoss_20260823_034520,Resnet50_fvs_v2_32_128_90k_RMSELoss,RMSELoss,2026-08-23 03:45:20,29/200,2026-08-23 05:28:22,0.028166,0.066749,False,0.00005000,206.77,26443623,8,42
Resnet50_fvs_v2_32_128_90k_RMSELoss_20260823_034520,Resnet50_fvs_v2_32_128_90k_RMSELoss,RMSELoss,2026-08-23 03:45:20,30/200,2026-08-23 05:31:49,0.027385,0.066463,True,0.00005000,206.62,26443623,8,42
Resnet50_fvs_v2_32_128_90k_RMSELoss_20260823_034520,Resnet50_fvs_v2_32_128_90k_RMSELoss,RMSELoss,2026-08-23 03:45:20,31/200,2026-08-23 05:35:26,0.026523,0.066713,False,0.00005000,207.87,26443623,8,42
Resnet50_fvs_v2_32_128_90k_RMSELoss_20260823_034520,Resnet50_fvs_v2_32_128_90k_RMSELoss,RMSELoss,2026-08-23 03:45:20,32/200,2026-08-23 05:38:57,0.025879,0.066900,False,0.00005000,210.15,26443623,8,42
Resnet50_fvs_v2_32_128_90k_RMSELoss_20260823_034520,Resnet50_fvs_v2_32_128_90k_RMSELoss,RMSELoss,2026-08-23 03:45:20,33/200,2026-08-23 05:42:25,0.025183,0.066444,True,0.00005000,208.80,26443623,8,42
Resnet50_fvs_v2_32_128_90k_RMSELoss_20260823_034520,Resnet50_fvs_v2_32_128_90k_RMSELoss,RMSELoss,2026-08-23 03:45:20,34/200,2026-08-23 05:46:03,0.024582,0.066913,False,0.00005000,207.95,26443623,8,42
Resnet50_fvs_v2_32_128_90k_RMSELoss_20260823_034520,Resnet50_fvs_v2_32_128_90k_RMSELoss,RMSELoss,2026-08-23 03:45:20,35/200,2026-08-23 05:49:30,0.023869,0.067071,False,0.00005000,207.47,26443623,8,42
Resnet50_fvs_v2_32_128_90k_RMSELoss_20260823_034520,Resnet50_fvs_v2_32_128_90k_RMSELoss,RMSELoss,2026-08-23 03:45:20,36/200,2026-08-23 05:52:58,0.023417,0.066178,True,0.00005000,207.21,26443623,8,42
Resnet50_fvs_v2_32_128_90k_RMSELoss_20260823_034520,Resnet50_fvs_v2_32_128_90k_RMSELoss,RMSELoss,2026-08-23 03:45:20,37/200,2026-08-23 05:56:35,0.022803,0.066369,False,0.00005000,207.42,26443623,8,42
Resnet50_fvs_v2_32_128_90k_RMSELoss_20260823_034520,Resnet50_fvs_v2_32_128_90k_RMSELoss,RMSELoss,2026-08-23 03:45:20,38/200,2026-08-23 06:00:02,0.022316,0.066379,False,0.00005000,207.48,26443623,8,42
Resnet50_fvs_v2_32_128_90k_RMSELoss_20260823_034520,Resnet50_fvs_v2_32_128_90k_RMSELoss,RMSELoss,2026-08-23 03:45:20,39/200,2026-08-23 06:03:29,0.021790,0.066043,True,0.00005000,207.07,26443623,8,42
Resnet50_fvs_v2_32_128_90k_RMSELoss_20260823_034520,Resnet50_fvs_v2_32_128_90k_RMSELoss,RMSELoss,2026-08-23 03:45:20,40/200,2026-08-23 06:07:06,0.021303,0.066406,False,0.00002500,206.69,26443623,8,42
Resnet50_fvs_v2_32_128_90k_RMSELoss_20260823_034520,Resnet50_fvs_v2_32_128_90k_RMSELoss,RMSELoss,2026-08-23 03:45:20,41/200,2026-08-23 06:10:32,0.019010,0.065104,True,0.00002500,206.53,26443623,8,42
Resnet50_fvs_v2_32_128_90k_RMSELoss_20260823_034520,Resnet50_fvs_v2_32_128_90k_RMSELoss,RMSELoss,2026-08-23 03:45:20,42/200,2026-08-23 06:14:09,0.016806,0.065090,True,0.00002500,207.16,26443623,8,42
Resnet50_fvs_v2_32_128_90k_RMSELoss_20260823_034520,Resnet50_fvs_v2_32_128_90k_RMSELoss,RMSELoss,2026-08-23 03:45:20,43/200,2026-08-23 06:17:50,0.016213,0.064968,True,0.00002500,210.92,26443623,8,42
Resnet50_fvs_v2_32_128_90k_RMSELoss_20260823_034520,Resnet50_fvs_v2_32_128_90k_RMSELoss,RMSELoss,2026-08-23 03:45:20,44/200,2026-08-23 06:21:27,0.015816,0.065123,False,0.00002500,207.33,26443623,8,42
Resnet50_fvs_v2_32_128_90k_RMSELoss_20260823_034520,Resnet50_fvs_v2_32_128_90k_RMSELoss,RMSELoss,2026-08-23 03:45:20,45/200,2026-08-23 06:24:55,0.015380,0.065101,False,0.00002500,207.87,26443623,8,42
Resnet50_fvs_v2_32_128_90k_RMSELoss_20260823_034520,Resnet50_fvs_v2_32_128_90k_RMSELoss,RMSELoss,2026-08-23 03:45:20,46/200,2026-08-23 06:28:23,0.015036,0.064957,True,0.00002500,208.77,26443623,8,42
Resnet50_fvs_v2_32_128_90k_RMSELoss_20260823_034520,Resnet50_fvs_v2_32_128_90k_RMSELoss,RMSELoss,2026-08-23 03:45:20,47/200,2026-08-23 06:32:00,0.014707,0.064861,True,0.00002500,206.78,26443623,8,42
Resnet50_fvs_v2_32_128_90k_RMSELoss_20260823_034520,Resnet50_fvs_v2_32_128_90k_RMSELoss,RMSELoss,2026-08-23 03:45:20,48/200,2026-08-23 06:35:38,0.014457,0.065150,False,0.00002500,208.08,26443623,8,42
Resnet50_fvs_v2_32_128_90k_RMSELoss_20260823_034520,Resnet50_fvs_v2_32_128_90k_RMSELoss,RMSELoss,2026-08-23 03:45:20,49/200,2026-08-23 06:39:05,0.014198,0.065090,False,0.00002500,207.61,26443623,8,42
Resnet50_fvs_v2_32_128_90k_RMSELoss_20260823_034520,Resnet50_fvs_v2_32_128_90k_RMSELoss,RMSELoss,2026-08-23 03:45:20,50/200,2026-08-23 06:42:32,0.013988,0.064929,False,0.00002500,206.87,26443623,8,42
Resnet50_fvs_v2_32_128_90k_RMSELoss_20260823_034520,Resnet50_fvs_v2_32_128_90k_RMSELoss,RMSELoss,2026-08-23 03:45:20,51/200,2026-08-23 06:45:59,0.013715,0.065217,False,0.00002500,207.28,26443623,8,42
Resnet50_fvs_v2_32_128_90k_RMSELoss_20260823_034520,Resnet50_fvs_v2_32_128_90k_RMSELoss,RMSELoss,2026-08-23 03:45:20,52/200,2026-08-23 06:49:26,0.013536,0.065200,False,0.00002500,206.45,26443623,8,42
Resnet50_fvs_v2_32_128_90k_RMSELoss_20260823_034520,Resnet50_fvs_v2_32_128_90k_RMSELoss,RMSELoss,2026-08-23 03:45:20,53/200,2026-08-23 06:52:53,0.013310,0.065007,False,0.00002500,207.26,26443623,8,42
Resnet50_fvs_v2_32_128_90k_RMSELoss_20260823_034520,Resnet50_fvs_v2_32_128_90k_RMSELoss,RMSELoss,2026-08-23 03:45:20,54/200,2026-08-23 06:56:21,0.013060,0.065011,False,0.00002500,207.72,26443623,8,42
Resnet50_fvs_v2_32_128_90k_RMSELoss_20260823_034520,Resnet50_fvs_v2_32_128_90k_RMSELoss,RMSELoss,2026-08-23 03:45:20,55/200,2026-08-23 06:59:49,0.012893,0.065009,False,0.00002500,208.45,26443623,8,42
Resnet50_fvs_v2_32_128_90k_RMSELoss_20260823_034520,Resnet50_fvs_v2_32_128_90k_RMSELoss,RMSELoss,2026-08-23 03:45:20,56/200,2026-08-23 07:03:17,0.012699,0.064964,False,0.00002500,207.42,26443623,8,42
Resnet50_fvs_v2_32_128_90k_RMSELoss_20260823_034520,Resnet50_fvs_v2_32_128_90k_RMSELoss,RMSELoss,2026-08-23 03:45:20,57/200,2026-08-23 07:06:45,0.012536,0.064745,True,0.00002500,208.44,26443623,8,42
Resnet50_fvs_v2_32_128_90k_RMSELoss_20260823_034520,Resnet50_fvs_v2_32_128_90k_RMSELoss,RMSELoss,2026-08-23 03:45:20,58/200,2026-08-23 07:10:21,0.012391,0.064905,False,0.00002500,206.60,26443623,8,42
Resnet50_fvs_v2_32_128_90k_RMSELoss_20260823_034520,Resnet50_fvs_v2_32_128_90k_RMSELoss,RMSELoss,2026-08-23 03:45:20,59/200,2026-08-23 07:13:48,0.012203,0.064795,False,0.00002500,206.53,26443623,8,42
Resnet50_fvs_v2_32_128_90k_RMSELoss_20260823_034520,Resnet50_fvs_v2_32_128_90k_RMSELoss,RMSELoss,2026-08-23 03:45:20,60/200,2026-08-23 07:17:16,0.012053,0.064905,False,0.00001250,207.99,26443623,8,42
Resnet50_fvs_v2_32_128_90k_RMSELoss_20260823_034520,Resnet50_fvs_v2_32_128_90k_RMSELoss,RMSELoss,2026-08-23 03:45:20,61/200,2026-08-23 07:20:45,0.011094,0.064618,True,0.00001250,208.89,26443623,8,42
Resnet50_fvs_v2_32_128_90k_RMSELoss_20260823_034520,Resnet50_fvs_v2_32_128_90k_RMSELoss,RMSELoss,2026-08-23 03:45:20,62/200,2026-08-23 07:24:21,0.010209,0.064588,True,0.00001250,206.54,26443623,8,42
Resnet50_fvs_v2_32_128_90k_RMSELoss_20260823_034520,Resnet50_fvs_v2_32_128_90k_RMSELoss,RMSELoss,2026-08-23 03:45:20,63/200,2026-08-23 07:27:56,0.009955,0.064593,False,0.00001250,205.41,26443623,8,42
Resnet50_fvs_v2_32_128_90k_RMSELoss_20260823_034520,Resnet50_fvs_v2_32_128_90k_RMSELoss,RMSELoss,2026-08-23 03:45:20,64/200,2026-08-23 07:31:28,0.009805,0.064552,True,0.00001250,211.50,26443623,8,42
Resnet50_fvs_v2_32_128_90k_RMSELoss_20260823_034520,Resnet50_fvs_v2_32_128_90k_RMSELoss,RMSELoss,2026-08-23 03:45:20,65/200,2026-08-23 07:35:06,0.009665,0.064629,False,0.00001250,208.35,26443623,8,42
Resnet50_fvs_v2_32_128_90k_RMSELoss_20260823_034520,Resnet50_fvs_v2_32_128_90k_RMSELoss,RMSELoss,2026-08-23 03:45:20,66/200,2026-08-23 07:38:34,0.009568,0.064621,False,0.00001250,207.86,26443623,8,42
Resnet50_fvs_v2_32_128_90k_RMSELoss_20260823_034520,Resnet50_fvs_v2_32_128_90k_RMSELoss,RMSELoss,2026-08-23 03:45:20,67/200,2026-08-23 07:42:01,0.009445,0.064573,False,0.00001250,207.46,26443623,8,42
Resnet50_fvs_v2_32_128_90k_RMSELoss_20260823_034520,Resnet50_fvs_v2_32_128_90k_RMSELoss,RMSELoss,2026-08-23 03:45:20,68/200,2026-08-23 07:45:29,0.009325,0.064677,False,0.00001250,208.23,26443623,8,42
Resnet50_fvs_v2_32_128_90k_RMSELoss_20260823_034520,Resnet50_fvs_v2_32_128_90k_RMSELoss,RMSELoss,2026-08-23 03:45:20,69/200,2026-08-23 07:48:56,0.009261,0.064704,False,0.00001250,206.58,26443623,8,42
Resnet50_fvs_v2_32_128_90k_RMSELoss_20260823_034520,Resnet50_fvs_v2_32_128_90k_RMSELoss,RMSELoss,2026-08-23 03:45:20,70/200,2026-08-23 07:52:23,0.009154,0.064707,False,0.00001250,206.83,26443623,8,42
Resnet50_fvs_v2_32_128_90k_RMSELoss_20260823_034520,Resnet50_fvs_v2_32_128_90k_RMSELoss,RMSELoss,2026-08-23 03:45:20,71/200,2026-08-23 07:55:50,0.009075,0.064606,False,0.00001250,207.45,26443623,8,42
Resnet50_fvs_v2_32_128_90k_RMSELoss_20260823_034520,Resnet50_fvs_v2_32_128_90k_RMSELoss,RMSELoss,2026-08-23 03:45:20,72/200,2026-08-23 07:59:18,0.008956,0.064520,True,0.00001250,208.13,26443623,8,42
Resnet50_fvs_v2_32_128_90k_RMSELoss_20260823_034520,Resnet50_fvs_v2_32_128_90k_RMSELoss,RMSELoss,2026-08-23 03:45:20,73/200,2026-08-23 08:02:58,0.008890,0.064609,False,0.00001250,209.72,26443623,8,42
Resnet50_fvs_v2_32_128_90k_RMSELoss_20260823_034520,Resnet50_fvs_v2_32_128_90k_RMSELoss,RMSELoss,2026-08-23 03:45:20,74/200,2026-08-23 08:06:24,0.008806,0.064626,False,0.00001250,206.63,26443623,8,42
Resnet50_fvs_v2_32_128_90k_RMSELoss_20260823_034520,Resnet50_fvs_v2_32_128_90k_RMSELoss,RMSELoss,2026-08-23 03:45:20,75/200,2026-08-23 08:09:54,0.008759,0.064665,False,0.00001250,209.71,26443623,8,42
Resnet50_fvs_v2_32_128_90k_RMSELoss_20260823_034520,Resnet50_fvs_v2_32_128_90k_RMSELoss,RMSELoss,2026-08-23 03:45:20,76/200,2026-08-23 08:13:21,0.008665,0.064620,False,0.00001250,207.31,26443623,8,42
Resnet50_fvs_v2_32_128_90k_RMSELoss_20260823_034520,Resnet50_fvs_v2_32_128_90k_RMSELoss,RMSELoss,2026-08-23 03:45:20,77/200,2026-08-23 08:16:48,0.008604,0.064727,False,0.00001250,206.59,26443623,8,42
Resnet50_fvs_v2_32_128_90k_RMSELoss_20260823_034520,Resnet50_fvs_v2_32_128_90k_RMSELoss,RMSELoss,2026-08-23 03:45:20,78/200,2026-08-23 08:20:16,0.008552,0.064617,False,0.00001250,207.64,26443623,8,42
Resnet50_fvs_v2_32_128_90k_RMSELoss_20260823_034520,Resnet50_fvs_v2_32_128_90k_RMSELoss,RMSELoss,2026-08-23 03:45:20,79/200,2026-08-23 08:23:43,0.008455,0.064659,False,0.00001250,207.46,26443623,8,42
Resnet50_fvs_v2_32_128_90k_RMSELoss_20260823_034520,Resnet50_fvs_v2_32_128_90k_RMSELoss,RMSELoss,2026-08-23 03:45:20,80/200,2026-08-23 08:27:10,0.008376,0.064712,False,0.00000625,206.56,26443623,8,42
Resnet50_fvs_v2_32_128_90k_RMSELoss_20260823_034520,Resnet50_fvs_v2_32_128_90k_RMSELoss,RMSELoss,2026-08-23 03:45:20,81/200,2026-08-23 08:30:37,0.007974,0.064575,False,0.00000625,206.94,26443623,8,42
Resnet50_fvs_v2_32_128_90k_RMSELoss_20260823_034520,Resnet50_fvs_v2_32_128_90k_RMSELoss,RMSELoss,2026-08-23 03:45:20,82/200,2026-08-23 08:34:07,0.007619,0.064450,True,0.00000625,210.43,26443623,8,42
Resnet50_fvs_v2_32_128_90k_RMSELoss_20260823_034520,Resnet50_fvs_v2_32_128_90k_RMSELoss,RMSELoss,2026-08-23 03:45:20,83/200,2026-08-23 08:37:44,0.007496,0.064561,False,0.00000625,207.65,26443623,8,42
Resnet50_fvs_v2_32_128_90k_RMSELoss_20260823_034520,Resnet50_fvs_v2_32_128_90k_RMSELoss,RMSELoss,2026-08-23 03:45:20,84/200,2026-08-23 08:41:13,0.007446,0.064543,False,0.00000625,208.47,26443623,8,42
Resnet50_fvs_v2_32_128_90k_RMSELoss_20260823_034520,Resnet50_fvs_v2_32_128_90k_RMSELoss,RMSELoss,2026-08-23 03:45:20,85/200,2026-08-23 08:44:40,0.007376,0.064490,False,0.00000625,206.82,26443623,8,42
ModelCNN_fvs_v2_all_geo_film_No_Noise_90k_RMSELoss_20260824_110515,ModelCNN_fvs_v2_all_geo_film_No_Noise_90k_RMSELoss,RMSELoss,2026-08-24 11:05:15,1/200,2026-08-24 11:08:54,0.111052,0.095169,True,0.00010000,218.03,27675445,8,42
ModelCNN_fvs_v2_all_geo_film_No_Noise_90k_RMSELoss_20260824_110515,ModelCNN_fvs_v2_all_geo_film_No_Noise_90k_RMSELoss,RMSELoss,2026-08-24 11:05:15,2/200,2026-08-24 11:12:36,0.095184,0.089020,True,0.00010000,211.63,27675445,8,42
ModelCNN_fvs_v2_all_geo_film_No_Noise_90k_RMSELoss_20260824_110515,ModelCNN_fvs_v2_all_geo_film_No_Noise_90k_RMSELoss,RMSELoss,2026-08-24 11:05:15,3/200,2026-08-24 11:16:27,0.088298,0.085542,True,0.00010000,221.65,27675445,8,42
ModelCNN_fvs_v2_all_geo_film_No_Noise_90k_RMSELoss_20260824_110515,ModelCNN_fvs_v2_all_geo_film_No_Noise_90k_RMSELoss,RMSELoss,2026-08-24 11:05:15,4/200,2026-08-24 11:20:30,0.083362,0.081748,True,0.00010000,232.65,27675445,8,42
ModelCNN_fvs_v2_all_geo_film_No_Noise_90k_RMSELoss_20260824_110515,ModelCNN_fvs_v2_all_geo_film_No_Noise_90k_RMSELoss,RMSELoss,2026-08-24 11:05:15,5/200,2026-08-24 11:24:25,0.079515,0.080590,True,0.00010000,225.23,27675445,8,42
ModelCNN_fvs_v2_all_geo_film_No_Noise_90k_RMSELoss_20260824_110515,ModelCNN_fvs_v2_all_geo_film_No_Noise_90k_RMSELoss,RMSELoss,2026-08-24 11:05:15,6/200,2026-08-24 11:28:16,0.076103,0.078459,True,0.00010000,221.94,27675445,8,42
ModelCNN_fvs_v2_all_geo_film_No_Noise_90k_RMSELoss_20260824_110515,ModelCNN_fvs_v2_all_geo_film_No_Noise_90k_RMSELoss,RMSELoss,2026-08-24 11:05:15,7/200,2026-08-24 11:32:11,0.073028,0.076295,True,0.00010000,224.53,27675445,8,42
ModelCNN_fvs_v2_all_geo_film_No_Noise_90k_RMSELoss_20260824_110515,ModelCNN_fvs_v2_all_geo_film_No_Noise_90k_RMSELoss,RMSELoss,2026-08-24 11:05:15,8/200,2026-08-24 11:36:03,0.070007,0.076707,False,0.00010000,222.26,27675445,8,42
ModelCNN_fvs_v2_all_geo_film_No_Noise_90k_RMSELoss_20260824_110515,ModelCNN_fvs_v2_all_geo_film_No_Noise_90k_RMSELoss,RMSELoss,2026-08-24 11:05:15,9/200,2026-08-24 11:39:46,0.067125,0.075573,True,0.00010000,223.18,27675445,8,42
ModelCNN_fvs_v2_all_geo_film_No_Noise_90k_RMSELoss_20260824_110515,ModelCNN_fvs_v2_all_geo_film_No_Noise_90k_RMSELoss,RMSELoss,2026-08-24 11:05:15,10/200,2026-08-24 11:43:39,0.064759,0.074975,True,0.00010000,223.52,27675445,8,42
ModelCNN_fvs_v2_all_geo_film_No_Noise_90k_RMSELoss_20260824_110515,ModelCNN_fvs_v2_all_geo_film_No_Noise_90k_RMSELoss,RMSELoss,2026-08-24 11:05:15,11/200,2026-08-24 11:47:33,0.062084,0.073461,True,0.00010000,223.70,27675445,8,42
ModelCNN_fvs_v2_all_geo_film_No_Noise_90k_RMSELoss_20260824_110515,ModelCNN_fvs_v2_all_geo_film_No_Noise_90k_RMSELoss,RMSELoss,2026-08-24 11:05:15,12/200,2026-08-24 11:51:23,0.059966,0.072386,True,0.00010000,220.56,27675445,8,42
ModelCNN_fvs_v2_all_geo_film_No_Noise_90k_RMSELoss_20260824_110515,ModelCNN_fvs_v2_all_geo_film_No_Noise_90k_RMSELoss,RMSELoss,2026-08-24 11:05:15,13/200,2026-08-24 11:55:15,0.058065,0.071938,True,0.00010000,222.47,27675445,8,42
ModelCNN_fvs_v2_all_geo_film_No_Noise_90k_RMSELoss_20260824_110515,ModelCNN_fvs_v2_all_geo_film_No_Noise_90k_RMSELoss,RMSELoss,2026-08-24 11:05:15,14/200,2026-08-24 11:59:08,0.055950,0.072219,False,0.00010000,223.31,27675445,8,42
ModelCNN_fvs_v2_all_geo_film_No_Noise_90k_RMSELoss_20260824_110515,ModelCNN_fvs_v2_all_geo_film_No_Noise_90k_RMSELoss,RMSELoss,2026-08-24 11:05:15,15/200,2026-08-24 12:02:52,0.054397,0.071955,False,0.00010000,223.55,27675445,8,42
ModelCNN_fvs_v2_all_geo_film_No_Noise_90k_RMSELoss_20260824_110515,ModelCNN_fvs_v2_all_geo_film_No_Noise_90k_RMSELoss,RMSELoss,2026-08-24 11:05:15,16/200,2026-08-24 12:06:35,0.052614,0.071262,True,0.00010000,223.13,27675445,8,42
ModelCNN_fvs_v2_all_geo_film_No_Noise_90k_RMSELoss_20260824_110515,ModelCNN_fvs_v2_all_geo_film_No_Noise_90k_RMSELoss,RMSELoss,2026-08-24 11:05:15,17/200,2026-08-24 12:10:31,0.051149,0.071567,False,0.00010000,225.97,27675445,8,42
ModelCNN_fvs_v2_all_geo_film_No_Noise_90k_RMSELoss_20260824_110515,ModelCNN_fvs_v2_all_geo_film_No_Noise_90k_RMSELoss,RMSELoss,2026-08-24 11:05:15,18/200,2026-08-24 12:14:14,0.049664,0.072412,False,0.00010000,223.59,27675445,8,42
ModelCNN_fvs_v2_all_geo_film_No_Noise_90k_RMSELoss_20260824_110515,ModelCNN_fvs_v2_all_geo_film_No_Noise_90k_RMSELoss,RMSELoss,2026-08-24 11:05:15,19/200,2026-08-24 12:17:59,0.048474,0.070381,True,0.00010000,225.30,27675445,8,42
ModelCNN_fvs_v2_all_geo_film_No_Noise_90k_RMSELoss_20260824_110515,ModelCNN_fvs_v2_all_geo_film_No_Noise_90k_RMSELoss,RMSELoss,2026-08-24 11:05:15,20/200,2026-08-24 12:21:51,0.047309,0.070367,True,0.00005000,222.34,27675445,8,42
ModelCNN_fvs_v2_all_geo_film_No_Noise_90k_RMSELoss_20260824_110515,ModelCNN_fvs_v2_all_geo_film_No_Noise_90k_RMSELoss,RMSELoss,2026-08-24 11:05:15,21/200,2026-08-24 12:25:40,0.041624,0.067224,True,0.00005000,218.75,27675445,8,42
ModelCNN_fvs_v2_all_geo_film_No_Noise_90k_RMSELoss_20260824_110515,ModelCNN_fvs_v2_all_geo_film_No_Noise_90k_RMSELoss,RMSELoss,2026-08-24 11:05:15,22/200,2026-08-24 12:29:32,0.038081,0.068303,False,0.00005000,222.13,27675445,8,42
ModelCNN_fvs_v2_all_geo_film_No_Noise_90k_RMSELoss_20260824_110515,ModelCNN_fvs_v2_all_geo_film_No_Noise_90k_RMSELoss,RMSELoss,2026-08-24 11:05:15,23/200,2026-08-24 12:33:12,0.036503,0.067167,True,0.00005000,219.76,27675445,8,42
ModelCNN_fvs_v2_all_geo_film_No_Noise_90k_RMSELoss_20260824_110515,ModelCNN_fvs_v2_all_geo_film_No_Noise_90k_RMSELoss,RMSELoss,2026-08-24 11:05:15,24/200,2026-08-24 12:37:04,0.035144,0.067364,False,0.00005000,222.15,27675445,8,42
ModelCNN_fvs_v2_all_geo_film_No_Noise_90k_RMSELoss_20260824_110515,ModelCNN_fvs_v2_all_geo_film_No_Noise_90k_RMSELoss,RMSELoss,2026-08-24 11:05:15,25/200,2026-08-24 12:40:46,0.034089,0.066930,True,0.00005000,222.43,27675445,8,42
ModelCNN_fvs_v2_all_geo_film_No_Noise_90k_RMSELoss_20260824_110515,ModelCNN_fvs_v2_all_geo_film_No_Noise_90k_RMSELoss,RMSELoss,2026-08-24 11:05:15,26/200,2026-08-24 12:44:37,0.033191,0.067121,False,0.00005000,221.04,27675445,8,42
ModelCNN_fvs_v2_all_geo_film_No_Noise_90k_RMSELoss_20260824_110515,ModelCNN_fvs_v2_all_geo_film_No_Noise_90k_RMSELoss,RMSELoss,2026-08-24 11:05:15,27/200,2026-08-24 12:48:18,0.032257,0.067641,False,0.00005000,221.09,27675445,8,42
ModelCNN_fvs_v2_all_geo_film_No_Noise_90k_RMSELoss_20260824_110515,ModelCNN_fvs_v2_all_geo_film_No_Noise_90k_RMSELoss,RMSELoss,2026-08-24 11:05:15,28/200,2026-08-24 12:52:02,0.031402,0.066927,True,0.00005000,224.01,27675445,8,42
ModelCNN_fvs_v2_all_geo_film_No_Noise_90k_RMSELoss_20260824_110515,ModelCNN_fvs_v2_all_geo_film_No_Noise_90k_RMSELoss,RMSELoss,2026-08-24 11:05:15,29/200,2026-08-24 12:55:54,0.030660,0.066879,True,0.00005000,222.73,27675445,8,42
ModelCNN_fvs_v2_all_geo_film_No_Noise_90k_RMSELoss_20260824_110515,ModelCNN_fvs_v2_all_geo_film_No_Noise_90k_RMSELoss,RMSELoss,2026-08-24 11:05:15,30/200,2026-08-24 12:59:45,0.029978,0.066794,True,0.00005000,220.93,27675445,8,42
ModelCNN_fvs_v2_all_geo_film_No_Noise_90k_RMSELoss_20260824_110515,ModelCNN_fvs_v2_all_geo_film_No_Noise_90k_RMSELoss,RMSELoss,2026-08-24 11:05:15,31/200,2026-08-24 13:03:37,0.029149,0.066463,True,0.00005000,222.43,27675445,8,42
ModelCNN_fvs_v2_all_geo_film_No_Noise_90k_RMSELoss_20260824_110515,ModelCNN_fvs_v2_all_geo_film_No_Noise_90k_RMSELoss,RMSELoss,2026-08-24 11:05:15,32/200,2026-08-24 13:07:33,0.028517,0.066854,False,0.00005000,226.03,27675445,8,42
ModelCNN_fvs_v2_all_geo_film_No_Noise_90k_RMSELoss_20260824_110515,ModelCNN_fvs_v2_all_geo_film_No_Noise_90k_RMSELoss,RMSELoss,2026-08-24 11:05:15,33/200,2026-08-24 13:11:31,0.027929,0.066737,False,0.00005000,238.57,27675445,8,42
ModelCNN_fvs_v2_all_geo_film_No_Noise_90k_RMSELoss_20260824_110515,ModelCNN_fvs_v2_all_geo_film_No_Noise_90k_RMSELoss,RMSELoss,2026-08-24 11:05:15,34/200,2026-08-24 13:15:25,0.027179,0.066589,False,0.00005000,233.46,27675445,8,42
ModelCNN_fvs_v2_all_geo_film_No_Noise_90k_RMSELoss_20260824_110515,ModelCNN_fvs_v2_all_geo_film_No_Noise_90k_RMSELoss,RMSELoss,2026-08-24 11:05:15,35/200,2026-08-24 13:19:07,0.026713,0.066643,False,0.00005000,222.28,27675445,8,42
ModelCNN_fvs_v2_all_geo_film_No_Noise_90k_RMSELoss_20260824_110515,ModelCNN_fvs_v2_all_geo_film_No_Noise_90k_RMSELoss,RMSELoss,2026-08-24 11:05:15,36/200,2026-08-24 13:22:49,0.026121,0.066536,False,0.00005000,222.13,27675445,8,42
ModelCNN_fvs_v2_all_geo_film_No_Noise_90k_RMSELoss_20260824_110515,ModelCNN_fvs_v2_all_geo_film_No_Noise_90k_RMSELoss,RMSELoss,2026-08-24 11:05:15,37/200,2026-08-24 13:26:34,0.025666,0.066362,True,0.00005000,224.44,27675445,8,42
ModelCNN_fvs_v2_all_geo_film_No_Noise_90k_RMSELoss_20260824_110515,ModelCNN_fvs_v2_all_geo_film_No_Noise_90k_RMSELoss,RMSELoss,2026-08-24 11:05:15,38/200,2026-08-24 13:30:29,0.025077,0.066186,True,0.00005000,226.05,27675445,8,42
ModelCNN_fvs_v2_all_geo_film_No_Noise_90k_RMSELoss_20260824_110515,ModelCNN_fvs_v2_all_geo_film_No_Noise_90k_RMSELoss,RMSELoss,2026-08-24 11:05:15,39/200,2026-08-24 13:34:20,0.024662,0.066580,False,0.00005000,220.56,27675445,8,42
ModelCNN_fvs_v2_all_geo_film_No_Noise_90k_RMSELoss_20260824_110515,ModelCNN_fvs_v2_all_geo_film_No_Noise_90k_RMSELoss,RMSELoss,2026-08-24 11:05:15,40/200,2026-08-24 13:38:09,0.024154,0.066322,False,0.00002500,229.10,27675445,8,42
ModelCNN_fvs_v2_all_geo_film_No_Noise_90k_RMSELoss_20260824_110515,ModelCNN_fvs_v2_all_geo_film_No_Noise_90k_RMSELoss,RMSELoss,2026-08-24 11:05:15,41/200,2026-08-24 13:41:51,0.021578,0.065325,True,0.00002500,222.25,27675445,8,42
ModelCNN_fvs_v2_all_geo_film_No_Noise_90k_RMSELoss_20260824_110515,ModelCNN_fvs_v2_all_geo_film_No_Noise_90k_RMSELoss,RMSELoss,2026-08-24 11:05:15,42/200,2026-08-24 13:45:46,0.019363,0.065495,False,0.00002500,224.78,27675445,8,42
ModelCNN_fvs_v2_all_geo_film_No_Noise_90k_RMSELoss_20260824_110515,ModelCNN_fvs_v2_all_geo_film_No_Noise_90k_RMSELoss,RMSELoss,2026-08-24 11:05:15,43/200,2026-08-24 13:49:29,0.018660,0.065025,True,0.00002500,223.94,27675445,8,42
ModelCNN_fvs_v2_all_geo_film_No_Noise_90k_RMSELoss_20260824_110515,ModelCNN_fvs_v2_all_geo_film_No_Noise_90k_RMSELoss,RMSELoss,2026-08-24 11:05:15,44/200,2026-08-24 13:53:23,0.018188,0.065260,False,0.00002500,223.39,27675445,8,42
ModelCNN_fvs_v2_all_geo_film_No_Noise_90k_RMSELoss_20260824_110515,ModelCNN_fvs_v2_all_geo_film_No_Noise_90k_RMSELoss,RMSELoss,2026-08-24 11:05:15,45/200,2026-08-24 13:57:08,0.017738,0.065213,False,0.00002500,225.13,27675445,8,42
ModelCNN_fvs_v2_all_geo_film_No_Noise_90k_RMSELoss_20260824_110515,ModelCNN_fvs_v2_all_geo_film_No_Noise_90k_RMSELoss,RMSELoss,2026-08-24 11:05:15,46/200,2026-08-24 14:00:49,0.017375,0.065188,False,0.00002500,221.24,27675445,8,42
ModelCNN_fvs_v2_all_geo_film_No_Noise_90k_RMSELoss_20260824_110515,ModelCNN_fvs_v2_all_geo_film_No_Noise_90k_RMSELoss,RMSELoss,2026-08-24 11:05:15,47/200,2026-08-24 14:04:34,0.017023,0.065298,False,0.00002500,224.56,27675445,8,42
ModelCNN_fvs_v2_all_geo_film_No_Noise_90k_RMSELoss_20260824_110515,ModelCNN_fvs_v2_all_geo_film_No_Noise_90k_RMSELoss,RMSELoss,2026-08-24 11:05:15,48/200,2026-08-24 14:08:16,0.016767,0.065091,False,0.00002500,222.61,27675445,8,42
ModelCNN_fvs_v2_all_geo_film_No_Noise_90k_RMSELoss_20260824_110515,ModelCNN_fvs_v2_all_geo_film_No_Noise_90k_RMSELoss,RMSELoss,2026-08-24 11:05:15,49/200,2026-08-24 14:12:14,0.016472,0.065106,False,0.00002500,237.30,27675445,8,42
ModelCNN_fvs_v2_all_geo_film_No_Noise_90k_RMSELoss_20260824_110515,ModelCNN_fvs_v2_all_geo_film_No_Noise_90k_RMSELoss,RMSELoss,2026-08-24 11:05:15,50/200,2026-08-24 14:16:08,0.016173,0.065167,False,0.00002500,234.29,27675445,8,42
ModelCNN_fvs_v2_all_geo_film_No_Noise_90k_RMSELoss_20260824_110515,ModelCNN_fvs_v2_all_geo_film_No_Noise_90k_RMSELoss,RMSELoss,2026-08-24 11:05:15,51/200,2026-08-24 14:19:53,0.015920,0.065190,False,0.00002500,224.94,27675445,8,42
ModelCNN_fvs_v2_all_geo_film_No_Noise_90k_RMSELoss_20260824_110515,ModelCNN_fvs_v2_all_geo_film_No_Noise_90k_RMSELoss,RMSELoss,2026-08-24 11:05:15,52/200,2026-08-24 14:23:37,0.015725,0.065049,False,0.00002500,224.18,27675445,8,42
ModelCNN_fvs_v2_all_geo_film_No_Noise_90k_RMSELoss_20260824_110515,ModelCNN_fvs_v2_all_geo_film_No_Noise_90k_RMSELoss,RMSELoss,2026-08-24 11:05:15,53/200,2026-08-24 14:27:20,0.015439,0.065209,False,0.00002500,223.13,27675445,8,42
ModelCNN_fvs_v2_all_geo_film_No_Noise_90k_RMSELoss_20260824_110515,ModelCNN_fvs_v2_all_geo_film_No_Noise_90k_RMSELoss,RMSELoss,2026-08-24 11:05:15,54/200,2026-08-24 14:31:01,0.015179,0.065121,False,0.00002500,220.77,27675445,8,42
ModelCNN_fvs_v2_all_geo_film_No_Noise_90k_RMSELoss_20260824_110515,ModelCNN_fvs_v2_all_geo_film_No_Noise_90k_RMSELoss,RMSELoss,2026-08-24 11:05:15,55/200,2026-08-24 14:34:43,0.015008,0.064865,True,0.00002500,222.43,27675445,8,42
ModelCNN_fvs_v2_all_geo_film_No_Noise_90k_RMSELoss_20260824_110515,ModelCNN_fvs_v2_all_geo_film_No_Noise_90k_RMSELoss,RMSELoss,2026-08-24 11:05:15,56/200,2026-08-24 14:38:38,0.014806,0.064911,False,0.00002500,225.30,27675445,8,42
ModelCNN_fvs_v2_all_geo_film_No_Noise_90k_RMSELoss_20260824_110515,ModelCNN_fvs_v2_all_geo_film_No_Noise_90k_RMSELoss,RMSELoss,2026-08-24 11:05:15,57/200,2026-08-24 14:42:20,0.014602,0.064754,True,0.00002500,221.32,27675445,8,42
ModelCNN_fvs_v2_all_geo_film_No_Noise_90k_RMSELoss_20260824_110515,ModelCNN_fvs_v2_all_geo_film_No_Noise_90k_RMSELoss,RMSELoss,2026-08-24 11:05:15,58/200,2026-08-24 14:46:11,0.014433,0.064846,False,0.00002500,221.96,27675445,8,42
ModelCNN_fvs_v2_all_geo_film_No_Noise_90k_RMSELoss_20260824_110515,ModelCNN_fvs_v2_all_geo_film_No_Noise_90k_RMSELoss,RMSELoss,2026-08-24 11:05:15,59/200,2026-08-24 14:49:54,0.014252,0.064739,True,0.00002500,222.31,27675445,8,42
ModelCNN_fvs_v2_all_geo_film_No_Noise_90k_RMSELoss_20260824_110515,ModelCNN_fvs_v2_all_geo_film_No_Noise_90k_RMSELoss,RMSELoss,2026-08-24 11:05:15,60/200,2026-08-24 14:53:44,0.014055,0.064931,False,0.00001250,220.25,27675445,8,42
ModelCNN_fvs_v2_all_geo_film_No_Noise_90k_RMSELoss_20260824_110515,ModelCNN_fvs_v2_all_geo_film_No_Noise_90k_RMSELoss,RMSELoss,2026-08-24 11:05:15,61/200,2026-08-24 14:57:26,0.012996,0.064528,True,0.00001250,222.72,27675445,8,42
ModelCNN_fvs_v2_all_geo_film_No_Noise_90k_RMSELoss_20260824_110515,ModelCNN_fvs_v2_all_geo_film_No_Noise_90k_RMSELoss,RMSELoss,2026-08-24 11:05:15,62/200,2026-08-24 15:01:18,0.012025,0.064473,True,0.00001250,221.67,27675445,8,42
ModelCNN_fvs_v2_all_geo_film_No_Noise_90k_RMSELoss_20260824_110515,ModelCNN_fvs_v2_all_geo_film_No_Noise_90k_RMSELoss,RMSELoss,2026-08-24 11:05:15,63/200,2026-08-24 15:05:10,0.011743,0.064549,False,0.00001250,223.13,27675445,8,42
ModelCNN_fvs_v2_all_geo_film_No_Noise_90k_RMSELoss_20260824_110515,ModelCNN_fvs_v2_all_geo_film_No_Noise_90k_RMSELoss,RMSELoss,2026-08-24 11:05:15,64/200,2026-08-24 15:08:54,0.011557,0.064568,False,0.00001250,223.40,27675445,8,42
ModelCNN_fvs_v2_all_geo_film_No_Noise_90k_RMSELoss_20260824_110515,ModelCNN_fvs_v2_all_geo_film_No_Noise_90k_RMSELoss,RMSELoss,2026-08-24 11:05:15,65/200,2026-08-24 15:12:51,0.011400,0.064426,True,0.00001250,237.57,27675445,8,42
ModelCNN_fvs_v2_all_geo_film_No_Noise_90k_RMSELoss_20260824_110515,ModelCNN_fvs_v2_all_geo_film_No_Noise_90k_RMSELoss,RMSELoss,2026-08-24 11:05:15,66/200,2026-08-24 15:16:54,0.011270,0.064532,False,0.00001250,232.97,27675445,8,42
ModelCNN_fvs_v2_all_geo_film_No_Noise_90k_RMSELoss_20260824_110515,ModelCNN_fvs_v2_all_geo_film_No_Noise_90k_RMSELoss,RMSELoss,2026-08-24 11:05:15,67/200,2026-08-24 15:20:47,0.011106,0.064630,False,0.00001250,233.01,27675445,8,42
ModelCNN_fvs_v2_all_geo_film_No_Noise_90k_RMSELoss_20260824_110515,ModelCNN_fvs_v2_all_geo_film_No_Noise_90k_RMSELoss,RMSELoss,2026-08-24 11:05:15,68/200,2026-08-24 15:24:32,0.011003,0.064621,False,0.00001250,225.09,27675445,8,42
ModelCNN_fvs_v2_all_geo_film_No_Noise_90k_RMSELoss_20260824_110515,ModelCNN_fvs_v2_all_geo_film_No_Noise_90k_RMSELoss,RMSELoss,2026-08-24 11:05:15,69/200,2026-08-24 15:28:14,0.010890,0.064510,False,0.00001250,222.15,27675445,8,42
ModelCNN_fvs_v2_all_geo_film_No_Noise_90k_RMSELoss_20260824_110515,ModelCNN_fvs_v2_all_geo_film_No_Noise_90k_RMSELoss,RMSELoss,2026-08-24 11:05:15,70/200,2026-08-24 15:31:59,0.010768,0.064628,False,0.00001250,224.69,27675445,8,42
ModelCNN_fvs_v2_all_geo_film_No_Noise_90k_RMSELoss_20260824_110515,ModelCNN_fvs_v2_all_geo_film_No_Noise_90k_RMSELoss,RMSELoss,2026-08-24 11:05:15,71/200,2026-08-24 15:35:40,0.010694,0.064602,False,0.00001250,221.38,27675445,8,42
ModelCNN_fvs_v2_all_geo_film_No_Noise_90k_RMSELoss_20260824_110515,ModelCNN_fvs_v2_all_geo_film_No_Noise_90k_RMSELoss,RMSELoss,2026-08-24 11:05:15,72/200,2026-08-24 15:39:29,0.010579,0.064585,False,0.00001250,228.18,27675445,8,42
ModelCNN_fvs_v2_all_geo_film_No_Noise_90k_RMSELoss_20260824_110515,ModelCNN_fvs_v2_all_geo_film_No_Noise_90k_RMSELoss,RMSELoss,2026-08-24 11:05:15,73/200,2026-08-24 15:43:11,0.010512,0.064491,False,0.00001250,222.38,27675445,8,42
ModelCNN_fvs_v2_all_geo_film_No_Noise_90k_RMSELoss_20260824_110515,ModelCNN_fvs_v2_all_geo_film_No_Noise_90k_RMSELoss,RMSELoss,2026-08-24 11:05:15,74/200,2026-08-24 15:46:54,0.010404,0.064585,False,0.00001250,223.03,27675445,8,42
ModelCNN_fvs_v2_all_geo_film_No_Noise_90k_RMSELoss_20260824_110515,ModelCNN_fvs_v2_all_geo_film_No_Noise_90k_RMSELoss,RMSELoss,2026-08-24 11:05:15,75/200,2026-08-24 15:50:35,0.010302,0.064499,False,0.00001250,220.71,27675445,8,42
ModelCNN_fvs_v2_all_geo_film_No_Noise_90k_RMSELoss_20260824_110515,ModelCNN_fvs_v2_all_geo_film_No_Noise_90k_RMSELoss,RMSELoss,2026-08-24 11:05:15,76/200,2026-08-24 15:54:15,0.010236,0.064613,False,0.00001250,220.13,27675445,8,42
ModelCNN_fvs_v2_all_geo_film_No_Noise_90k_RMSELoss_20260824_110515,ModelCNN_fvs_v2_all_geo_film_No_Noise_90k_RMSELoss,RMSELoss,2026-08-24 11:05:15,77/200,2026-08-24 15:57:59,0.010127,0.064568,False,0.00001250,224.26,27675445,8,42
ModelCNN_fvs_v2_all_geo_film_No_Noise_90k_RMSELoss_20260824_110515,ModelCNN_fvs_v2_all_geo_film_No_Noise_90k_RMSELoss,RMSELoss,2026-08-24 11:05:15,78/200,2026-08-24 16:01:43,0.010065,0.064391,True,0.00001250,224.04,27675445,8,42
ModelCNN_fvs_v2_all_geo_film_No_Noise_90k_RMSELoss_20260824_110515,ModelCNN_fvs_v2_all_geo_film_No_Noise_90k_RMSELoss,RMSELoss,2026-08-24 11:05:15,79/200,2026-08-24 16:05:38,0.009958,0.064468,False,0.00001250,223.86,27675445,8,42
ModelCNN_fvs_v2_all_geo_film_No_Noise_90k_RMSELoss_20260824_110515,ModelCNN_fvs_v2_all_geo_film_No_Noise_90k_RMSELoss,RMSELoss,2026-08-24 11:05:15,80/200,2026-08-24 16:09:22,0.009903,0.064536,False,0.00000625,223.92,27675445,8,42
ModelCNN_fvs_v2_all_geo_film_No_Noise_90k_RMSELoss_20260824_110515,ModelCNN_fvs_v2_all_geo_film_No_Noise_90k_RMSELoss,RMSELoss,2026-08-24 11:05:15,81/200,2026-08-24 16:13:15,0.009423,0.064362,True,0.00000625,233.19,27675445,8,42
ModelCNN_fvs_v2_all_geo_film_No_Noise_90k_RMSELoss_20260824_110515,ModelCNN_fvs_v2_all_geo_film_No_Noise_90k_RMSELoss,RMSELoss,2026-08-24 11:05:15,82/200,2026-08-24 16:17:21,0.009043,0.064375,False,0.00000625,236.75,27675445,8,42
ModelCNN_fvs_v2_all_geo_film_No_Noise_90k_RMSELoss_20260824_110515,ModelCNN_fvs_v2_all_geo_film_No_Noise_90k_RMSELoss,RMSELoss,2026-08-24 11:05:15,83/200,2026-08-24 16:21:14,0.008963,0.064497,False,0.00000625,232.79,27675445,8,42
ModelCNN_fvs_v2_all_geo_film_No_Noise_90k_RMSELoss_20260824_110515,ModelCNN_fvs_v2_all_geo_film_No_Noise_90k_RMSELoss,RMSELoss,2026-08-24 11:05:15,84/200,2026-08-24 16:25:03,0.008828,0.064445,False,0.00000625,228.55,27675445,8,42
ModelCNN_fvs_v2_all_geo_film_No_Noise_90k_RMSELoss_20260824_110515,ModelCNN_fvs_v2_all_geo_film_No_Noise_90k_RMSELoss,RMSELoss,2026-08-24 11:05:15,85/200,2026-08-24 16:28:46,0.008767,0.064348,True,0.00000625,223.42,27675445,8,42
ModelCNN_fvs_v2_all_geo_film_No_Noise_90k_RMSELoss_20260824_110515,ModelCNN_fvs_v2_all_geo_film_No_Noise_90k_RMSELoss,RMSELoss,2026-08-24 11:05:15,86/200,2026-08-24 16:32:41,0.008682,0.064370,False,0.00000625,225.12,27675445,8,42
ModelCNN_fvs_v2_all_geo_film_No_Noise_90k_RMSELoss_20260824_110515,ModelCNN_fvs_v2_all_geo_film_No_Noise_90k_RMSELoss,RMSELoss,2026-08-24 11:05:15,87/200,2026-08-24 16:36:24,0.008654,0.064443,False,0.00000625,222.60,27675445,8,42
ModelCNN_fvs_v2_all_geo_film_No_Noise_90k_RMSELoss_20260824_110515,ModelCNN_fvs_v2_all_geo_film_No_Noise_90k_RMSELoss,RMSELoss,2026-08-24 11:05:15,88/200,2026-08-24 16:40:07,0.008584,0.064451,False,0.00000625,223.66,27675445,8,42
ModelCNN_fvs_v2_all_geo_film_No_Noise_90k_RMSELoss_20260824_110515,ModelCNN_fvs_v2_all_geo_film_No_Noise_90k_RMSELoss,RMSELoss,2026-08-24 11:05:15,89/200,2026-08-24 16:43:54,0.008535,0.064428,False,0.00000625,226.54,27675445,8,42
ModelCNN_fvs_v2_all_geo_film_No_Noise_90k_RMSELoss_20260824_110515,ModelCNN_fvs_v2_all_geo_film_No_Noise_90k_RMSELoss,RMSELoss,2026-08-24 11:05:15,90/200,2026-08-24 16:47:37,0.008484,0.064393,False,0.00000625,223.17,27675445,8,42
ModelCNN_fvs_v2_all_geo_film_No_Noise_90k_RMSELoss_20260824_110515,ModelCNN_fvs_v2_all_geo_film_No_Noise_90k_RMSELoss,RMSELoss,2026-08-24 11:05:15,91/200,2026-08-24 16:51:20,0.008427,0.064382,False,0.00000625,223.44,27675445,8,42
ModelCNN_fvs_v2_all_geo_film_No_Noise_90k_RMSELoss_20260824_110515,ModelCNN_fvs_v2_all_geo_film_No_Noise_90k_RMSELoss,RMSELoss,2026-08-24 11:05:15,92/200,2026-08-24 16:55:05,0.008398,0.064427,False,0.00000625,224.83,27675445,8,42
ModelCNN_fvs_v2_all_geo_film_No_Noise_90k_RMSELoss_20260824_110515,ModelCNN_fvs_v2_all_geo_film_No_Noise_90k_RMSELoss,RMSELoss,2026-08-24 11:05:15,93/200,2026-08-24 16:58:48,0.008348,0.064383,False,0.00000625,222.78,27675445,8,42
ModelCNN_fvs_v2_all_geo_film_No_Noise_90k_RMSELoss_20260824_110515,ModelCNN_fvs_v2_all_geo_film_No_Noise_90k_RMSELoss,RMSELoss,2026-08-24 11:05:15,94/200,2026-08-24 17:02:33,0.008292,0.064434,False,0.00000625,224.75,27675445,8,42
ModelCNN_fvs_v2_all_geo_film_No_Noise_90k_RMSELoss_20260824_110515,ModelCNN_fvs_v2_all_geo_film_No_Noise_90k_RMSELoss,RMSELoss,2026-08-24 11:05:15,95/200,2026-08-24 17:06:17,0.008265,0.064441,False,0.00000625,224.44,27675445,8,42
ModelCNN_fvs_v2_all_geo_film_No_Noise_90k_RMSELoss_20260824_110515,ModelCNN_fvs_v2_all_geo_film_No_Noise_90k_RMSELoss,RMSELoss,2026-08-24 11:05:15,96/200,2026-08-24 17:10:03,0.008212,0.064428,False,0.00000625,225.53,27675445,8,42
ModelCNN_fvs_v2_all_geo_film_No_Noise_90k_RMSELoss_20260824_110515,ModelCNN_fvs_v2_all_geo_film_No_Noise_90k_RMSELoss,RMSELoss,2026-08-24 11:05:15,97/200,2026-08-24 17:13:48,0.008185,0.064431,False,0.00000625,225.75,27675445,8,42
ModelCNN_fvs_v2_all_geo_film_No_Noise_90k_RMSELoss_20260824_110515,ModelCNN_fvs_v2_all_geo_film_No_Noise_90k_RMSELoss,RMSELoss,2026-08-24 11:05:15,98/200,2026-08-24 17:17:42,0.008129,0.064337,True,0.00000625,233.94,27675445,8,42
ModelCNN_fvs_v2_all_geo_film_No_Noise_90k_RMSELoss_20260824_110515,ModelCNN_fvs_v2_all_geo_film_No_Noise_90k_RMSELoss,RMSELoss,2026-08-24 11:05:15,99/200,2026-08-24 17:21:54,0.008088,0.064336,True,0.00000625,241.53,27675445,8,42
ModelCNN_fvs_v2_all_geo_film_No_Noise_90k_RMSELoss_20260824_110515,ModelCNN_fvs_v2_all_geo_film_No_Noise_90k_RMSELoss,RMSELoss,2026-08-24 11:05:15,100/200,2026-08-24 17:25:55,0.008080,0.064366,False,0.00000313,231.86,27675445,8,42
ModelCNN_fvs_v2_all_geo_film_No_Noise_90k_RMSELoss_20260824_110515,ModelCNN_fvs_v2_all_geo_film_No_Noise_90k_RMSELoss,RMSELoss,2026-08-24 11:05:15,101/200,2026-08-24 17:29:42,0.007846,0.064361,False,0.00000313,226.28,27675445,8,42
ModelCNN_fvs_v2_all_geo_film_No_Noise_90k_RMSELoss_20260824_110515,ModelCNN_fvs_v2_all_geo_film_No_Noise_90k_RMSELoss,RMSELoss,2026-08-24 11:05:15,102/200,2026-08-24 17:33:24,0.007703,0.064393,False,0.00000313,222.49,27675445,8,42
ModelCNN_fvs_v2_all_geo_film_No_Noise_90k_RMSELoss_20260824_110515,ModelCNN_fvs_v2_all_geo_film_No_Noise_90k_RMSELoss,RMSELoss,2026-08-24 11:05:15,103/200,2026-08-24 17:37:06,0.007639,0.064434,False,0.00000313,222.12,27675445,8,42
ModelCNN_fvs_v2_all_geo_film_No_Noise_90k_RMSELoss_20260824_110515,ModelCNN_fvs_v2_all_geo_film_No_Noise_90k_RMSELoss,RMSELoss,2026-08-24 11:05:15,104/200,2026-08-24 17:40:46,0.007603,0.064339,False,0.00000313,219.26,27675445,8,42
ModelCNN_fvs_v2_all_geo_film_No_Noise_90k_RMSELoss_20260824_110515,ModelCNN_fvs_v2_all_geo_film_No_Noise_90k_RMSELoss,RMSELoss,2026-08-24 11:05:15,105/200,2026-08-24 17:44:36,0.007559,0.064347,False,0.00000313,230.23,27675445,8,42
ModelCNN_fvs_v2_all_geo_film_No_Noise_90k_RMSELoss_20260824_110515,ModelCNN_fvs_v2_all_geo_film_No_Noise_90k_RMSELoss,RMSELoss,2026-08-24 11:05:15,106/200,2026-08-24 17:48:19,0.007523,0.064414,False,0.00000313,223.31,27675445,8,42
ModelCNN_fvs_v2_all_geo_film_No_Noise_90k_RMSELoss_20260824_110515,ModelCNN_fvs_v2_all_geo_film_No_Noise_90k_RMSELoss,RMSELoss,2026-08-24 11:05:15,107/200,2026-08-24 17:52:03,0.007499,0.064382,False,0.00000313,223.64,27675445,8,42
ModelCNN_fvs_v2_all_geo_film_No_Noise_90k_RMSELoss_20260824_110515,ModelCNN_fvs_v2_all_geo_film_No_Noise_90k_RMSELoss,RMSELoss,2026-08-24 11:05:15,108/200,2026-08-24 17:55:45,0.007479,0.064361,False,0.00000313,221.76,27675445,8,42
ModelCNN_fvs_v2_all_geo_film_No_Noise_90k_RMSELoss_20260824_110515,ModelCNN_fvs_v2_all_geo_film_No_Noise_90k_RMSELoss,RMSELoss,2026-08-24 11:05:15,109/200,2026-08-24 17:59:28,0.007459,0.064358,False,0.00000313,223.04,27675445,8,42
ModelCNN_fvs_v2_all_geo_film_No_Noise_90k_RMSELoss_20260824_110515,ModelCNN_fvs_v2_all_geo_film_No_Noise_90k_RMSELoss,RMSELoss,2026-08-24 11:05:15,110/200,2026-08-24 18:03:05,0.007425,0.064410,False,0.00000313,216.99,27675445,8,42
ModelCNN_fvs_v2_all_geo_film_No_Noise_90k_RMSELoss_20260824_110515,ModelCNN_fvs_v2_all_geo_film_No_Noise_90k_RMSELoss,RMSELoss,2026-08-24 11:05:15,111/200,2026-08-24 18:06:46,0.007396,0.064373,False,0.00000313,221.24,27675445,8,42
ModelCNN_fvs_v2_all_geo_film_No_Noise_90k_RMSELoss_20260824_110515,ModelCNN_fvs_v2_all_geo_film_No_Noise_90k_RMSELoss,RMSELoss,2026-08-24 11:05:15,112/200,2026-08-24 18:10:23,0.007377,0.064379,False,0.00000313,217.11,27675445,8,42
ModelCNN_fvs_v2_all_geo_film_No_Noise_90k_RMSELoss_20260824_110515,ModelCNN_fvs_v2_all_geo_film_No_Noise_90k_RMSELoss,RMSELoss,2026-08-24 11:05:15,113/200,2026-08-24 18:14:03,0.007363,0.064421,False,0.00000313,220.34,27675445,8,42
ModelCNN_fvs_v2_all_geo_film_No_Noise_90k_RMSELoss_20260824_110515,ModelCNN_fvs_v2_all_geo_film_No_Noise_90k_RMSELoss,RMSELoss,2026-08-24 11:05:15,114/200,2026-08-24 18:17:49,0.007344,0.064409,False,0.00000313,225.59,27675445,8,42
ModelCNN_fvs_v2_all_geo_film_No_Noise_90k_RMSELoss_20260824_110515,ModelCNN_fvs_v2_all_geo_film_No_Noise_90k_RMSELoss,RMSELoss,2026-08-24 11:05:15,115/200,2026-08-24 18:21:35,0.007320,0.064410,False,0.00000313,226.20,27675445,8,42
ModelCNN_fvs_v2_all_geo_film_No_Noise_90k_RMSELoss_20260824_110515,ModelCNN_fvs_v2_all_geo_film_No_Noise_90k_RMSELoss,RMSELoss,2026-08-24 11:05:15,116/200,2026-08-24 18:25:22,0.007299,0.064374,False,0.00000313,227.10,27675445,8,42
ModelCNN_fvs_v2_all_geo_film_No_Noise_90k_RMSELoss_20260824_110515,ModelCNN_fvs_v2_all_geo_film_No_Noise_90k_RMSELoss,RMSELoss,2026-08-24 11:05:15,117/200,2026-08-24 18:29:06,0.007281,0.064454,False,0.00000313,223.53,27675445,8,42
ModelCNN_fvs_v2_all_geo_film_No_Noise_90k_RMSELoss_20260824_110515,ModelCNN_fvs_v2_all_geo_film_No_Noise_90k_RMSELoss,RMSELoss,2026-08-24 11:05:15,118/200,2026-08-24 18:32:44,0.007281,0.064363,False,0.00000313,218.43,27675445,8,42
ModelCNN_fvs_v2_all_geo_film_No_Noise_90k_RMSELoss_20260824_110515,ModelCNN_fvs_v2_all_geo_film_No_Noise_90k_RMSELoss,RMSELoss,2026-08-24 11:05:15,119/200,2026-08-24 18:36:21,0.007230,0.064357,False,0.00000313,216.70,27675445,8,42
ModelCNN_fvs_v2_all_geo_film_No_Noise_90k_RMSELoss_20260824_110515,ModelCNN_fvs_v2_all_geo_film_No_Noise_90k_RMSELoss,RMSELoss,2026-08-24 11:05:15,120/200,2026-08-24 18:39:56,0.007239,0.064386,False,0.00000156,214.99,27675445,8,42
ModelCNN_fvs_v2_all_geo_film_No_Noise_90k_RMSELoss_20260824_110515,ModelCNN_fvs_v2_all_geo_film_No_Noise_90k_RMSELoss,RMSELoss,2026-08-24 11:05:15,121/200,2026-08-24 18:43:32,0.007135,0.064328,True,0.00000156,215.97,27675445,8,42
ModelCNN_fvs_v2_all_geo_film_No_Noise_90k_RMSELoss_20260824_110515,ModelCNN_fvs_v2_all_geo_film_No_Noise_90k_RMSELoss,RMSELoss,2026-08-24 11:05:15,122/200,2026-08-24 18:47:19,0.007048,0.064330,False,0.00000156,217.16,27675445,8,42
ModelCNN_fvs_v2_all_geo_film_No_Noise_90k_RMSELoss_20260824_110515,ModelCNN_fvs_v2_all_geo_film_No_Noise_90k_RMSELoss,RMSELoss,2026-08-24 11:05:15,123/200,2026-08-24 18:50:55,0.007048,0.064351,False,0.00000156,216.60,27675445,8,42
ModelCNN_fvs_v2_all_geo_film_No_Noise_90k_RMSELoss_20260824_110515,ModelCNN_fvs_v2_all_geo_film_No_Noise_90k_RMSELoss,RMSELoss,2026-08-24 11:05:15,124/200,2026-08-24 18:54:29,0.007021,0.064433,False,0.00000156,213.52,27675445,8,42
ModelCNN_fvs_v2_all_geo_film_No_Noise_90k_RMSELoss_20260824_110515,ModelCNN_fvs_v2_all_geo_film_No_Noise_90k_RMSELoss,RMSELoss,2026-08-24 11:05:15,125/200,2026-08-24 18:58:06,0.007001,0.064339,False,0.00000156,217.49,27675445,8,42
ModelCNN_fvs_v2_all_geo_film_No_Noise_90k_RMSELoss_20260824_110515,ModelCNN_fvs_v2_all_geo_film_No_Noise_90k_RMSELoss,RMSELoss,2026-08-24 11:05:15,126/200,2026-08-24 19:01:43,0.006987,0.064379,False,0.00000156,216.28,27675445,8,42
ModelCNN_fvs_v2_all_geo_film_No_Noise_90k_RMSELoss_20260824_110515,ModelCNN_fvs_v2_all_geo_film_No_Noise_90k_RMSELoss,RMSELoss,2026-08-24 11:05:15,127/200,2026-08-24 19:05:20,0.006972,0.064349,False,0.00000156,216.88,27675445,8,42
ModelCNN_fvs_v2_all_geo_film_No_Noise_90k_RMSELoss_20260824_110515,ModelCNN_fvs_v2_all_geo_film_No_Noise_90k_RMSELoss,RMSELoss,2026-08-24 11:05:15,128/200,2026-08-24 19:08:54,0.006951,0.064317,True,0.00000156,214.71,27675445,8,42
ModelCNN_fvs_v2_all_geo_film_No_Noise_90k_RMSELoss_20260824_110515,ModelCNN_fvs_v2_all_geo_film_No_Noise_90k_RMSELoss,RMSELoss,2026-08-24 11:05:15,129/200,2026-08-24 19:12:42,0.006939,0.064363,False,0.00000156,217.45,27675445,8,42
ModelCNN_fvs_v2_all_geo_film_No_Noise_90k_RMSELoss_20260824_110515,ModelCNN_fvs_v2_all_geo_film_No_Noise_90k_RMSELoss,RMSELoss,2026-08-24 11:05:15,130/200,2026-08-24 19:16:25,0.006927,0.064356,False,0.00000156,222.81,27675445,8,42
ModelCNN_fvs_v2_all_geo_film_No_Noise_90k_RMSELoss_20260824_110515,ModelCNN_fvs_v2_all_geo_film_No_Noise_90k_RMSELoss,RMSELoss,2026-08-24 11:05:15,131/200,2026-08-24 19:20:07,0.006916,0.064318,False,0.00000156,222.45,27675445,8,42
ModelCNN_fvs_v2_all_geo_film_No_Noise_90k_RMSELoss_20260824_110515,ModelCNN_fvs_v2_all_geo_film_No_Noise_90k_RMSELoss,RMSELoss,2026-08-24 11:05:15,132/200,2026-08-24 19:23:57,0.006923,0.064317,True,0.00000156,229.70,27675445,8,42
ModelCNN_fvs_v2_all_geo_film_No_Noise_90k_RMSELoss_20260824_110515,ModelCNN_fvs_v2_all_geo_film_No_Noise_90k_RMSELoss,RMSELoss,2026-08-24 11:05:15,133/200,2026-08-24 19:27:54,0.006895,0.064378,False,0.00000156,227.86,27675445,8,42
ModelCNN_fvs_v2_all_geo_film_No_Noise_90k_RMSELoss_20260824_110515,ModelCNN_fvs_v2_all_geo_film_No_Noise_90k_RMSELoss,RMSELoss,2026-08-24 11:05:15,134/200,2026-08-24 19:31:36,0.006884,0.064354,False,0.00000156,221.49,27675445,8,42
ModelCNN_fvs_v2_all_geo_film_No_Noise_90k_RMSELoss_20260824_110515,ModelCNN_fvs_v2_all_geo_film_No_Noise_90k_RMSELoss,RMSELoss,2026-08-24 11:05:15,135/200,2026-08-24 19:35:14,0.006864,0.064399,False,0.00000156,218.53,27675445,8,42
ModelCNN_fvs_v2_all_geo_film_No_Noise_90k_RMSELoss_20260824_110515,ModelCNN_fvs_v2_all_geo_film_No_Noise_90k_RMSELoss,RMSELoss,2026-08-24 11:05:15,136/200,2026-08-24 19:38:53,0.006873,0.064375,False,0.00000156,218.27,27675445,8,42
ModelCNN_fvs_v2_all_geo_film_No_Noise_90k_RMSELoss_20260824_110515,ModelCNN_fvs_v2_all_geo_film_No_Noise_90k_RMSELoss,RMSELoss,2026-08-24 11:05:15,137/200,2026-08-24 19:42:28,0.006866,0.064359,False,0.00000156,215.68,27675445,8,42
ModelCNN_fvs_v2_all_geo_film_No_Noise_90k_RMSELoss_20260824_110515,ModelCNN_fvs_v2_all_geo_film_No_Noise_90k_RMSELoss,RMSELoss,2026-08-24 11:05:15,138/200,2026-08-24 19:46:07,0.006842,0.064335,False,0.00000156,218.32,27675445,8,42
ModelCNN_fvs_v2_all_geo_film_No_Noise_90k_RMSELoss_20260824_110515,ModelCNN_fvs_v2_all_geo_film_No_Noise_90k_RMSELoss,RMSELoss,2026-08-24 11:05:15,139/200,2026-08-24 19:49:46,0.006819,0.064296,True,0.00000156,219.00,27675445,8,42
ModelCNN_fvs_v2_all_geo_film_No_Noise_90k_RMSELoss_20260824_110515,ModelCNN_fvs_v2_all_geo_film_No_Noise_90k_RMSELoss,RMSELoss,2026-08-24 11:05:15,140/200,2026-08-24 19:53:31,0.006809,0.064330,False,0.00000078,215.72,27675445,8,42
ModelCNN_fvs_v2_all_geo_film_No_Noise_90k_RMSELoss_20260824_110515,ModelCNN_fvs_v2_all_geo_film_No_Noise_90k_RMSELoss,RMSELoss,2026-08-24 11:05:15,141/200,2026-08-24 19:57:07,0.006778,0.064368,False,0.00000078,215.71,27675445,8,42
ModelCNN_fvs_v2_all_geo_film_No_Noise_90k_RMSELoss_20260824_110515,ModelCNN_fvs_v2_all_geo_film_No_Noise_90k_RMSELoss,RMSELoss,2026-08-24 11:05:15,142/200,2026-08-24 20:00:44,0.006756,0.064329,False,0.00000078,217.58,27675445,8,42
ModelCNN_fvs_v2_all_geo_film_No_Noise_90k_RMSELoss_20260824_110515,ModelCNN_fvs_v2_all_geo_film_No_Noise_90k_RMSELoss,RMSELoss,2026-08-24 11:05:15,143/200,2026-08-24 20:04:21,0.006748,0.064365,False,0.00000078,216.86,27675445,8,42
ModelCNN_fvs_v2_all_geo_film_No_Noise_90k_RMSELoss_20260824_110515,ModelCNN_fvs_v2_all_geo_film_No_Noise_90k_RMSELoss,RMSELoss,2026-08-24 11:05:15,144/200,2026-08-24 20:07:58,0.006736,0.064417,False,0.00000078,216.76,27675445,8,42
ModelCNN_fvs_v2_all_geo_film_No_Noise_90k_RMSELoss_20260824_110515,ModelCNN_fvs_v2_all_geo_film_No_Noise_90k_RMSELoss,RMSELoss,2026-08-24 11:05:15,145/200,2026-08-24 20:11:35,0.006730,0.064323,False,0.00000078,216.77,27675445,8,42
ModelCNN_fvs_v2_all_geo_film_No_Noise_90k_RMSELoss_20260824_110515,ModelCNN_fvs_v2_all_geo_film_No_Noise_90k_RMSELoss,RMSELoss,2026-08-24 11:05:15,146/200,2026-08-24 20:15:16,0.006711,0.064342,False,0.00000078,221.39,27675445,8,42
ModelCNN_fvs_v2_all_geo_film_No_Noise_90k_RMSELoss_20260824_110515,ModelCNN_fvs_v2_all_geo_film_No_Noise_90k_RMSELoss,RMSELoss,2026-08-24 11:05:15,147/200,2026-08-24 20:19:00,0.006710,0.064376,False,0.00000078,223.79,27675445,8,42
ModelCNN_fvs_v2_all_geo_film_No_Noise_90k_RMSELoss_20260824_110515,ModelCNN_fvs_v2_all_geo_film_No_Noise_90k_RMSELoss,RMSELoss,2026-08-24 11:05:15,148/200,2026-08-24 20:22:46,0.006695,0.064376,False,0.00000078,226.25,27675445,8,42
ModelCNN_fvs_v2_all_geo_film_No_Noise_90k_RMSELoss_20260824_110515,ModelCNN_fvs_v2_all_geo_film_No_Noise_90k_RMSELoss,RMSELoss,2026-08-24 11:05:15,149/200,2026-08-24 20:26:34,0.006703,0.064390,False,0.00000078,227.81,27675445,8,42
ModelCNN_fvs_v2_all_geo_film_No_Noise_90k_RMSELoss_20260824_110515,ModelCNN_fvs_v2_all_geo_film_No_Noise_90k_RMSELoss,RMSELoss,2026-08-24 11:05:15,150/200,2026-08-24 20:30:20,0.006695,0.064383,False,0.00000078,225.44,27675445,8,42
ModelCNN_fvs_v2_all_geo_film_No_Noise_90k_RMSELoss_20260824_110515,ModelCNN_fvs_v2_all_geo_film_No_Noise_90k_RMSELoss,RMSELoss,2026-08-24 11:05:15,151/200,2026-08-24 20:33:59,0.006667,0.064348,False,0.00000078,219.63,27675445,8,42
ModelCNN_fvs_v2_all_geo_film_No_Noise_90k_RMSELoss_20260824_110515,ModelCNN_fvs_v2_all_geo_film_No_Noise_90k_RMSELoss,RMSELoss,2026-08-24 11:05:15,152/200,2026-08-24 20:37:35,0.006684,0.064341,False,0.00000078,215.39,27675445,8,42
ModelCNN_fvs_v2_all_geo_film_No_Noise_90k_RMSELoss_20260824_110515,ModelCNN_fvs_v2_all_geo_film_No_Noise_90k_RMSELoss,RMSELoss,2026-08-24 11:05:15,153/200,2026-08-24 20:41:12,0.006665,0.064328,False,0.00000078,217.68,27675445,8,42
ModelCNN_fvs_v2_all_geo_film_No_Noise_90k_RMSELoss_20260824_110515,ModelCNN_fvs_v2_all_geo_film_No_Noise_90k_RMSELoss,RMSELoss,2026-08-24 11:05:15,154/200,2026-08-24 20:44:49,0.006658,0.064350,False,0.00000078,216.24,27675445,8,42
ModelCNN_fvs_v2_all_geo_film_No_Noise_90k_RMSELoss_20260824_110515,ModelCNN_fvs_v2_all_geo_film_No_Noise_90k_RMSELoss,RMSELoss,2026-08-24 11:05:15,155/200,2026-08-24 20:48:24,0.006665,0.064317,False,0.00000078,215.77,27675445,8,42
ModelCNN_fvs_v2_all_geo_film_No_Noise_90k_RMSELoss_20260824_110515,ModelCNN_fvs_v2_all_geo_film_No_Noise_90k_RMSELoss,RMSELoss,2026-08-24 11:05:15,156/200,2026-08-24 20:52:00,0.006667,0.064368,False,0.00000078,215.49,27675445,8,42
ModelCNN_fvs_v2_all_geo_film_No_Noise_90k_RMSELoss_20260824_110515,ModelCNN_fvs_v2_all_geo_film_No_Noise_90k_RMSELoss,RMSELoss,2026-08-24 11:05:15,157/200,2026-08-24 20:55:38,0.006643,0.064362,False,0.00000078,217.86,27675445,8,42
ModelCNN_fvs_v2_all_geo_film_No_Noise_90k_RMSELoss_20260824_110515,ModelCNN_fvs_v2_all_geo_film_No_Noise_90k_RMSELoss,RMSELoss,2026-08-24 11:05:15,158/200,2026-08-24 20:59:16,0.006632,0.064377,False,0.00000078,218.39,27675445,8,42
ModelCNN_fvs_v2_all_geo_film_No_Noise_90k_RMSELoss_20260824_110515,ModelCNN_fvs_v2_all_geo_film_No_Noise_90k_RMSELoss,RMSELoss,2026-08-24 11:05:15,159/200,2026-08-24 21:02:52,0.006624,0.064392,False,0.00000078,216.41,27675445,8,42
ModelCNN_fvs_v2_all_geo_film_No_Noise_90k_RMSELoss_20260824_110515,ModelCNN_fvs_v2_all_geo_film_No_Noise_90k_RMSELoss,RMSELoss,2026-08-24 11:05:15,160/200,2026-08-24 21:06:29,0.006625,0.064377,False,0.00000039,216.35,27675445,8,42
ModelCNN_fvs_v2_all_geo_film_No_Noise_90k_RMSELoss_20260824_110515,ModelCNN_fvs_v2_all_geo_film_No_Noise_90k_RMSELoss,RMSELoss,2026-08-24 11:05:15,161/200,2026-08-24 21:10:07,0.006622,0.064382,False,0.00000039,218.08,27675445,8,42
ModelCNN_fvs_v2_all_geo_film_No_Noise_90k_RMSELoss_20260824_110515,ModelCNN_fvs_v2_all_geo_film_No_Noise_90k_RMSELoss,RMSELoss,2026-08-24 11:05:15,162/200,2026-08-24 21:13:46,0.006595,0.064346,False,0.00000039,218.95,27675445,8,42
ModelCNN_fvs_v2_all_geo_film_No_Noise_90k_RMSELoss_20260824_110515,ModelCNN_fvs_v2_all_geo_film_No_Noise_90k_RMSELoss,RMSELoss,2026-08-24 11:05:15,163/200,2026-08-24 21:17:23,0.006594,0.064320,False,0.00000039,217.49,27675445,8,42
ModelCNN_fvs_v2_all_geo_film_No_Noise_90k_RMSELoss_20260824_110515,ModelCNN_fvs_v2_all_geo_film_No_Noise_90k_RMSELoss,RMSELoss,2026-08-24 11:05:15,164/200,2026-08-24 21:21:08,0.006591,0.064311,False,0.00000039,224.94,27675445,8,42
ModelCNN_fvs_v2_all_geo_film_No_Noise_90k_RMSELoss_20260824_110515,ModelCNN_fvs_v2_all_geo_film_No_Noise_90k_RMSELoss,RMSELoss,2026-08-24 11:05:15,165/200,2026-08-24 21:24:53,0.006575,0.064335,False,0.00000039,224.94,27675445,8,42
ModelCNN_fvs_v2_all_geo_film_No_Noise_90k_RMSELoss_20260824_110515,ModelCNN_fvs_v2_all_geo_film_No_Noise_90k_RMSELoss,RMSELoss,2026-08-24 11:05:15,166/200,2026-08-24 21:28:41,0.006587,0.064363,False,0.00000039,227.34,27675445,8,42
ModelCNN_fvs_v2_all_geo_film_No_Noise_90k_RMSELoss_20260824_110515,ModelCNN_fvs_v2_all_geo_film_No_Noise_90k_RMSELoss,RMSELoss,2026-08-24 11:05:15,167/200,2026-08-24 21:32:30,0.006572,0.064356,False,0.00000039,229.05,27675445,8,42
ModelCNN_fvs_v2_all_geo_film_No_Noise_90k_RMSELoss_20260824_110515,ModelCNN_fvs_v2_all_geo_film_No_Noise_90k_RMSELoss,RMSELoss,2026-08-24 11:05:15,168/200,2026-08-24 21:36:15,0.006566,0.064399,False,0.00000039,225.55,27675445,8,42
ModelCNN_fvs_v2_all_geo_film_No_Noise_90k_RMSELoss_20260824_110515,ModelCNN_fvs_v2_all_geo_film_No_Noise_90k_RMSELoss,RMSELoss,2026-08-24 11:05:15,169/200,2026-08-24 21:39:55,0.006583,0.064346,False,0.00000039,220.19,27675445,8,42
ModelCNN_fvs_v2_all_geo_film_No_Noise_90k_RMSELoss_20260824_110515,ModelCNN_fvs_v2_all_geo_film_No_Noise_90k_RMSELoss,RMSELoss,2026-08-24 11:05:15,170/200,2026-08-24 21:43:32,0.006562,0.064375,False,0.00000039,216.32,27675445,8,42
ModelCNN_fvs_v2_all_geo_film_No_Noise_90k_RMSELoss_20260824_110515,ModelCNN_fvs_v2_all_geo_film_No_Noise_90k_RMSELoss,RMSELoss,2026-08-24 11:05:15,171/200,2026-08-24 21:47:12,0.006554,0.064348,False,0.00000039,219.86,27675445,8,42
ModelCNN_fvs_v2_all_geo_film_No_Noise_90k_RMSELoss_20260824_110515,ModelCNN_fvs_v2_all_geo_film_No_Noise_90k_RMSELoss,RMSELoss,2026-08-24 11:05:15,172/200,2026-08-24 21:50:50,0.006572,0.064395,False,0.00000039,218.65,27675445,8,42
ModelCNN_fvs_v2_all_geo_film_No_Noise_90k_RMSELoss_20260824_110515,ModelCNN_fvs_v2_all_geo_film_No_Noise_90k_RMSELoss,RMSELoss,2026-08-24 11:05:15,173/200,2026-08-24 21:54:27,0.006550,0.064373,False,0.00000039,216.47,27675445,8,42
ModelCNN_fvs_v2_all_geo_film_No_Noise_90k_RMSELoss_20260824_110515,ModelCNN_fvs_v2_all_geo_film_No_Noise_90k_RMSELoss,RMSELoss,2026-08-24 11:05:15,174/200,2026-08-24 21:58:04,0.006554,0.064346,False,0.00000039,216.92,27675445,8,42
ModelCNN_fvs_v2_all_geo_film_No_Noise_90k_RMSELoss_20260824_110515,ModelCNN_fvs_v2_all_geo_film_No_Noise_90k_RMSELoss,RMSELoss,2026-08-24 11:05:15,175/200,2026-08-24 22:01:41,0.006541,0.064318,False,0.00000039,216.77,27675445,8,42
ModelCNN_fvs_v2_all_geo_film_No_Noise_90k_RMSELoss_20260824_110515,ModelCNN_fvs_v2_all_geo_film_No_Noise_90k_RMSELoss,RMSELoss,2026-08-24 11:05:15,176/200,2026-08-24 22:05:18,0.006546,0.064359,False,0.00000039,217.22,27675445,8,42
ModelCNN_fvs_v2_all_geo_film_No_Noise_90k_RMSELoss_20260824_110515,ModelCNN_fvs_v2_all_geo_film_No_Noise_90k_RMSELoss,RMSELoss,2026-08-24 11:05:15,177/200,2026-08-24 22:08:54,0.006542,0.064298,False,0.00000039,216.54,27675445,8,42
ModelCNN_fvs_v2_all_geo_film_No_Noise_90k_RMSELoss_20260824_110515,ModelCNN_fvs_v2_all_geo_film_No_Noise_90k_RMSELoss,RMSELoss,2026-08-24 11:05:15,178/200,2026-08-24 22:12:29,0.006541,0.064353,False,0.00000039,214.43,27675445,8,42
ModelCNN_fvs_v2_all_geo_film_No_Noise_90k_RMSELoss_20260824_110515,ModelCNN_fvs_v2_all_geo_film_No_Noise_90k_RMSELoss,RMSELoss,2026-08-24 11:05:15,179/200,2026-08-24 22:16:05,0.006526,0.064374,False,0.00000039,216.16,27675445,8,42
ModelCNN_fvs_v2_all_geo_film_No_Noise_90k_RMSELoss_20260824_110515,ModelCNN_fvs_v2_all_geo_film_No_Noise_90k_RMSELoss,RMSELoss,2026-08-24 11:05:15,180/200,2026-08-24 22:19:44,0.006554,0.064360,False,0.00000020,219.12,27675445,8,42
ModelCNN_fvs_v2_all_geo_film_No_Noise_90k_RMSELoss_20260824_110515,ModelCNN_fvs_v2_all_geo_film_No_Noise_90k_RMSELoss,RMSELoss,2026-08-24 11:05:15,181/200,2026-08-24 22:23:27,0.006534,0.064371,False,0.00000020,222.92,27675445,8,42
ModelCNN_fvs_v2_all_geo_film_No_Noise_90k_RMSELoss_20260824_110515,ModelCNN_fvs_v2_all_geo_film_No_Noise_90k_RMSELoss,RMSELoss,2026-08-24 11:05:15,182/200,2026-08-24 22:27:11,0.006527,0.064368,False,0.00000020,223.75,27675445,8,42
ModelCNN_fvs_v2_all_geo_film_No_Noise_90k_RMSELoss_20260824_110515,ModelCNN_fvs_v2_all_geo_film_No_Noise_90k_RMSELoss,RMSELoss,2026-08-24 11:05:15,183/200,2026-08-24 22:30:58,0.006526,0.064356,False,0.00000020,226.88,27675445,8,42
ModelCNN_fvs_v2_all_geo_film_No_Noise_90k_RMSELoss_20260824_110515,ModelCNN_fvs_v2_all_geo_film_No_Noise_90k_RMSELoss,RMSELoss,2026-08-24 11:05:15,184/200,2026-08-24 22:34:45,0.006525,0.064323,False,0.00000020,227.43,27675445,8,42
