run_id,model_name,criterion,run_started_at,epoch,epoch_timestamp,train_loss,val_loss,is_best,learning_rate,epoch_duration_sec,num_params,batch_size,seed
ModelCNN_fvs_std0.05_90k_RMSELoss_20260730_175142,ModelCNN_fvs_std0.05_90k_RMSELoss,RMSELoss,2026-07-30 17:51:42,1/200,2026-07-30 17:55:49,0.112153,0.103067,True,0.00010000,245.28,58260749,8,42
ModelCNN_fvs_std0.05_90k_RMSELoss_20260730_175142,ModelCNN_fvs_std0.05_90k_RMSELoss,RMSELoss,2026-07-30 17:51:42,2/200,2026-07-30 18:00:12,0.097492,0.093774,True,0.00010000,253.57,58260749,8,42
ModelCNN_fvs_std0.05_90k_RMSELoss_20260730_175142,ModelCNN_fvs_std0.05_90k_RMSELoss,RMSELoss,2026-07-30 17:51:42,3/200,2026-07-30 18:04:38,0.091346,0.094055,False,0.00010000,256.05,58260749,8,42
ModelCNN_fvs_std0.05_90k_RMSELoss_20260730_175142,ModelCNN_fvs_std0.05_90k_RMSELoss,RMSELoss,2026-07-30 17:51:42,4/200,2026-07-30 18:08:53,0.086891,0.087363,True,0.00010000,254.58,58260749,8,42
ModelCNN_fvs_std0.05_90k_RMSELoss_20260730_175142,ModelCNN_fvs_std0.05_90k_RMSELoss,RMSELoss,2026-07-30 17:51:42,5/200,2026-07-30 18:13:18,0.083899,0.086150,True,0.00010000,255.17,58260749,8,42
ModelCNN_fvs_std0.05_90k_RMSELoss_20260730_175142,ModelCNN_fvs_std0.05_90k_RMSELoss,RMSELoss,2026-07-30 17:51:42,6/200,2026-07-30 18:17:43,0.080919,0.083569,True,0.00010000,254.96,58260749,8,42
ModelCNN_fvs_std0.05_90k_RMSELoss_20260730_175142,ModelCNN_fvs_std0.05_90k_RMSELoss,RMSELoss,2026-07-30 17:51:42,7/200,2026-07-30 18:22:09,0.078430,0.081379,True,0.00010000,256.62,58260749,8,42
ModelCNN_fvs_std0.05_90k_RMSELoss_20260730_175142,ModelCNN_fvs_std0.05_90k_RMSELoss,RMSELoss,2026-07-30 17:51:42,8/200,2026-07-30 18:26:34,0.076383,0.080548,True,0.00010000,255.43,58260749,8,42
ModelCNN_fvs_std0.05_90k_RMSELoss_20260730_175142,ModelCNN_fvs_std0.05_90k_RMSELoss,RMSELoss,2026-07-30 17:51:42,9/200,2026-07-30 18:31:01,0.074172,0.080740,False,0.00010000,257.15,58260749,8,42
ModelCNN_fvs_std0.05_90k_RMSELoss_20260730_175142,ModelCNN_fvs_std0.05_90k_RMSELoss,RMSELoss,2026-07-30 17:51:42,10/200,2026-07-30 18:35:11,0.072238,0.079614,True,0.00010000,249.45,58260749,8,42
ModelCNN_fvs_std0.05_90k_RMSELoss_20260730_175142,ModelCNN_fvs_std0.05_90k_RMSELoss,RMSELoss,2026-07-30 17:51:42,11/200,2026-07-30 18:39:30,0.070172,0.076764,True,0.00010000,249.64,58260749,8,42
ModelCNN_fvs_std0.05_90k_RMSELoss_20260730_175142,ModelCNN_fvs_std0.05_90k_RMSELoss,RMSELoss,2026-07-30 17:51:42,12/200,2026-07-30 18:43:49,0.068466,0.077789,False,0.00010000,248.91,58260749,8,42
ModelCNN_fvs_std0.05_90k_RMSELoss_20260730_175142,ModelCNN_fvs_std0.05_90k_RMSELoss,RMSELoss,2026-07-30 17:51:42,13/200,2026-07-30 18:47:58,0.066637,0.076206,True,0.00010000,248.71,58260749,8,42
ModelCNN_fvs_std0.05_90k_RMSELoss_20260730_175142,ModelCNN_fvs_std0.05_90k_RMSELoss,RMSELoss,2026-07-30 17:51:42,14/200,2026-07-30 18:52:18,0.065517,0.075395,True,0.00010000,250.24,58260749,8,42
ModelCNN_fvs_std0.05_90k_RMSELoss_20260730_175142,ModelCNN_fvs_std0.05_90k_RMSELoss,RMSELoss,2026-07-30 17:51:42,15/200,2026-07-30 18:56:36,0.063878,0.076984,False,0.00010000,248.79,58260749,8,42
ModelCNN_fvs_std0.05_90k_RMSELoss_20260730_175142,ModelCNN_fvs_std0.05_90k_RMSELoss,RMSELoss,2026-07-30 17:51:42,16/200,2026-07-30 19:00:46,0.062364,0.075052,True,0.00010000,249.75,58260749,8,42
ModelCNN_fvs_std0.05_90k_RMSELoss_20260730_175142,ModelCNN_fvs_std0.05_90k_RMSELoss,RMSELoss,2026-07-30 17:51:42,17/200,2026-07-30 19:05:06,0.061239,0.075488,False,0.00010000,250.10,58260749,8,42
ModelCNN_fvs_std0.05_90k_RMSELoss_20260730_175142,ModelCNN_fvs_std0.05_90k_RMSELoss,RMSELoss,2026-07-30 17:51:42,18/200,2026-07-30 19:09:15,0.059794,0.074306,True,0.00010000,248.71,58260749,8,42
ModelCNN_fvs_std0.05_90k_RMSELoss_20260730_175142,ModelCNN_fvs_std0.05_90k_RMSELoss,RMSELoss,2026-07-30 17:51:42,19/200,2026-07-30 19:13:39,0.058741,0.074761,False,0.00010000,254.87,58260749,8,42
ModelCNN_fvs_std0.05_90k_RMSELoss_20260730_175142,ModelCNN_fvs_std0.05_90k_RMSELoss,RMSELoss,2026-07-30 17:51:42,20/200,2026-07-30 19:17:48,0.057654,0.073377,True,0.00005000,249.00,58260749,8,42
ModelCNN_fvs_std0.05_90k_RMSELoss_20260730_175142,ModelCNN_fvs_std0.05_90k_RMSELoss,RMSELoss,2026-07-30 17:51:42,21/200,2026-07-30 19:22:09,0.051988,0.071188,True,0.00005000,250.51,58260749,8,42
ModelCNN_fvs_std0.05_90k_RMSELoss_20260730_175142,ModelCNN_fvs_std0.05_90k_RMSELoss,RMSELoss,2026-07-30 17:51:42,22/200,2026-07-30 19:26:27,0.049370,0.070839,True,0.00005000,248.41,58260749,8,42
ModelCNN_fvs_std0.05_90k_RMSELoss_20260730_175142,ModelCNN_fvs_std0.05_90k_RMSELoss,RMSELoss,2026-07-30 17:51:42,23/200,2026-07-30 19:30:47,0.047938,0.070313,True,0.00005000,249.97,58260749,8,42
ModelCNN_fvs_std0.05_90k_RMSELoss_20260730_175142,ModelCNN_fvs_std0.05_90k_RMSELoss,RMSELoss,2026-07-30 17:51:42,24/200,2026-07-30 19:35:06,0.046687,0.071406,False,0.00005000,249.50,58260749,8,42
ModelCNN_fvs_std0.05_90k_RMSELoss_20260730_175142,ModelCNN_fvs_std0.05_90k_RMSELoss,RMSELoss,2026-07-30 17:51:42,25/200,2026-07-30 19:39:14,0.045794,0.071163,False,0.00005000,248.33,58260749,8,42
ModelCNN_fvs_std0.05_90k_RMSELoss_20260730_175142,ModelCNN_fvs_std0.05_90k_RMSELoss,RMSELoss,2026-07-30 17:51:42,26/200,2026-07-30 19:43:24,0.044792,0.071537,False,0.00005000,249.05,58260749,8,42
ModelCNN_fvs_std0.05_90k_RMSELoss_20260730_175142,ModelCNN_fvs_std0.05_90k_RMSELoss,RMSELoss,2026-07-30 17:51:42,27/200,2026-07-30 19:47:32,0.043958,0.070612,False,0.00005000,248.48,58260749,8,42
ModelCNN_fvs_std0.05_90k_RMSELoss_20260730_175142,ModelCNN_fvs_std0.05_90k_RMSELoss,RMSELoss,2026-07-30 17:51:42,28/200,2026-07-30 19:51:41,0.043153,0.070981,False,0.00005000,249.14,58260749,8,42
ModelCNN_fvs_std0.05_90k_RMSELoss_20260730_175142,ModelCNN_fvs_std0.05_90k_RMSELoss,RMSELoss,2026-07-30 17:51:42,29/200,2026-07-30 19:55:51,0.042412,0.070710,False,0.00005000,250.02,58260749,8,42
ModelCNN_fvs_std0.05_90k_RMSELoss_20260730_175142,ModelCNN_fvs_std0.05_90k_RMSELoss,RMSELoss,2026-07-30 17:51:42,30/200,2026-07-30 20:00:02,0.041778,0.070200,True,0.00005000,250.40,58260749,8,42
ModelCNN_fvs_std0.05_90k_RMSELoss_20260730_175142,ModelCNN_fvs_std0.05_90k_RMSELoss,RMSELoss,2026-07-30 17:51:42,31/200,2026-07-30 20:04:22,0.040907,0.070829,False,0.00005000,250.34,58260749,8,42
ModelCNN_fvs_std0.05_90k_RMSELoss_20260730_175142,ModelCNN_fvs_std0.05_90k_RMSELoss,RMSELoss,2026-07-30 17:51:42,32/200,2026-07-30 20:08:32,0.040305,0.070556,False,0.00005000,249.78,58260749,8,42
ModelCNN_fvs_std0.05_90k_RMSELoss_20260730_175142,ModelCNN_fvs_std0.05_90k_RMSELoss,RMSELoss,2026-07-30 17:51:42,33/200,2026-07-30 20:12:42,0.039725,0.071015,False,0.00005000,250.19,58260749,8,42
ModelCNN_fvs_std0.05_90k_RMSELoss_20260730_175142,ModelCNN_fvs_std0.05_90k_RMSELoss,RMSELoss,2026-07-30 17:51:42,34/200,2026-07-30 20:16:51,0.039024,0.070725,False,0.00005000,249.19,58260749,8,42
ModelCNN_fvs_std0.05_90k_RMSELoss_20260730_175142,ModelCNN_fvs_std0.05_90k_RMSELoss,RMSELoss,2026-07-30 17:51:42,35/200,2026-07-30 20:21:03,0.038518,0.070476,False,0.00005000,252.44,58260749,8,42
ModelCNN_fvs_std0.05_90k_RMSELoss_20260730_175142,ModelCNN_fvs_std0.05_90k_RMSELoss,RMSELoss,2026-07-30 17:51:42,36/200,2026-07-30 20:25:12,0.037908,0.070874,False,0.00005000,248.85,58260749,8,42
ModelCNN_fvs_std0.05_90k_RMSELoss_20260730_175142,ModelCNN_fvs_std0.05_90k_RMSELoss,RMSELoss,2026-07-30 17:51:42,37/200,2026-07-30 20:29:22,0.037407,0.070756,False,0.00005000,249.51,58260749,8,42
ModelCNN_fvs_std0.05_90k_RMSELoss_20260730_175142,ModelCNN_fvs_std0.05_90k_RMSELoss,RMSELoss,2026-07-30 17:51:42,38/200,2026-07-30 20:33:32,0.036907,0.070184,True,0.00005000,250.06,58260749,8,42
ModelCNN_fvs_std0.05_90k_RMSELoss_20260730_175142,ModelCNN_fvs_std0.05_90k_RMSELoss,RMSELoss,2026-07-30 17:51:42,39/200,2026-07-30 20:37:51,0.036302,0.070403,False,0.00005000,249.89,58260749,8,42
ModelCNN_fvs_std0.05_90k_RMSELoss_20260730_175142,ModelCNN_fvs_std0.05_90k_RMSELoss,RMSELoss,2026-07-30 17:51:42,40/200,2026-07-30 20:42:02,0.035871,0.069940,True,0.00002500,250.80,58260749,8,42
ModelCNN_fvs_std0.05_90k_RMSELoss_20260730_175142,ModelCNN_fvs_std0.05_90k_RMSELoss,RMSELoss,2026-07-30 17:51:42,41/200,2026-07-30 20:46:21,0.032929,0.069158,True,0.00002500,248.96,58260749,8,42
ModelCNN_fvs_std0.05_90k_RMSELoss_20260730_175142,ModelCNN_fvs_std0.05_90k_RMSELoss,RMSELoss,2026-07-30 17:51:42,42/200,2026-07-30 20:50:40,0.031210,0.069170,False,0.00002500,248.81,58260749,8,42
ModelCNN_fvs_std0.05_90k_RMSELoss_20260730_175142,ModelCNN_fvs_std0.05_90k_RMSELoss,RMSELoss,2026-07-30 17:51:42,43/200,2026-07-30 20:54:49,0.030519,0.069425,False,0.00002500,249.02,58260749,8,42
ModelCNN_fvs_std0.05_90k_RMSELoss_20260730_175142,ModelCNN_fvs_std0.05_90k_RMSELoss,RMSELoss,2026-07-30 17:51:42,44/200,2026-07-30 20:58:57,0.029940,0.069476,False,0.00002500,248.19,58260749,8,42
ModelCNN_fvs_std0.05_90k_RMSELoss_20260730_175142,ModelCNN_fvs_std0.05_90k_RMSELoss,RMSELoss,2026-07-30 17:51:42,45/200,2026-07-30 21:03:07,0.029494,0.069404,False,0.00002500,249.69,58260749,8,42
ModelCNN_fvs_std0.05_90k_RMSELoss_20260730_175142,ModelCNN_fvs_std0.05_90k_RMSELoss,RMSELoss,2026-07-30 17:51:42,46/200,2026-07-30 21:07:17,0.029132,0.069111,True,0.00002500,250.09,58260749,8,42
ModelCNN_fvs_std0.05_90k_RMSELoss_20260730_175142,ModelCNN_fvs_std0.05_90k_RMSELoss,RMSELoss,2026-07-30 17:51:42,47/200,2026-07-30 21:11:35,0.028752,0.069193,False,0.00002500,248.82,58260749,8,42
ModelCNN_fvs_std0.05_90k_RMSELoss_20260730_175142,ModelCNN_fvs_std0.05_90k_RMSELoss,RMSELoss,2026-07-30 17:51:42,48/200,2026-07-30 21:15:44,0.028346,0.069035,True,0.00002500,248.45,58260749,8,42
ModelCNN_fvs_std0.05_90k_RMSELoss_20260730_175142,ModelCNN_fvs_std0.05_90k_RMSELoss,RMSELoss,2026-07-30 17:51:42,49/200,2026-07-30 21:20:04,0.028007,0.069421,False,0.00002500,250.37,58260749,8,42
ModelCNN_fvs_std0.05_90k_RMSELoss_20260730_175142,ModelCNN_fvs_std0.05_90k_RMSELoss,RMSELoss,2026-07-30 17:51:42,50/200,2026-07-30 21:24:14,0.027690,0.069540,False,0.00002500,249.66,58260749,8,42
ModelCNN_fvs_std0.05_90k_RMSELoss_20260730_175142,ModelCNN_fvs_std0.05_90k_RMSELoss,RMSELoss,2026-07-30 17:51:42,51/200,2026-07-30 21:28:22,0.027370,0.069576,False,0.00002500,247.92,58260749,8,42
ModelCNN_fvs_std0.05_90k_RMSELoss_20260730_175142,ModelCNN_fvs_std0.05_90k_RMSELoss,RMSELoss,2026-07-30 17:51:42,52/200,2026-07-30 21:32:31,0.027119,0.069490,False,0.00002500,249.72,58260749,8,42
ModelCNN_fvs_std0.05_90k_RMSELoss_20260730_175142,ModelCNN_fvs_std0.05_90k_RMSELoss,RMSELoss,2026-07-30 17:51:42,53/200,2026-07-30 21:36:41,0.026779,0.069167,False,0.00002500,249.72,58260749,8,42
ModelCNN_fvs_std0.05_90k_RMSELoss_20260730_175142,ModelCNN_fvs_std0.05_90k_RMSELoss,RMSELoss,2026-07-30 17:51:42,54/200,2026-07-30 21:40:51,0.026602,0.069217,False,0.00002500,250.43,58260749,8,42
ModelCNN_fvs_std0.05_90k_RMSELoss_20260730_175142,ModelCNN_fvs_std0.05_90k_RMSELoss,RMSELoss,2026-07-30 17:51:42,55/200,2026-07-30 21:45:00,0.026365,0.069112,False,0.00002500,248.61,58260749,8,42
ModelCNN_fvs_std0.05_90k_RMSELoss_20260730_175142,ModelCNN_fvs_std0.05_90k_RMSELoss,RMSELoss,2026-07-30 17:51:42,56/200,2026-07-30 21:49:10,0.026041,0.069248,False,0.00002500,249.98,58260749,8,42
ModelCNN_fvs_std0.05_90k_RMSELoss_20260730_175142,ModelCNN_fvs_std0.05_90k_RMSELoss,RMSELoss,2026-07-30 17:51:42,57/200,2026-07-30 21:53:21,0.025819,0.068929,True,0.00002500,250.60,58260749,8,42
ModelCNN_fvs_std0.05_90k_RMSELoss_20260730_175142,ModelCNN_fvs_std0.05_90k_RMSELoss,RMSELoss,2026-07-30 17:51:42,58/200,2026-07-30 21:57:40,0.025534,0.069131,False,0.00002500,249.58,58260749,8,42
ModelCNN_fvs_std0.05_90k_RMSELoss_20260730_175142,ModelCNN_fvs_std0.05_90k_RMSELoss,RMSELoss,2026-07-30 17:51:42,59/200,2026-07-30 22:01:50,0.025327,0.069039,False,0.00002500,249.57,58260749,8,42
ModelCNN_fvs_std0.05_90k_RMSELoss_20260730_175142,ModelCNN_fvs_std0.05_90k_RMSELoss,RMSELoss,2026-07-30 17:51:42,60/200,2026-07-30 22:05:59,0.025077,0.069537,False,0.00001250,249.63,58260749,8,42
ModelCNN_fvs_std0.05_90k_RMSELoss_20260730_175142,ModelCNN_fvs_std0.05_90k_RMSELoss,RMSELoss,2026-07-30 17:51:42,61/200,2026-07-30 22:10:09,0.023606,0.069180,False,0.00001250,249.85,58260749,8,42
ModelCNN_fvs_std0.05_90k_RMSELoss_20260730_175142,ModelCNN_fvs_std0.05_90k_RMSELoss,RMSELoss,2026-07-30 17:51:42,62/200,2026-07-30 22:14:19,0.022986,0.068927,True,0.00001250,250.06,58260749,8,42
ModelCNN_fvs_std0.05_90k_RMSELoss_20260730_175142,ModelCNN_fvs_std0.05_90k_RMSELoss,RMSELoss,2026-07-30 17:51:42,63/200,2026-07-30 22:18:42,0.022579,0.069122,False,0.00001250,252.83,58260749,8,42
ModelCNN_fvs_std0.05_90k_RMSELoss_20260730_175142,ModelCNN_fvs_std0.05_90k_RMSELoss,RMSELoss,2026-07-30 17:51:42,64/200,2026-07-30 22:22:41,0.022355,0.069212,False,0.00001250,239.46,58260749,8,42
ModelCNN_fvs_std0.05_90k_RMSELoss_20260730_175142,ModelCNN_fvs_std0.05_90k_RMSELoss,RMSELoss,2026-07-30 17:51:42,65/200,2026-07-30 22:26:39,0.022132,0.069048,False,0.00001250,237.84,58260749,8,42
ModelCNN_fvs_std0.05_90k_RMSELoss_20260730_175142,ModelCNN_fvs_std0.05_90k_RMSELoss,RMSELoss,2026-07-30 17:51:42,66/200,2026-07-30 22:30:47,0.022006,0.068956,False,0.00001250,247.42,58260749,8,42
ModelCNN_fvs_std0.05_90k_RMSELoss_20260730_175142,ModelCNN_fvs_std0.05_90k_RMSELoss,RMSELoss,2026-07-30 17:51:42,67/200,2026-07-30 22:34:57,0.021914,0.069429,False,0.00001250,249.99,58260749,8,42
ModelCNN_fvs_std0.05_90k_RMSELoss_20260730_175142,ModelCNN_fvs_std0.05_90k_RMSELoss,RMSELoss,2026-07-30 17:51:42,68/200,2026-07-30 22:39:04,0.021623,0.068967,False,0.00001250,247.44,58260749,8,42
ModelCNN_fvs_std0.05_90k_RMSELoss_20260730_175142,ModelCNN_fvs_std0.05_90k_RMSELoss,RMSELoss,2026-07-30 17:51:42,69/200,2026-07-30 22:43:12,0.021439,0.068883,True,0.00001250,248.51,58260749,8,42
ModelCNN_fvs_std0.05_90k_RMSELoss_20260730_175142,ModelCNN_fvs_std0.05_90k_RMSELoss,RMSELoss,2026-07-30 17:51:42,70/200,2026-07-30 22:47:30,0.021317,0.068753,True,0.00001250,247.71,58260749,8,42
ModelCNN_fvs_std0.05_90k_RMSELoss_20260730_175142,ModelCNN_fvs_std0.05_90k_RMSELoss,RMSELoss,2026-07-30 17:51:42,71/200,2026-07-30 22:51:57,0.021139,0.068889,False,0.00001250,256.51,58260749,8,42
ModelCNN_fvs_std0.05_90k_RMSELoss_20260730_175142,ModelCNN_fvs_std0.05_90k_RMSELoss,RMSELoss,2026-07-30 17:51:42,72/200,2026-07-30 22:56:13,0.021050,0.069060,False,0.00001250,255.75,58260749,8,42
ModelCNN_fvs_std0.05_90k_RMSELoss_20260730_175142,ModelCNN_fvs_std0.05_90k_RMSELoss,RMSELoss,2026-07-30 17:51:42,73/200,2026-07-30 23:00:31,0.020953,0.069282,False,0.00001250,258.92,58260749,8,42
ModelCNN_fvs_std0.05_90k_RMSELoss_20260730_175142,ModelCNN_fvs_std0.05_90k_RMSELoss,RMSELoss,2026-07-30 17:51:42,74/200,2026-07-30 23:04:50,0.020721,0.069252,False,0.00001250,258.11,58260749,8,42
ModelCNN_fvs_std0.05_90k_RMSELoss_20260730_175142,ModelCNN_fvs_std0.05_90k_RMSELoss,RMSELoss,2026-07-30 17:51:42,75/200,2026-07-30 23:09:08,0.020650,0.069065,False,0.00001250,258.04,58260749,8,42
ModelCNN_fvs_std0.05_90k_RMSELoss_20260730_175142,ModelCNN_fvs_std0.05_90k_RMSELoss,RMSELoss,2026-07-30 17:51:42,76/200,2026-07-30 23:13:25,0.020464,0.069228,False,0.00001250,257.52,58260749,8,42
ModelCNN_fvs_std0.05_90k_RMSELoss_20260730_175142,ModelCNN_fvs_std0.05_90k_RMSELoss,RMSELoss,2026-07-30 17:51:42,77/200,2026-07-30 23:17:42,0.020332,0.069002,False,0.00001250,257.14,58260749,8,42
ModelCNN_fvs_std0.05_90k_RMSELoss_20260730_175142,ModelCNN_fvs_std0.05_90k_RMSELoss,RMSELoss,2026-07-30 17:51:42,78/200,2026-07-30 23:21:58,0.020280,0.069192,False,0.00001250,255.59,58260749,8,42
ModelCNN_fvs_std0.05_90k_RMSELoss_20260730_175142,ModelCNN_fvs_std0.05_90k_RMSELoss,RMSELoss,2026-07-30 17:51:42,79/200,2026-07-30 23:26:13,0.020147,0.068949,False,0.00001250,254.82,58260749,8,42
ModelCNN_fvs_std0.05_90k_RMSELoss_20260730_175142,ModelCNN_fvs_std0.05_90k_RMSELoss,RMSELoss,2026-07-30 17:51:42,80/200,2026-07-30 23:30:29,0.020037,0.068958,False,0.00000625,256.03,58260749,8,42
ModelCNN_fvs_std0.05_90k_RMSELoss_20260730_175142,ModelCNN_fvs_std0.05_90k_RMSELoss,RMSELoss,2026-07-30 17:51:42,81/200,2026-07-30 23:34:45,0.019353,0.069060,False,0.00000625,255.89,58260749,8,42
ModelCNN_fvs_std0.05_90k_RMSELoss_20260730_175142,ModelCNN_fvs_std0.05_90k_RMSELoss,RMSELoss,2026-07-30 17:51:42,82/200,2026-07-30 23:39:05,0.019026,0.069118,False,0.00000625,260.18,58260749,8,42
ModelCNN_fvs_std0.05_90k_RMSELoss_20260730_175142,ModelCNN_fvs_std0.05_90k_RMSELoss,RMSELoss,2026-07-30 17:51:42,83/200,2026-07-30 23:43:21,0.018874,0.069075,False,0.00000625,256.63,58260749,8,42
ModelCNN_fvs_std0.05_90k_RMSELoss_20260730_175142,ModelCNN_fvs_std0.05_90k_RMSELoss,RMSELoss,2026-07-30 17:51:42,84/200,2026-07-30 23:47:37,0.018779,0.068951,False,0.00000625,255.96,58260749,8,42
ModelCNN_fvs_std0.05_90k_RMSELoss_20260730_175142,ModelCNN_fvs_std0.05_90k_RMSELoss,RMSELoss,2026-07-30 17:51:42,85/200,2026-07-30 23:51:52,0.018723,0.068980,False,0.00000625,255.03,58260749,8,42
ModelCNN_fvs_std0.05_90k_RMSELoss_20260730_175142,ModelCNN_fvs_std0.05_90k_RMSELoss,RMSELoss,2026-07-30 17:51:42,86/200,2026-07-30 23:56:10,0.018510,0.069043,False,0.00000625,257.36,58260749,8,42
ModelCNN_fvs_std0.05_90k_RMSELoss_20260730_175142,ModelCNN_fvs_std0.05_90k_RMSELoss,RMSELoss,2026-07-30 17:51:42,87/200,2026-07-31 00:00:24,0.018463,0.069080,False,0.00000625,254.50,58260749,8,42
ModelCNN_fvs_std0.05_90k_RMSELoss_20260730_175142,ModelCNN_fvs_std0.05_90k_RMSELoss,RMSELoss,2026-07-30 17:51:42,88/200,2026-07-31 00:04:43,0.018335,0.068947,False,0.00000625,258.34,58260749,8,42
ModelCNN_fvs_std0.05_90k_RMSELoss_20260730_175142,ModelCNN_fvs_std0.05_90k_RMSELoss,RMSELoss,2026-07-30 17:51:42,89/200,2026-07-31 00:08:58,0.018328,0.068952,False,0.00000625,255.11,58260749,8,42
ModelCNN_fvs_std0.05_90k_RMSELoss_20260730_175142,ModelCNN_fvs_std0.05_90k_RMSELoss,RMSELoss,2026-07-30 17:51:42,90/200,2026-07-31 00:13:15,0.018195,0.069081,False,0.00000625,257.28,58260749,8,42
ModelCNN_fvs_std0.05_90k_RMSELoss_20260730_175142,ModelCNN_fvs_std0.05_90k_RMSELoss,RMSELoss,2026-07-30 17:51:42,91/200,2026-07-31 00:17:30,0.018196,0.069004,False,0.00000625,255.25,58260749,8,42
ModelCNN_fvs_std0.05_90k_RMSELoss_20260730_175142,ModelCNN_fvs_std0.05_90k_RMSELoss,RMSELoss,2026-07-30 17:51:42,92/200,2026-07-31 00:21:48,0.018113,0.069153,False,0.00000625,257.95,58260749,8,42
ModelCNN_fvs_std0.05_90k_RMSELoss_20260730_175142,ModelCNN_fvs_std0.05_90k_RMSELoss,RMSELoss,2026-07-30 17:51:42,93/200,2026-07-31 00:26:04,0.018047,0.069033,False,0.00000625,255.74,58260749,8,42
ModelCNN_fvs_std0.05_90k_RMSELoss_20260730_175142,ModelCNN_fvs_std0.05_90k_RMSELoss,RMSELoss,2026-07-30 17:51:42,94/200,2026-07-31 00:30:21,0.017969,0.068951,False,0.00000625,256.55,58260749,8,42
ModelCNN_fvs_std0.05_90k_RMSELoss_20260730_175142,ModelCNN_fvs_std0.05_90k_RMSELoss,RMSELoss,2026-07-30 17:51:42,95/200,2026-07-31 00:34:36,0.017925,0.069148,False,0.00000625,255.60,58260749,8,42
ModelCNN_fvs_std0.05_90k_RMSELoss_20260730_175142,ModelCNN_fvs_std0.05_90k_RMSELoss,RMSELoss,2026-07-30 17:51:42,96/200,2026-07-31 00:38:52,0.017833,0.068998,False,0.00000625,255.80,58260749,8,42
ModelCNN_fvs_std0.05_90k_RMSELoss_20260730_175142,ModelCNN_fvs_std0.05_90k_RMSELoss,RMSELoss,2026-07-30 17:51:42,97/200,2026-07-31 00:43:10,0.017788,0.069053,False,0.00000625,258.00,58260749,8,42
ModelCNN_fvs_std0.05_90k_RMSELoss_20260730_175142,ModelCNN_fvs_std0.05_90k_RMSELoss,RMSELoss,2026-07-30 17:51:42,98/200,2026-07-31 00:47:24,0.017712,0.069162,False,0.00000625,254.13,58260749,8,42
ModelCNN_fvs_std0.05_90k_RMSELoss_20260730_175142,ModelCNN_fvs_std0.05_90k_RMSELoss,RMSELoss,2026-07-30 17:51:42,99/200,2026-07-31 00:51:40,0.017676,0.069146,False,0.00000625,256.20,58260749,8,42
ModelCNN_fvs_std0.05_90k_RMSELoss_20260730_175142,ModelCNN_fvs_std0.05_90k_RMSELoss,RMSELoss,2026-07-30 17:51:42,100/200,2026-07-31 00:55:55,0.017628,0.069024,False,0.00000313,254.23,58260749,8,42
ModelCNN_fvs_std0.05_90k_RMSELoss_20260730_175142,ModelCNN_fvs_std0.05_90k_RMSELoss,RMSELoss,2026-07-30 17:51:42,101/200,2026-07-31 01:00:10,0.017246,0.069027,False,0.00000313,255.49,58260749,8,42
ModelCNN_fvs_std0.05_90k_RMSELoss_20260730_175142,ModelCNN_fvs_std0.05_90k_RMSELoss,RMSELoss,2026-07-30 17:51:42,102/200,2026-07-31 01:04:27,0.017143,0.069145,False,0.00000313,256.65,58260749,8,42
ModelCNN_fvs_std0.05_90k_RMSELoss_20260730_175142,ModelCNN_fvs_std0.05_90k_RMSELoss,RMSELoss,2026-07-30 17:51:42,103/200,2026-07-31 01:08:43,0.017112,0.069225,False,0.00000313,256.18,58260749,8,42
ModelCNN_fvs_std0.05_90k_RMSELoss_20260730_175142,ModelCNN_fvs_std0.05_90k_RMSELoss,RMSELoss,2026-07-30 17:51:42,104/200,2026-07-31 01:12:59,0.017030,0.068985,False,0.00000313,255.60,58260749,8,42
ModelCNN_fvs_std0.05_90k_RMSELoss_20260730_175142,ModelCNN_fvs_std0.05_90k_RMSELoss,RMSELoss,2026-07-30 17:51:42,105/200,2026-07-31 01:17:15,0.016942,0.069010,False,0.00000313,256.27,58260749,8,42
ModelCNN_fvs_std0.05_90k_RMSELoss_20260730_175142,ModelCNN_fvs_std0.05_90k_RMSELoss,RMSELoss,2026-07-30 17:51:42,106/200,2026-07-31 01:21:28,0.016891,0.069104,False,0.00000313,253.32,58260749,8,42
ModelCNN_fvs_std0.05_90k_RMSELoss_20260730_175142,ModelCNN_fvs_std0.05_90k_RMSELoss,RMSELoss,2026-07-30 17:51:42,107/200,2026-07-31 01:25:48,0.016880,0.069188,False,0.00000313,259.56,58260749,8,42
ModelCNN_fvs_std0.05_90k_RMSELoss_20260730_175142,ModelCNN_fvs_std0.05_90k_RMSELoss,RMSELoss,2026-07-30 17:51:42,108/200,2026-07-31 01:30:04,0.016790,0.069073,False,0.00000313,256.33,58260749,8,42
ModelCNN_fvs_std0.05_90k_RMSELoss_20260730_175142,ModelCNN_fvs_std0.05_90k_RMSELoss,RMSELoss,2026-07-30 17:51:42,109/200,2026-07-31 01:34:19,0.016756,0.069128,False,0.00000313,255.33,58260749,8,42
ModelCNN_fvs_std0.05_90k_RMSELoss_20260730_175142,ModelCNN_fvs_std0.05_90k_RMSELoss,RMSELoss,2026-07-30 17:51:42,110/200,2026-07-31 01:38:35,0.016787,0.068950,False,0.00000313,255.43,58260749,8,42
ModelCNN_fvs_std0.05_90k_RMSELoss_20260730_175142,ModelCNN_fvs_std0.05_90k_RMSELoss,RMSELoss,2026-07-30 17:51:42,111/200,2026-07-31 01:42:52,0.016706,0.069150,False,0.00000313,256.75,58260749,8,42
ModelCNN_fvs_std0.05_90k_RMSELoss_20260730_175142,ModelCNN_fvs_std0.05_90k_RMSELoss,RMSELoss,2026-07-30 17:51:42,112/200,2026-07-31 01:47:08,0.016704,0.069206,False,0.00000313,256.09,58260749,8,42
ModelCNN_fvs_std0.05_90k_RMSELoss_20260730_175142,ModelCNN_fvs_std0.05_90k_RMSELoss,RMSELoss,2026-07-30 17:51:42,113/200,2026-07-31 01:51:23,0.016611,0.069144,False,0.00000313,255.19,58260749,8,42
ModelCNN_fvs_std0.05_90k_RMSELoss_20260730_175142,ModelCNN_fvs_std0.05_90k_RMSELoss,RMSELoss,2026-07-30 17:51:42,114/200,2026-07-31 01:55:39,0.016624,0.069035,False,0.00000313,256.18,58260749,8,42
ModelCNN_fvs_std0.05_90k_RMSELoss_20260730_175142,ModelCNN_fvs_std0.05_90k_RMSELoss,RMSELoss,2026-07-30 17:51:42,115/200,2026-07-31 01:59:55,0.016540,0.069274,False,0.00000313,255.86,58260749,8,42
Resnet50_fvs_std0.05_90k_RMSELoss_20260731_015955,Resnet50_fvs_std0.05_90k_RMSELoss,RMSELoss,2026-07-31 01:59:55,1/200,2026-07-31 02:04:12,0.110090,0.099948,True,0.00010000,256.17,57284901,8,42
Resnet50_fvs_std0.05_90k_RMSELoss_20260731_015955,Resnet50_fvs_std0.05_90k_RMSELoss,RMSELoss,2026-07-31 01:59:55,2/200,2026-07-31 02:08:37,0.095678,0.091845,True,0.00010000,254.70,57284901,8,42
Resnet50_fvs_std0.05_90k_RMSELoss_20260731_015955,Resnet50_fvs_std0.05_90k_RMSELoss,RMSELoss,2026-07-31 01:59:55,3/200,2026-07-31 02:13:02,0.089559,0.092514,False,0.00010000,255.15,57284901,8,42
Resnet50_fvs_std0.05_90k_RMSELoss_20260731_015955,Resnet50_fvs_std0.05_90k_RMSELoss,RMSELoss,2026-07-31 01:59:55,4/200,2026-07-31 02:17:17,0.085155,0.084719,True,0.00010000,255.00,57284901,8,42
Resnet50_fvs_std0.05_90k_RMSELoss_20260731_015955,Resnet50_fvs_std0.05_90k_RMSELoss,RMSELoss,2026-07-31 01:59:55,5/200,2026-07-31 02:21:43,0.082006,0.083430,True,0.00010000,256.06,57284901,8,42
Resnet50_fvs_std0.05_90k_RMSELoss_20260731_015955,Resnet50_fvs_std0.05_90k_RMSELoss,RMSELoss,2026-07-31 01:59:55,6/200,2026-07-31 02:26:10,0.078919,0.080609,True,0.00010000,257.05,57284901,8,42
Resnet50_fvs_std0.05_90k_RMSELoss_20260731_015955,Resnet50_fvs_std0.05_90k_RMSELoss,RMSELoss,2026-07-31 01:59:55,7/200,2026-07-31 02:30:34,0.076539,0.080506,True,0.00010000,254.16,57284901,8,42
Resnet50_fvs_std0.05_90k_RMSELoss_20260731_015955,Resnet50_fvs_std0.05_90k_RMSELoss,RMSELoss,2026-07-31 01:59:55,8/200,2026-07-31 02:35:01,0.074434,0.079107,True,0.00010000,256.29,57284901,8,42
Resnet50_fvs_std0.05_90k_RMSELoss_20260731_015955,Resnet50_fvs_std0.05_90k_RMSELoss,RMSELoss,2026-07-31 01:59:55,9/200,2026-07-31 02:39:25,0.072089,0.077665,True,0.00010000,254.30,57284901,8,42
Resnet50_fvs_std0.05_90k_RMSELoss_20260731_015955,Resnet50_fvs_std0.05_90k_RMSELoss,RMSELoss,2026-07-31 01:59:55,10/200,2026-07-31 02:43:50,0.070020,0.075190,True,0.00010000,255.45,57284901,8,42
Resnet50_fvs_std0.05_90k_RMSELoss_20260731_015955,Resnet50_fvs_std0.05_90k_RMSELoss,RMSELoss,2026-07-31 01:59:55,11/200,2026-07-31 02:48:15,0.068044,0.075166,True,0.00010000,254.81,57284901,8,42
Resnet50_fvs_std0.05_90k_RMSELoss_20260731_015955,Resnet50_fvs_std0.05_90k_RMSELoss,RMSELoss,2026-07-31 01:59:55,12/200,2026-07-31 02:52:42,0.066191,0.075832,False,0.00010000,256.96,57284901,8,42
Resnet50_fvs_std0.05_90k_RMSELoss_20260731_015955,Resnet50_fvs_std0.05_90k_RMSELoss,RMSELoss,2026-07-31 01:59:55,13/200,2026-07-31 02:56:58,0.064448,0.075509,False,0.00010000,256.19,57284901,8,42
Resnet50_fvs_std0.05_90k_RMSELoss_20260731_015955,Resnet50_fvs_std0.05_90k_RMSELoss,RMSELoss,2026-07-31 01:59:55,14/200,2026-07-31 03:01:15,0.062903,0.072942,True,0.00010000,257.26,57284901,8,42
Resnet50_fvs_std0.05_90k_RMSELoss_20260731_015955,Resnet50_fvs_std0.05_90k_RMSELoss,RMSELoss,2026-07-31 01:59:55,15/200,2026-07-31 03:05:39,0.061214,0.074311,False,0.00010000,253.63,57284901,8,42
Resnet50_fvs_std0.05_90k_RMSELoss_20260731_015955,Resnet50_fvs_std0.05_90k_RMSELoss,RMSELoss,2026-07-31 01:59:55,16/200,2026-07-31 03:09:53,0.059830,0.073889,False,0.00010000,253.93,57284901,8,42
Resnet50_fvs_std0.05_90k_RMSELoss_20260731_015955,Resnet50_fvs_std0.05_90k_RMSELoss,RMSELoss,2026-07-31 01:59:55,17/200,2026-07-31 03:14:08,0.058570,0.076582,False,0.00010000,255.27,57284901,8,42
Resnet50_fvs_std0.05_90k_RMSELoss_20260731_015955,Resnet50_fvs_std0.05_90k_RMSELoss,RMSELoss,2026-07-31 01:59:55,18/200,2026-07-31 03:18:24,0.057032,0.073385,False,0.00010000,255.62,57284901,8,42
Resnet50_fvs_std0.05_90k_RMSELoss_20260731_015955,Resnet50_fvs_std0.05_90k_RMSELoss,RMSELoss,2026-07-31 01:59:55,19/200,2026-07-31 03:22:43,0.055669,0.072155,True,0.00010000,259.35,57284901,8,42
Resnet50_fvs_std0.05_90k_RMSELoss_20260731_015955,Resnet50_fvs_std0.05_90k_RMSELoss,RMSELoss,2026-07-31 01:59:55,20/200,2026-07-31 03:27:08,0.054599,0.071275,True,0.00005000,254.64,57284901,8,42
Resnet50_fvs_std0.05_90k_RMSELoss_20260731_015955,Resnet50_fvs_std0.05_90k_RMSELoss,RMSELoss,2026-07-31 01:59:55,21/200,2026-07-31 03:31:32,0.049028,0.069360,True,0.00005000,254.32,57284901,8,42
Resnet50_fvs_std0.05_90k_RMSELoss_20260731_015955,Resnet50_fvs_std0.05_90k_RMSELoss,RMSELoss,2026-07-31 01:59:55,22/200,2026-07-31 03:35:57,0.046308,0.069171,True,0.00005000,255.32,57284901,8,42
Resnet50_fvs_std0.05_90k_RMSELoss_20260731_015955,Resnet50_fvs_std0.05_90k_RMSELoss,RMSELoss,2026-07-31 01:59:55,23/200,2026-07-31 03:40:21,0.044921,0.069403,False,0.00005000,254.08,57284901,8,42
Resnet50_fvs_std0.05_90k_RMSELoss_20260731_015955,Resnet50_fvs_std0.05_90k_RMSELoss,RMSELoss,2026-07-31 01:59:55,24/200,2026-07-31 03:44:36,0.043638,0.068835,True,0.00005000,254.36,57284901,8,42
Resnet50_fvs_std0.05_90k_RMSELoss_20260731_015955,Resnet50_fvs_std0.05_90k_RMSELoss,RMSELoss,2026-07-31 01:59:55,25/200,2026-07-31 03:49:00,0.042689,0.068961,False,0.00005000,254.48,57284901,8,42
Resnet50_fvs_std0.05_90k_RMSELoss_20260731_015955,Resnet50_fvs_std0.05_90k_RMSELoss,RMSELoss,2026-07-31 01:59:55,26/200,2026-07-31 03:53:16,0.041694,0.069217,False,0.00005000,255.88,57284901,8,42
Resnet50_fvs_std0.05_90k_RMSELoss_20260731_015955,Resnet50_fvs_std0.05_90k_RMSELoss,RMSELoss,2026-07-31 01:59:55,27/200,2026-07-31 03:57:32,0.040808,0.069610,False,0.00005000,255.37,57284901,8,42
Resnet50_fvs_std0.05_90k_RMSELoss_20260731_015955,Resnet50_fvs_std0.05_90k_RMSELoss,RMSELoss,2026-07-31 01:59:55,28/200,2026-07-31 04:01:50,0.039975,0.069505,False,0.00005000,258.76,57284901,8,42
Resnet50_fvs_std0.05_90k_RMSELoss_20260731_015955,Resnet50_fvs_std0.05_90k_RMSELoss,RMSELoss,2026-07-31 01:59:55,29/200,2026-07-31 04:06:06,0.039158,0.068486,True,0.00005000,255.34,57284901,8,42
Resnet50_fvs_std0.05_90k_RMSELoss_20260731_015955,Resnet50_fvs_std0.05_90k_RMSELoss,RMSELoss,2026-07-31 01:59:55,30/200,2026-07-31 04:10:30,0.038513,0.068898,False,0.00005000,253.88,57284901,8,42
Resnet50_fvs_std0.05_90k_RMSELoss_20260731_015955,Resnet50_fvs_std0.05_90k_RMSELoss,RMSELoss,2026-07-31 01:59:55,31/200,2026-07-31 04:14:45,0.037740,0.068632,False,0.00005000,255.71,57284901,8,42
Resnet50_fvs_std0.05_90k_RMSELoss_20260731_015955,Resnet50_fvs_std0.05_90k_RMSELoss,RMSELoss,2026-07-31 01:59:55,32/200,2026-07-31 04:19:01,0.037115,0.068478,True,0.00005000,255.77,57284901,8,42
Resnet50_fvs_std0.05_90k_RMSELoss_20260731_015955,Resnet50_fvs_std0.05_90k_RMSELoss,RMSELoss,2026-07-31 01:59:55,33/200,2026-07-31 04:23:25,0.036572,0.068829,False,0.00005000,254.08,57284901,8,42
Resnet50_fvs_std0.05_90k_RMSELoss_20260731_015955,Resnet50_fvs_std0.05_90k_RMSELoss,RMSELoss,2026-07-31 01:59:55,34/200,2026-07-31 04:27:39,0.035850,0.069336,False,0.00005000,254.32,57284901,8,42
Resnet50_fvs_std0.05_90k_RMSELoss_20260731_015955,Resnet50_fvs_std0.05_90k_RMSELoss,RMSELoss,2026-07-31 01:59:55,35/200,2026-07-31 04:31:53,0.035241,0.068549,False,0.00005000,253.82,57284901,8,42
Resnet50_fvs_std0.05_90k_RMSELoss_20260731_015955,Resnet50_fvs_std0.05_90k_RMSELoss,RMSELoss,2026-07-31 01:59:55,36/200,2026-07-31 04:36:10,0.034642,0.068456,True,0.00005000,256.31,57284901,8,42
Resnet50_fvs_std0.05_90k_RMSELoss_20260731_015955,Resnet50_fvs_std0.05_90k_RMSELoss,RMSELoss,2026-07-31 01:59:55,37/200,2026-07-31 04:40:32,0.034278,0.068767,False,0.00005000,252.17,57284901,8,42
Resnet50_fvs_std0.05_90k_RMSELoss_20260731_015955,Resnet50_fvs_std0.05_90k_RMSELoss,RMSELoss,2026-07-31 01:59:55,38/200,2026-07-31 04:44:49,0.033558,0.068260,True,0.00005000,257.43,57284901,8,42
Resnet50_fvs_std0.05_90k_RMSELoss_20260731_015955,Resnet50_fvs_std0.05_90k_RMSELoss,RMSELoss,2026-07-31 01:59:55,39/200,2026-07-31 04:49:14,0.033042,0.068670,False,0.00005000,254.79,57284901,8,42
Resnet50_fvs_std0.05_90k_RMSELoss_20260731_015955,Resnet50_fvs_std0.05_90k_RMSELoss,RMSELoss,2026-07-31 01:59:55,40/200,2026-07-31 04:53:28,0.032615,0.068579,False,0.00002500,254.35,57284901,8,42
Resnet50_fvs_std0.05_90k_RMSELoss_20260731_015955,Resnet50_fvs_std0.05_90k_RMSELoss,RMSELoss,2026-07-31 01:59:55,41/200,2026-07-31 04:57:44,0.029764,0.067366,True,0.00002500,256.26,57284901,8,42
Resnet50_fvs_std0.05_90k_RMSELoss_20260731_015955,Resnet50_fvs_std0.05_90k_RMSELoss,RMSELoss,2026-07-31 01:59:55,42/200,2026-07-31 05:02:09,0.028322,0.067557,False,0.00002500,254.20,57284901,8,42
Resnet50_fvs_std0.05_90k_RMSELoss_20260731_015955,Resnet50_fvs_std0.05_90k_RMSELoss,RMSELoss,2026-07-31 01:59:55,43/200,2026-07-31 05:06:24,0.027629,0.067520,False,0.00002500,255.20,57284901,8,42
Resnet50_fvs_std0.05_90k_RMSELoss_20260731_015955,Resnet50_fvs_std0.05_90k_RMSELoss,RMSELoss,2026-07-31 01:59:55,44/200,2026-07-31 05:10:39,0.027223,0.067717,False,0.00002500,254.85,57284901,8,42
Resnet50_fvs_std0.05_90k_RMSELoss_20260731_015955,Resnet50_fvs_std0.05_90k_RMSELoss,RMSELoss,2026-07-31 01:59:55,45/200,2026-07-31 05:14:57,0.026744,0.067624,False,0.00002500,258.32,57284901,8,42
Resnet50_fvs_std0.05_90k_RMSELoss_20260731_015955,Resnet50_fvs_std0.05_90k_RMSELoss,RMSELoss,2026-07-31 01:59:55,46/200,2026-07-31 05:19:14,0.026325,0.067355,True,0.00002500,257.14,57284901,8,42
Resnet50_fvs_std0.05_90k_RMSELoss_20260731_015955,Resnet50_fvs_std0.05_90k_RMSELoss,RMSELoss,2026-07-31 01:59:55,47/200,2026-07-31 05:23:40,0.026023,0.067363,False,0.00002500,255.66,57284901,8,42
Resnet50_fvs_std0.05_90k_RMSELoss_20260731_015955,Resnet50_fvs_std0.05_90k_RMSELoss,RMSELoss,2026-07-31 01:59:55,48/200,2026-07-31 05:27:56,0.025669,0.067787,False,0.00002500,255.90,57284901,8,42
Resnet50_fvs_std0.05_90k_RMSELoss_20260731_015955,Resnet50_fvs_std0.05_90k_RMSELoss,RMSELoss,2026-07-31 01:59:55,49/200,2026-07-31 05:32:13,0.025390,0.067747,False,0.00002500,256.93,57284901,8,42
Resnet50_fvs_std0.05_90k_RMSELoss_20260731_015955,Resnet50_fvs_std0.05_90k_RMSELoss,RMSELoss,2026-07-31 01:59:55,50/200,2026-07-31 05:36:29,0.024973,0.067579,False,0.00002500,256.02,57284901,8,42
Resnet50_fvs_std0.05_90k_RMSELoss_20260731_015955,Resnet50_fvs_std0.05_90k_RMSELoss,RMSELoss,2026-07-31 01:59:55,51/200,2026-07-31 05:40:45,0.024782,0.067615,False,0.00002500,256.88,57284901,8,42
Resnet50_fvs_std0.05_90k_RMSELoss_20260731_015955,Resnet50_fvs_std0.05_90k_RMSELoss,RMSELoss,2026-07-31 01:59:55,52/200,2026-07-31 05:45:01,0.024471,0.067770,False,0.00002500,255.25,57284901,8,42
Resnet50_fvs_std0.05_90k_RMSELoss_20260731_015955,Resnet50_fvs_std0.05_90k_RMSELoss,RMSELoss,2026-07-31 01:59:55,53/200,2026-07-31 05:49:18,0.024219,0.067413,False,0.00002500,256.86,57284901,8,42
Resnet50_fvs_std0.05_90k_RMSELoss_20260731_015955,Resnet50_fvs_std0.05_90k_RMSELoss,RMSELoss,2026-07-31 01:59:55,54/200,2026-07-31 05:53:33,0.023971,0.067908,False,0.00002500,255.60,57284901,8,42
Resnet50_fvs_std0.05_90k_RMSELoss_20260731_015955,Resnet50_fvs_std0.05_90k_RMSELoss,RMSELoss,2026-07-31 01:59:55,55/200,2026-07-31 05:57:50,0.023751,0.067719,False,0.00002500,256.38,57284901,8,42
Resnet50_fvs_std0.05_90k_RMSELoss_20260731_015955,Resnet50_fvs_std0.05_90k_RMSELoss,RMSELoss,2026-07-31 01:59:55,56/200,2026-07-31 06:02:05,0.023453,0.067369,False,0.00002500,255.12,57284901,8,42
Resnet50_fvs_std0.05_90k_RMSELoss_20260731_015955,Resnet50_fvs_std0.05_90k_RMSELoss,RMSELoss,2026-07-31 01:59:55,57/200,2026-07-31 06:06:19,0.023254,0.067369,False,0.00002500,254.69,57284901,8,42
Resnet50_fvs_std0.05_90k_RMSELoss_20260731_015955,Resnet50_fvs_std0.05_90k_RMSELoss,RMSELoss,2026-07-31 01:59:55,58/200,2026-07-31 06:10:35,0.023164,0.067328,True,0.00002500,255.13,57284901,8,42
Resnet50_fvs_std0.05_90k_RMSELoss_20260731_015955,Resnet50_fvs_std0.05_90k_RMSELoss,RMSELoss,2026-07-31 01:59:55,59/200,2026-07-31 06:14:59,0.022784,0.067324,True,0.00002500,254.59,57284901,8,42
Resnet50_fvs_std0.05_90k_RMSELoss_20260731_015955,Resnet50_fvs_std0.05_90k_RMSELoss,RMSELoss,2026-07-31 01:59:55,60/200,2026-07-31 06:19:25,0.022576,0.067368,False,0.00001250,255.95,57284901,8,42
Resnet50_fvs_std0.05_90k_RMSELoss_20260731_015955,Resnet50_fvs_std0.05_90k_RMSELoss,RMSELoss,2026-07-31 01:59:55,61/200,2026-07-31 06:23:40,0.021267,0.066988,True,0.00001250,254.99,57284901,8,42
Resnet50_fvs_std0.05_90k_RMSELoss_20260731_015955,Resnet50_fvs_std0.05_90k_RMSELoss,RMSELoss,2026-07-31 01:59:55,62/200,2026-07-31 06:28:08,0.020701,0.067179,False,0.00001250,257.95,57284901,8,42
Resnet50_fvs_std0.05_90k_RMSELoss_20260731_015955,Resnet50_fvs_std0.05_90k_RMSELoss,RMSELoss,2026-07-31 01:59:55,63/200,2026-07-31 06:32:24,0.020356,0.067081,False,0.00001250,255.92,57284901,8,42
Resnet50_fvs_std0.05_90k_RMSELoss_20260731_015955,Resnet50_fvs_std0.05_90k_RMSELoss,RMSELoss,2026-07-31 01:59:55,64/200,2026-07-31 06:36:39,0.020153,0.067111,False,0.00001250,255.65,57284901,8,42
Resnet50_fvs_std0.05_90k_RMSELoss_20260731_015955,Resnet50_fvs_std0.05_90k_RMSELoss,RMSELoss,2026-07-31 01:59:55,65/200,2026-07-31 06:40:54,0.019963,0.067134,False,0.00001250,254.61,57284901,8,42
Resnet50_fvs_std0.05_90k_RMSELoss_20260731_015955,Resnet50_fvs_std0.05_90k_RMSELoss,RMSELoss,2026-07-31 01:59:55,66/200,2026-07-31 06:45:10,0.019749,0.067065,False,0.00001250,256.32,57284901,8,42
Resnet50_fvs_std0.05_90k_RMSELoss_20260731_015955,Resnet50_fvs_std0.05_90k_RMSELoss,RMSELoss,2026-07-31 01:59:55,67/200,2026-07-31 06:49:27,0.019734,0.067390,False,0.00001250,256.67,57284901,8,42
Resnet50_fvs_std0.05_90k_RMSELoss_20260731_015955,Resnet50_fvs_std0.05_90k_RMSELoss,RMSELoss,2026-07-31 01:59:55,68/200,2026-07-31 06:53:44,0.019534,0.067263,False,0.00001250,256.90,57284901,8,42
Resnet50_fvs_std0.05_90k_RMSELoss_20260731_015955,Resnet50_fvs_std0.05_90k_RMSELoss,RMSELoss,2026-07-31 01:59:55,69/200,2026-07-31 06:58:00,0.019288,0.067159,False,0.00001250,255.86,57284901,8,42
Resnet50_fvs_std0.05_90k_RMSELoss_20260731_015955,Resnet50_fvs_std0.05_90k_RMSELoss,RMSELoss,2026-07-31 01:59:55,70/200,2026-07-31 07:02:17,0.019237,0.067093,False,0.00001250,257.32,57284901,8,42
Resnet50_fvs_std0.05_90k_RMSELoss_20260731_015955,Resnet50_fvs_std0.05_90k_RMSELoss,RMSELoss,2026-07-31 01:59:55,71/200,2026-07-31 07:06:33,0.019071,0.067036,False,0.00001250,256.20,57284901,8,42
Resnet50_fvs_std0.05_90k_RMSELoss_20260731_015955,Resnet50_fvs_std0.05_90k_RMSELoss,RMSELoss,2026-07-31 01:59:55,72/200,2026-07-31 07:10:50,0.018978,0.067002,False,0.00001250,256.25,57284901,8,42
Resnet50_fvs_std0.05_90k_RMSELoss_20260731_015955,Resnet50_fvs_std0.05_90k_RMSELoss,RMSELoss,2026-07-31 01:59:55,73/200,2026-07-31 07:15:04,0.018865,0.067466,False,0.00001250,254.15,57284901,8,42
Resnet50_fvs_std0.05_90k_RMSELoss_20260731_015955,Resnet50_fvs_std0.05_90k_RMSELoss,RMSELoss,2026-07-31 01:59:55,74/200,2026-07-31 07:19:20,0.018748,0.067022,False,0.00001250,255.99,57284901,8,42
Resnet50_fvs_std0.05_90k_RMSELoss_20260731_015955,Resnet50_fvs_std0.05_90k_RMSELoss,RMSELoss,2026-07-31 01:59:55,75/200,2026-07-31 07:23:34,0.018657,0.067049,False,0.00001250,254.21,57284901,8,42
Resnet50_fvs_std0.05_90k_RMSELoss_20260731_015955,Resnet50_fvs_std0.05_90k_RMSELoss,RMSELoss,2026-07-31 01:59:55,76/200,2026-07-31 07:27:50,0.018450,0.067178,False,0.00001250,256.29,57284901,8,42
Resnet50_fvs_std0.05_90k_RMSELoss_20260731_015955,Resnet50_fvs_std0.05_90k_RMSELoss,RMSELoss,2026-07-31 01:59:55,77/200,2026-07-31 07:32:05,0.018433,0.067220,False,0.00001250,255.14,57284901,8,42
Resnet50_fvs_std0.05_90k_RMSELoss_20260731_015955,Resnet50_fvs_std0.05_90k_RMSELoss,RMSELoss,2026-07-31 01:59:55,78/200,2026-07-31 07:36:23,0.018366,0.067216,False,0.00001250,257.90,57284901,8,42
Resnet50_fvs_std0.05_90k_RMSELoss_20260731_015955,Resnet50_fvs_std0.05_90k_RMSELoss,RMSELoss,2026-07-31 01:59:55,79/200,2026-07-31 07:40:40,0.018215,0.067179,False,0.00001250,256.45,57284901,8,42
Resnet50_fvs_std0.05_90k_RMSELoss_20260731_015955,Resnet50_fvs_std0.05_90k_RMSELoss,RMSELoss,2026-07-31 01:59:55,80/200,2026-07-31 07:44:56,0.018039,0.067178,False,0.00000625,256.36,57284901,8,42
Resnet50_fvs_std0.05_90k_RMSELoss_20260731_015955,Resnet50_fvs_std0.05_90k_RMSELoss,RMSELoss,2026-07-31 01:59:55,81/200,2026-07-31 07:49:11,0.017485,0.067339,False,0.00000625,255.16,57284901,8,42
Resnet50_fvs_std0.05_90k_RMSELoss_20260731_015955,Resnet50_fvs_std0.05_90k_RMSELoss,RMSELoss,2026-07-31 01:59:55,82/200,2026-07-31 07:53:27,0.017170,0.067234,False,0.00000625,255.86,57284901,8,42
Resnet50_fvs_std0.05_90k_RMSELoss_20260731_015955,Resnet50_fvs_std0.05_90k_RMSELoss,RMSELoss,2026-07-31 01:59:55,83/200,2026-07-31 07:57:47,0.017029,0.067264,False,0.00000625,259.37,57284901,8,42
Resnet50_fvs_std0.05_90k_RMSELoss_20260731_015955,Resnet50_fvs_std0.05_90k_RMSELoss,RMSELoss,2026-07-31 01:59:55,84/200,2026-07-31 08:02:01,0.016880,0.067172,False,0.00000625,254.21,57284901,8,42
Resnet50_fvs_std0.05_90k_RMSELoss_20260731_015955,Resnet50_fvs_std0.05_90k_RMSELoss,RMSELoss,2026-07-31 01:59:55,85/200,2026-07-31 08:06:17,0.016848,0.067243,False,0.00000625,256.04,57284901,8,42
Resnet50_fvs_std0.05_90k_RMSELoss_20260731_015955,Resnet50_fvs_std0.05_90k_RMSELoss,RMSELoss,2026-07-31 01:59:55,86/200,2026-07-31 08:10:32,0.016722,0.067254,False,0.00000625,254.99,57284901,8,42
Resnet50_fvs_std0.05_90k_RMSELoss_20260731_015955,Resnet50_fvs_std0.05_90k_RMSELoss,RMSELoss,2026-07-31 01:59:55,87/200,2026-07-31 08:14:51,0.016683,0.067282,False,0.00000625,259.22,57284901,8,42
Resnet50_fvs_std0.05_90k_RMSELoss_20260731_015955,Resnet50_fvs_std0.05_90k_RMSELoss,RMSELoss,2026-07-31 01:59:55,88/200,2026-07-31 08:19:07,0.016623,0.067250,False,0.00000625,256.47,57284901,8,42
Resnet50_fvs_std0.05_90k_RMSELoss_20260731_015955,Resnet50_fvs_std0.05_90k_RMSELoss,RMSELoss,2026-07-31 01:59:55,89/200,2026-07-31 08:23:24,0.016557,0.067215,False,0.00000625,256.10,57284901,8,42
Resnet50_fvs_std0.05_90k_RMSELoss_20260731_015955,Resnet50_fvs_std0.05_90k_RMSELoss,RMSELoss,2026-07-31 01:59:55,90/200,2026-07-31 08:27:38,0.016493,0.067285,False,0.00000625,254.71,57284901,8,42
Resnet50_fvs_std0.05_90k_RMSELoss_20260731_015955,Resnet50_fvs_std0.05_90k_RMSELoss,RMSELoss,2026-07-31 01:59:55,91/200,2026-07-31 08:31:53,0.016413,0.067277,False,0.00000625,254.85,57284901,8,42
Resnet50_fvs_std0.05_90k_RMSELoss_20260731_015955,Resnet50_fvs_std0.05_90k_RMSELoss,RMSELoss,2026-07-31 01:59:55,92/200,2026-07-31 08:36:10,0.016331,0.067263,False,0.00000625,256.34,57284901,8,42
Resnet50_fvs_std0.05_90k_RMSELoss_20260731_015955,Resnet50_fvs_std0.05_90k_RMSELoss,RMSELoss,2026-07-31 01:59:55,93/200,2026-07-31 08:40:25,0.016370,0.067240,False,0.00000625,255.88,57284901,8,42
Resnet50_fvs_std0.05_90k_RMSELoss_20260731_015955,Resnet50_fvs_std0.05_90k_RMSELoss,RMSELoss,2026-07-31 01:59:55,94/200,2026-07-31 08:44:42,0.016272,0.067277,False,0.00000625,256.14,57284901,8,42
Resnet50_fvs_std0.05_90k_RMSELoss_20260731_015955,Resnet50_fvs_std0.05_90k_RMSELoss,RMSELoss,2026-07-31 01:59:55,95/200,2026-07-31 08:48:59,0.016206,0.067483,False,0.00000625,257.60,57284901,8,42
Resnet50_fvs_std0.05_90k_RMSELoss_20260731_015955,Resnet50_fvs_std0.05_90k_RMSELoss,RMSELoss,2026-07-31 01:59:55,96/200,2026-07-31 08:53:15,0.016152,0.067087,False,0.00000625,256.20,57284901,8,42
Resnet50_fvs_std0.05_90k_RMSELoss_20260731_015955,Resnet50_fvs_std0.05_90k_RMSELoss,RMSELoss,2026-07-31 01:59:55,97/200,2026-07-31 08:57:31,0.016097,0.067230,False,0.00000625,255.29,57284901,8,42
Resnet50_fvs_std0.05_90k_RMSELoss_20260731_015955,Resnet50_fvs_std0.05_90k_RMSELoss,RMSELoss,2026-07-31 01:59:55,98/200,2026-07-31 09:01:46,0.016021,0.067260,False,0.00000625,255.46,57284901,8,42
Resnet50_fvs_std0.05_90k_RMSELoss_20260731_015955,Resnet50_fvs_std0.05_90k_RMSELoss,RMSELoss,2026-07-31 01:59:55,99/200,2026-07-31 09:06:02,0.016013,0.067294,False,0.00000625,256.36,57284901,8,42
Resnet50_fvs_std0.05_90k_RMSELoss_20260731_015955,Resnet50_fvs_std0.05_90k_RMSELoss,RMSELoss,2026-07-31 01:59:55,100/200,2026-07-31 09:10:19,0.015894,0.067311,False,0.00000313,256.91,57284901,8,42
Resnet50_fvs_std0.05_90k_RMSELoss_20260731_015955,Resnet50_fvs_std0.05_90k_RMSELoss,RMSELoss,2026-07-31 01:59:55,101/200,2026-07-31 09:14:34,0.015578,0.067287,False,0.00000313,254.87,57284901,8,42
Resnet50_fvs_std0.05_90k_RMSELoss_20260731_015955,Resnet50_fvs_std0.05_90k_RMSELoss,RMSELoss,2026-07-31 01:59:55,102/200,2026-07-31 09:18:53,0.015522,0.067279,False,0.00000313,258.88,57284901,8,42
Resnet50_fvs_std0.05_90k_RMSELoss_20260731_015955,Resnet50_fvs_std0.05_90k_RMSELoss,RMSELoss,2026-07-31 01:59:55,103/200,2026-07-31 09:23:08,0.015428,0.067254,False,0.00000313,254.95,57284901,8,42
Resnet50_fvs_std0.05_90k_RMSELoss_20260731_015955,Resnet50_fvs_std0.05_90k_RMSELoss,RMSELoss,2026-07-31 01:59:55,104/200,2026-07-31 09:27:23,0.015373,0.067149,False,0.00000313,255.19,57284901,8,42
Resnet50_fvs_std0.05_90k_RMSELoss_20260731_015955,Resnet50_fvs_std0.05_90k_RMSELoss,RMSELoss,2026-07-31 01:59:55,105/200,2026-07-31 09:31:38,0.015350,0.067273,False,0.00000313,254.72,57284901,8,42
Resnet50_fvs_std0.05_90k_RMSELoss_20260731_015955,Resnet50_fvs_std0.05_90k_RMSELoss,RMSELoss,2026-07-31 01:59:55,106/200,2026-07-31 09:35:53,0.015278,0.067354,False,0.00000313,254.63,57284901,8,42
Densenet121_std0.05_90k_RMSELoss_20260731_093553,Densenet121_std0.05_90k_RMSELoss,RMSELoss,2026-07-31 09:35:53,1/200,2026-07-31 09:42:32,0.112477,0.098982,True,0.00010000,398.06,39682149,8,42
Densenet121_std0.05_90k_RMSELoss_20260731_093553,Densenet121_std0.05_90k_RMSELoss,RMSELoss,2026-07-31 09:35:53,2/200,2026-07-31 09:49:20,0.097277,0.094797,True,0.00010000,397.99,39682149,8,42
Densenet121_std0.05_90k_RMSELoss_20260731_093553,Densenet121_std0.05_90k_RMSELoss,RMSELoss,2026-07-31 09:35:53,3/200,2026-07-31 09:56:19,0.091386,0.090124,True,0.00010000,409.36,39682149,8,42
Densenet121_std0.05_90k_RMSELoss_20260731_093553,Densenet121_std0.05_90k_RMSELoss,RMSELoss,2026-07-31 09:35:53,4/200,2026-07-31 10:03:08,0.087447,0.082992,True,0.00010000,399.14,39682149,8,42
Densenet121_std0.05_90k_RMSELoss_20260731_093553,Densenet121_std0.05_90k_RMSELoss,RMSELoss,2026-07-31 09:35:53,5/200,2026-07-31 10:10:00,0.084996,0.086472,False,0.00010000,401.51,39682149,8,42
Densenet121_std0.05_90k_RMSELoss_20260731_093553,Densenet121_std0.05_90k_RMSELoss,RMSELoss,2026-07-31 09:35:53,6/200,2026-07-31 10:16:39,0.082378,0.081644,True,0.00010000,399.47,39682149,8,42
Densenet121_std0.05_90k_RMSELoss_20260731_093553,Densenet121_std0.05_90k_RMSELoss,RMSELoss,2026-07-31 09:35:53,7/200,2026-07-31 10:23:33,0.080532,0.079258,True,0.00010000,403.33,39682149,8,42
Densenet121_std0.05_90k_RMSELoss_20260731_093553,Densenet121_std0.05_90k_RMSELoss,RMSELoss,2026-07-31 09:35:53,8/200,2026-07-31 10:30:15,0.078892,0.079235,True,0.00010000,392.95,39682149,8,42
Densenet121_std0.05_90k_RMSELoss_20260731_093553,Densenet121_std0.05_90k_RMSELoss,RMSELoss,2026-07-31 09:35:53,9/200,2026-07-31 10:36:53,0.077278,0.077762,True,0.00010000,387.97,39682149,8,42
Densenet121_std0.05_90k_RMSELoss_20260731_093553,Densenet121_std0.05_90k_RMSELoss,RMSELoss,2026-07-31 09:35:53,10/200,2026-07-31 10:43:31,0.075565,0.075578,True,0.00010000,388.09,39682149,8,42
Densenet121_std0.05_90k_RMSELoss_20260731_093553,Densenet121_std0.05_90k_RMSELoss,RMSELoss,2026-07-31 09:35:53,11/200,2026-07-31 10:50:23,0.074114,0.075141,True,0.00010000,401.47,39682149,8,42
Densenet121_std0.05_90k_RMSELoss_20260731_093553,Densenet121_std0.05_90k_RMSELoss,RMSELoss,2026-07-31 09:35:53,12/200,2026-07-31 10:56:58,0.072911,0.077190,False,0.00010000,385.19,39682149,8,42
Densenet121_std0.05_90k_RMSELoss_20260731_093553,Densenet121_std0.05_90k_RMSELoss,RMSELoss,2026-07-31 09:35:53,13/200,2026-07-31 11:03:23,0.071435,0.075637,False,0.00010000,385.16,39682149,8,42
Densenet121_std0.05_90k_RMSELoss_20260731_093553,Densenet121_std0.05_90k_RMSELoss,RMSELoss,2026-07-31 09:35:53,14/200,2026-07-31 11:09:55,0.070629,0.075246,False,0.00010000,392.42,39682149,8,42
Densenet121_std0.05_90k_RMSELoss_20260731_093553,Densenet121_std0.05_90k_RMSELoss,RMSELoss,2026-07-31 09:35:53,15/200,2026-07-31 11:16:21,0.069382,0.073706,True,0.00010000,385.69,39682149,8,42
Densenet121_std0.05_90k_RMSELoss_20260731_093553,Densenet121_std0.05_90k_RMSELoss,RMSELoss,2026-07-31 09:35:53,16/200,2026-07-31 11:22:56,0.068091,0.073935,False,0.00010000,384.89,39682149,8,42
Densenet121_std0.05_90k_RMSELoss_20260731_093553,Densenet121_std0.05_90k_RMSELoss,RMSELoss,2026-07-31 09:35:53,17/200,2026-07-31 11:29:25,0.067363,0.074925,False,0.00010000,389.32,39682149,8,42
Densenet121_std0.05_90k_RMSELoss_20260731_093553,Densenet121_std0.05_90k_RMSELoss,RMSELoss,2026-07-31 09:35:53,18/200,2026-07-31 11:35:57,0.066153,0.072929,True,0.00010000,392.16,39682149,8,42
Densenet121_std0.05_90k_RMSELoss_20260731_093553,Densenet121_std0.05_90k_RMSELoss,RMSELoss,2026-07-31 09:35:53,19/200,2026-07-31 11:42:34,0.065423,0.072481,True,0.00010000,387.27,39682149,8,42
Densenet121_std0.05_90k_RMSELoss_20260731_093553,Densenet121_std0.05_90k_RMSELoss,RMSELoss,2026-07-31 09:35:53,20/200,2026-07-31 11:49:09,0.064335,0.073184,False,0.00005000,384.67,39682149,8,42
Densenet121_std0.05_90k_RMSELoss_20260731_093553,Densenet121_std0.05_90k_RMSELoss,RMSELoss,2026-07-31 09:35:53,21/200,2026-07-31 11:55:39,0.059294,0.069581,True,0.00005000,390.49,39682149,8,42
Densenet121_std0.05_90k_RMSELoss_20260731_093553,Densenet121_std0.05_90k_RMSELoss,RMSELoss,2026-07-31 09:35:53,22/200,2026-07-31 12:02:14,0.057382,0.069000,True,0.00005000,384.90,39682149,8,42
Densenet121_std0.05_90k_RMSELoss_20260731_093553,Densenet121_std0.05_90k_RMSELoss,RMSELoss,2026-07-31 09:35:53,23/200,2026-07-31 12:08:53,0.056313,0.068049,True,0.00005000,389.14,39682149,8,42
Densenet121_std0.05_90k_RMSELoss_20260731_093553,Densenet121_std0.05_90k_RMSELoss,RMSELoss,2026-07-31 09:35:53,24/200,2026-07-31 12:15:35,0.055218,0.068785,False,0.00005000,391.61,39682149,8,42
Densenet121_std0.05_90k_RMSELoss_20260731_093553,Densenet121_std0.05_90k_RMSELoss,RMSELoss,2026-07-31 09:35:53,25/200,2026-07-31 12:22:03,0.054517,0.068642,False,0.00005000,388.08,39682149,8,42
Densenet121_std0.05_90k_RMSELoss_20260731_093553,Densenet121_std0.05_90k_RMSELoss,RMSELoss,2026-07-31 09:35:53,26/200,2026-07-31 12:28:34,0.053645,0.069308,False,0.00005000,391.36,39682149,8,42
Densenet121_std0.05_90k_RMSELoss_20260731_093553,Densenet121_std0.05_90k_RMSELoss,RMSELoss,2026-07-31 09:35:53,27/200,2026-07-31 12:35:04,0.053006,0.068088,False,0.00005000,389.37,39682149,8,42
Densenet121_std0.05_90k_RMSELoss_20260731_093553,Densenet121_std0.05_90k_RMSELoss,RMSELoss,2026-07-31 09:35:53,28/200,2026-07-31 12:41:27,0.052213,0.067821,True,0.00005000,383.13,39682149,8,42
Densenet121_std0.05_90k_RMSELoss_20260731_093553,Densenet121_std0.05_90k_RMSELoss,RMSELoss,2026-07-31 09:35:53,29/200,2026-07-31 12:48:02,0.051485,0.068577,False,0.00005000,385.44,39682149,8,42
Densenet121_std0.05_90k_RMSELoss_20260731_093553,Densenet121_std0.05_90k_RMSELoss,RMSELoss,2026-07-31 09:35:53,30/200,2026-07-31 12:54:33,0.050953,0.067870,False,0.00005000,391.37,39682149,8,42
Densenet121_std0.05_90k_RMSELoss_20260731_093553,Densenet121_std0.05_90k_RMSELoss,RMSELoss,2026-07-31 09:35:53,31/200,2026-07-31 13:01:03,0.050371,0.068478,False,0.00005000,389.37,39682149,8,42
Densenet121_std0.05_90k_RMSELoss_20260731_093553,Densenet121_std0.05_90k_RMSELoss,RMSELoss,2026-07-31 09:35:53,32/200,2026-07-31 13:07:28,0.049849,0.067421,True,0.00005000,385.14,39682149,8,42
Densenet121_std0.05_90k_RMSELoss_20260731_093553,Densenet121_std0.05_90k_RMSELoss,RMSELoss,2026-07-31 09:35:53,33/200,2026-07-31 13:14:05,0.049342,0.067990,False,0.00005000,387.42,39682149,8,42
Densenet121_std0.05_90k_RMSELoss_20260731_093553,Densenet121_std0.05_90k_RMSELoss,RMSELoss,2026-07-31 09:35:53,34/200,2026-07-31 13:20:42,0.048764,0.068780,False,0.00005000,396.23,39682149,8,42
Densenet121_std0.05_90k_RMSELoss_20260731_093553,Densenet121_std0.05_90k_RMSELoss,RMSELoss,2026-07-31 09:35:53,35/200,2026-07-31 13:27:10,0.048195,0.068423,False,0.00005000,388.58,39682149,8,42
Densenet121_std0.05_90k_RMSELoss_20260731_093553,Densenet121_std0.05_90k_RMSELoss,RMSELoss,2026-07-31 09:35:53,36/200,2026-07-31 13:33:35,0.047890,0.068495,False,0.00005000,384.85,39682149,8,42
Densenet121_std0.05_90k_RMSELoss_20260731_093553,Densenet121_std0.05_90k_RMSELoss,RMSELoss,2026-07-31 09:35:53,37/200,2026-07-31 13:39:59,0.047459,0.068598,False,0.00005000,384.21,39682149,8,42
Densenet121_std0.05_90k_RMSELoss_20260731_093553,Densenet121_std0.05_90k_RMSELoss,RMSELoss,2026-07-31 09:35:53,38/200,2026-07-31 13:46:26,0.046941,0.067948,False,0.00005000,387.22,39682149,8,42
Densenet121_std0.05_90k_RMSELoss_20260731_093553,Densenet121_std0.05_90k_RMSELoss,RMSELoss,2026-07-31 09:35:53,39/200,2026-07-31 13:52:51,0.046539,0.068181,False,0.00005000,384.77,39682149,8,42
Densenet121_std0.05_90k_RMSELoss_20260731_093553,Densenet121_std0.05_90k_RMSELoss,RMSELoss,2026-07-31 09:35:53,40/200,2026-07-31 13:59:23,0.046066,0.067271,True,0.00002500,391.41,39682149,8,42
Densenet121_std0.05_90k_RMSELoss_20260731_093553,Densenet121_std0.05_90k_RMSELoss,RMSELoss,2026-07-31 09:35:53,41/200,2026-07-31 14:05:56,0.042965,0.066525,True,0.00002500,383.49,39682149,8,42
Densenet121_std0.05_90k_RMSELoss_20260731_093553,Densenet121_std0.05_90k_RMSELoss,RMSELoss,2026-07-31 09:35:53,42/200,2026-07-31 14:12:31,0.041843,0.066968,False,0.00002500,385.66,39682149,8,42
Densenet121_std0.05_90k_RMSELoss_20260731_093553,Densenet121_std0.05_90k_RMSELoss,RMSELoss,2026-07-31 09:35:53,43/200,2026-07-31 14:18:57,0.041173,0.066408,True,0.00002500,385.35,39682149,8,42
Densenet121_std0.05_90k_RMSELoss_20260731_093553,Densenet121_std0.05_90k_RMSELoss,RMSELoss,2026-07-31 09:35:53,44/200,2026-07-31 14:25:31,0.040633,0.067904,False,0.00002500,384.49,39682149,8,42
Densenet121_std0.05_90k_RMSELoss_20260731_093553,Densenet121_std0.05_90k_RMSELoss,RMSELoss,2026-07-31 09:35:53,45/200,2026-07-31 14:32:01,0.040179,0.066473,False,0.00002500,389.64,39682149,8,42
Densenet121_std0.05_90k_RMSELoss_20260731_093553,Densenet121_std0.05_90k_RMSELoss,RMSELoss,2026-07-31 09:35:53,46/200,2026-07-31 14:38:41,0.039895,0.066852,False,0.00002500,399.86,39682149,8,42
Densenet121_std0.05_90k_RMSELoss_20260731_093553,Densenet121_std0.05_90k_RMSELoss,RMSELoss,2026-07-31 09:35:53,47/200,2026-07-31 14:45:05,0.039436,0.066132,True,0.00002500,384.31,39682149,8,42
Densenet121_std0.05_90k_RMSELoss_20260731_093553,Densenet121_std0.05_90k_RMSELoss,RMSELoss,2026-07-31 09:35:53,48/200,2026-07-31 14:51:36,0.039120,0.066514,False,0.00002500,381.07,39682149,8,42
Densenet121_std0.05_90k_RMSELoss_20260731_093553,Densenet121_std0.05_90k_RMSELoss,RMSELoss,2026-07-31 09:35:53,49/200,2026-07-31 14:58:05,0.038891,0.066816,False,0.00002500,388.96,39682149,8,42
Densenet121_std0.05_90k_RMSELoss_20260731_093553,Densenet121_std0.05_90k_RMSELoss,RMSELoss,2026-07-31 09:35:53,50/200,2026-07-31 15:04:37,0.038528,0.067307,False,0.00002500,391.89,39682149,8,42
Densenet121_std0.05_90k_RMSELoss_20260731_093553,Densenet121_std0.05_90k_RMSELoss,RMSELoss,2026-07-31 09:35:53,51/200,2026-07-31 15:11:02,0.038134,0.066892,False,0.00002500,385.52,39682149,8,42
Densenet121_std0.05_90k_RMSELoss_20260731_093553,Densenet121_std0.05_90k_RMSELoss,RMSELoss,2026-07-31 09:35:53,52/200,2026-07-31 15:17:27,0.038020,0.067288,False,0.00002500,384.72,39682149,8,42
Densenet121_std0.05_90k_RMSELoss_20260731_093553,Densenet121_std0.05_90k_RMSELoss,RMSELoss,2026-07-31 09:35:53,53/200,2026-07-31 15:23:54,0.037645,0.067384,False,0.00002500,387.00,39682149,8,42
Densenet121_std0.05_90k_RMSELoss_20260731_093553,Densenet121_std0.05_90k_RMSELoss,RMSELoss,2026-07-31 09:35:53,54/200,2026-07-31 15:30:19,0.037372,0.066962,False,0.00002500,384.45,39682149,8,42
Densenet121_std0.05_90k_RMSELoss_20260731_093553,Densenet121_std0.05_90k_RMSELoss,RMSELoss,2026-07-31 09:35:53,55/200,2026-07-31 15:36:44,0.037191,0.066174,False,0.00002500,385.90,39682149,8,42
Densenet121_std0.05_90k_RMSELoss_20260731_093553,Densenet121_std0.05_90k_RMSELoss,RMSELoss,2026-07-31 09:35:53,56/200,2026-07-31 15:43:11,0.036929,0.066463,False,0.00002500,386.19,39682149,8,42
Densenet121_std0.05_90k_RMSELoss_20260731_093553,Densenet121_std0.05_90k_RMSELoss,RMSELoss,2026-07-31 09:35:53,57/200,2026-07-31 15:49:42,0.036633,0.066598,False,0.00002500,390.97,39682149,8,42
Densenet121_std0.05_90k_RMSELoss_20260731_093553,Densenet121_std0.05_90k_RMSELoss,RMSELoss,2026-07-31 09:35:53,58/200,2026-07-31 15:56:09,0.036320,0.075280,False,0.00002500,387.60,39682149,8,42
Densenet121_std0.05_90k_RMSELoss_20260731_093553,Densenet121_std0.05_90k_RMSELoss,RMSELoss,2026-07-31 09:35:53,59/200,2026-07-31 16:02:36,0.036191,0.066401,False,0.00002500,386.53,39682149,8,42
Densenet121_std0.05_90k_RMSELoss_20260731_093553,Densenet121_std0.05_90k_RMSELoss,RMSELoss,2026-07-31 09:35:53,60/200,2026-07-31 16:09:01,0.036004,0.066595,False,0.00001250,385.74,39682149,8,42
Densenet121_std0.05_90k_RMSELoss_20260731_093553,Densenet121_std0.05_90k_RMSELoss,RMSELoss,2026-07-31 09:35:53,61/200,2026-07-31 16:15:34,0.034347,0.066061,True,0.00001250,392.32,39682149,8,42
Densenet121_std0.05_90k_RMSELoss_20260731_093553,Densenet121_std0.05_90k_RMSELoss,RMSELoss,2026-07-31 09:35:53,62/200,2026-07-31 16:22:08,0.033686,0.066026,True,0.00001250,384.52,39682149,8,42
Densenet121_std0.05_90k_RMSELoss_20260731_093553,Densenet121_std0.05_90k_RMSELoss,RMSELoss,2026-07-31 09:35:53,63/200,2026-07-31 16:28:44,0.033404,0.067021,False,0.00001250,385.40,39682149,8,42
Densenet121_std0.05_90k_RMSELoss_20260731_093553,Densenet121_std0.05_90k_RMSELoss,RMSELoss,2026-07-31 09:35:53,64/200,2026-07-31 16:35:18,0.033129,0.067112,False,0.00001250,394.07,39682149,8,42
Densenet121_std0.05_90k_RMSELoss_20260731_093553,Densenet121_std0.05_90k_RMSELoss,RMSELoss,2026-07-31 09:35:53,65/200,2026-07-31 16:41:45,0.032835,0.066773,False,0.00001250,387.61,39682149,8,42
Densenet121_std0.05_90k_RMSELoss_20260731_093553,Densenet121_std0.05_90k_RMSELoss,RMSELoss,2026-07-31 09:35:53,66/200,2026-07-31 16:48:13,0.032706,0.067883,False,0.00001250,387.76,39682149,8,42
Densenet121_std0.05_90k_RMSELoss_20260731_093553,Densenet121_std0.05_90k_RMSELoss,RMSELoss,2026-07-31 09:35:53,67/200,2026-07-31 16:54:43,0.032517,0.066088,False,0.00001250,389.53,39682149,8,42
Densenet121_std0.05_90k_RMSELoss_20260731_093553,Densenet121_std0.05_90k_RMSELoss,RMSELoss,2026-07-31 09:35:53,68/200,2026-07-31 17:01:09,0.032328,0.069201,False,0.00001250,386.63,39682149,8,42
Densenet121_std0.05_90k_RMSELoss_20260731_093553,Densenet121_std0.05_90k_RMSELoss,RMSELoss,2026-07-31 09:35:53,69/200,2026-07-31 17:07:42,0.032181,0.075237,False,0.00001250,393.04,39682149,8,42
Densenet121_std0.05_90k_RMSELoss_20260731_093553,Densenet121_std0.05_90k_RMSELoss,RMSELoss,2026-07-31 09:35:53,70/200,2026-07-31 17:14:15,0.032054,0.067038,False,0.00001250,392.62,39682149,8,42
Densenet121_std0.05_90k_RMSELoss_20260731_093553,Densenet121_std0.05_90k_RMSELoss,RMSELoss,2026-07-31 09:35:53,71/200,2026-07-31 17:20:42,0.031841,0.066618,False,0.00001250,387.26,39682149,8,42
Densenet121_std0.05_90k_RMSELoss_20260731_093553,Densenet121_std0.05_90k_RMSELoss,RMSELoss,2026-07-31 09:35:53,72/200,2026-07-31 17:27:14,0.031791,0.067210,False,0.00001250,391.78,39682149,8,42
Densenet121_std0.05_90k_RMSELoss_20260731_093553,Densenet121_std0.05_90k_RMSELoss,RMSELoss,2026-07-31 09:35:53,73/200,2026-07-31 17:33:44,0.031620,0.067255,False,0.00001250,390.62,39682149,8,42
Densenet121_std0.05_90k_RMSELoss_20260731_093553,Densenet121_std0.05_90k_RMSELoss,RMSELoss,2026-07-31 09:35:53,74/200,2026-07-31 17:40:08,0.031375,0.066340,False,0.00001250,383.74,39682149,8,42
Densenet121_std0.05_90k_RMSELoss_20260731_093553,Densenet121_std0.05_90k_RMSELoss,RMSELoss,2026-07-31 09:35:53,75/200,2026-07-31 17:46:32,0.031315,0.066171,False,0.00001250,383.42,39682149,8,42
Densenet121_std0.05_90k_RMSELoss_20260731_093553,Densenet121_std0.05_90k_RMSELoss,RMSELoss,2026-07-31 09:35:53,76/200,2026-07-31 17:53:03,0.031147,0.066590,False,0.00001250,391.03,39682149,8,42
Densenet121_std0.05_90k_RMSELoss_20260731_093553,Densenet121_std0.05_90k_RMSELoss,RMSELoss,2026-07-31 09:35:53,77/200,2026-07-31 17:59:30,0.031049,0.068237,False,0.00001250,387.15,39682149,8,42
Densenet121_std0.05_90k_RMSELoss_20260731_093553,Densenet121_std0.05_90k_RMSELoss,RMSELoss,2026-07-31 09:35:53,78/200,2026-07-31 18:05:59,0.030780,0.066091,False,0.00001250,388.76,39682149,8,42
Densenet121_std0.05_90k_RMSELoss_20260731_093553,Densenet121_std0.05_90k_RMSELoss,RMSELoss,2026-07-31 09:35:53,79/200,2026-07-31 18:12:27,0.030787,0.066318,False,0.00001250,388.65,39682149,8,42
Densenet121_std0.05_90k_RMSELoss_20260731_093553,Densenet121_std0.05_90k_RMSELoss,RMSELoss,2026-07-31 09:35:53,80/200,2026-07-31 18:18:54,0.030663,0.065951,True,0.00000625,386.53,39682149,8,42
Densenet121_std0.05_90k_RMSELoss_20260731_093553,Densenet121_std0.05_90k_RMSELoss,RMSELoss,2026-07-31 09:35:53,81/200,2026-07-31 18:25:39,0.029795,0.066406,False,0.00000625,395.51,39682149,8,42
Densenet121_std0.05_90k_RMSELoss_20260731_093553,Densenet121_std0.05_90k_RMSELoss,RMSELoss,2026-07-31 09:35:53,82/200,2026-07-31 18:32:05,0.029613,0.066144,False,0.00000625,385.82,39682149,8,42
Densenet121_std0.05_90k_RMSELoss_20260731_093553,Densenet121_std0.05_90k_RMSELoss,RMSELoss,2026-07-31 09:35:53,83/200,2026-07-31 18:38:39,0.029429,0.065983,False,0.00000625,394.09,39682149,8,42
Densenet121_std0.05_90k_RMSELoss_20260731_093553,Densenet121_std0.05_90k_RMSELoss,RMSELoss,2026-07-31 09:35:53,84/200,2026-07-31 18:45:04,0.029258,0.066052,False,0.00000625,384.79,39682149,8,42
Densenet121_std0.05_90k_RMSELoss_20260731_093553,Densenet121_std0.05_90k_RMSELoss,RMSELoss,2026-07-31 09:35:53,85/200,2026-07-31 18:51:32,0.029095,0.077907,False,0.00000625,388.20,39682149,8,42
Densenet121_std0.05_90k_RMSELoss_20260731_093553,Densenet121_std0.05_90k_RMSELoss,RMSELoss,2026-07-31 09:35:53,86/200,2026-07-31 18:58:03,0.029014,0.065908,True,0.00000625,390.82,39682149,8,42
Densenet121_std0.05_90k_RMSELoss_20260731_093553,Densenet121_std0.05_90k_RMSELoss,RMSELoss,2026-07-31 09:35:53,87/200,2026-07-31 19:04:39,0.029026,0.066460,False,0.00000625,386.11,39682149,8,42
Densenet121_std0.05_90k_RMSELoss_20260731_093553,Densenet121_std0.05_90k_RMSELoss,RMSELoss,2026-07-31 09:35:53,88/200,2026-07-31 19:11:04,0.028873,0.065692,True,0.00000625,384.72,39682149,8,42
Densenet121_std0.05_90k_RMSELoss_20260731_093553,Densenet121_std0.05_90k_RMSELoss,RMSELoss,2026-07-31 09:35:53,89/200,2026-07-31 19:17:39,0.028764,0.067611,False,0.00000625,385.59,39682149,8,42
Densenet121_std0.05_90k_RMSELoss_20260731_093553,Densenet121_std0.05_90k_RMSELoss,RMSELoss,2026-07-31 09:35:53,90/200,2026-07-31 19:24:10,0.028665,0.068238,False,0.00000625,390.62,39682149,8,42
Densenet121_std0.05_90k_RMSELoss_20260731_093553,Densenet121_std0.05_90k_RMSELoss,RMSELoss,2026-07-31 09:35:53,91/200,2026-07-31 19:30:36,0.028585,0.066596,False,0.00000625,386.07,39682149,8,42
Densenet121_std0.05_90k_RMSELoss_20260731_093553,Densenet121_std0.05_90k_RMSELoss,RMSELoss,2026-07-31 09:35:53,92/200,2026-07-31 19:37:02,0.028596,0.068001,False,0.00000625,386.15,39682149,8,42
Densenet121_std0.05_90k_RMSELoss_20260731_093553,Densenet121_std0.05_90k_RMSELoss,RMSELoss,2026-07-31 09:35:53,93/200,2026-07-31 19:43:29,0.028445,0.066259,False,0.00000625,386.78,39682149,8,42
Densenet121_std0.05_90k_RMSELoss_20260731_093553,Densenet121_std0.05_90k_RMSELoss,RMSELoss,2026-07-31 09:35:53,94/200,2026-07-31 19:49:59,0.028394,0.070819,False,0.00000625,390.58,39682149,8,42
Densenet121_std0.05_90k_RMSELoss_20260731_093553,Densenet121_std0.05_90k_RMSELoss,RMSELoss,2026-07-31 09:35:53,95/200,2026-07-31 19:56:30,0.028345,0.068044,False,0.00000625,391.14,39682149,8,42
Densenet121_std0.05_90k_RMSELoss_20260731_093553,Densenet121_std0.05_90k_RMSELoss,RMSELoss,2026-07-31 09:35:53,96/200,2026-07-31 20:02:55,0.028257,0.066424,False,0.00000625,384.90,39682149,8,42
Densenet121_std0.05_90k_RMSELoss_20260731_093553,Densenet121_std0.05_90k_RMSELoss,RMSELoss,2026-07-31 09:35:53,97/200,2026-07-31 20:09:20,0.028244,0.073026,False,0.00000625,384.79,39682149,8,42
Densenet121_std0.05_90k_RMSELoss_20260731_093553,Densenet121_std0.05_90k_RMSELoss,RMSELoss,2026-07-31 09:35:53,98/200,2026-07-31 20:15:43,0.028146,0.071953,False,0.00000625,383.20,39682149,8,42
Densenet121_std0.05_90k_RMSELoss_20260731_093553,Densenet121_std0.05_90k_RMSELoss,RMSELoss,2026-07-31 09:35:53,99/200,2026-07-31 20:22:10,0.028118,0.066532,False,0.00000625,386.57,39682149,8,42
Densenet121_std0.05_90k_RMSELoss_20260731_093553,Densenet121_std0.05_90k_RMSELoss,RMSELoss,2026-07-31 09:35:53,100/200,2026-07-31 20:28:43,0.028022,0.070864,False,0.00000313,392.89,39682149,8,42
Densenet121_std0.05_90k_RMSELoss_20260731_093553,Densenet121_std0.05_90k_RMSELoss,RMSELoss,2026-07-31 09:35:53,101/200,2026-07-31 20:35:17,0.027591,0.072313,False,0.00000313,393.79,39682149,8,42
Densenet121_std0.05_90k_RMSELoss_20260731_093553,Densenet121_std0.05_90k_RMSELoss,RMSELoss,2026-07-31 09:35:53,102/200,2026-07-31 20:41:42,0.027418,0.068153,False,0.00000313,385.07,39682149,8,42
Densenet121_std0.05_90k_RMSELoss_20260731_093553,Densenet121_std0.05_90k_RMSELoss,RMSELoss,2026-07-31 09:35:53,103/200,2026-07-31 20:48:05,0.027372,0.110504,False,0.00000313,383.21,39682149,8,42
Densenet121_std0.05_90k_RMSELoss_20260731_093553,Densenet121_std0.05_90k_RMSELoss,RMSELoss,2026-07-31 09:35:53,104/200,2026-07-31 20:54:32,0.027362,0.072332,False,0.00000313,387.01,39682149,8,42
Densenet121_std0.05_90k_RMSELoss_20260731_093553,Densenet121_std0.05_90k_RMSELoss,RMSELoss,2026-07-31 09:35:53,105/200,2026-07-31 21:00:59,0.027218,0.076980,False,0.00000313,386.66,39682149,8,42
Densenet121_std0.05_90k_RMSELoss_20260731_093553,Densenet121_std0.05_90k_RMSELoss,RMSELoss,2026-07-31 09:35:53,106/200,2026-07-31 21:07:32,0.027196,0.073681,False,0.00000313,392.89,39682149,8,42
Densenet121_std0.05_90k_RMSELoss_20260731_093553,Densenet121_std0.05_90k_RMSELoss,RMSELoss,2026-07-31 09:35:53,107/200,2026-07-31 21:14:01,0.027207,0.073772,False,0.00000313,389.30,39682149,8,42
Densenet121_std0.05_90k_RMSELoss_20260731_093553,Densenet121_std0.05_90k_RMSELoss,RMSELoss,2026-07-31 09:35:53,108/200,2026-07-31 21:20:27,0.027128,0.069262,False,0.00000313,386.38,39682149,8,42
Densenet121_std0.05_90k_RMSELoss_20260731_093553,Densenet121_std0.05_90k_RMSELoss,RMSELoss,2026-07-31 09:35:53,109/200,2026-07-31 21:26:52,0.027046,0.094667,False,0.00000313,384.98,39682149,8,42
Densenet121_std0.05_90k_RMSELoss_20260731_093553,Densenet121_std0.05_90k_RMSELoss,RMSELoss,2026-07-31 09:35:53,110/200,2026-07-31 21:33:25,0.027051,0.069587,False,0.00000313,393.13,39682149,8,42
Densenet121_std0.05_90k_RMSELoss_20260731_093553,Densenet121_std0.05_90k_RMSELoss,RMSELoss,2026-07-31 09:35:53,111/200,2026-07-31 21:39:51,0.026959,0.067724,False,0.00000313,386.00,39682149,8,42
Densenet121_std0.05_90k_RMSELoss_20260731_093553,Densenet121_std0.05_90k_RMSELoss,RMSELoss,2026-07-31 09:35:53,112/200,2026-07-31 21:46:18,0.026976,0.067802,False,0.00000313,386.81,39682149,8,42
Densenet121_std0.05_90k_RMSELoss_20260731_093553,Densenet121_std0.05_90k_RMSELoss,RMSELoss,2026-07-31 09:35:53,113/200,2026-07-31 21:52:44,0.026926,0.070690,False,0.00000313,385.78,39682149,8,42
Densenet121_std0.05_90k_RMSELoss_20260731_093553,Densenet121_std0.05_90k_RMSELoss,RMSELoss,2026-07-31 09:35:53,114/200,2026-07-31 21:59:09,0.026948,0.077918,False,0.00000313,384.90,39682149,8,42
Densenet121_std0.05_90k_RMSELoss_20260731_093553,Densenet121_std0.05_90k_RMSELoss,RMSELoss,2026-07-31 09:35:53,115/200,2026-07-31 22:05:35,0.026823,0.069749,False,0.00000313,386.09,39682149,8,42
Densenet121_std0.05_90k_RMSELoss_20260731_093553,Densenet121_std0.05_90k_RMSELoss,RMSELoss,2026-07-31 09:35:53,116/200,2026-07-31 22:12:03,0.026764,0.068609,False,0.00000313,388.11,39682149,8,42
Densenet121_std0.05_90k_RMSELoss_20260731_093553,Densenet121_std0.05_90k_RMSELoss,RMSELoss,2026-07-31 09:35:53,117/200,2026-07-31 22:18:33,0.026778,0.066916,False,0.00000313,389.46,39682149,8,42
Densenet121_std0.05_90k_RMSELoss_20260731_093553,Densenet121_std0.05_90k_RMSELoss,RMSELoss,2026-07-31 09:35:53,118/200,2026-07-31 22:25:00,0.026752,0.069025,False,0.00000313,387.16,39682149,8,42
Densenet121_std0.05_90k_RMSELoss_20260731_093553,Densenet121_std0.05_90k_RMSELoss,RMSELoss,2026-07-31 09:35:53,119/200,2026-07-31 22:31:31,0.026709,0.071423,False,0.00000313,391.26,39682149,8,42
Densenet121_std0.05_90k_RMSELoss_20260731_093553,Densenet121_std0.05_90k_RMSELoss,RMSELoss,2026-07-31 09:35:53,120/200,2026-07-31 22:38:01,0.026667,0.086213,False,0.00000156,389.88,39682149,8,42
Densenet121_std0.05_90k_RMSELoss_20260731_093553,Densenet121_std0.05_90k_RMSELoss,RMSELoss,2026-07-31 09:35:53,121/200,2026-07-31 22:44:27,0.026439,0.083947,False,0.00000156,386.23,39682149,8,42
Densenet121_std0.05_90k_RMSELoss_20260731_093553,Densenet121_std0.05_90k_RMSELoss,RMSELoss,2026-07-31 09:35:53,122/200,2026-07-31 22:50:57,0.026369,0.075598,False,0.00000156,390.26,39682149,8,42
Densenet121_std0.05_90k_RMSELoss_20260731_093553,Densenet121_std0.05_90k_RMSELoss,RMSELoss,2026-07-31 09:35:53,123/200,2026-07-31 22:57:29,0.026390,0.077822,False,0.00000156,391.53,39682149,8,42
Densenet121_std0.05_90k_RMSELoss_20260731_093553,Densenet121_std0.05_90k_RMSELoss,RMSELoss,2026-07-31 09:35:53,124/200,2026-07-31 23:04:02,0.026357,0.090646,False,0.00000156,392.95,39682149,8,42
Densenet121_std0.05_90k_RMSELoss_20260731_093553,Densenet121_std0.05_90k_RMSELoss,RMSELoss,2026-07-31 09:35:53,125/200,2026-07-31 23:10:34,0.026330,0.069449,False,0.00000156,391.92,39682149,8,42
Densenet121_std0.05_90k_RMSELoss_20260731_093553,Densenet121_std0.05_90k_RMSELoss,RMSELoss,2026-07-31 09:35:53,126/200,2026-07-31 23:17:05,0.026304,0.069750,False,0.00000156,391.39,39682149,8,42
Densenet121_std0.05_90k_RMSELoss_20260731_093553,Densenet121_std0.05_90k_RMSELoss,RMSELoss,2026-07-31 09:35:53,127/200,2026-07-31 23:23:28,0.026283,0.066776,False,0.00000156,383.07,39682149,8,42
Densenet121_std0.05_90k_RMSELoss_20260731_093553,Densenet121_std0.05_90k_RMSELoss,RMSELoss,2026-07-31 09:35:53,128/200,2026-07-31 23:29:57,0.026185,0.086392,False,0.00000156,388.54,39682149,8,42
Densenet121_std0.05_90k_RMSELoss_20260731_093553,Densenet121_std0.05_90k_RMSELoss,RMSELoss,2026-07-31 09:35:53,129/200,2026-07-31 23:36:28,0.026237,0.069728,False,0.00000156,391.03,39682149,8,42
Densenet121_std0.05_90k_RMSELoss_20260731_093553,Densenet121_std0.05_90k_RMSELoss,RMSELoss,2026-07-31 09:35:53,130/200,2026-07-31 23:43:00,0.026206,0.069650,False,0.00000156,392.11,39682149,8,42
Densenet121_std0.05_90k_RMSELoss_20260731_093553,Densenet121_std0.05_90k_RMSELoss,RMSELoss,2026-07-31 09:35:53,131/200,2026-07-31 23:49:29,0.026204,0.090588,False,0.00000156,389.41,39682149,8,42
Densenet121_std0.05_90k_RMSELoss_20260731_093553,Densenet121_std0.05_90k_RMSELoss,RMSELoss,2026-07-31 09:35:53,132/200,2026-07-31 23:56:03,0.026170,0.073211,False,0.00000156,393.69,39682149,8,42
Densenet121_std0.05_90k_RMSELoss_20260731_093553,Densenet121_std0.05_90k_RMSELoss,RMSELoss,2026-07-31 09:35:53,133/200,2026-08-01 00:02:28,0.026104,0.075448,False,0.00000156,384.94,39682149,8,42
ModelSwinT_std0.05_90k_RMSELoss_20260801_000228,ModelSwinT_std0.05_90k_RMSELoss,RMSELoss,2026-08-01 00:02:28,1/200,2026-08-01 00:08:23,0.120913,0.105404,True,0.00010000,353.83,59985503,8,42
ModelSwinT_std0.05_90k_RMSELoss_20260801_000228,ModelSwinT_std0.05_90k_RMSELoss,RMSELoss,2026-08-01 00:02:28,2/200,2026-08-01 00:14:26,0.104538,0.101112,True,0.00010000,353.21,59985503,8,42
ModelSwinT_std0.05_90k_RMSELoss_20260801_000228,ModelSwinT_std0.05_90k_RMSELoss,RMSELoss,2026-08-01 00:02:28,3/200,2026-08-01 00:20:39,0.098442,0.095676,True,0.00010000,363.31,59985503,8,42
ModelSwinT_std0.05_90k_RMSELoss_20260801_000228,ModelSwinT_std0.05_90k_RMSELoss,RMSELoss,2026-08-01 00:02:28,4/200,2026-08-01 00:26:53,0.094839,0.092033,True,0.00010000,363.85,59985503,8,42
ModelSwinT_std0.05_90k_RMSELoss_20260801_000228,ModelSwinT_std0.05_90k_RMSELoss,RMSELoss,2026-08-01 00:02:28,5/200,2026-08-01 00:32:58,0.092278,0.090971,True,0.00010000,354.58,59985503,8,42
ModelSwinT_std0.05_90k_RMSELoss_20260801_000228,ModelSwinT_std0.05_90k_RMSELoss,RMSELoss,2026-08-01 00:02:28,6/200,2026-08-01 00:39:02,0.090134,0.091110,False,0.00010000,355.04,59985503,8,42
ModelSwinT_std0.05_90k_RMSELoss_20260801_000228,ModelSwinT_std0.05_90k_RMSELoss,RMSELoss,2026-08-01 00:02:28,7/200,2026-08-01 00:44:58,0.088250,0.086913,True,0.00010000,355.35,59985503,8,42
ModelSwinT_std0.05_90k_RMSELoss_20260801_000228,ModelSwinT_std0.05_90k_RMSELoss,RMSELoss,2026-08-01 00:02:28,8/200,2026-08-01 00:51:01,0.086830,0.085517,True,0.00010000,352.94,59985503,8,42
ModelSwinT_std0.05_90k_RMSELoss_20260801_000228,ModelSwinT_std0.05_90k_RMSELoss,RMSELoss,2026-08-01 00:02:28,9/200,2026-08-01 00:57:04,0.085241,0.085656,False,0.00010000,353.22,59985503,8,42
ModelSwinT_std0.05_90k_RMSELoss_20260801_000228,ModelSwinT_std0.05_90k_RMSELoss,RMSELoss,2026-08-01 00:02:28,10/200,2026-08-01 01:03:01,0.083852,0.083917,True,0.00010000,357.35,59985503,8,42
ModelSwinT_std0.05_90k_RMSELoss_20260801_000228,ModelSwinT_std0.05_90k_RMSELoss,RMSELoss,2026-08-01 00:02:28,11/200,2026-08-01 01:09:10,0.082391,0.083349,True,0.00010000,359.37,59985503,8,42
ModelSwinT_std0.05_90k_RMSELoss_20260801_000228,ModelSwinT_std0.05_90k_RMSELoss,RMSELoss,2026-08-01 00:02:28,12/200,2026-08-01 01:15:13,0.081251,0.083538,False,0.00010000,353.12,59985503,8,42
ModelSwinT_std0.05_90k_RMSELoss_20260801_000228,ModelSwinT_std0.05_90k_RMSELoss,RMSELoss,2026-08-01 00:02:28,13/200,2026-08-01 01:21:13,0.079985,0.082556,True,0.00010000,359.33,59985503,8,42
ModelSwinT_std0.05_90k_RMSELoss_20260801_000228,ModelSwinT_std0.05_90k_RMSELoss,RMSELoss,2026-08-01 00:02:28,14/200,2026-08-01 01:27:16,0.078847,0.081430,True,0.00010000,353.06,59985503,8,42
ModelSwinT_std0.05_90k_RMSELoss_20260801_000228,ModelSwinT_std0.05_90k_RMSELoss,RMSELoss,2026-08-01 00:02:28,15/200,2026-08-01 01:33:21,0.077955,0.080592,True,0.00010000,354.96,59985503,8,42
ModelSwinT_std0.05_90k_RMSELoss_20260801_000228,ModelSwinT_std0.05_90k_RMSELoss,RMSELoss,2026-08-01 00:02:28,16/200,2026-08-01 01:39:25,0.076966,0.080685,False,0.00010000,354.67,59985503,8,42
ModelSwinT_std0.05_90k_RMSELoss_20260801_000228,ModelSwinT_std0.05_90k_RMSELoss,RMSELoss,2026-08-01 00:02:28,17/200,2026-08-01 01:45:21,0.076080,0.079953,True,0.00010000,355.43,59985503,8,42
ModelSwinT_std0.05_90k_RMSELoss_20260801_000228,ModelSwinT_std0.05_90k_RMSELoss,RMSELoss,2026-08-01 00:02:28,18/200,2026-08-01 01:51:24,0.075164,0.078686,True,0.00010000,353.51,59985503,8,42
ModelSwinT_std0.05_90k_RMSELoss_20260801_000228,ModelSwinT_std0.05_90k_RMSELoss,RMSELoss,2026-08-01 00:02:28,19/200,2026-08-01 01:57:28,0.074562,0.080357,False,0.00010000,353.75,59985503,8,42
ModelSwinT_std0.05_90k_RMSELoss_20260801_000228,ModelSwinT_std0.05_90k_RMSELoss,RMSELoss,2026-08-01 00:02:28,20/200,2026-08-01 02:03:26,0.073600,0.078165,True,0.00005000,358.79,59985503,8,42
ModelSwinT_std0.05_90k_RMSELoss_20260801_000228,ModelSwinT_std0.05_90k_RMSELoss,RMSELoss,2026-08-01 00:02:28,21/200,2026-08-01 02:09:28,0.068844,0.075011,True,0.00005000,351.75,59985503,8,42
ModelSwinT_std0.05_90k_RMSELoss_20260801_000228,ModelSwinT_std0.05_90k_RMSELoss,RMSELoss,2026-08-01 00:02:28,22/200,2026-08-01 02:15:33,0.067242,0.074581,True,0.00005000,355.32,59985503,8,42
ModelSwinT_std0.05_90k_RMSELoss_20260801_000228,ModelSwinT_std0.05_90k_RMSELoss,RMSELoss,2026-08-01 00:02:28,23/200,2026-08-01 02:21:37,0.066242,0.074299,True,0.00005000,354.31,59985503,8,42
ModelSwinT_std0.05_90k_RMSELoss_20260801_000228,ModelSwinT_std0.05_90k_RMSELoss,RMSELoss,2026-08-01 00:02:28,24/200,2026-08-01 02:27:45,0.065483,0.074329,False,0.00005000,357.55,59985503,8,42
ModelSwinT_std0.05_90k_RMSELoss_20260801_000228,ModelSwinT_std0.05_90k_RMSELoss,RMSELoss,2026-08-01 00:02:28,25/200,2026-08-01 02:33:44,0.064816,0.074460,False,0.00005000,359.22,59985503,8,42
ModelSwinT_std0.05_90k_RMSELoss_20260801_000228,ModelSwinT_std0.05_90k_RMSELoss,RMSELoss,2026-08-01 00:02:28,26/200,2026-08-01 02:39:42,0.064226,0.074439,False,0.00005000,358.17,59985503,8,42
ModelSwinT_std0.05_90k_RMSELoss_20260801_000228,ModelSwinT_std0.05_90k_RMSELoss,RMSELoss,2026-08-01 00:02:28,27/200,2026-08-01 02:45:38,0.063580,0.072888,True,0.00005000,355.91,59985503,8,42
ModelSwinT_std0.05_90k_RMSELoss_20260801_000228,ModelSwinT_std0.05_90k_RMSELoss,RMSELoss,2026-08-01 00:02:28,28/200,2026-08-01 02:51:42,0.063027,0.074034,False,0.00005000,354.31,59985503,8,42
ModelSwinT_std0.05_90k_RMSELoss_20260801_000228,ModelSwinT_std0.05_90k_RMSELoss,RMSELoss,2026-08-01 00:02:28,29/200,2026-08-01 02:57:40,0.062342,0.074203,False,0.00005000,357.73,59985503,8,42
ModelSwinT_std0.05_90k_RMSELoss_20260801_000228,ModelSwinT_std0.05_90k_RMSELoss,RMSELoss,2026-08-01 00:02:28,30/200,2026-08-01 03:03:38,0.061992,0.072787,True,0.00005000,358.18,59985503,8,42
ModelSwinT_std0.05_90k_RMSELoss_20260801_000228,ModelSwinT_std0.05_90k_RMSELoss,RMSELoss,2026-08-01 00:02:28,31/200,2026-08-01 03:09:48,0.061453,0.073162,False,0.00005000,359.42,59985503,8,42
ModelSwinT_std0.05_90k_RMSELoss_20260801_000228,ModelSwinT_std0.05_90k_RMSELoss,RMSELoss,2026-08-01 00:02:28,32/200,2026-08-01 03:15:45,0.061060,0.073179,False,0.00005000,357.45,59985503,8,42
ModelSwinT_std0.05_90k_RMSELoss_20260801_000228,ModelSwinT_std0.05_90k_RMSELoss,RMSELoss,2026-08-01 00:02:28,33/200,2026-08-01 03:21:40,0.060687,0.073450,False,0.00005000,354.78,59985503,8,42
ModelSwinT_std0.05_90k_RMSELoss_20260801_000228,ModelSwinT_std0.05_90k_RMSELoss,RMSELoss,2026-08-01 00:02:28,34/200,2026-08-01 03:27:33,0.060078,0.073307,False,0.00005000,353.14,59985503,8,42
ModelSwinT_std0.05_90k_RMSELoss_20260801_000228,ModelSwinT_std0.05_90k_RMSELoss,RMSELoss,2026-08-01 00:02:28,35/200,2026-08-01 03:33:26,0.059739,0.073140,False,0.00005000,352.55,59985503,8,42
ModelSwinT_std0.05_90k_RMSELoss_20260801_000228,ModelSwinT_std0.05_90k_RMSELoss,RMSELoss,2026-08-01 00:02:28,36/200,2026-08-01 03:39:24,0.059338,0.072847,False,0.00005000,357.98,59985503,8,42
ModelSwinT_std0.05_90k_RMSELoss_20260801_000228,ModelSwinT_std0.05_90k_RMSELoss,RMSELoss,2026-08-01 00:02:28,37/200,2026-08-01 03:45:27,0.059019,0.072754,True,0.00005000,363.19,59985503,8,42
ModelSwinT_std0.05_90k_RMSELoss_20260801_000228,ModelSwinT_std0.05_90k_RMSELoss,RMSELoss,2026-08-01 00:02:28,38/200,2026-08-01 03:51:31,0.058647,0.072197,True,0.00005000,354.02,59985503,8,42
ModelSwinT_std0.05_90k_RMSELoss_20260801_000228,ModelSwinT_std0.05_90k_RMSELoss,RMSELoss,2026-08-01 00:02:28,39/200,2026-08-01 03:57:40,0.058218,0.072753,False,0.00005000,359.22,59985503,8,42
ModelSwinT_std0.05_90k_RMSELoss_20260801_000228,ModelSwinT_std0.05_90k_RMSELoss,RMSELoss,2026-08-01 00:02:28,40/200,2026-08-01 04:03:37,0.057787,0.071685,True,0.00002500,357.41,59985503,8,42
ModelSwinT_std0.05_90k_RMSELoss_20260801_000228,ModelSwinT_std0.05_90k_RMSELoss,RMSELoss,2026-08-01 00:02:28,41/200,2026-08-01 04:09:42,0.055014,0.070488,True,0.00002500,354.76,59985503,8,42
ModelSwinT_std0.05_90k_RMSELoss_20260801_000228,ModelSwinT_std0.05_90k_RMSELoss,RMSELoss,2026-08-01 00:02:28,42/200,2026-08-01 04:15:46,0.054108,0.070719,False,0.00002500,354.63,59985503,8,42
ModelSwinT_std0.05_90k_RMSELoss_20260801_000228,ModelSwinT_std0.05_90k_RMSELoss,RMSELoss,2026-08-01 00:02:28,43/200,2026-08-01 04:21:40,0.053571,0.070727,False,0.00002500,353.44,59985503,8,42
ModelSwinT_std0.05_90k_RMSELoss_20260801_000228,ModelSwinT_std0.05_90k_RMSELoss,RMSELoss,2026-08-01 00:02:28,44/200,2026-08-01 04:27:36,0.053048,0.070857,False,0.00002500,356.22,59985503,8,42
ModelSwinT_std0.05_90k_RMSELoss_20260801_000228,ModelSwinT_std0.05_90k_RMSELoss,RMSELoss,2026-08-01 00:02:28,45/200,2026-08-01 04:33:30,0.052766,0.070994,False,0.00002500,354.40,59985503,8,42
ModelSwinT_std0.05_90k_RMSELoss_20260801_000228,ModelSwinT_std0.05_90k_RMSELoss,RMSELoss,2026-08-01 00:02:28,46/200,2026-08-01 04:39:27,0.052334,0.069906,True,0.00002500,356.64,59985503,8,42
ModelSwinT_std0.05_90k_RMSELoss_20260801_000228,ModelSwinT_std0.05_90k_RMSELoss,RMSELoss,2026-08-01 00:02:28,47/200,2026-08-01 04:45:32,0.052117,0.070257,False,0.00002500,354.68,59985503,8,42
ModelSwinT_std0.05_90k_RMSELoss_20260801_000228,ModelSwinT_std0.05_90k_RMSELoss,RMSELoss,2026-08-01 00:02:28,48/200,2026-08-01 04:51:30,0.051798,0.070982,False,0.00002500,358.56,59985503,8,42
ModelSwinT_std0.05_90k_RMSELoss_20260801_000228,ModelSwinT_std0.05_90k_RMSELoss,RMSELoss,2026-08-01 00:02:28,49/200,2026-08-01 04:57:32,0.051393,0.070936,False,0.00002500,361.67,59985503,8,42
ModelSwinT_std0.05_90k_RMSELoss_20260801_000228,ModelSwinT_std0.05_90k_RMSELoss,RMSELoss,2026-08-01 00:02:28,50/200,2026-08-01 05:03:24,0.051036,0.070211,False,0.00002500,352.21,59985503,8,42
ModelSwinT_std0.05_90k_RMSELoss_20260801_000228,ModelSwinT_std0.05_90k_RMSELoss,RMSELoss,2026-08-01 00:02:28,51/200,2026-08-01 05:09:22,0.050879,0.071044,False,0.00002500,357.39,59985503,8,42
ModelSwinT_std0.05_90k_RMSELoss_20260801_000228,ModelSwinT_std0.05_90k_RMSELoss,RMSELoss,2026-08-01 00:02:28,52/200,2026-08-01 05:15:14,0.050567,0.070286,False,0.00002500,352.76,59985503,8,42
ModelSwinT_std0.05_90k_RMSELoss_20260801_000228,ModelSwinT_std0.05_90k_RMSELoss,RMSELoss,2026-08-01 00:02:28,53/200,2026-08-01 05:21:09,0.050269,0.070732,False,0.00002500,354.83,59985503,8,42
ModelSwinT_std0.05_90k_RMSELoss_20260801_000228,ModelSwinT_std0.05_90k_RMSELoss,RMSELoss,2026-08-01 00:02:28,54/200,2026-08-01 05:27:09,0.050231,0.070190,False,0.00002500,359.89,59985503,8,42
ModelSwinT_std0.05_90k_RMSELoss_20260801_000228,ModelSwinT_std0.05_90k_RMSELoss,RMSELoss,2026-08-01 00:02:28,55/200,2026-08-01 05:33:08,0.049926,0.070057,False,0.00002500,358.53,59985503,8,42
ModelSwinT_std0.05_90k_RMSELoss_20260801_000228,ModelSwinT_std0.05_90k_RMSELoss,RMSELoss,2026-08-01 00:02:28,56/200,2026-08-01 05:39:01,0.049568,0.070158,False,0.00002500,353.61,59985503,8,42
ModelSwinT_std0.05_90k_RMSELoss_20260801_000228,ModelSwinT_std0.05_90k_RMSELoss,RMSELoss,2026-08-01 00:02:28,57/200,2026-08-01 05:44:55,0.049279,0.069688,True,0.00002500,353.70,59985503,8,42
ModelSwinT_std0.05_90k_RMSELoss_20260801_000228,ModelSwinT_std0.05_90k_RMSELoss,RMSELoss,2026-08-01 00:02:28,58/200,2026-08-01 05:50:58,0.049018,0.069766,False,0.00002500,353.17,59985503,8,42
ModelSwinT_std0.05_90k_RMSELoss_20260801_000228,ModelSwinT_std0.05_90k_RMSELoss,RMSELoss,2026-08-01 00:02:28,59/200,2026-08-01 05:56:54,0.048854,0.070312,False,0.00002500,355.87,59985503,8,42
ModelSwinT_std0.05_90k_RMSELoss_20260801_000228,ModelSwinT_std0.05_90k_RMSELoss,RMSELoss,2026-08-01 00:02:28,60/200,2026-08-01 06:02:47,0.048526,0.070418,False,0.00001250,353.23,59985503,8,42
ModelSwinT_std0.05_90k_RMSELoss_20260801_000228,ModelSwinT_std0.05_90k_RMSELoss,RMSELoss,2026-08-01 00:02:28,61/200,2026-08-01 06:08:42,0.046923,0.069382,True,0.00001250,354.48,59985503,8,42
ModelSwinT_std0.05_90k_RMSELoss_20260801_000228,ModelSwinT_std0.05_90k_RMSELoss,RMSELoss,2026-08-01 00:02:28,62/200,2026-08-01 06:14:44,0.046430,0.069665,False,0.00001250,352.87,59985503,8,42
ModelSwinT_std0.05_90k_RMSELoss_20260801_000228,ModelSwinT_std0.05_90k_RMSELoss,RMSELoss,2026-08-01 00:02:28,63/200,2026-08-01 06:20:40,0.046039,0.069448,False,0.00001250,356.19,59985503,8,42
ModelSwinT_std0.05_90k_RMSELoss_20260801_000228,ModelSwinT_std0.05_90k_RMSELoss,RMSELoss,2026-08-01 00:02:28,64/200,2026-08-01 06:26:33,0.045994,0.069335,True,0.00001250,352.21,59985503,8,42
ModelSwinT_std0.05_90k_RMSELoss_20260801_000228,ModelSwinT_std0.05_90k_RMSELoss,RMSELoss,2026-08-01 00:02:28,65/200,2026-08-01 06:32:35,0.045827,0.069142,True,0.00001250,352.39,59985503,8,42
ModelSwinT_std0.05_90k_RMSELoss_20260801_000228,ModelSwinT_std0.05_90k_RMSELoss,RMSELoss,2026-08-01 00:02:28,66/200,2026-08-01 06:38:39,0.045629,0.069114,True,0.00001250,353.60,59985503,8,42
ModelSwinT_std0.05_90k_RMSELoss_20260801_000228,ModelSwinT_std0.05_90k_RMSELoss,RMSELoss,2026-08-01 00:02:28,67/200,2026-08-01 06:44:41,0.045411,0.069322,False,0.00001250,352.63,59985503,8,42
ModelSwinT_std0.05_90k_RMSELoss_20260801_000228,ModelSwinT_std0.05_90k_RMSELoss,RMSELoss,2026-08-01 00:02:28,68/200,2026-08-01 06:50:36,0.045119,0.069432,False,0.00001250,355.08,59985503,8,42
ModelSwinT_std0.05_90k_RMSELoss_20260801_000228,ModelSwinT_std0.05_90k_RMSELoss,RMSELoss,2026-08-01 00:02:28,69/200,2026-08-01 06:56:33,0.044993,0.070090,False,0.00001250,356.32,59985503,8,42
ModelSwinT_std0.05_90k_RMSELoss_20260801_000228,ModelSwinT_std0.05_90k_RMSELoss,RMSELoss,2026-08-01 00:02:28,70/200,2026-08-01 07:02:26,0.044999,0.069386,False,0.00001250,353.02,59985503,8,42
ModelSwinT_std0.05_90k_RMSELoss_20260801_000228,ModelSwinT_std0.05_90k_RMSELoss,RMSELoss,2026-08-01 00:02:28,71/200,2026-08-01 07:08:22,0.044610,0.068876,True,0.00001250,356.21,59985503,8,42
ModelSwinT_std0.05_90k_RMSELoss_20260801_000228,ModelSwinT_std0.05_90k_RMSELoss,RMSELoss,2026-08-01 00:02:28,72/200,2026-08-01 07:14:25,0.044688,0.069138,False,0.00001250,353.78,59985503,8,42
ModelSwinT_std0.05_90k_RMSELoss_20260801_000228,ModelSwinT_std0.05_90k_RMSELoss,RMSELoss,2026-08-01 00:02:28,73/200,2026-08-01 07:20:23,0.044422,0.069183,False,0.00001250,357.84,59985503,8,42
ModelSwinT_std0.05_90k_RMSELoss_20260801_000228,ModelSwinT_std0.05_90k_RMSELoss,RMSELoss,2026-08-01 00:02:28,74/200,2026-08-01 07:26:17,0.044323,0.069627,False,0.00001250,353.39,59985503,8,42
ModelSwinT_std0.05_90k_RMSELoss_20260801_000228,ModelSwinT_std0.05_90k_RMSELoss,RMSELoss,2026-08-01 00:02:28,75/200,2026-08-01 07:32:15,0.044076,0.069684,False,0.00001250,358.60,59985503,8,42
ModelSwinT_std0.05_90k_RMSELoss_20260801_000228,ModelSwinT_std0.05_90k_RMSELoss,RMSELoss,2026-08-01 00:02:28,76/200,2026-08-01 07:38:13,0.043924,0.069184,False,0.00001250,357.41,59985503,8,42
ModelSwinT_std0.05_90k_RMSELoss_20260801_000228,ModelSwinT_std0.05_90k_RMSELoss,RMSELoss,2026-08-01 00:02:28,77/200,2026-08-01 07:44:05,0.043883,0.069216,False,0.00001250,352.68,59985503,8,42
ModelSwinT_std0.05_90k_RMSELoss_20260801_000228,ModelSwinT_std0.05_90k_RMSELoss,RMSELoss,2026-08-01 00:02:28,78/200,2026-08-01 07:50:04,0.043706,0.068934,False,0.00001250,358.67,59985503,8,42
ModelSwinT_std0.05_90k_RMSELoss_20260801_000228,ModelSwinT_std0.05_90k_RMSELoss,RMSELoss,2026-08-01 00:02:28,79/200,2026-08-01 07:56:01,0.043554,0.069214,False,0.00001250,357.07,59985503,8,42
ModelSwinT_std0.05_90k_RMSELoss_20260801_000228,ModelSwinT_std0.05_90k_RMSELoss,RMSELoss,2026-08-01 00:02:28,80/200,2026-08-01 08:01:55,0.043402,0.068876,False,0.00000625,354.12,59985503,8,42
ModelSwinT_std0.05_90k_RMSELoss_20260801_000228,ModelSwinT_std0.05_90k_RMSELoss,RMSELoss,2026-08-01 00:02:28,81/200,2026-08-01 08:07:48,0.042598,0.068650,True,0.00000625,352.76,59985503,8,42
ModelSwinT_std0.05_90k_RMSELoss_20260801_000228,ModelSwinT_std0.05_90k_RMSELoss,RMSELoss,2026-08-01 00:02:28,82/200,2026-08-01 08:13:50,0.042331,0.069092,False,0.00000625,352.09,59985503,8,42
ModelSwinT_std0.05_90k_RMSELoss_20260801_000228,ModelSwinT_std0.05_90k_RMSELoss,RMSELoss,2026-08-01 00:02:28,83/200,2026-08-01 08:19:48,0.042041,0.069065,False,0.00000625,357.34,59985503,8,42
ModelSwinT_std0.05_90k_RMSELoss_20260801_000228,ModelSwinT_std0.05_90k_RMSELoss,RMSELoss,2026-08-01 00:02:28,84/200,2026-08-01 08:25:40,0.042124,0.069026,False,0.00000625,352.63,59985503,8,42
ModelSwinT_std0.05_90k_RMSELoss_20260801_000228,ModelSwinT_std0.05_90k_RMSELoss,RMSELoss,2026-08-01 00:02:28,85/200,2026-08-01 08:31:34,0.042033,0.068925,False,0.00000625,353.84,59985503,8,42
ModelSwinT_std0.05_90k_RMSELoss_20260801_000228,ModelSwinT_std0.05_90k_RMSELoss,RMSELoss,2026-08-01 00:02:28,86/200,2026-08-01 08:37:29,0.041842,0.068779,False,0.00000625,354.85,59985503,8,42
ModelSwinT_std0.05_90k_RMSELoss_20260801_000228,ModelSwinT_std0.05_90k_RMSELoss,RMSELoss,2026-08-01 00:02:28,87/200,2026-08-01 08:43:25,0.041816,0.068674,False,0.00000625,356.35,59985503,8,42
ModelSwinT_std0.05_90k_RMSELoss_20260801_000228,ModelSwinT_std0.05_90k_RMSELoss,RMSELoss,2026-08-01 00:02:28,88/200,2026-08-01 08:49:20,0.041674,0.068569,True,0.00000625,354.55,59985503,8,42
ModelSwinT_std0.05_90k_RMSELoss_20260801_000228,ModelSwinT_std0.05_90k_RMSELoss,RMSELoss,2026-08-01 00:02:28,89/200,2026-08-01 08:55:23,0.041681,0.068669,False,0.00000625,353.57,59985503,8,42
ModelSwinT_std0.05_90k_RMSELoss_20260801_000228,ModelSwinT_std0.05_90k_RMSELoss,RMSELoss,2026-08-01 00:02:28,90/200,2026-08-01 09:01:18,0.041441,0.068761,False,0.00000625,354.84,59985503,8,42
ModelSwinT_std0.05_90k_RMSELoss_20260801_000228,ModelSwinT_std0.05_90k_RMSELoss,RMSELoss,2026-08-01 00:02:28,91/200,2026-08-01 09:07:17,0.041546,0.068824,False,0.00000625,358.33,59985503,8,42
ModelSwinT_std0.05_90k_RMSELoss_20260801_000228,ModelSwinT_std0.05_90k_RMSELoss,RMSELoss,2026-08-01 00:02:28,92/200,2026-08-01 09:13:12,0.041320,0.068804,False,0.00000625,355.45,59985503,8,42
ModelSwinT_std0.05_90k_RMSELoss_20260801_000228,ModelSwinT_std0.05_90k_RMSELoss,RMSELoss,2026-08-01 00:02:28,93/200,2026-08-01 09:19:05,0.041122,0.068875,False,0.00000625,353.10,59985503,8,42
ModelSwinT_std0.05_90k_RMSELoss_20260801_000228,ModelSwinT_std0.05_90k_RMSELoss,RMSELoss,2026-08-01 00:02:28,94/200,2026-08-01 09:24:58,0.041163,0.068992,False,0.00000625,352.92,59985503,8,42
ModelSwinT_std0.05_90k_RMSELoss_20260801_000228,ModelSwinT_std0.05_90k_RMSELoss,RMSELoss,2026-08-01 00:02:28,95/200,2026-08-01 09:30:51,0.041118,0.068457,True,0.00000625,352.80,59985503,8,42
ModelSwinT_std0.05_90k_RMSELoss_20260801_000228,ModelSwinT_std0.05_90k_RMSELoss,RMSELoss,2026-08-01 00:02:28,96/200,2026-08-01 09:36:56,0.040966,0.068762,False,0.00000625,355.50,59985503,8,42
ModelSwinT_std0.05_90k_RMSELoss_20260801_000228,ModelSwinT_std0.05_90k_RMSELoss,RMSELoss,2026-08-01 00:02:28,97/200,2026-08-01 09:42:54,0.040961,0.068421,True,0.00000625,357.49,59985503,8,42
ModelSwinT_std0.05_90k_RMSELoss_20260801_000228,ModelSwinT_std0.05_90k_RMSELoss,RMSELoss,2026-08-01 00:02:28,98/200,2026-08-01 09:48:59,0.040852,0.068954,False,0.00000625,354.89,59985503,8,42
ModelSwinT_std0.05_90k_RMSELoss_20260801_000228,ModelSwinT_std0.05_90k_RMSELoss,RMSELoss,2026-08-01 00:02:28,99/200,2026-08-01 09:54:54,0.040862,0.068863,False,0.00000625,354.93,59985503,8,42
ModelSwinT_std0.05_90k_RMSELoss_20260801_000228,ModelSwinT_std0.05_90k_RMSELoss,RMSELoss,2026-08-01 00:02:28,100/200,2026-08-01 10:00:47,0.040637,0.068652,False,0.00000313,353.50,59985503,8,42
ModelSwinT_std0.05_90k_RMSELoss_20260801_000228,ModelSwinT_std0.05_90k_RMSELoss,RMSELoss,2026-08-01 00:02:28,101/200,2026-08-01 10:06:46,0.040310,0.068738,False,0.00000313,359.11,59985503,8,42
ModelSwinT_std0.05_90k_RMSELoss_20260801_000228,ModelSwinT_std0.05_90k_RMSELoss,RMSELoss,2026-08-01 00:02:28,102/200,2026-08-01 10:12:42,0.040144,0.068760,False,0.00000313,355.94,59985503,8,42
ModelSwinT_std0.05_90k_RMSELoss_20260801_000228,ModelSwinT_std0.05_90k_RMSELoss,RMSELoss,2026-08-01 00:02:28,103/200,2026-08-01 10:18:39,0.040136,0.068758,False,0.00000313,357.28,59985503,8,42
ModelSwinT_std0.05_90k_RMSELoss_20260801_000228,ModelSwinT_std0.05_90k_RMSELoss,RMSELoss,2026-08-01 00:02:28,104/200,2026-08-01 10:24:32,0.040117,0.068655,False,0.00000313,352.78,59985503,8,42
ModelSwinT_std0.05_90k_RMSELoss_20260801_000228,ModelSwinT_std0.05_90k_RMSELoss,RMSELoss,2026-08-01 00:02:28,105/200,2026-08-01 10:30:29,0.040066,0.068731,False,0.00000313,356.65,59985503,8,42
ModelSwinT_std0.05_90k_RMSELoss_20260801_000228,ModelSwinT_std0.05_90k_RMSELoss,RMSELoss,2026-08-01 00:02:28,106/200,2026-08-01 10:36:28,0.039948,0.068691,False,0.00000313,358.56,59985503,8,42
ModelSwinT_std0.05_90k_RMSELoss_20260801_000228,ModelSwinT_std0.05_90k_RMSELoss,RMSELoss,2026-08-01 00:02:28,107/200,2026-08-01 10:42:25,0.039809,0.068704,False,0.00000313,357.49,59985503,8,42
ModelSwinT_std0.05_90k_RMSELoss_20260801_000228,ModelSwinT_std0.05_90k_RMSELoss,RMSELoss,2026-08-01 00:02:28,108/200,2026-08-01 10:48:17,0.039853,0.068729,False,0.00000313,352.00,59985503,8,42
ModelSwinT_std0.05_90k_RMSELoss_20260801_000228,ModelSwinT_std0.05_90k_RMSELoss,RMSELoss,2026-08-01 00:02:28,109/200,2026-08-01 10:54:10,0.039896,0.068659,False,0.00000313,352.98,59985503,8,42
ModelSwinT_std0.05_90k_RMSELoss_20260801_000228,ModelSwinT_std0.05_90k_RMSELoss,RMSELoss,2026-08-01 00:02:28,110/200,2026-08-01 11:00:02,0.039666,0.068720,False,0.00000313,351.83,59985503,8,42
ModelSwinT_std0.05_90k_RMSELoss_20260801_000228,ModelSwinT_std0.05_90k_RMSELoss,RMSELoss,2026-08-01 00:02:28,111/200,2026-08-01 11:05:55,0.039570,0.068597,False,0.00000313,353.44,59985503,8,42
ModelSwinT_std0.05_90k_RMSELoss_20260801_000228,ModelSwinT_std0.05_90k_RMSELoss,RMSELoss,2026-08-01 00:02:28,112/200,2026-08-01 11:11:47,0.039620,0.068666,False,0.00000313,352.14,59985503,8,42
ModelSwinT_std0.05_90k_RMSELoss_20260801_000228,ModelSwinT_std0.05_90k_RMSELoss,RMSELoss,2026-08-01 00:02:28,113/200,2026-08-01 11:17:48,0.039615,0.068698,False,0.00000313,360.85,59985503,8,42
ModelSwinT_std0.05_90k_RMSELoss_20260801_000228,ModelSwinT_std0.05_90k_RMSELoss,RMSELoss,2026-08-01 00:02:28,114/200,2026-08-01 11:23:40,0.039669,0.068682,False,0.00000313,351.55,59985503,8,42
ModelSwinT_std0.05_90k_RMSELoss_20260801_000228,ModelSwinT_std0.05_90k_RMSELoss,RMSELoss,2026-08-01 00:02:28,115/200,2026-08-01 11:29:38,0.039577,0.068695,False,0.00000313,357.69,59985503,8,42
ModelSwinT_std0.05_90k_RMSELoss_20260801_000228,ModelSwinT_std0.05_90k_RMSELoss,RMSELoss,2026-08-01 00:02:28,116/200,2026-08-01 11:35:33,0.039543,0.068796,False,0.00000313,354.97,59985503,8,42
ModelSwinT_std0.05_90k_RMSELoss_20260801_000228,ModelSwinT_std0.05_90k_RMSELoss,RMSELoss,2026-08-01 00:02:28,117/200,2026-08-01 11:41:26,0.039397,0.068795,False,0.00000313,353.51,59985503,8,42
ModelSwinT_std0.05_90k_RMSELoss_20260801_000228,ModelSwinT_std0.05_90k_RMSELoss,RMSELoss,2026-08-01 00:02:28,118/200,2026-08-01 11:47:24,0.039432,0.068953,False,0.00000313,357.58,59985503,8,42
ModelSwinT_std0.05_90k_RMSELoss_20260801_000228,ModelSwinT_std0.05_90k_RMSELoss,RMSELoss,2026-08-01 00:02:28,119/200,2026-08-01 11:53:25,0.039386,0.068646,False,0.00000313,361.35,59985503,8,42
ModelSwinT_std0.05_90k_RMSELoss_20260801_000228,ModelSwinT_std0.05_90k_RMSELoss,RMSELoss,2026-08-01 00:02:28,120/200,2026-08-01 11:59:16,0.039312,0.068740,False,0.00000156,351.44,59985503,8,42
ModelSwinT_std0.05_90k_RMSELoss_20260801_000228,ModelSwinT_std0.05_90k_RMSELoss,RMSELoss,2026-08-01 00:02:28,121/200,2026-08-01 12:05:15,0.039133,0.068759,False,0.00000156,358.13,59985503,8,42
ModelSwinT_std0.05_90k_RMSELoss_20260801_000228,ModelSwinT_std0.05_90k_RMSELoss,RMSELoss,2026-08-01 00:02:28,122/200,2026-08-01 12:11:11,0.038936,0.068910,False,0.00000156,356.44,59985503,8,42
ModelSwinT_std0.05_90k_RMSELoss_20260801_000228,ModelSwinT_std0.05_90k_RMSELoss,RMSELoss,2026-08-01 00:02:28,123/200,2026-08-01 12:17:07,0.038969,0.068820,False,0.00000156,356.07,59985503,8,42
ModelSwinT_std0.05_90k_RMSELoss_20260801_000228,ModelSwinT_std0.05_90k_RMSELoss,RMSELoss,2026-08-01 00:02:28,124/200,2026-08-01 12:23:00,0.038974,0.068617,False,0.00000156,353.37,59985503,8,42
ModelSwinT_std0.05_90k_RMSELoss_20260801_000228,ModelSwinT_std0.05_90k_RMSELoss,RMSELoss,2026-08-01 00:02:28,125/200,2026-08-01 12:28:57,0.038919,0.068451,False,0.00000156,356.47,59985503,8,42
ModelSwinT_std0.05_90k_RMSELoss_20260801_000228,ModelSwinT_std0.05_90k_RMSELoss,RMSELoss,2026-08-01 00:02:28,126/200,2026-08-01 12:34:51,0.038830,0.068646,False,0.00000156,354.48,59985503,8,42
ModelSwinT_std0.05_90k_RMSELoss_20260801_000228,ModelSwinT_std0.05_90k_RMSELoss,RMSELoss,2026-08-01 00:02:28,127/200,2026-08-01 12:40:49,0.038820,0.068638,False,0.00000156,357.45,59985503,8,42
ModelSwinT_std0.05_90k_RMSELoss_20260801_000228,ModelSwinT_std0.05_90k_RMSELoss,RMSELoss,2026-08-01 00:02:28,128/200,2026-08-01 12:46:44,0.038834,0.068638,False,0.00000156,355.11,59985503,8,42
ModelSwinT_std0.05_90k_RMSELoss_20260801_000228,ModelSwinT_std0.05_90k_RMSELoss,RMSELoss,2026-08-01 00:02:28,129/200,2026-08-01 12:52:43,0.038786,0.068658,False,0.00000156,358.76,59985503,8,42
ModelSwinT_std0.05_90k_RMSELoss_20260801_000228,ModelSwinT_std0.05_90k_RMSELoss,RMSELoss,2026-08-01 00:02:28,130/200,2026-08-01 12:58:40,0.038655,0.068685,False,0.00000156,357.60,59985503,8,42
ModelSwinT_std0.05_90k_RMSELoss_20260801_000228,ModelSwinT_std0.05_90k_RMSELoss,RMSELoss,2026-08-01 00:02:28,131/200,2026-08-01 13:04:38,0.038732,0.068595,False,0.00000156,357.13,59985503,8,42
ModelSwinT_std0.05_90k_RMSELoss_20260801_000228,ModelSwinT_std0.05_90k_RMSELoss,RMSELoss,2026-08-01 00:02:28,132/200,2026-08-01 13:10:37,0.038815,0.068614,False,0.00000156,359.59,59985503,8,42
ModelSwinT_std0.05_90k_RMSELoss_20260801_000228,ModelSwinT_std0.05_90k_RMSELoss,RMSELoss,2026-08-01 00:02:28,133/200,2026-08-01 13:16:31,0.038691,0.068750,False,0.00000156,353.55,59985503,8,42
ModelSwinT_std0.05_90k_RMSELoss_20260801_000228,ModelSwinT_std0.05_90k_RMSELoss,RMSELoss,2026-08-01 00:02:28,134/200,2026-08-01 13:22:28,0.038653,0.068837,False,0.00000156,357.21,59985503,8,42
ModelSwinT_std0.05_90k_RMSELoss_20260801_000228,ModelSwinT_std0.05_90k_RMSELoss,RMSELoss,2026-08-01 00:02:28,135/200,2026-08-01 13:28:27,0.038833,0.068480,False,0.00000156,358.72,59985503,8,42
ModelSwinT_std0.05_90k_RMSELoss_20260801_000228,ModelSwinT_std0.05_90k_RMSELoss,RMSELoss,2026-08-01 00:02:28,136/200,2026-08-01 13:34:25,0.038568,0.068626,False,0.00000156,358.30,59985503,8,42
ModelSwinT_std0.05_90k_RMSELoss_20260801_000228,ModelSwinT_std0.05_90k_RMSELoss,RMSELoss,2026-08-01 00:02:28,137/200,2026-08-01 13:40:21,0.038615,0.068598,False,0.00000156,355.56,59985503,8,42
ModelSwinT_std0.05_90k_RMSELoss_20260801_000228,ModelSwinT_std0.05_90k_RMSELoss,RMSELoss,2026-08-01 00:02:28,138/200,2026-08-01 13:46:20,0.038659,0.068663,False,0.00000156,359.71,59985503,8,42
ModelSwinT_std0.05_90k_RMSELoss_20260801_000228,ModelSwinT_std0.05_90k_RMSELoss,RMSELoss,2026-08-01 00:02:28,139/200,2026-08-01 13:52:16,0.038546,0.068751,False,0.00000156,355.36,59985503,8,42
ModelSwinT_std0.05_90k_RMSELoss_20260801_000228,ModelSwinT_std0.05_90k_RMSELoss,RMSELoss,2026-08-01 00:02:28,140/200,2026-08-01 13:58:08,0.038687,0.068626,False,0.00000078,352.57,59985503,8,42
ModelSwinT_std0.05_90k_RMSELoss_20260801_000228,ModelSwinT_std0.05_90k_RMSELoss,RMSELoss,2026-08-01 00:02:28,141/200,2026-08-01 14:04:06,0.038486,0.068590,False,0.00000078,357.61,59985503,8,42
ModelSwinT_std0.05_90k_RMSELoss_20260801_000228,ModelSwinT_std0.05_90k_RMSELoss,RMSELoss,2026-08-01 00:02:28,142/200,2026-08-01 14:10:03,0.038440,0.068541,False,0.00000078,357.17,59985503,8,42
ModelEfficientNetB0_fvs_std0.05_90k_RMSELoss_20260801_141003,ModelEfficientNetB0_fvs_std0.05_90k_RMSELoss,RMSELoss,2026-08-01 14:10:03,1/200,2026-08-01 14:14:30,0.113936,1.654072,True,0.00010000,265.59,36997985,8,42
ModelEfficientNetB0_fvs_std0.05_90k_RMSELoss_20260801_141003,ModelEfficientNetB0_fvs_std0.05_90k_RMSELoss,RMSELoss,2026-08-01 14:10:03,2/200,2026-08-01 14:19:06,0.097436,0.210648,True,0.00010000,267.20,36997985,8,42
ModelEfficientNetB0_fvs_std0.05_90k_RMSELoss_20260801_141003,ModelEfficientNetB0_fvs_std0.05_90k_RMSELoss,RMSELoss,2026-08-01 14:10:03,3/200,2026-08-01 14:23:41,0.091715,0.182428,True,0.00010000,265.24,36997985,8,42
ModelEfficientNetB0_fvs_std0.05_90k_RMSELoss_20260801_141003,ModelEfficientNetB0_fvs_std0.05_90k_RMSELoss,RMSELoss,2026-08-01 14:10:03,4/200,2026-08-01 14:28:18,0.087900,0.172269,True,0.00010000,266.77,36997985,8,42
ModelEfficientNetB0_fvs_std0.05_90k_RMSELoss_20260801_141003,ModelEfficientNetB0_fvs_std0.05_90k_RMSELoss,RMSELoss,2026-08-01 14:10:03,5/200,2026-08-01 14:32:55,0.085108,0.160739,True,0.00010000,267.95,36997985,8,42
ModelEfficientNetB0_fvs_std0.05_90k_RMSELoss_20260801_141003,ModelEfficientNetB0_fvs_std0.05_90k_RMSELoss,RMSELoss,2026-08-01 14:10:03,6/200,2026-08-01 14:37:36,0.082886,0.144023,True,0.00010000,270.80,36997985,8,42
ModelEfficientNetB0_fvs_std0.05_90k_RMSELoss_20260801_141003,ModelEfficientNetB0_fvs_std0.05_90k_RMSELoss,RMSELoss,2026-08-01 14:10:03,7/200,2026-08-01 14:42:12,0.080944,0.124074,True,0.00010000,266.89,36997985,8,42
ModelEfficientNetB0_fvs_std0.05_90k_RMSELoss_20260801_141003,ModelEfficientNetB0_fvs_std0.05_90k_RMSELoss,RMSELoss,2026-08-01 14:10:03,8/200,2026-08-01 14:46:49,0.079543,0.119740,True,0.00010000,266.92,36997985,8,42
ModelEfficientNetB0_fvs_std0.05_90k_RMSELoss_20260801_141003,ModelEfficientNetB0_fvs_std0.05_90k_RMSELoss,RMSELoss,2026-08-01 14:10:03,9/200,2026-08-01 14:51:25,0.077814,0.128791,False,0.00010000,267.10,36997985,8,42
ModelEfficientNetB0_fvs_std0.05_90k_RMSELoss_20260801_141003,ModelEfficientNetB0_fvs_std0.05_90k_RMSELoss,RMSELoss,2026-08-01 14:10:03,10/200,2026-08-01 14:55:51,0.076421,0.134264,False,0.00010000,265.59,36997985,8,42
ModelEfficientNetB0_fvs_std0.05_90k_RMSELoss_20260801_141003,ModelEfficientNetB0_fvs_std0.05_90k_RMSELoss,RMSELoss,2026-08-01 14:10:03,11/200,2026-08-01 15:00:17,0.075124,0.141213,False,0.00010000,266.38,36997985,8,42
ModelEfficientNetB0_fvs_std0.05_90k_RMSELoss_20260801_141003,ModelEfficientNetB0_fvs_std0.05_90k_RMSELoss,RMSELoss,2026-08-01 14:10:03,12/200,2026-08-01 15:04:44,0.074064,0.118953,True,0.00010000,267.12,36997985,8,42
ModelEfficientNetB0_fvs_std0.05_90k_RMSELoss_20260801_141003,ModelEfficientNetB0_fvs_std0.05_90k_RMSELoss,RMSELoss,2026-08-01 14:10:03,13/200,2026-08-01 15:09:21,0.072812,0.109626,True,0.00010000,267.09,36997985,8,42
ModelEfficientNetB0_fvs_std0.05_90k_RMSELoss_20260801_141003,ModelEfficientNetB0_fvs_std0.05_90k_RMSELoss,RMSELoss,2026-08-01 14:10:03,14/200,2026-08-01 15:14:03,0.071823,0.121970,False,0.00010000,271.89,36997985,8,42
ModelEfficientNetB0_fvs_std0.05_90k_RMSELoss_20260801_141003,ModelEfficientNetB0_fvs_std0.05_90k_RMSELoss,RMSELoss,2026-08-01 14:10:03,15/200,2026-08-01 15:18:30,0.070722,0.107578,True,0.00010000,267.09,36997985,8,42
ModelEfficientNetB0_fvs_std0.05_90k_RMSELoss_20260801_141003,ModelEfficientNetB0_fvs_std0.05_90k_RMSELoss,RMSELoss,2026-08-01 14:10:03,16/200,2026-08-01 15:23:05,0.069642,0.106411,True,0.00010000,265.69,36997985,8,42
ModelEfficientNetB0_fvs_std0.05_90k_RMSELoss_20260801_141003,ModelEfficientNetB0_fvs_std0.05_90k_RMSELoss,RMSELoss,2026-08-01 14:10:03,17/200,2026-08-01 15:27:41,0.068994,0.093662,True,0.00010000,266.34,36997985,8,42
ModelEfficientNetB0_fvs_std0.05_90k_RMSELoss_20260801_141003,ModelEfficientNetB0_fvs_std0.05_90k_RMSELoss,RMSELoss,2026-08-01 14:10:03,18/200,2026-08-01 15:32:17,0.068022,0.094931,False,0.00010000,266.93,36997985,8,42
ModelEfficientNetB0_fvs_std0.05_90k_RMSELoss_20260801_141003,ModelEfficientNetB0_fvs_std0.05_90k_RMSELoss,RMSELoss,2026-08-01 14:10:03,19/200,2026-08-01 15:36:44,0.067359,0.087622,True,0.00010000,266.23,36997985,8,42
ModelEfficientNetB0_fvs_std0.05_90k_RMSELoss_20260801_141003,ModelEfficientNetB0_fvs_std0.05_90k_RMSELoss,RMSELoss,2026-08-01 14:10:03,20/200,2026-08-01 15:41:22,0.066461,0.086954,True,0.00005000,268.89,36997985,8,42
ModelEfficientNetB0_fvs_std0.05_90k_RMSELoss_20260801_141003,ModelEfficientNetB0_fvs_std0.05_90k_RMSELoss,RMSELoss,2026-08-01 14:10:03,21/200,2026-08-01 15:45:58,0.062189,0.084399,True,0.00005000,266.24,36997985,8,42
ModelEfficientNetB0_fvs_std0.05_90k_RMSELoss_20260801_141003,ModelEfficientNetB0_fvs_std0.05_90k_RMSELoss,RMSELoss,2026-08-01 14:10:03,22/200,2026-08-01 15:50:34,0.060826,0.081434,True,0.00005000,266.88,36997985,8,42
ModelEfficientNetB0_fvs_std0.05_90k_RMSELoss_20260801_141003,ModelEfficientNetB0_fvs_std0.05_90k_RMSELoss,RMSELoss,2026-08-01 14:10:03,23/200,2026-08-01 15:55:10,0.059838,0.080321,True,0.00005000,266.18,36997985,8,42
ModelEfficientNetB0_fvs_std0.05_90k_RMSELoss_20260801_141003,ModelEfficientNetB0_fvs_std0.05_90k_RMSELoss,RMSELoss,2026-08-01 14:10:03,24/200,2026-08-01 15:59:46,0.059090,0.081690,False,0.00005000,266.07,36997985,8,42
ModelEfficientNetB0_fvs_std0.05_90k_RMSELoss_20260801_141003,ModelEfficientNetB0_fvs_std0.05_90k_RMSELoss,RMSELoss,2026-08-01 14:10:03,25/200,2026-08-01 16:04:14,0.058427,0.083319,False,0.00005000,268.41,36997985,8,42
ModelEfficientNetB0_fvs_std0.05_90k_RMSELoss_20260801_141003,ModelEfficientNetB0_fvs_std0.05_90k_RMSELoss,RMSELoss,2026-08-01 14:10:03,26/200,2026-08-01 16:08:40,0.057876,0.084504,False,0.00005000,265.97,36997985,8,42
ModelEfficientNetB0_fvs_std0.05_90k_RMSELoss_20260801_141003,ModelEfficientNetB0_fvs_std0.05_90k_RMSELoss,RMSELoss,2026-08-01 14:10:03,27/200,2026-08-01 16:13:06,0.057218,0.081948,False,0.00005000,266.00,36997985,8,42
ModelEfficientNetB0_fvs_std0.05_90k_RMSELoss_20260801_141003,ModelEfficientNetB0_fvs_std0.05_90k_RMSELoss,RMSELoss,2026-08-01 14:10:03,28/200,2026-08-01 16:17:32,0.056660,0.082941,False,0.00005000,265.84,36997985,8,42
ModelEfficientNetB0_fvs_std0.05_90k_RMSELoss_20260801_141003,ModelEfficientNetB0_fvs_std0.05_90k_RMSELoss,RMSELoss,2026-08-01 14:10:03,29/200,2026-08-01 16:21:59,0.056085,0.081598,False,0.00005000,267.31,36997985,8,42
ModelEfficientNetB0_fvs_std0.05_90k_RMSELoss_20260801_141003,ModelEfficientNetB0_fvs_std0.05_90k_RMSELoss,RMSELoss,2026-08-01 14:10:03,30/200,2026-08-01 16:26:28,0.055614,0.079836,True,0.00005000,268.53,36997985,8,42
ModelEfficientNetB0_fvs_std0.05_90k_RMSELoss_20260801_141003,ModelEfficientNetB0_fvs_std0.05_90k_RMSELoss,RMSELoss,2026-08-01 14:10:03,31/200,2026-08-01 16:31:04,0.055014,0.078940,True,0.00005000,266.30,36997985,8,42
ModelEfficientNetB0_fvs_std0.05_90k_RMSELoss_20260801_141003,ModelEfficientNetB0_fvs_std0.05_90k_RMSELoss,RMSELoss,2026-08-01 14:10:03,32/200,2026-08-01 16:35:39,0.054536,0.080993,False,0.00005000,265.45,36997985,8,42
ModelEfficientNetB0_fvs_std0.05_90k_RMSELoss_20260801_141003,ModelEfficientNetB0_fvs_std0.05_90k_RMSELoss,RMSELoss,2026-08-01 14:10:03,33/200,2026-08-01 16:40:05,0.054087,0.080215,False,0.00005000,266.06,36997985,8,42
ModelEfficientNetB0_fvs_std0.05_90k_RMSELoss_20260801_141003,ModelEfficientNetB0_fvs_std0.05_90k_RMSELoss,RMSELoss,2026-08-01 14:10:03,34/200,2026-08-01 16:44:31,0.053620,0.079688,False,0.00005000,265.42,36997985,8,42
ModelEfficientNetB0_fvs_std0.05_90k_RMSELoss_20260801_141003,ModelEfficientNetB0_fvs_std0.05_90k_RMSELoss,RMSELoss,2026-08-01 14:10:03,35/200,2026-08-01 16:48:57,0.053155,0.078708,True,0.00005000,266.10,36997985,8,42
ModelEfficientNetB0_fvs_std0.05_90k_RMSELoss_20260801_141003,ModelEfficientNetB0_fvs_std0.05_90k_RMSELoss,RMSELoss,2026-08-01 14:10:03,36/200,2026-08-01 16:53:33,0.052776,0.077095,True,0.00005000,267.23,36997985,8,42
ModelEfficientNetB0_fvs_std0.05_90k_RMSELoss_20260801_141003,ModelEfficientNetB0_fvs_std0.05_90k_RMSELoss,RMSELoss,2026-08-01 14:10:03,37/200,2026-08-01 16:58:08,0.052312,0.077298,False,0.00005000,265.34,36997985,8,42
ModelEfficientNetB0_fvs_std0.05_90k_RMSELoss_20260801_141003,ModelEfficientNetB0_fvs_std0.05_90k_RMSELoss,RMSELoss,2026-08-01 14:10:03,38/200,2026-08-01 17:02:36,0.051996,0.075536,True,0.00005000,267.54,36997985,8,42
ModelEfficientNetB0_fvs_std0.05_90k_RMSELoss_20260801_141003,ModelEfficientNetB0_fvs_std0.05_90k_RMSELoss,RMSELoss,2026-08-01 14:10:03,39/200,2026-08-01 17:07:13,0.051405,0.077402,False,0.00005000,267.78,36997985,8,42
ModelEfficientNetB0_fvs_std0.05_90k_RMSELoss_20260801_141003,ModelEfficientNetB0_fvs_std0.05_90k_RMSELoss,RMSELoss,2026-08-01 14:10:03,40/200,2026-08-01 17:11:40,0.050975,0.078516,False,0.00002500,266.30,36997985,8,42
ModelEfficientNetB0_fvs_std0.05_90k_RMSELoss_20260801_141003,ModelEfficientNetB0_fvs_std0.05_90k_RMSELoss,RMSELoss,2026-08-01 14:10:03,41/200,2026-08-01 17:16:09,0.048512,0.076683,False,0.00002500,269.52,36997985,8,42
ModelEfficientNetB0_fvs_std0.05_90k_RMSELoss_20260801_141003,ModelEfficientNetB0_fvs_std0.05_90k_RMSELoss,RMSELoss,2026-08-01 14:10:03,42/200,2026-08-01 17:20:36,0.047600,0.076341,False,0.00002500,266.61,36997985,8,42
ModelEfficientNetB0_fvs_std0.05_90k_RMSELoss_20260801_141003,ModelEfficientNetB0_fvs_std0.05_90k_RMSELoss,RMSELoss,2026-08-01 14:10:03,43/200,2026-08-01 17:25:02,0.047296,0.074611,True,0.00002500,265.80,36997985,8,42
ModelEfficientNetB0_fvs_std0.05_90k_RMSELoss_20260801_141003,ModelEfficientNetB0_fvs_std0.05_90k_RMSELoss,RMSELoss,2026-08-01 14:10:03,44/200,2026-08-01 17:29:37,0.046887,0.076638,False,0.00002500,265.45,36997985,8,42
ModelEfficientNetB0_fvs_std0.05_90k_RMSELoss_20260801_141003,ModelEfficientNetB0_fvs_std0.05_90k_RMSELoss,RMSELoss,2026-08-01 14:10:03,45/200,2026-08-01 17:34:03,0.046533,0.075581,False,0.00002500,266.78,36997985,8,42
ModelEfficientNetB0_fvs_std0.05_90k_RMSELoss_20260801_141003,ModelEfficientNetB0_fvs_std0.05_90k_RMSELoss,RMSELoss,2026-08-01 14:10:03,46/200,2026-08-01 17:38:29,0.046238,0.074762,False,0.00002500,266.05,36997985,8,42
ModelEfficientNetB0_fvs_std0.05_90k_RMSELoss_20260801_141003,ModelEfficientNetB0_fvs_std0.05_90k_RMSELoss,RMSELoss,2026-08-01 14:10:03,47/200,2026-08-01 17:42:58,0.045881,0.074887,False,0.00002500,268.67,36997985,8,42
ModelEfficientNetB0_fvs_std0.05_90k_RMSELoss_20260801_141003,ModelEfficientNetB0_fvs_std0.05_90k_RMSELoss,RMSELoss,2026-08-01 14:10:03,48/200,2026-08-01 17:47:24,0.045479,0.076076,False,0.00002500,266.31,36997985,8,42
ModelEfficientNetB0_fvs_std0.05_90k_RMSELoss_20260801_141003,ModelEfficientNetB0_fvs_std0.05_90k_RMSELoss,RMSELoss,2026-08-01 14:10:03,49/200,2026-08-01 17:51:51,0.045327,0.075795,False,0.00002500,266.45,36997985,8,42
ModelEfficientNetB0_fvs_std0.05_90k_RMSELoss_20260801_141003,ModelEfficientNetB0_fvs_std0.05_90k_RMSELoss,RMSELoss,2026-08-01 14:10:03,50/200,2026-08-01 17:56:17,0.044996,0.075428,False,0.00002500,266.26,36997985,8,42
ModelEfficientNetB0_fvs_std0.05_90k_RMSELoss_20260801_141003,ModelEfficientNetB0_fvs_std0.05_90k_RMSELoss,RMSELoss,2026-08-01 14:10:03,51/200,2026-08-01 18:00:42,0.044815,0.075075,False,0.00002500,265.05,36997985,8,42
ModelEfficientNetB0_fvs_std0.05_90k_RMSELoss_20260801_141003,ModelEfficientNetB0_fvs_std0.05_90k_RMSELoss,RMSELoss,2026-08-01 14:10:03,52/200,2026-08-01 18:05:09,0.044562,0.075037,False,0.00002500,266.38,36997985,8,42
ModelEfficientNetB0_fvs_std0.05_90k_RMSELoss_20260801_141003,ModelEfficientNetB0_fvs_std0.05_90k_RMSELoss,RMSELoss,2026-08-01 14:10:03,53/200,2026-08-01 18:09:35,0.044230,0.075443,False,0.00002500,266.41,36997985,8,42
ModelEfficientNetB0_fvs_std0.05_90k_RMSELoss_20260801_141003,ModelEfficientNetB0_fvs_std0.05_90k_RMSELoss,RMSELoss,2026-08-01 14:10:03,54/200,2026-08-01 18:14:05,0.044117,0.075359,False,0.00002500,270.36,36997985,8,42
ModelEfficientNetB0_fvs_std0.05_90k_RMSELoss_20260801_141003,ModelEfficientNetB0_fvs_std0.05_90k_RMSELoss,RMSELoss,2026-08-01 14:10:03,55/200,2026-08-01 18:18:31,0.043870,0.074465,True,0.00002500,266.00,36997985,8,42
ModelEfficientNetB0_fvs_std0.05_90k_RMSELoss_20260801_141003,ModelEfficientNetB0_fvs_std0.05_90k_RMSELoss,RMSELoss,2026-08-01 14:10:03,56/200,2026-08-01 18:23:07,0.043503,0.074486,False,0.00002500,266.42,36997985,8,42
ModelEfficientNetB0_fvs_std0.05_90k_RMSELoss_20260801_141003,ModelEfficientNetB0_fvs_std0.05_90k_RMSELoss,RMSELoss,2026-08-01 14:10:03,57/200,2026-08-01 18:27:33,0.043362,0.074306,True,0.00002500,265.24,36997985,8,42
ModelEfficientNetB0_fvs_std0.05_90k_RMSELoss_20260801_141003,ModelEfficientNetB0_fvs_std0.05_90k_RMSELoss,RMSELoss,2026-08-01 14:10:03,58/200,2026-08-01 18:32:09,0.043026,0.074576,False,0.00002500,266.30,36997985,8,42
ModelEfficientNetB0_fvs_std0.05_90k_RMSELoss_20260801_141003,ModelEfficientNetB0_fvs_std0.05_90k_RMSELoss,RMSELoss,2026-08-01 14:10:03,59/200,2026-08-01 18:36:36,0.042787,0.074996,False,0.00002500,267.01,36997985,8,42
ModelEfficientNetB0_fvs_std0.05_90k_RMSELoss_20260801_141003,ModelEfficientNetB0_fvs_std0.05_90k_RMSELoss,RMSELoss,2026-08-01 14:10:03,60/200,2026-08-01 18:41:00,0.042632,0.074050,True,0.00001250,264.68,36997985,8,42
ModelEfficientNetB0_fvs_std0.05_90k_RMSELoss_20260801_141003,ModelEfficientNetB0_fvs_std0.05_90k_RMSELoss,RMSELoss,2026-08-01 14:10:03,61/200,2026-08-01 18:45:36,0.041358,0.074075,False,0.00001250,266.59,36997985,8,42
ModelEfficientNetB0_fvs_std0.05_90k_RMSELoss_20260801_141003,ModelEfficientNetB0_fvs_std0.05_90k_RMSELoss,RMSELoss,2026-08-01 14:10:03,62/200,2026-08-01 18:50:01,0.040917,0.073923,True,0.00001250,264.44,36997985,8,42
ModelEfficientNetB0_fvs_std0.05_90k_RMSELoss_20260801_141003,ModelEfficientNetB0_fvs_std0.05_90k_RMSELoss,RMSELoss,2026-08-01 14:10:03,63/200,2026-08-01 18:54:37,0.040732,0.073396,True,0.00001250,266.72,36997985,8,42
ModelEfficientNetB0_fvs_std0.05_90k_RMSELoss_20260801_141003,ModelEfficientNetB0_fvs_std0.05_90k_RMSELoss,RMSELoss,2026-08-01 14:10:03,64/200,2026-08-01 18:59:16,0.040482,0.073615,False,0.00001250,269.07,36997985,8,42
ModelEfficientNetB0_fvs_std0.05_90k_RMSELoss_20260801_141003,ModelEfficientNetB0_fvs_std0.05_90k_RMSELoss,RMSELoss,2026-08-01 14:10:03,65/200,2026-08-01 19:03:41,0.040360,0.073827,False,0.00001250,264.83,36997985,8,42
ModelEfficientNetB0_fvs_std0.05_90k_RMSELoss_20260801_141003,ModelEfficientNetB0_fvs_std0.05_90k_RMSELoss,RMSELoss,2026-08-01 14:10:03,66/200,2026-08-01 19:08:07,0.040143,0.073365,True,0.00001250,266.63,36997985,8,42
ModelEfficientNetB0_fvs_std0.05_90k_RMSELoss_20260801_141003,ModelEfficientNetB0_fvs_std0.05_90k_RMSELoss,RMSELoss,2026-08-01 14:10:03,67/200,2026-08-01 19:12:42,0.040133,0.073110,True,0.00001250,264.58,36997985,8,42
ModelEfficientNetB0_fvs_std0.05_90k_RMSELoss_20260801_141003,ModelEfficientNetB0_fvs_std0.05_90k_RMSELoss,RMSELoss,2026-08-01 14:10:03,68/200,2026-08-01 19:17:16,0.039877,0.073867,False,0.00001250,264.92,36997985,8,42
ModelEfficientNetB0_fvs_std0.05_90k_RMSELoss_20260801_141003,ModelEfficientNetB0_fvs_std0.05_90k_RMSELoss,RMSELoss,2026-08-01 14:10:03,69/200,2026-08-01 19:21:41,0.039653,0.073824,False,0.00001250,264.47,36997985,8,42
ModelEfficientNetB0_fvs_std0.05_90k_RMSELoss_20260801_141003,ModelEfficientNetB0_fvs_std0.05_90k_RMSELoss,RMSELoss,2026-08-01 14:10:03,70/200,2026-08-01 19:26:06,0.039649,0.072569,True,0.00001250,265.82,36997985,8,42
ModelEfficientNetB0_fvs_std0.05_90k_RMSELoss_20260801_141003,ModelEfficientNetB0_fvs_std0.05_90k_RMSELoss,RMSELoss,2026-08-01 14:10:03,71/200,2026-08-01 19:30:42,0.039393,0.072174,True,0.00001250,266.35,36997985,8,42
ModelEfficientNetB0_fvs_std0.05_90k_RMSELoss_20260801_141003,ModelEfficientNetB0_fvs_std0.05_90k_RMSELoss,RMSELoss,2026-08-01 14:10:03,72/200,2026-08-01 19:35:19,0.039358,0.072624,False,0.00001250,266.93,36997985,8,42
ModelEfficientNetB0_fvs_std0.05_90k_RMSELoss_20260801_141003,ModelEfficientNetB0_fvs_std0.05_90k_RMSELoss,RMSELoss,2026-08-01 14:10:03,73/200,2026-08-01 19:39:48,0.039136,0.072648,False,0.00001250,269.33,36997985,8,42
ModelEfficientNetB0_fvs_std0.05_90k_RMSELoss_20260801_141003,ModelEfficientNetB0_fvs_std0.05_90k_RMSELoss,RMSELoss,2026-08-01 14:10:03,74/200,2026-08-01 19:44:15,0.039000,0.072826,False,0.00001250,266.49,36997985,8,42
ModelEfficientNetB0_fvs_std0.05_90k_RMSELoss_20260801_141003,ModelEfficientNetB0_fvs_std0.05_90k_RMSELoss,RMSELoss,2026-08-01 14:10:03,75/200,2026-08-01 19:48:41,0.038976,0.073230,False,0.00001250,266.44,36997985,8,42
ModelEfficientNetB0_fvs_std0.05_90k_RMSELoss_20260801_141003,ModelEfficientNetB0_fvs_std0.05_90k_RMSELoss,RMSELoss,2026-08-01 14:10:03,76/200,2026-08-01 19:53:07,0.038762,0.072515,False,0.00001250,265.73,36997985,8,42
ModelEfficientNetB0_fvs_std0.05_90k_RMSELoss_20260801_141003,ModelEfficientNetB0_fvs_std0.05_90k_RMSELoss,RMSELoss,2026-08-01 14:10:03,77/200,2026-08-01 19:57:34,0.038656,0.072917,False,0.00001250,267.60,36997985,8,42
ModelEfficientNetB0_fvs_std0.05_90k_RMSELoss_20260801_141003,ModelEfficientNetB0_fvs_std0.05_90k_RMSELoss,RMSELoss,2026-08-01 14:10:03,78/200,2026-08-01 20:02:00,0.038461,0.072870,False,0.00001250,265.40,36997985,8,42
ModelEfficientNetB0_fvs_std0.05_90k_RMSELoss_20260801_141003,ModelEfficientNetB0_fvs_std0.05_90k_RMSELoss,RMSELoss,2026-08-01 14:10:03,79/200,2026-08-01 20:06:25,0.038426,0.072422,False,0.00001250,265.55,36997985,8,42
ModelEfficientNetB0_fvs_std0.05_90k_RMSELoss_20260801_141003,ModelEfficientNetB0_fvs_std0.05_90k_RMSELoss,RMSELoss,2026-08-01 14:10:03,80/200,2026-08-01 20:10:51,0.038277,0.072196,False,0.00000625,265.97,36997985,8,42
ModelEfficientNetB0_fvs_std0.05_90k_RMSELoss_20260801_141003,ModelEfficientNetB0_fvs_std0.05_90k_RMSELoss,RMSELoss,2026-08-01 14:10:03,81/200,2026-08-01 20:15:17,0.037605,0.072332,False,0.00000625,265.86,36997985,8,42
ModelEfficientNetB0_fvs_std0.05_90k_RMSELoss_20260801_141003,ModelEfficientNetB0_fvs_std0.05_90k_RMSELoss,RMSELoss,2026-08-01 14:10:03,82/200,2026-08-01 20:19:41,0.037438,0.072459,False,0.00000625,264.12,36997985,8,42
ModelEfficientNetB0_fvs_std0.05_90k_RMSELoss_20260801_141003,ModelEfficientNetB0_fvs_std0.05_90k_RMSELoss,RMSELoss,2026-08-01 14:10:03,83/200,2026-08-01 20:24:06,0.037341,0.072331,False,0.00000625,264.94,36997985,8,42
ModelEfficientNetB0_fvs_std0.05_90k_RMSELoss_20260801_141003,ModelEfficientNetB0_fvs_std0.05_90k_RMSELoss,RMSELoss,2026-08-01 14:10:03,84/200,2026-08-01 20:28:32,0.037249,0.072048,True,0.00000625,265.98,36997985,8,42
ModelEfficientNetB0_fvs_std0.05_90k_RMSELoss_20260801_141003,ModelEfficientNetB0_fvs_std0.05_90k_RMSELoss,RMSELoss,2026-08-01 14:10:03,85/200,2026-08-01 20:33:07,0.037101,0.072442,False,0.00000625,265.52,36997985,8,42
ModelEfficientNetB0_fvs_std0.05_90k_RMSELoss_20260801_141003,ModelEfficientNetB0_fvs_std0.05_90k_RMSELoss,RMSELoss,2026-08-01 14:10:03,86/200,2026-08-01 20:37:40,0.037060,0.071211,True,0.00000625,272.75,36997985,8,42
ModelEfficientNetB0_fvs_std0.05_90k_RMSELoss_20260801_141003,ModelEfficientNetB0_fvs_std0.05_90k_RMSELoss,RMSELoss,2026-08-01 14:10:03,87/200,2026-08-01 20:42:18,0.037035,0.071783,False,0.00000625,268.61,36997985,8,42
ModelEfficientNetB0_fvs_std0.05_90k_RMSELoss_20260801_141003,ModelEfficientNetB0_fvs_std0.05_90k_RMSELoss,RMSELoss,2026-08-01 14:10:03,88/200,2026-08-01 20:46:46,0.036886,0.071779,False,0.00000625,267.14,36997985,8,42
ModelEfficientNetB0_fvs_std0.05_90k_RMSELoss_20260801_141003,ModelEfficientNetB0_fvs_std0.05_90k_RMSELoss,RMSELoss,2026-08-01 14:10:03,89/200,2026-08-01 20:51:10,0.036828,0.072082,False,0.00000625,264.90,36997985,8,42
ModelEfficientNetB0_fvs_std0.05_90k_RMSELoss_20260801_141003,ModelEfficientNetB0_fvs_std0.05_90k_RMSELoss,RMSELoss,2026-08-01 14:10:03,90/200,2026-08-01 20:55:35,0.036604,0.072200,False,0.00000625,264.86,36997985,8,42
ModelEfficientNetB0_fvs_std0.05_90k_RMSELoss_20260801_141003,ModelEfficientNetB0_fvs_std0.05_90k_RMSELoss,RMSELoss,2026-08-01 14:10:03,91/200,2026-08-01 21:00:01,0.036683,0.071812,False,0.00000625,265.79,36997985,8,42
ModelEfficientNetB0_fvs_std0.05_90k_RMSELoss_20260801_141003,ModelEfficientNetB0_fvs_std0.05_90k_RMSELoss,RMSELoss,2026-08-01 14:10:03,92/200,2026-08-01 21:04:27,0.036648,0.071850,False,0.00000625,265.56,36997985,8,42
ModelEfficientNetB0_fvs_std0.05_90k_RMSELoss_20260801_141003,ModelEfficientNetB0_fvs_std0.05_90k_RMSELoss,RMSELoss,2026-08-01 14:10:03,93/200,2026-08-01 21:08:54,0.036590,0.071457,False,0.00000625,267.66,36997985,8,42
ModelEfficientNetB0_fvs_std0.05_90k_RMSELoss_20260801_141003,ModelEfficientNetB0_fvs_std0.05_90k_RMSELoss,RMSELoss,2026-08-01 14:10:03,94/200,2026-08-01 21:13:20,0.036366,0.071686,False,0.00000625,265.33,36997985,8,42
ModelEfficientNetB0_fvs_std0.05_90k_RMSELoss_20260801_141003,ModelEfficientNetB0_fvs_std0.05_90k_RMSELoss,RMSELoss,2026-08-01 14:10:03,95/200,2026-08-01 21:17:47,0.036365,0.071560,False,0.00000625,267.54,36997985,8,42
ModelEfficientNetB0_fvs_std0.05_90k_RMSELoss_20260801_141003,ModelEfficientNetB0_fvs_std0.05_90k_RMSELoss,RMSELoss,2026-08-01 14:10:03,96/200,2026-08-01 21:22:12,0.036338,0.071582,False,0.00000625,264.81,36997985,8,42
ModelEfficientNetB0_fvs_std0.05_90k_RMSELoss_20260801_141003,ModelEfficientNetB0_fvs_std0.05_90k_RMSELoss,RMSELoss,2026-08-01 14:10:03,97/200,2026-08-01 21:26:38,0.036200,0.071633,False,0.00000625,266.35,36997985,8,42
ModelEfficientNetB0_fvs_std0.05_90k_RMSELoss_20260801_141003,ModelEfficientNetB0_fvs_std0.05_90k_RMSELoss,RMSELoss,2026-08-01 14:10:03,98/200,2026-08-01 21:31:04,0.036111,0.071899,False,0.00000625,265.70,36997985,8,42
ModelEfficientNetB0_fvs_std0.05_90k_RMSELoss_20260801_141003,ModelEfficientNetB0_fvs_std0.05_90k_RMSELoss,RMSELoss,2026-08-01 14:10:03,99/200,2026-08-01 21:35:30,0.036119,0.071766,False,0.00000625,266.08,36997985,8,42
ModelEfficientNetB0_fvs_std0.05_90k_RMSELoss_20260801_141003,ModelEfficientNetB0_fvs_std0.05_90k_RMSELoss,RMSELoss,2026-08-01 14:10:03,100/200,2026-08-01 21:40:00,0.036066,0.071310,False,0.00000313,270.21,36997985,8,42
ModelEfficientNetB0_fvs_std0.05_90k_RMSELoss_20260801_141003,ModelEfficientNetB0_fvs_std0.05_90k_RMSELoss,RMSELoss,2026-08-01 14:10:03,101/200,2026-08-01 21:44:26,0.035824,0.071271,False,0.00000313,265.08,36997985,8,42
ModelEfficientNetB0_fvs_std0.05_90k_RMSELoss_20260801_141003,ModelEfficientNetB0_fvs_std0.05_90k_RMSELoss,RMSELoss,2026-08-01 14:10:03,102/200,2026-08-01 21:48:59,0.035630,0.071014,True,0.00000313,273.45,36997985,8,42
ModelEfficientNetB0_fvs_std0.05_90k_RMSELoss_20260801_141003,ModelEfficientNetB0_fvs_std0.05_90k_RMSELoss,RMSELoss,2026-08-01 14:10:03,103/200,2026-08-01 21:53:37,0.035509,0.071835,False,0.00000313,268.50,36997985,8,42
ModelEfficientNetB0_fvs_std0.05_90k_RMSELoss_20260801_141003,ModelEfficientNetB0_fvs_std0.05_90k_RMSELoss,RMSELoss,2026-08-01 14:10:03,104/200,2026-08-01 21:58:03,0.035565,0.072097,False,0.00000313,265.69,36997985,8,42
ModelEfficientNetB0_fvs_std0.05_90k_RMSELoss_20260801_141003,ModelEfficientNetB0_fvs_std0.05_90k_RMSELoss,RMSELoss,2026-08-01 14:10:03,105/200,2026-08-01 22:02:29,0.035524,0.071510,False,0.00000313,265.95,36997985,8,42
ModelEfficientNetB0_fvs_std0.05_90k_RMSELoss_20260801_141003,ModelEfficientNetB0_fvs_std0.05_90k_RMSELoss,RMSELoss,2026-08-01 14:10:03,106/200,2026-08-01 22:06:54,0.035460,0.071783,False,0.00000313,265.33,36997985,8,42
ModelEfficientNetB0_fvs_std0.05_90k_RMSELoss_20260801_141003,ModelEfficientNetB0_fvs_std0.05_90k_RMSELoss,RMSELoss,2026-08-01 14:10:03,107/200,2026-08-01 22:11:22,0.035425,0.071488,False,0.00000313,267.76,36997985,8,42
ModelEfficientNetB0_fvs_std0.05_90k_RMSELoss_20260801_141003,ModelEfficientNetB0_fvs_std0.05_90k_RMSELoss,RMSELoss,2026-08-01 14:10:03,108/200,2026-08-01 22:15:47,0.035410,0.071432,False,0.00000313,265.43,36997985,8,42
ModelEfficientNetB0_fvs_std0.05_90k_RMSELoss_20260801_141003,ModelEfficientNetB0_fvs_std0.05_90k_RMSELoss,RMSELoss,2026-08-01 14:10:03,109/200,2026-08-01 22:20:14,0.035249,0.071455,False,0.00000313,266.50,36997985,8,42
ModelEfficientNetB0_fvs_std0.05_90k_RMSELoss_20260801_141003,ModelEfficientNetB0_fvs_std0.05_90k_RMSELoss,RMSELoss,2026-08-01 14:10:03,110/200,2026-08-01 22:24:40,0.035234,0.071215,False,0.00000313,265.72,36997985,8,42
ModelEfficientNetB0_fvs_std0.05_90k_RMSELoss_20260801_141003,ModelEfficientNetB0_fvs_std0.05_90k_RMSELoss,RMSELoss,2026-08-01 14:10:03,111/200,2026-08-01 22:29:07,0.035222,0.071173,False,0.00000313,267.91,36997985,8,42
ModelEfficientNetB0_fvs_std0.05_90k_RMSELoss_20260801_141003,ModelEfficientNetB0_fvs_std0.05_90k_RMSELoss,RMSELoss,2026-08-01 14:10:03,112/200,2026-08-01 22:33:33,0.035312,0.071346,False,0.00000313,265.12,36997985,8,42
ModelEfficientNetB0_fvs_std0.05_90k_RMSELoss_20260801_141003,ModelEfficientNetB0_fvs_std0.05_90k_RMSELoss,RMSELoss,2026-08-01 14:10:03,113/200,2026-08-01 22:38:00,0.035103,0.071636,False,0.00000313,267.28,36997985,8,42
ModelEfficientNetB0_fvs_std0.05_90k_RMSELoss_20260801_141003,ModelEfficientNetB0_fvs_std0.05_90k_RMSELoss,RMSELoss,2026-08-01 14:10:03,114/200,2026-08-01 22:42:25,0.035132,0.071718,False,0.00000313,264.66,36997985,8,42
ModelEfficientNetB0_fvs_std0.05_90k_RMSELoss_20260801_141003,ModelEfficientNetB0_fvs_std0.05_90k_RMSELoss,RMSELoss,2026-08-01 14:10:03,115/200,2026-08-01 22:46:52,0.035132,0.071387,False,0.00000313,267.25,36997985,8,42
ModelEfficientNetB0_fvs_std0.05_90k_RMSELoss_20260801_141003,ModelEfficientNetB0_fvs_std0.05_90k_RMSELoss,RMSELoss,2026-08-01 14:10:03,116/200,2026-08-01 22:51:18,0.035087,0.071359,False,0.00000313,266.35,36997985,8,42
ModelEfficientNetB0_fvs_std0.05_90k_RMSELoss_20260801_141003,ModelEfficientNetB0_fvs_std0.05_90k_RMSELoss,RMSELoss,2026-08-01 14:10:03,117/200,2026-08-01 22:55:44,0.035006,0.071188,False,0.00000313,266.08,36997985,8,42
ModelEfficientNetB0_fvs_std0.05_90k_RMSELoss_20260801_141003,ModelEfficientNetB0_fvs_std0.05_90k_RMSELoss,RMSELoss,2026-08-01 14:10:03,118/200,2026-08-01 23:00:12,0.034987,0.071129,False,0.00000313,267.30,36997985,8,42
ModelEfficientNetB0_fvs_std0.05_90k_RMSELoss_20260801_141003,ModelEfficientNetB0_fvs_std0.05_90k_RMSELoss,RMSELoss,2026-08-01 14:10:03,119/200,2026-08-01 23:04:39,0.035062,0.071145,False,0.00000313,267.14,36997985,8,42
ModelEfficientNetB0_fvs_std0.05_90k_RMSELoss_20260801_141003,ModelEfficientNetB0_fvs_std0.05_90k_RMSELoss,RMSELoss,2026-08-01 14:10:03,120/200,2026-08-01 23:09:08,0.034938,0.071399,False,0.00000156,269.15,36997985,8,42
ModelEfficientNetB0_fvs_std0.05_90k_RMSELoss_20260801_141003,ModelEfficientNetB0_fvs_std0.05_90k_RMSELoss,RMSELoss,2026-08-01 14:10:03,121/200,2026-08-01 23:13:34,0.034751,0.071165,False,0.00000156,266.38,36997985,8,42
ModelEfficientNetB0_fvs_std0.05_90k_RMSELoss_20260801_141003,ModelEfficientNetB0_fvs_std0.05_90k_RMSELoss,RMSELoss,2026-08-01 14:10:03,122/200,2026-08-01 23:18:00,0.034673,0.071465,False,0.00000156,265.53,36997985,8,42
ModelEfficientNetB0_fvs_std0.05_90k_RMSELoss_20260801_141003,ModelEfficientNetB0_fvs_std0.05_90k_RMSELoss,RMSELoss,2026-08-01 14:10:03,123/200,2026-08-01 23:22:26,0.034778,0.070661,True,0.00000156,266.21,36997985,8,42
ModelEfficientNetB0_fvs_std0.05_90k_RMSELoss_20260801_141003,ModelEfficientNetB0_fvs_std0.05_90k_RMSELoss,RMSELoss,2026-08-01 14:10:03,124/200,2026-08-01 23:27:02,0.034757,0.070979,False,0.00000156,266.57,36997985,8,42
ModelEfficientNetB0_fvs_std0.05_90k_RMSELoss_20260801_141003,ModelEfficientNetB0_fvs_std0.05_90k_RMSELoss,RMSELoss,2026-08-01 14:10:03,125/200,2026-08-01 23:31:34,0.034683,0.071007,False,0.00000156,271.88,36997985,8,42
ModelEfficientNetB0_fvs_std0.05_90k_RMSELoss_20260801_141003,ModelEfficientNetB0_fvs_std0.05_90k_RMSELoss,RMSELoss,2026-08-01 14:10:03,126/200,2026-08-01 23:35:59,0.034671,0.071377,False,0.00000156,264.58,36997985,8,42
ModelEfficientNetB0_fvs_std0.05_90k_RMSELoss_20260801_141003,ModelEfficientNetB0_fvs_std0.05_90k_RMSELoss,RMSELoss,2026-08-01 14:10:03,127/200,2026-08-01 23:40:29,0.034674,0.071141,False,0.00000156,270.12,36997985,8,42
ModelEfficientNetB0_fvs_std0.05_90k_RMSELoss_20260801_141003,ModelEfficientNetB0_fvs_std0.05_90k_RMSELoss,RMSELoss,2026-08-01 14:10:03,128/200,2026-08-01 23:44:55,0.034608,0.070943,False,0.00000156,266.14,36997985,8,42
ModelEfficientNetB0_fvs_std0.05_90k_RMSELoss_20260801_141003,ModelEfficientNetB0_fvs_std0.05_90k_RMSELoss,RMSELoss,2026-08-01 14:10:03,129/200,2026-08-01 23:49:22,0.034560,0.070673,False,0.00000156,267.44,36997985,8,42
ModelEfficientNetB0_fvs_std0.05_90k_RMSELoss_20260801_141003,ModelEfficientNetB0_fvs_std0.05_90k_RMSELoss,RMSELoss,2026-08-01 14:10:03,130/200,2026-08-01 23:53:49,0.034610,0.071038,False,0.00000156,266.66,36997985,8,42
ModelEfficientNetB0_fvs_std0.05_90k_RMSELoss_20260801_141003,ModelEfficientNetB0_fvs_std0.05_90k_RMSELoss,RMSELoss,2026-08-01 14:10:03,131/200,2026-08-01 23:58:14,0.034487,0.070910,False,0.00000156,265.45,36997985,8,42
ModelEfficientNetB0_fvs_std0.05_90k_RMSELoss_20260801_141003,ModelEfficientNetB0_fvs_std0.05_90k_RMSELoss,RMSELoss,2026-08-01 14:10:03,132/200,2026-08-02 00:02:41,0.034577,0.071051,False,0.00000156,266.08,36997985,8,42
ModelEfficientNetB0_fvs_std0.05_90k_RMSELoss_20260801_141003,ModelEfficientNetB0_fvs_std0.05_90k_RMSELoss,RMSELoss,2026-08-01 14:10:03,133/200,2026-08-02 00:07:06,0.034480,0.071295,False,0.00000156,265.01,36997985,8,42
ModelEfficientNetB0_fvs_std0.05_90k_RMSELoss_20260801_141003,ModelEfficientNetB0_fvs_std0.05_90k_RMSELoss,RMSELoss,2026-08-01 14:10:03,134/200,2026-08-02 00:11:34,0.034483,0.070672,False,0.00000156,268.51,36997985,8,42
ModelEfficientNetB0_fvs_std0.05_90k_RMSELoss_20260801_141003,ModelEfficientNetB0_fvs_std0.05_90k_RMSELoss,RMSELoss,2026-08-01 14:10:03,135/200,2026-08-02 00:16:01,0.034396,0.071444,False,0.00000156,267.24,36997985,8,42
ModelEfficientNetB0_fvs_std0.05_90k_RMSELoss_20260801_141003,ModelEfficientNetB0_fvs_std0.05_90k_RMSELoss,RMSELoss,2026-08-01 14:10:03,136/200,2026-08-02 00:20:28,0.034441,0.071048,False,0.00000156,266.27,36997985,8,42
ModelEfficientNetB0_fvs_std0.05_90k_RMSELoss_20260801_141003,ModelEfficientNetB0_fvs_std0.05_90k_RMSELoss,RMSELoss,2026-08-01 14:10:03,137/200,2026-08-02 00:24:54,0.034442,0.071118,False,0.00000156,266.34,36997985,8,42
ModelEfficientNetB0_fvs_std0.05_90k_RMSELoss_20260801_141003,ModelEfficientNetB0_fvs_std0.05_90k_RMSELoss,RMSELoss,2026-08-01 14:10:03,138/200,2026-08-02 00:29:20,0.034465,0.070873,False,0.00000156,265.56,36997985,8,42
ModelEfficientNetB0_fvs_std0.05_90k_RMSELoss_20260801_141003,ModelEfficientNetB0_fvs_std0.05_90k_RMSELoss,RMSELoss,2026-08-01 14:10:03,139/200,2026-08-02 00:33:46,0.034387,0.070890,False,0.00000156,266.54,36997985,8,42
ModelEfficientNetB0_fvs_std0.05_90k_RMSELoss_20260801_141003,ModelEfficientNetB0_fvs_std0.05_90k_RMSELoss,RMSELoss,2026-08-01 14:10:03,140/200,2026-08-02 00:38:16,0.034449,0.070927,False,0.00000078,269.62,36997985,8,42
ModelEfficientNetB0_fvs_std0.05_90k_RMSELoss_20260801_141003,ModelEfficientNetB0_fvs_std0.05_90k_RMSELoss,RMSELoss,2026-08-01 14:10:03,141/200,2026-08-02 00:42:43,0.034334,0.070539,True,0.00000078,267.02,36997985,8,42
ModelEfficientNetB0_fvs_std0.05_90k_RMSELoss_20260801_141003,ModelEfficientNetB0_fvs_std0.05_90k_RMSELoss,RMSELoss,2026-08-01 14:10:03,142/200,2026-08-02 00:47:19,0.034284,0.070869,False,0.00000078,266.40,36997985,8,42
ModelEfficientNetB0_fvs_std0.05_90k_RMSELoss_20260801_141003,ModelEfficientNetB0_fvs_std0.05_90k_RMSELoss,RMSELoss,2026-08-01 14:10:03,143/200,2026-08-02 00:51:47,0.034185,0.071410,False,0.00000078,268.10,36997985,8,42
ModelEfficientNetB0_fvs_std0.05_90k_RMSELoss_20260801_141003,ModelEfficientNetB0_fvs_std0.05_90k_RMSELoss,RMSELoss,2026-08-01 14:10:03,144/200,2026-08-02 00:56:12,0.034405,0.071335,False,0.00000078,265.57,36997985,8,42
ModelEfficientNetB0_fvs_std0.05_90k_RMSELoss_20260801_141003,ModelEfficientNetB0_fvs_std0.05_90k_RMSELoss,RMSELoss,2026-08-01 14:10:03,145/200,2026-08-02 01:00:39,0.034228,0.070720,False,0.00000078,266.18,36997985,8,42
ModelEfficientNetB0_fvs_std0.05_90k_RMSELoss_20260801_141003,ModelEfficientNetB0_fvs_std0.05_90k_RMSELoss,RMSELoss,2026-08-01 14:10:03,146/200,2026-08-02 01:05:05,0.034310,0.070848,False,0.00000078,266.52,36997985,8,42
ModelEfficientNetB0_fvs_std0.05_90k_RMSELoss_20260801_141003,ModelEfficientNetB0_fvs_std0.05_90k_RMSELoss,RMSELoss,2026-08-01 14:10:03,147/200,2026-08-02 01:09:33,0.034295,0.071011,False,0.00000078,267.73,36997985,8,42
ModelEfficientNetB0_fvs_std0.05_90k_RMSELoss_20260801_141003,ModelEfficientNetB0_fvs_std0.05_90k_RMSELoss,RMSELoss,2026-08-01 14:10:03,148/200,2026-08-02 01:13:59,0.034141,0.070791,False,0.00000078,266.19,36997985,8,42
ModelEfficientNetB0_fvs_std0.05_90k_RMSELoss_20260801_141003,ModelEfficientNetB0_fvs_std0.05_90k_RMSELoss,RMSELoss,2026-08-01 14:10:03,149/200,2026-08-02 01:18:25,0.034263,0.071086,False,0.00000078,265.86,36997985,8,42
ModelEfficientNetB0_fvs_std0.05_90k_RMSELoss_20260801_141003,ModelEfficientNetB0_fvs_std0.05_90k_RMSELoss,RMSELoss,2026-08-01 14:10:03,150/200,2026-08-02 01:22:51,0.034172,0.071135,False,0.00000078,265.78,36997985,8,42
ModelEfficientNetB0_fvs_std0.05_90k_RMSELoss_20260801_141003,ModelEfficientNetB0_fvs_std0.05_90k_RMSELoss,RMSELoss,2026-08-01 14:10:03,151/200,2026-08-02 01:27:18,0.034181,0.070476,True,0.00000078,267.29,36997985,8,42
ModelEfficientNetB0_fvs_std0.05_90k_RMSELoss_20260801_141003,ModelEfficientNetB0_fvs_std0.05_90k_RMSELoss,RMSELoss,2026-08-01 14:10:03,152/200,2026-08-02 01:31:56,0.034012,0.070825,False,0.00000078,268.16,36997985,8,42
ModelEfficientNetB0_fvs_std0.05_90k_RMSELoss_20260801_141003,ModelEfficientNetB0_fvs_std0.05_90k_RMSELoss,RMSELoss,2026-08-01 14:10:03,153/200,2026-08-02 01:36:25,0.034187,0.070711,False,0.00000078,269.30,36997985,8,42
ModelEfficientNetB0_fvs_std0.05_90k_RMSELoss_20260801_141003,ModelEfficientNetB0_fvs_std0.05_90k_RMSELoss,RMSELoss,2026-08-01 14:10:03,154/200,2026-08-02 01:40:51,0.034131,0.070876,False,0.00000078,265.73,36997985,8,42
ModelEfficientNetB0_fvs_std0.05_90k_RMSELoss_20260801_141003,ModelEfficientNetB0_fvs_std0.05_90k_RMSELoss,RMSELoss,2026-08-01 14:10:03,155/200,2026-08-02 01:45:18,0.034138,0.070647,False,0.00000078,266.84,36997985,8,42
ModelEfficientNetB0_fvs_std0.05_90k_RMSELoss_20260801_141003,ModelEfficientNetB0_fvs_std0.05_90k_RMSELoss,RMSELoss,2026-08-01 14:10:03,156/200,2026-08-02 01:49:51,0.034237,0.070666,False,0.00000078,272.79,36997985,8,42
ModelEfficientNetB0_fvs_std0.05_90k_RMSELoss_20260801_141003,ModelEfficientNetB0_fvs_std0.05_90k_RMSELoss,RMSELoss,2026-08-01 14:10:03,157/200,2026-08-02 01:54:18,0.034153,0.070681,False,0.00000078,267.83,36997985,8,42
ModelEfficientNetB0_fvs_std0.05_90k_RMSELoss_20260801_141003,ModelEfficientNetB0_fvs_std0.05_90k_RMSELoss,RMSELoss,2026-08-01 14:10:03,158/200,2026-08-02 01:58:45,0.034075,0.070761,False,0.00000078,266.54,36997985,8,42
ModelEfficientNetB0_fvs_std0.05_90k_RMSELoss_20260801_141003,ModelEfficientNetB0_fvs_std0.05_90k_RMSELoss,RMSELoss,2026-08-01 14:10:03,159/200,2026-08-02 02:03:13,0.034053,0.070523,False,0.00000078,267.81,36997985,8,42
ModelEfficientNetB0_fvs_std0.05_90k_RMSELoss_20260801_141003,ModelEfficientNetB0_fvs_std0.05_90k_RMSELoss,RMSELoss,2026-08-01 14:10:03,160/200,2026-08-02 02:07:38,0.034145,0.070831,False,0.00000039,265.63,36997985,8,42
ModelEfficientNetB0_fvs_std0.05_90k_RMSELoss_20260801_141003,ModelEfficientNetB0_fvs_std0.05_90k_RMSELoss,RMSELoss,2026-08-01 14:10:03,161/200,2026-08-02 02:12:05,0.034036,0.070827,False,0.00000039,266.70,36997985,8,42
ModelEfficientNetB0_fvs_std0.05_90k_RMSELoss_20260801_141003,ModelEfficientNetB0_fvs_std0.05_90k_RMSELoss,RMSELoss,2026-08-01 14:10:03,162/200,2026-08-02 02:16:31,0.034036,0.070862,False,0.00000039,266.36,36997985,8,42
ModelEfficientNetB0_fvs_std0.05_90k_RMSELoss_20260801_141003,ModelEfficientNetB0_fvs_std0.05_90k_RMSELoss,RMSELoss,2026-08-01 14:10:03,163/200,2026-08-02 02:20:58,0.033965,0.071064,False,0.00000039,266.47,36997985,8,42
ModelEfficientNetB0_fvs_std0.05_90k_RMSELoss_20260801_141003,ModelEfficientNetB0_fvs_std0.05_90k_RMSELoss,RMSELoss,2026-08-01 14:10:03,164/200,2026-08-02 02:25:24,0.034038,0.070727,False,0.00000039,266.52,36997985,8,42
ModelEfficientNetB0_fvs_std0.05_90k_RMSELoss_20260801_141003,ModelEfficientNetB0_fvs_std0.05_90k_RMSELoss,RMSELoss,2026-08-01 14:10:03,165/200,2026-08-02 02:29:56,0.034094,0.070461,True,0.00000039,272.02,36997985,8,42
ModelEfficientNetB0_fvs_std0.05_90k_RMSELoss_20260801_141003,ModelEfficientNetB0_fvs_std0.05_90k_RMSELoss,RMSELoss,2026-08-01 14:10:03,166/200,2026-08-02 02:34:34,0.034033,0.070776,False,0.00000039,267.78,36997985,8,42
ModelEfficientNetB0_fvs_std0.05_90k_RMSELoss_20260801_141003,ModelEfficientNetB0_fvs_std0.05_90k_RMSELoss,RMSELoss,2026-08-01 14:10:03,167/200,2026-08-02 02:39:02,0.034122,0.070718,False,0.00000039,267.89,36997985,8,42
ModelEfficientNetB0_fvs_std0.05_90k_RMSELoss_20260801_141003,ModelEfficientNetB0_fvs_std0.05_90k_RMSELoss,RMSELoss,2026-08-01 14:10:03,168/200,2026-08-02 02:43:30,0.034042,0.070938,False,0.00000039,268.16,36997985,8,42
ModelEfficientNetB0_fvs_std0.05_90k_RMSELoss_20260801_141003,ModelEfficientNetB0_fvs_std0.05_90k_RMSELoss,RMSELoss,2026-08-01 14:10:03,169/200,2026-08-02 02:47:58,0.034049,0.070913,False,0.00000039,267.81,36997985,8,42
ModelEfficientNetB0_fvs_std0.05_90k_RMSELoss_20260801_141003,ModelEfficientNetB0_fvs_std0.05_90k_RMSELoss,RMSELoss,2026-08-01 14:10:03,170/200,2026-08-02 02:52:25,0.034021,0.070809,False,0.00000039,266.79,36997985,8,42
ModelEfficientNetB0_fvs_std0.05_90k_RMSELoss_20260801_141003,ModelEfficientNetB0_fvs_std0.05_90k_RMSELoss,RMSELoss,2026-08-01 14:10:03,171/200,2026-08-02 02:56:52,0.034041,0.071048,False,0.00000039,267.28,36997985,8,42
ModelEfficientNetB0_fvs_std0.05_90k_RMSELoss_20260801_141003,ModelEfficientNetB0_fvs_std0.05_90k_RMSELoss,RMSELoss,2026-08-01 14:10:03,172/200,2026-08-02 03:01:19,0.034107,0.070577,False,0.00000039,267.05,36997985,8,42
ModelEfficientNetB0_fvs_std0.05_90k_RMSELoss_20260801_141003,ModelEfficientNetB0_fvs_std0.05_90k_RMSELoss,RMSELoss,2026-08-01 14:10:03,173/200,2026-08-02 03:05:48,0.034051,0.070497,False,0.00000039,269.07,36997985,8,42
ModelEfficientNetB0_fvs_std0.05_90k_RMSELoss_20260801_141003,ModelEfficientNetB0_fvs_std0.05_90k_RMSELoss,RMSELoss,2026-08-01 14:10:03,174/200,2026-08-02 03:10:18,0.034117,0.070745,False,0.00000039,269.66,36997985,8,42
ModelEfficientNetB0_fvs_std0.05_90k_RMSELoss_20260801_141003,ModelEfficientNetB0_fvs_std0.05_90k_RMSELoss,RMSELoss,2026-08-01 14:10:03,175/200,2026-08-02 03:14:46,0.034050,0.071030,False,0.00000039,268.63,36997985,8,42
ModelEfficientNetB0_fvs_std0.05_90k_RMSELoss_20260801_141003,ModelEfficientNetB0_fvs_std0.05_90k_RMSELoss,RMSELoss,2026-08-01 14:10:03,176/200,2026-08-02 03:19:14,0.033952,0.070700,False,0.00000039,267.82,36997985,8,42
ModelEfficientNetB0_fvs_std0.05_90k_RMSELoss_20260801_141003,ModelEfficientNetB0_fvs_std0.05_90k_RMSELoss,RMSELoss,2026-08-01 14:10:03,177/200,2026-08-02 03:23:41,0.034011,0.070777,False,0.00000039,266.81,36997985,8,42
ModelEfficientNetB0_fvs_std0.05_90k_RMSELoss_20260801_141003,ModelEfficientNetB0_fvs_std0.05_90k_RMSELoss,RMSELoss,2026-08-01 14:10:03,178/200,2026-08-02 03:28:11,0.034075,0.070557,False,0.00000039,270.00,36997985,8,42
ModelEfficientNetB0_fvs_std0.05_90k_RMSELoss_20260801_141003,ModelEfficientNetB0_fvs_std0.05_90k_RMSELoss,RMSELoss,2026-08-01 14:10:03,179/200,2026-08-02 03:32:38,0.033999,0.070806,False,0.00000039,267.44,36997985,8,42
ModelEfficientNetB0_fvs_std0.05_90k_RMSELoss_20260801_141003,ModelEfficientNetB0_fvs_std0.05_90k_RMSELoss,RMSELoss,2026-08-01 14:10:03,180/200,2026-08-02 03:37:07,0.034025,0.070732,False,0.00000020,268.16,36997985,8,42
ModelEfficientNetB0_fvs_std0.05_90k_RMSELoss_20260801_141003,ModelEfficientNetB0_fvs_std0.05_90k_RMSELoss,RMSELoss,2026-08-01 14:10:03,181/200,2026-08-02 03:41:34,0.033921,0.070718,False,0.00000020,266.92,36997985,8,42
ModelEfficientNetB0_fvs_std0.05_90k_RMSELoss_20260801_141003,ModelEfficientNetB0_fvs_std0.05_90k_RMSELoss,RMSELoss,2026-08-01 14:10:03,182/200,2026-08-02 03:46:00,0.033948,0.070796,False,0.00000020,266.90,36997985,8,42
ModelEfficientNetB0_fvs_std0.05_90k_RMSELoss_20260801_141003,ModelEfficientNetB0_fvs_std0.05_90k_RMSELoss,RMSELoss,2026-08-01 14:10:03,183/200,2026-08-02 03:50:27,0.034010,0.070902,False,0.00000020,266.97,36997985,8,42
ModelEfficientNetB0_fvs_std0.05_90k_RMSELoss_20260801_141003,ModelEfficientNetB0_fvs_std0.05_90k_RMSELoss,RMSELoss,2026-08-01 14:10:03,184/200,2026-08-02 03:54:54,0.033859,0.070745,False,0.00000020,267.05,36997985,8,42
ModelEfficientNetB0_fvs_std0.05_90k_RMSELoss_20260801_141003,ModelEfficientNetB0_fvs_std0.05_90k_RMSELoss,RMSELoss,2026-08-01 14:10:03,185/200,2026-08-02 03:59:21,0.033860,0.071266,False,0.00000020,266.29,36997985,8,42
ModelEfficientNetB0_fvs_std0.05_90k_RMSELoss_20260801_141003,ModelEfficientNetB0_fvs_std0.05_90k_RMSELoss,RMSELoss,2026-08-01 14:10:03,186/200,2026-08-02 04:03:46,0.033921,0.070773,False,0.00000020,265.62,36997985,8,42
ModelEfficientNetB0_fvs_std0.05_90k_RMSELoss_20260801_141003,ModelEfficientNetB0_fvs_std0.05_90k_RMSELoss,RMSELoss,2026-08-01 14:10:03,187/200,2026-08-02 04:08:14,0.033919,0.070736,False,0.00000020,267.19,36997985,8,42
ModelEfficientNetB0_fvs_std0.05_90k_RMSELoss_20260801_141003,ModelEfficientNetB0_fvs_std0.05_90k_RMSELoss,RMSELoss,2026-08-01 14:10:03,188/200,2026-08-02 04:12:41,0.033927,0.070973,False,0.00000020,267.26,36997985,8,42
ModelEfficientNetB0_fvs_std0.05_90k_RMSELoss_20260801_141003,ModelEfficientNetB0_fvs_std0.05_90k_RMSELoss,RMSELoss,2026-08-01 14:10:03,189/200,2026-08-02 04:17:09,0.033985,0.071009,False,0.00000020,268.35,36997985,8,42
ModelEfficientNetB0_fvs_std0.05_90k_RMSELoss_20260801_141003,ModelEfficientNetB0_fvs_std0.05_90k_RMSELoss,RMSELoss,2026-08-01 14:10:03,190/200,2026-08-02 04:21:35,0.033868,0.070513,False,0.00000020,265.31,36997985,8,42
ModelEfficientNetB0_fvs_std0.05_90k_RMSELoss_20260801_141003,ModelEfficientNetB0_fvs_std0.05_90k_RMSELoss,RMSELoss,2026-08-01 14:10:03,191/200,2026-08-02 04:26:02,0.033943,0.070864,False,0.00000020,266.99,36997985,8,42
ModelEfficientNetB0_fvs_std0.05_90k_RMSELoss_20260801_141003,ModelEfficientNetB0_fvs_std0.05_90k_RMSELoss,RMSELoss,2026-08-01 14:10:03,192/200,2026-08-02 04:30:32,0.033956,0.070933,False,0.00000020,270.69,36997985,8,42
ModelEfficientNetB0_fvs_std0.05_90k_RMSELoss_20260801_141003,ModelEfficientNetB0_fvs_std0.05_90k_RMSELoss,RMSELoss,2026-08-01 14:10:03,193/200,2026-08-02 04:35:01,0.033859,0.071071,False,0.00000020,268.72,36997985,8,42
ModelEfficientNetB0_fvs_std0.05_90k_RMSELoss_20260801_141003,ModelEfficientNetB0_fvs_std0.05_90k_RMSELoss,RMSELoss,2026-08-01 14:10:03,194/200,2026-08-02 04:39:28,0.033913,0.070625,False,0.00000020,267.27,36997985,8,42
ModelEfficientNetB0_fvs_std0.05_90k_RMSELoss_20260801_141003,ModelEfficientNetB0_fvs_std0.05_90k_RMSELoss,RMSELoss,2026-08-01 14:10:03,195/200,2026-08-02 04:43:53,0.034039,0.070724,False,0.00000020,265.27,36997985,8,42
ModelEfficientNetB0_fvs_std0.05_90k_RMSELoss_20260801_141003,ModelEfficientNetB0_fvs_std0.05_90k_RMSELoss,RMSELoss,2026-08-01 14:10:03,196/200,2026-08-02 04:48:20,0.033812,0.071080,False,0.00000020,266.99,36997985,8,42
ModelEfficientNetB0_fvs_std0.05_90k_RMSELoss_20260801_141003,ModelEfficientNetB0_fvs_std0.05_90k_RMSELoss,RMSELoss,2026-08-01 14:10:03,197/200,2026-08-02 04:52:48,0.033885,0.070920,False,0.00000020,267.82,36997985,8,42
ModelEfficientNetB0_fvs_std0.05_90k_RMSELoss_20260801_141003,ModelEfficientNetB0_fvs_std0.05_90k_RMSELoss,RMSELoss,2026-08-01 14:10:03,198/200,2026-08-02 04:57:15,0.033886,0.070809,False,0.00000020,267.02,36997985,8,42
ModelEfficientNetB0_fvs_std0.05_90k_RMSELoss_20260801_141003,ModelEfficientNetB0_fvs_std0.05_90k_RMSELoss,RMSELoss,2026-08-01 14:10:03,199/200,2026-08-02 05:01:43,0.033809,0.070816,False,0.00000020,267.45,36997985,8,42
ModelEfficientNetB0_fvs_std0.05_90k_RMSELoss_20260801_141003,ModelEfficientNetB0_fvs_std0.05_90k_RMSELoss,RMSELoss,2026-08-01 14:10:03,200/200,2026-08-02 05:06:10,0.033906,0.071007,False,0.00000010,267.51,36997985,8,42
