run_id,model_name,criterion,run_started_at,epoch,epoch_timestamp,train_loss,val_loss,is_best,learning_rate,epoch_duration_sec,num_params,batch_size,seed
ModelCNN_fvs_std0.1_90k_RMSELoss_20260802_151638,ModelCNN_fvs_std0.1_90k_RMSELoss,RMSELoss,2026-08-02 15:16:38,1/200,2026-08-02 15:20:46,0.112557,0.109151,True,0.00010000,246.95,58260749,8,42
ModelCNN_fvs_std0.1_90k_RMSELoss_20260802_151638,ModelCNN_fvs_std0.1_90k_RMSELoss,RMSELoss,2026-08-02 15:16:38,2/200,2026-08-02 15:25:08,0.098482,0.101956,True,0.00010000,251.16,58260749,8,42
ModelCNN_fvs_std0.1_90k_RMSELoss_20260802_151638,ModelCNN_fvs_std0.1_90k_RMSELoss,RMSELoss,2026-08-02 15:16:38,3/200,2026-08-02 15:29:27,0.092825,0.118750,False,0.00010000,249.99,58260749,8,42
ModelCNN_fvs_std0.1_90k_RMSELoss_20260802_151638,ModelCNN_fvs_std0.1_90k_RMSELoss,RMSELoss,2026-08-02 15:16:38,4/200,2026-08-02 15:33:38,0.088747,0.099241,True,0.00010000,250.67,58260749,8,42
ModelCNN_fvs_std0.1_90k_RMSELoss_20260802_151638,ModelCNN_fvs_std0.1_90k_RMSELoss,RMSELoss,2026-08-02 15:16:38,5/200,2026-08-02 15:37:58,0.086054,0.102046,False,0.00010000,250.07,58260749,8,42
ModelCNN_fvs_std0.1_90k_RMSELoss_20260802_151638,ModelCNN_fvs_std0.1_90k_RMSELoss,RMSELoss,2026-08-02 15:16:38,6/200,2026-08-02 15:42:09,0.083599,0.096206,True,0.00010000,251.24,58260749,8,42
ModelCNN_fvs_std0.1_90k_RMSELoss_20260802_151638,ModelCNN_fvs_std0.1_90k_RMSELoss,RMSELoss,2026-08-02 15:16:38,7/200,2026-08-02 15:46:29,0.081447,0.090509,True,0.00010000,250.38,58260749,8,42
ModelCNN_fvs_std0.1_90k_RMSELoss_20260802_151638,ModelCNN_fvs_std0.1_90k_RMSELoss,RMSELoss,2026-08-02 15:16:38,8/200,2026-08-02 15:50:50,0.079771,0.100631,False,0.00010000,250.34,58260749,8,42
ModelCNN_fvs_std0.1_90k_RMSELoss_20260802_151638,ModelCNN_fvs_std0.1_90k_RMSELoss,RMSELoss,2026-08-02 15:16:38,9/200,2026-08-02 15:55:00,0.078097,0.089658,True,0.00010000,250.13,58260749,8,42
ModelCNN_fvs_std0.1_90k_RMSELoss_20260802_151638,ModelCNN_fvs_std0.1_90k_RMSELoss,RMSELoss,2026-08-02 15:16:38,10/200,2026-08-02 15:59:18,0.076308,0.091208,False,0.00010000,248.71,58260749,8,42
ModelCNN_fvs_std0.1_90k_RMSELoss_20260802_151638,ModelCNN_fvs_std0.1_90k_RMSELoss,RMSELoss,2026-08-02 15:16:38,11/200,2026-08-02 16:03:27,0.074650,0.089052,True,0.00010000,249.24,58260749,8,42
ModelCNN_fvs_std0.1_90k_RMSELoss_20260802_151638,ModelCNN_fvs_std0.1_90k_RMSELoss,RMSELoss,2026-08-02 15:16:38,12/200,2026-08-02 16:07:46,0.073029,0.096990,False,0.00010000,248.87,58260749,8,42
ModelCNN_fvs_std0.1_90k_RMSELoss_20260802_151638,ModelCNN_fvs_std0.1_90k_RMSELoss,RMSELoss,2026-08-02 15:16:38,13/200,2026-08-02 16:11:56,0.071582,0.097597,False,0.00010000,249.58,58260749,8,42
ModelCNN_fvs_std0.1_90k_RMSELoss_20260802_151638,ModelCNN_fvs_std0.1_90k_RMSELoss,RMSELoss,2026-08-02 15:16:38,14/200,2026-08-02 16:16:08,0.070341,0.088813,True,0.00010000,252.50,58260749,8,42
ModelCNN_fvs_std0.1_90k_RMSELoss_20260802_151638,ModelCNN_fvs_std0.1_90k_RMSELoss,RMSELoss,2026-08-02 15:16:38,15/200,2026-08-02 16:20:28,0.069274,0.096224,False,0.00010000,249.90,58260749,8,42
ModelCNN_fvs_std0.1_90k_RMSELoss_20260802_151638,ModelCNN_fvs_std0.1_90k_RMSELoss,RMSELoss,2026-08-02 15:16:38,16/200,2026-08-02 16:24:37,0.067709,0.165903,False,0.00010000,249.09,58260749,8,42
ModelCNN_fvs_std0.1_90k_RMSELoss_20260802_151638,ModelCNN_fvs_std0.1_90k_RMSELoss,RMSELoss,2026-08-02 15:16:38,17/200,2026-08-02 16:28:46,0.066683,0.094101,False,0.00010000,249.46,58260749,8,42
ModelCNN_fvs_std0.1_90k_RMSELoss_20260802_151638,ModelCNN_fvs_std0.1_90k_RMSELoss,RMSELoss,2026-08-02 15:16:38,18/200,2026-08-02 16:32:56,0.065385,0.099389,False,0.00010000,249.41,58260749,8,42
ModelCNN_fvs_std0.1_90k_RMSELoss_20260802_151638,ModelCNN_fvs_std0.1_90k_RMSELoss,RMSELoss,2026-08-02 15:16:38,19/200,2026-08-02 16:37:05,0.064356,0.108606,False,0.00010000,248.64,58260749,8,42
ModelCNN_fvs_std0.1_90k_RMSELoss_20260802_151638,ModelCNN_fvs_std0.1_90k_RMSELoss,RMSELoss,2026-08-02 15:16:38,20/200,2026-08-02 16:41:14,0.063347,0.093563,False,0.00005000,249.33,58260749,8,42
ModelCNN_fvs_std0.1_90k_RMSELoss_20260802_151638,ModelCNN_fvs_std0.1_90k_RMSELoss,RMSELoss,2026-08-02 15:16:38,21/200,2026-08-02 16:45:23,0.058016,0.095570,False,0.00005000,249.20,58260749,8,42
ModelCNN_fvs_std0.1_90k_RMSELoss_20260802_151638,ModelCNN_fvs_std0.1_90k_RMSELoss,RMSELoss,2026-08-02 15:16:38,22/200,2026-08-02 16:49:31,0.055885,0.145638,False,0.00005000,248.09,58260749,8,42
ModelCNN_fvs_std0.1_90k_RMSELoss_20260802_151638,ModelCNN_fvs_std0.1_90k_RMSELoss,RMSELoss,2026-08-02 15:16:38,23/200,2026-08-02 16:53:39,0.054506,0.184654,False,0.00005000,247.79,58260749,8,42
ModelCNN_fvs_std0.1_90k_RMSELoss_20260802_151638,ModelCNN_fvs_std0.1_90k_RMSELoss,RMSELoss,2026-08-02 15:16:38,24/200,2026-08-02 16:57:48,0.053315,0.111989,False,0.00005000,248.57,58260749,8,42
ModelCNN_fvs_std0.1_90k_RMSELoss_20260802_151638,ModelCNN_fvs_std0.1_90k_RMSELoss,RMSELoss,2026-08-02 15:16:38,25/200,2026-08-02 17:01:56,0.052545,0.150617,False,0.00005000,248.54,58260749,8,42
ModelCNN_fvs_std0.1_90k_RMSELoss_20260802_151638,ModelCNN_fvs_std0.1_90k_RMSELoss,RMSELoss,2026-08-02 15:16:38,26/200,2026-08-02 17:06:06,0.051513,0.101332,False,0.00005000,250.10,58260749,8,42
ModelCNN_fvs_std0.1_90k_RMSELoss_20260802_151638,ModelCNN_fvs_std0.1_90k_RMSELoss,RMSELoss,2026-08-02 15:16:38,27/200,2026-08-02 17:10:14,0.050811,0.105225,False,0.00005000,248.20,58260749,8,42
ModelCNN_fvs_std0.1_90k_RMSELoss_20260802_151638,ModelCNN_fvs_std0.1_90k_RMSELoss,RMSELoss,2026-08-02 15:16:38,28/200,2026-08-02 17:14:26,0.049945,0.100253,False,0.00005000,251.44,58260749,8,42
ModelCNN_fvs_std0.1_90k_RMSELoss_20260802_151638,ModelCNN_fvs_std0.1_90k_RMSELoss,RMSELoss,2026-08-02 15:16:38,29/200,2026-08-02 17:18:34,0.049306,0.100865,False,0.00005000,248.21,58260749,8,42
ModelCNN_fvs_std0.1_90k_RMSELoss_20260802_151638,ModelCNN_fvs_std0.1_90k_RMSELoss,RMSELoss,2026-08-02 15:16:38,30/200,2026-08-02 17:22:43,0.048827,0.087397,True,0.00005000,249.34,58260749,8,42
ModelCNN_fvs_std0.1_90k_RMSELoss_20260802_151638,ModelCNN_fvs_std0.1_90k_RMSELoss,RMSELoss,2026-08-02 15:16:38,31/200,2026-08-02 17:27:03,0.048099,0.096596,False,0.00005000,249.57,58260749,8,42
ModelCNN_fvs_std0.1_90k_RMSELoss_20260802_151638,ModelCNN_fvs_std0.1_90k_RMSELoss,RMSELoss,2026-08-02 15:16:38,32/200,2026-08-02 17:31:13,0.047354,0.092339,False,0.00005000,250.07,58260749,8,42
ModelCNN_fvs_std0.1_90k_RMSELoss_20260802_151638,ModelCNN_fvs_std0.1_90k_RMSELoss,RMSELoss,2026-08-02 15:16:38,33/200,2026-08-02 17:35:21,0.046805,0.092779,False,0.00005000,248.63,58260749,8,42
ModelCNN_fvs_std0.1_90k_RMSELoss_20260802_151638,ModelCNN_fvs_std0.1_90k_RMSELoss,RMSELoss,2026-08-02 15:16:38,34/200,2026-08-02 17:39:30,0.046122,0.104668,False,0.00005000,248.53,58260749,8,42
ModelCNN_fvs_std0.1_90k_RMSELoss_20260802_151638,ModelCNN_fvs_std0.1_90k_RMSELoss,RMSELoss,2026-08-02 15:16:38,35/200,2026-08-02 17:43:39,0.045668,0.094029,False,0.00005000,248.63,58260749,8,42
ModelCNN_fvs_std0.1_90k_RMSELoss_20260802_151638,ModelCNN_fvs_std0.1_90k_RMSELoss,RMSELoss,2026-08-02 15:16:38,36/200,2026-08-02 17:47:48,0.045096,0.089754,False,0.00005000,249.21,58260749,8,42
ModelCNN_fvs_std0.1_90k_RMSELoss_20260802_151638,ModelCNN_fvs_std0.1_90k_RMSELoss,RMSELoss,2026-08-02 15:16:38,37/200,2026-08-02 17:51:58,0.044691,0.088856,False,0.00005000,250.53,58260749,8,42
ModelCNN_fvs_std0.1_90k_RMSELoss_20260802_151638,ModelCNN_fvs_std0.1_90k_RMSELoss,RMSELoss,2026-08-02 15:16:38,38/200,2026-08-02 17:56:09,0.044049,0.087769,False,0.00005000,250.47,58260749,8,42
ModelCNN_fvs_std0.1_90k_RMSELoss_20260802_151638,ModelCNN_fvs_std0.1_90k_RMSELoss,RMSELoss,2026-08-02 15:16:38,39/200,2026-08-02 18:00:18,0.043550,0.084594,True,0.00005000,248.71,58260749,8,42
ModelCNN_fvs_std0.1_90k_RMSELoss_20260802_151638,ModelCNN_fvs_std0.1_90k_RMSELoss,RMSELoss,2026-08-02 15:16:38,40/200,2026-08-02 18:04:37,0.043015,0.090806,False,0.00002500,249.37,58260749,8,42
ModelCNN_fvs_std0.1_90k_RMSELoss_20260802_151638,ModelCNN_fvs_std0.1_90k_RMSELoss,RMSELoss,2026-08-02 15:16:38,41/200,2026-08-02 18:08:46,0.040097,0.088341,False,0.00002500,249.66,58260749,8,42
ModelCNN_fvs_std0.1_90k_RMSELoss_20260802_151638,ModelCNN_fvs_std0.1_90k_RMSELoss,RMSELoss,2026-08-02 15:16:38,42/200,2026-08-02 18:12:56,0.038703,0.097136,False,0.00002500,250.06,58260749,8,42
ModelCNN_fvs_std0.1_90k_RMSELoss_20260802_151638,ModelCNN_fvs_std0.1_90k_RMSELoss,RMSELoss,2026-08-02 15:16:38,43/200,2026-08-02 18:17:07,0.037935,0.100836,False,0.00002500,250.46,58260749,8,42
ModelCNN_fvs_std0.1_90k_RMSELoss_20260802_151638,ModelCNN_fvs_std0.1_90k_RMSELoss,RMSELoss,2026-08-02 15:16:38,44/200,2026-08-02 18:21:16,0.037585,0.092577,False,0.00002500,248.83,58260749,8,42
ModelCNN_fvs_std0.1_90k_RMSELoss_20260802_151638,ModelCNN_fvs_std0.1_90k_RMSELoss,RMSELoss,2026-08-02 15:16:38,45/200,2026-08-02 18:25:28,0.037046,0.083531,True,0.00002500,252.69,58260749,8,42
ModelCNN_fvs_std0.1_90k_RMSELoss_20260802_151638,ModelCNN_fvs_std0.1_90k_RMSELoss,RMSELoss,2026-08-02 15:16:38,46/200,2026-08-02 18:29:48,0.036631,0.084089,False,0.00002500,249.81,58260749,8,42
ModelCNN_fvs_std0.1_90k_RMSELoss_20260802_151638,ModelCNN_fvs_std0.1_90k_RMSELoss,RMSELoss,2026-08-02 15:16:38,47/200,2026-08-02 18:33:56,0.036325,0.084355,False,0.00002500,248.19,58260749,8,42
ModelCNN_fvs_std0.1_90k_RMSELoss_20260802_151638,ModelCNN_fvs_std0.1_90k_RMSELoss,RMSELoss,2026-08-02 15:16:38,48/200,2026-08-02 18:38:06,0.035774,0.083229,True,0.00002500,249.32,58260749,8,42
ModelCNN_fvs_std0.1_90k_RMSELoss_20260802_151638,ModelCNN_fvs_std0.1_90k_RMSELoss,RMSELoss,2026-08-02 15:16:38,49/200,2026-08-02 18:42:25,0.035519,0.084580,False,0.00002500,249.92,58260749,8,42
ModelCNN_fvs_std0.1_90k_RMSELoss_20260802_151638,ModelCNN_fvs_std0.1_90k_RMSELoss,RMSELoss,2026-08-02 15:16:38,50/200,2026-08-02 18:46:34,0.035149,0.085865,False,0.00002500,249.10,58260749,8,42
ModelCNN_fvs_std0.1_90k_RMSELoss_20260802_151638,ModelCNN_fvs_std0.1_90k_RMSELoss,RMSELoss,2026-08-02 15:16:38,51/200,2026-08-02 18:50:43,0.034910,0.083558,False,0.00002500,248.79,58260749,8,42
ModelCNN_fvs_std0.1_90k_RMSELoss_20260802_151638,ModelCNN_fvs_std0.1_90k_RMSELoss,RMSELoss,2026-08-02 15:16:38,52/200,2026-08-02 18:54:52,0.034701,0.084006,False,0.00002500,248.95,58260749,8,42
ModelCNN_fvs_std0.1_90k_RMSELoss_20260802_151638,ModelCNN_fvs_std0.1_90k_RMSELoss,RMSELoss,2026-08-02 15:16:38,53/200,2026-08-02 18:59:01,0.034197,0.084683,False,0.00002500,248.41,58260749,8,42
ModelCNN_fvs_std0.1_90k_RMSELoss_20260802_151638,ModelCNN_fvs_std0.1_90k_RMSELoss,RMSELoss,2026-08-02 15:16:38,54/200,2026-08-02 19:03:11,0.034007,0.082496,True,0.00002500,250.06,58260749,8,42
ModelCNN_fvs_std0.1_90k_RMSELoss_20260802_151638,ModelCNN_fvs_std0.1_90k_RMSELoss,RMSELoss,2026-08-02 15:16:38,55/200,2026-08-02 19:07:30,0.033701,0.081646,True,0.00002500,249.60,58260749,8,42
ModelCNN_fvs_std0.1_90k_RMSELoss_20260802_151638,ModelCNN_fvs_std0.1_90k_RMSELoss,RMSELoss,2026-08-02 15:16:38,56/200,2026-08-02 19:11:48,0.033425,0.084395,False,0.00002500,247.97,58260749,8,42
ModelCNN_fvs_std0.1_90k_RMSELoss_20260802_151638,ModelCNN_fvs_std0.1_90k_RMSELoss,RMSELoss,2026-08-02 15:16:38,57/200,2026-08-02 19:16:00,0.033238,0.082311,False,0.00002500,252.66,58260749,8,42
ModelCNN_fvs_std0.1_90k_RMSELoss_20260802_151638,ModelCNN_fvs_std0.1_90k_RMSELoss,RMSELoss,2026-08-02 15:16:38,58/200,2026-08-02 19:20:09,0.032837,0.082798,False,0.00002500,248.69,58260749,8,42
ModelCNN_fvs_std0.1_90k_RMSELoss_20260802_151638,ModelCNN_fvs_std0.1_90k_RMSELoss,RMSELoss,2026-08-02 15:16:38,59/200,2026-08-02 19:24:19,0.032552,0.086906,False,0.00002500,249.67,58260749,8,42
ModelCNN_fvs_std0.1_90k_RMSELoss_20260802_151638,ModelCNN_fvs_std0.1_90k_RMSELoss,RMSELoss,2026-08-02 15:16:38,60/200,2026-08-02 19:28:30,0.032287,0.081877,False,0.00001250,251.65,58260749,8,42
ModelCNN_fvs_std0.1_90k_RMSELoss_20260802_151638,ModelCNN_fvs_std0.1_90k_RMSELoss,RMSELoss,2026-08-02 15:16:38,61/200,2026-08-02 19:32:42,0.030852,0.082212,False,0.00001250,251.62,58260749,8,42
ModelCNN_fvs_std0.1_90k_RMSELoss_20260802_151638,ModelCNN_fvs_std0.1_90k_RMSELoss,RMSELoss,2026-08-02 15:16:38,62/200,2026-08-02 19:36:50,0.030077,0.083725,False,0.00001250,247.84,58260749,8,42
ModelCNN_fvs_std0.1_90k_RMSELoss_20260802_151638,ModelCNN_fvs_std0.1_90k_RMSELoss,RMSELoss,2026-08-02 15:16:38,63/200,2026-08-02 19:40:59,0.029830,0.083475,False,0.00001250,249.06,58260749,8,42
ModelCNN_fvs_std0.1_90k_RMSELoss_20260802_151638,ModelCNN_fvs_std0.1_90k_RMSELoss,RMSELoss,2026-08-02 15:16:38,64/200,2026-08-02 19:45:09,0.029559,0.083466,False,0.00001250,250.38,58260749,8,42
ModelCNN_fvs_std0.1_90k_RMSELoss_20260802_151638,ModelCNN_fvs_std0.1_90k_RMSELoss,RMSELoss,2026-08-02 15:16:38,65/200,2026-08-02 19:49:19,0.029345,0.082605,False,0.00001250,249.68,58260749,8,42
ModelCNN_fvs_std0.1_90k_RMSELoss_20260802_151638,ModelCNN_fvs_std0.1_90k_RMSELoss,RMSELoss,2026-08-02 15:16:38,66/200,2026-08-02 19:53:29,0.029140,0.081397,True,0.00001250,249.80,58260749,8,42
ModelCNN_fvs_std0.1_90k_RMSELoss_20260802_151638,ModelCNN_fvs_std0.1_90k_RMSELoss,RMSELoss,2026-08-02 15:16:38,67/200,2026-08-02 19:57:48,0.028958,0.083611,False,0.00001250,249.26,58260749,8,42
ModelCNN_fvs_std0.1_90k_RMSELoss_20260802_151638,ModelCNN_fvs_std0.1_90k_RMSELoss,RMSELoss,2026-08-02 15:16:38,68/200,2026-08-02 20:01:57,0.028798,0.081877,False,0.00001250,249.11,58260749,8,42
ModelCNN_fvs_std0.1_90k_RMSELoss_20260802_151638,ModelCNN_fvs_std0.1_90k_RMSELoss,RMSELoss,2026-08-02 15:16:38,69/200,2026-08-02 20:06:07,0.028569,0.082378,False,0.00001250,249.70,58260749,8,42
ModelCNN_fvs_std0.1_90k_RMSELoss_20260802_151638,ModelCNN_fvs_std0.1_90k_RMSELoss,RMSELoss,2026-08-02 15:16:38,70/200,2026-08-02 20:10:16,0.028437,0.080489,True,0.00001250,249.09,58260749,8,42
ModelCNN_fvs_std0.1_90k_RMSELoss_20260802_151638,ModelCNN_fvs_std0.1_90k_RMSELoss,RMSELoss,2026-08-02 15:16:38,71/200,2026-08-02 20:14:35,0.028328,0.082505,False,0.00001250,249.27,58260749,8,42
ModelCNN_fvs_std0.1_90k_RMSELoss_20260802_151638,ModelCNN_fvs_std0.1_90k_RMSELoss,RMSELoss,2026-08-02 15:16:38,72/200,2026-08-02 20:18:44,0.028154,0.081614,False,0.00001250,248.99,58260749,8,42
ModelCNN_fvs_std0.1_90k_RMSELoss_20260802_151638,ModelCNN_fvs_std0.1_90k_RMSELoss,RMSELoss,2026-08-02 15:16:38,73/200,2026-08-02 20:22:53,0.028003,0.082647,False,0.00001250,248.84,58260749,8,42
ModelCNN_fvs_std0.1_90k_RMSELoss_20260802_151638,ModelCNN_fvs_std0.1_90k_RMSELoss,RMSELoss,2026-08-02 15:16:38,74/200,2026-08-02 20:27:02,0.027823,0.081183,False,0.00001250,249.30,58260749,8,42
ModelCNN_fvs_std0.1_90k_RMSELoss_20260802_151638,ModelCNN_fvs_std0.1_90k_RMSELoss,RMSELoss,2026-08-02 15:16:38,75/200,2026-08-02 20:31:11,0.027739,0.080604,False,0.00001250,249.24,58260749,8,42
ModelCNN_fvs_std0.1_90k_RMSELoss_20260802_151638,ModelCNN_fvs_std0.1_90k_RMSELoss,RMSELoss,2026-08-02 15:16:38,76/200,2026-08-02 20:35:24,0.027441,0.082559,False,0.00001250,252.87,58260749,8,42
ModelCNN_fvs_std0.1_90k_RMSELoss_20260802_151638,ModelCNN_fvs_std0.1_90k_RMSELoss,RMSELoss,2026-08-02 15:16:38,77/200,2026-08-02 20:39:35,0.027399,0.082427,False,0.00001250,250.42,58260749,8,42
ModelCNN_fvs_std0.1_90k_RMSELoss_20260802_151638,ModelCNN_fvs_std0.1_90k_RMSELoss,RMSELoss,2026-08-02 15:16:38,78/200,2026-08-02 20:43:45,0.027148,0.082215,False,0.00001250,250.01,58260749,8,42
ModelCNN_fvs_std0.1_90k_RMSELoss_20260802_151638,ModelCNN_fvs_std0.1_90k_RMSELoss,RMSELoss,2026-08-02 15:16:38,79/200,2026-08-02 20:47:55,0.027213,0.083242,False,0.00001250,250.05,58260749,8,42
ModelCNN_fvs_std0.1_90k_RMSELoss_20260802_151638,ModelCNN_fvs_std0.1_90k_RMSELoss,RMSELoss,2026-08-02 15:16:38,80/200,2026-08-02 20:52:04,0.026985,0.081129,False,0.00000625,249.36,58260749,8,42
ModelCNN_fvs_std0.1_90k_RMSELoss_20260802_151638,ModelCNN_fvs_std0.1_90k_RMSELoss,RMSELoss,2026-08-02 15:16:38,81/200,2026-08-02 20:56:14,0.026201,0.081287,False,0.00000625,249.59,58260749,8,42
ModelCNN_fvs_std0.1_90k_RMSELoss_20260802_151638,ModelCNN_fvs_std0.1_90k_RMSELoss,RMSELoss,2026-08-02 15:16:38,82/200,2026-08-02 21:00:23,0.025832,0.080186,True,0.00000625,249.75,58260749,8,42
ModelCNN_fvs_std0.1_90k_RMSELoss_20260802_151638,ModelCNN_fvs_std0.1_90k_RMSELoss,RMSELoss,2026-08-02 15:16:38,83/200,2026-08-02 21:04:43,0.025709,0.081955,False,0.00000625,249.43,58260749,8,42
ModelCNN_fvs_std0.1_90k_RMSELoss_20260802_151638,ModelCNN_fvs_std0.1_90k_RMSELoss,RMSELoss,2026-08-02 15:16:38,84/200,2026-08-02 21:08:51,0.025527,0.080947,False,0.00000625,248.65,58260749,8,42
ModelCNN_fvs_std0.1_90k_RMSELoss_20260802_151638,ModelCNN_fvs_std0.1_90k_RMSELoss,RMSELoss,2026-08-02 15:16:38,85/200,2026-08-02 21:13:00,0.025478,0.081127,False,0.00000625,248.61,58260749,8,42
ModelCNN_fvs_std0.1_90k_RMSELoss_20260802_151638,ModelCNN_fvs_std0.1_90k_RMSELoss,RMSELoss,2026-08-02 15:16:38,86/200,2026-08-02 21:17:10,0.025348,0.079940,True,0.00000625,249.62,58260749,8,42
ModelCNN_fvs_std0.1_90k_RMSELoss_20260802_151638,ModelCNN_fvs_std0.1_90k_RMSELoss,RMSELoss,2026-08-02 15:16:38,87/200,2026-08-02 21:21:29,0.025313,0.081343,False,0.00000625,249.25,58260749,8,42
ModelCNN_fvs_std0.1_90k_RMSELoss_20260802_151638,ModelCNN_fvs_std0.1_90k_RMSELoss,RMSELoss,2026-08-02 15:16:38,88/200,2026-08-02 21:25:38,0.025134,0.080168,False,0.00000625,248.80,58260749,8,42
ModelCNN_fvs_std0.1_90k_RMSELoss_20260802_151638,ModelCNN_fvs_std0.1_90k_RMSELoss,RMSELoss,2026-08-02 15:16:38,89/200,2026-08-02 21:29:47,0.025152,0.080332,False,0.00000625,249.09,58260749,8,42
ModelCNN_fvs_std0.1_90k_RMSELoss_20260802_151638,ModelCNN_fvs_std0.1_90k_RMSELoss,RMSELoss,2026-08-02 15:16:38,90/200,2026-08-02 21:33:55,0.024953,0.080256,False,0.00000625,248.61,58260749,8,42
ModelCNN_fvs_std0.1_90k_RMSELoss_20260802_151638,ModelCNN_fvs_std0.1_90k_RMSELoss,RMSELoss,2026-08-02 15:16:38,91/200,2026-08-02 21:38:09,0.024912,0.079812,True,0.00000625,253.91,58260749,8,42
ModelCNN_fvs_std0.1_90k_RMSELoss_20260802_151638,ModelCNN_fvs_std0.1_90k_RMSELoss,RMSELoss,2026-08-02 15:16:38,92/200,2026-08-02 21:42:28,0.024842,0.080299,False,0.00000625,248.94,58260749,8,42
ModelCNN_fvs_std0.1_90k_RMSELoss_20260802_151638,ModelCNN_fvs_std0.1_90k_RMSELoss,RMSELoss,2026-08-02 15:16:38,93/200,2026-08-02 21:46:38,0.024770,0.079784,True,0.00000625,249.73,58260749,8,42
ModelCNN_fvs_std0.1_90k_RMSELoss_20260802_151638,ModelCNN_fvs_std0.1_90k_RMSELoss,RMSELoss,2026-08-02 15:16:38,94/200,2026-08-02 21:50:55,0.024677,0.079900,False,0.00000625,248.03,58260749,8,42
ModelCNN_fvs_std0.1_90k_RMSELoss_20260802_151638,ModelCNN_fvs_std0.1_90k_RMSELoss,RMSELoss,2026-08-02 15:16:38,95/200,2026-08-02 21:55:06,0.024573,0.080602,False,0.00000625,250.09,58260749,8,42
ModelCNN_fvs_std0.1_90k_RMSELoss_20260802_151638,ModelCNN_fvs_std0.1_90k_RMSELoss,RMSELoss,2026-08-02 15:16:38,96/200,2026-08-02 21:59:15,0.024497,0.078998,True,0.00000625,249.22,58260749,8,42
ModelCNN_fvs_std0.1_90k_RMSELoss_20260802_151638,ModelCNN_fvs_std0.1_90k_RMSELoss,RMSELoss,2026-08-02 15:16:38,97/200,2026-08-02 22:03:34,0.024406,0.078917,True,0.00000625,249.01,58260749,8,42
ModelCNN_fvs_std0.1_90k_RMSELoss_20260802_151638,ModelCNN_fvs_std0.1_90k_RMSELoss,RMSELoss,2026-08-02 15:16:38,98/200,2026-08-02 22:07:51,0.024385,0.079697,False,0.00000625,247.99,58260749,8,42
ModelCNN_fvs_std0.1_90k_RMSELoss_20260802_151638,ModelCNN_fvs_std0.1_90k_RMSELoss,RMSELoss,2026-08-02 15:16:38,99/200,2026-08-02 22:12:02,0.024308,0.079874,False,0.00000625,250.20,58260749,8,42
ModelCNN_fvs_std0.1_90k_RMSELoss_20260802_151638,ModelCNN_fvs_std0.1_90k_RMSELoss,RMSELoss,2026-08-02 15:16:38,100/200,2026-08-02 22:16:11,0.024231,0.079226,False,0.00000313,249.08,58260749,8,42
ModelCNN_fvs_std0.1_90k_RMSELoss_20260802_151638,ModelCNN_fvs_std0.1_90k_RMSELoss,RMSELoss,2026-08-02 15:16:38,101/200,2026-08-02 22:20:19,0.023838,0.079873,False,0.00000313,248.27,58260749,8,42
ModelCNN_fvs_std0.1_90k_RMSELoss_20260802_151638,ModelCNN_fvs_std0.1_90k_RMSELoss,RMSELoss,2026-08-02 15:16:38,102/200,2026-08-02 22:24:30,0.023646,0.079647,False,0.00000313,251.33,58260749,8,42
ModelCNN_fvs_std0.1_90k_RMSELoss_20260802_151638,ModelCNN_fvs_std0.1_90k_RMSELoss,RMSELoss,2026-08-02 15:16:38,103/200,2026-08-02 22:28:39,0.023609,0.080715,False,0.00000313,248.96,58260749,8,42
ModelCNN_fvs_std0.1_90k_RMSELoss_20260802_151638,ModelCNN_fvs_std0.1_90k_RMSELoss,RMSELoss,2026-08-02 15:16:38,104/200,2026-08-02 22:32:48,0.023511,0.079626,False,0.00000313,248.98,58260749,8,42
ModelCNN_fvs_std0.1_90k_RMSELoss_20260802_151638,ModelCNN_fvs_std0.1_90k_RMSELoss,RMSELoss,2026-08-02 15:16:38,105/200,2026-08-02 22:36:57,0.023366,0.079580,False,0.00000313,249.13,58260749,8,42
ModelCNN_fvs_std0.1_90k_RMSELoss_20260802_151638,ModelCNN_fvs_std0.1_90k_RMSELoss,RMSELoss,2026-08-02 15:16:38,106/200,2026-08-02 22:41:07,0.023440,0.079556,False,0.00000313,250.04,58260749,8,42
ModelCNN_fvs_std0.1_90k_RMSELoss_20260802_151638,ModelCNN_fvs_std0.1_90k_RMSELoss,RMSELoss,2026-08-02 15:16:38,107/200,2026-08-02 22:45:16,0.023475,0.080126,False,0.00000313,248.94,58260749,8,42
ModelCNN_fvs_std0.1_90k_RMSELoss_20260802_151638,ModelCNN_fvs_std0.1_90k_RMSELoss,RMSELoss,2026-08-02 15:16:38,108/200,2026-08-02 22:49:25,0.023288,0.079676,False,0.00000313,248.90,58260749,8,42
ModelCNN_fvs_std0.1_90k_RMSELoss_20260802_151638,ModelCNN_fvs_std0.1_90k_RMSELoss,RMSELoss,2026-08-02 15:16:38,109/200,2026-08-02 22:53:33,0.023319,0.079466,False,0.00000313,248.22,58260749,8,42
ModelCNN_fvs_std0.1_90k_RMSELoss_20260802_151638,ModelCNN_fvs_std0.1_90k_RMSELoss,RMSELoss,2026-08-02 15:16:38,110/200,2026-08-02 22:57:42,0.023256,0.080476,False,0.00000313,248.97,58260749,8,42
ModelCNN_fvs_std0.1_90k_RMSELoss_20260802_151638,ModelCNN_fvs_std0.1_90k_RMSELoss,RMSELoss,2026-08-02 15:16:38,111/200,2026-08-02 23:01:50,0.023127,0.079763,False,0.00000313,247.59,58260749,8,42
ModelCNN_fvs_std0.1_90k_RMSELoss_20260802_151638,ModelCNN_fvs_std0.1_90k_RMSELoss,RMSELoss,2026-08-02 15:16:38,112/200,2026-08-02 23:05:58,0.023182,0.080528,False,0.00000313,248.28,58260749,8,42
ModelCNN_fvs_std0.1_90k_RMSELoss_20260802_151638,ModelCNN_fvs_std0.1_90k_RMSELoss,RMSELoss,2026-08-02 15:16:38,113/200,2026-08-02 23:10:07,0.023140,0.080601,False,0.00000313,248.55,58260749,8,42
ModelCNN_fvs_std0.1_90k_RMSELoss_20260802_151638,ModelCNN_fvs_std0.1_90k_RMSELoss,RMSELoss,2026-08-02 15:16:38,114/200,2026-08-02 23:14:16,0.023143,0.079454,False,0.00000313,249.00,58260749,8,42
ModelCNN_fvs_std0.1_90k_RMSELoss_20260802_151638,ModelCNN_fvs_std0.1_90k_RMSELoss,RMSELoss,2026-08-02 15:16:38,115/200,2026-08-02 23:18:24,0.023035,0.080017,False,0.00000313,248.10,58260749,8,42
ModelCNN_fvs_std0.1_90k_RMSELoss_20260802_151638,ModelCNN_fvs_std0.1_90k_RMSELoss,RMSELoss,2026-08-02 15:16:38,116/200,2026-08-02 23:22:36,0.022964,0.079524,False,0.00000313,251.61,58260749,8,42
ModelCNN_fvs_std0.1_90k_RMSELoss_20260802_151638,ModelCNN_fvs_std0.1_90k_RMSELoss,RMSELoss,2026-08-02 15:16:38,117/200,2026-08-02 23:26:44,0.022968,0.080339,False,0.00000313,248.79,58260749,8,42
ModelCNN_fvs_std0.1_90k_RMSELoss_20260802_151638,ModelCNN_fvs_std0.1_90k_RMSELoss,RMSELoss,2026-08-02 15:16:38,118/200,2026-08-02 23:30:53,0.022892,0.079386,False,0.00000313,249.03,58260749,8,42
ModelCNN_fvs_std0.1_90k_RMSELoss_20260802_151638,ModelCNN_fvs_std0.1_90k_RMSELoss,RMSELoss,2026-08-02 15:16:38,119/200,2026-08-02 23:35:03,0.022850,0.079246,False,0.00000313,249.65,58260749,8,42
ModelCNN_fvs_std0.1_90k_RMSELoss_20260802_151638,ModelCNN_fvs_std0.1_90k_RMSELoss,RMSELoss,2026-08-02 15:16:38,120/200,2026-08-02 23:39:12,0.022886,0.079785,False,0.00000156,249.19,58260749,8,42
ModelCNN_fvs_std0.1_90k_RMSELoss_20260802_151638,ModelCNN_fvs_std0.1_90k_RMSELoss,RMSELoss,2026-08-02 15:16:38,121/200,2026-08-02 23:43:19,0.022601,0.079211,False,0.00000156,247.11,58260749,8,42
ModelCNN_fvs_std0.1_90k_RMSELoss_20260802_151638,ModelCNN_fvs_std0.1_90k_RMSELoss,RMSELoss,2026-08-02 15:16:38,122/200,2026-08-02 23:47:27,0.022569,0.079199,False,0.00000156,248.06,58260749,8,42
ModelCNN_fvs_std0.1_90k_RMSELoss_20260802_151638,ModelCNN_fvs_std0.1_90k_RMSELoss,RMSELoss,2026-08-02 15:16:38,123/200,2026-08-02 23:51:36,0.022599,0.078436,True,0.00000156,248.98,58260749,8,42
ModelCNN_fvs_std0.1_90k_RMSELoss_20260802_151638,ModelCNN_fvs_std0.1_90k_RMSELoss,RMSELoss,2026-08-02 15:16:38,124/200,2026-08-02 23:55:55,0.022502,0.079646,False,0.00000156,248.94,58260749,8,42
ModelCNN_fvs_std0.1_90k_RMSELoss_20260802_151638,ModelCNN_fvs_std0.1_90k_RMSELoss,RMSELoss,2026-08-02 15:16:38,125/200,2026-08-03 00:00:03,0.022422,0.079118,False,0.00000156,247.92,58260749,8,42
ModelCNN_fvs_std0.1_90k_RMSELoss_20260802_151638,ModelCNN_fvs_std0.1_90k_RMSELoss,RMSELoss,2026-08-02 15:16:38,126/200,2026-08-03 00:04:12,0.022500,0.079449,False,0.00000156,249.08,58260749,8,42
ModelCNN_fvs_std0.1_90k_RMSELoss_20260802_151638,ModelCNN_fvs_std0.1_90k_RMSELoss,RMSELoss,2026-08-02 15:16:38,127/200,2026-08-03 00:08:20,0.022434,0.079357,False,0.00000156,248.18,58260749,8,42
ModelCNN_fvs_std0.1_90k_RMSELoss_20260802_151638,ModelCNN_fvs_std0.1_90k_RMSELoss,RMSELoss,2026-08-02 15:16:38,128/200,2026-08-03 00:12:29,0.022404,0.079496,False,0.00000156,248.57,58260749,8,42
ModelCNN_fvs_std0.1_90k_RMSELoss_20260802_151638,ModelCNN_fvs_std0.1_90k_RMSELoss,RMSELoss,2026-08-02 15:16:38,129/200,2026-08-03 00:16:38,0.022278,0.079253,False,0.00000156,248.94,58260749,8,42
ModelCNN_fvs_std0.1_90k_RMSELoss_20260802_151638,ModelCNN_fvs_std0.1_90k_RMSELoss,RMSELoss,2026-08-02 15:16:38,130/200,2026-08-03 00:20:47,0.022459,0.079155,False,0.00000156,248.97,58260749,8,42
ModelCNN_fvs_std0.1_90k_RMSELoss_20260802_151638,ModelCNN_fvs_std0.1_90k_RMSELoss,RMSELoss,2026-08-02 15:16:38,131/200,2026-08-03 00:24:58,0.022303,0.079527,False,0.00000156,250.59,58260749,8,42
ModelCNN_fvs_std0.1_90k_RMSELoss_20260802_151638,ModelCNN_fvs_std0.1_90k_RMSELoss,RMSELoss,2026-08-02 15:16:38,132/200,2026-08-03 00:29:07,0.022326,0.078896,False,0.00000156,249.18,58260749,8,42
ModelCNN_fvs_std0.1_90k_RMSELoss_20260802_151638,ModelCNN_fvs_std0.1_90k_RMSELoss,RMSELoss,2026-08-02 15:16:38,133/200,2026-08-03 00:33:15,0.022245,0.078878,False,0.00000156,248.63,58260749,8,42
ModelCNN_fvs_std0.1_90k_RMSELoss_20260802_151638,ModelCNN_fvs_std0.1_90k_RMSELoss,RMSELoss,2026-08-02 15:16:38,134/200,2026-08-03 00:37:25,0.022336,0.079611,False,0.00000156,249.32,58260749,8,42
ModelCNN_fvs_std0.1_90k_RMSELoss_20260802_151638,ModelCNN_fvs_std0.1_90k_RMSELoss,RMSELoss,2026-08-02 15:16:38,135/200,2026-08-03 00:41:34,0.022234,0.079394,False,0.00000156,249.20,58260749,8,42
ModelCNN_fvs_std0.1_90k_RMSELoss_20260802_151638,ModelCNN_fvs_std0.1_90k_RMSELoss,RMSELoss,2026-08-02 15:16:38,136/200,2026-08-03 00:45:44,0.022257,0.078732,False,0.00000156,249.92,58260749,8,42
ModelCNN_fvs_std0.1_90k_RMSELoss_20260802_151638,ModelCNN_fvs_std0.1_90k_RMSELoss,RMSELoss,2026-08-02 15:16:38,137/200,2026-08-03 00:49:53,0.022175,0.079344,False,0.00000156,248.99,58260749,8,42
ModelCNN_fvs_std0.1_90k_RMSELoss_20260802_151638,ModelCNN_fvs_std0.1_90k_RMSELoss,RMSELoss,2026-08-02 15:16:38,138/200,2026-08-03 00:54:01,0.022138,0.079096,False,0.00000156,248.56,58260749,8,42
ModelCNN_fvs_std0.1_90k_RMSELoss_20260802_151638,ModelCNN_fvs_std0.1_90k_RMSELoss,RMSELoss,2026-08-02 15:16:38,139/200,2026-08-03 00:58:11,0.022210,0.078823,False,0.00000156,249.17,58260749,8,42
ModelCNN_fvs_std0.1_90k_RMSELoss_20260802_151638,ModelCNN_fvs_std0.1_90k_RMSELoss,RMSELoss,2026-08-02 15:16:38,140/200,2026-08-03 01:02:19,0.022113,0.078993,False,0.00000078,248.30,58260749,8,42
ModelCNN_fvs_std0.1_90k_RMSELoss_20260802_151638,ModelCNN_fvs_std0.1_90k_RMSELoss,RMSELoss,2026-08-02 15:16:38,141/200,2026-08-03 01:06:27,0.022089,0.078687,False,0.00000078,248.25,58260749,8,42
ModelCNN_fvs_std0.1_90k_RMSELoss_20260802_151638,ModelCNN_fvs_std0.1_90k_RMSELoss,RMSELoss,2026-08-02 15:16:38,142/200,2026-08-03 01:10:35,0.022028,0.079430,False,0.00000078,248.18,58260749,8,42
ModelCNN_fvs_std0.1_90k_RMSELoss_20260802_151638,ModelCNN_fvs_std0.1_90k_RMSELoss,RMSELoss,2026-08-02 15:16:38,143/200,2026-08-03 01:14:44,0.021972,0.078843,False,0.00000078,249.14,58260749,8,42
ModelCNN_fvs_std0.1_90k_RMSELoss_20260802_151638,ModelCNN_fvs_std0.1_90k_RMSELoss,RMSELoss,2026-08-02 15:16:38,144/200,2026-08-03 01:18:53,0.022013,0.079547,False,0.00000078,248.46,58260749,8,42
ModelCNN_fvs_std0.1_90k_RMSELoss_20260802_151638,ModelCNN_fvs_std0.1_90k_RMSELoss,RMSELoss,2026-08-02 15:16:38,145/200,2026-08-03 01:23:06,0.021984,0.078963,False,0.00000078,253.06,58260749,8,42
ModelCNN_fvs_std0.1_90k_RMSELoss_20260802_151638,ModelCNN_fvs_std0.1_90k_RMSELoss,RMSELoss,2026-08-02 15:16:38,146/200,2026-08-03 01:27:15,0.021962,0.079233,False,0.00000078,248.58,58260749,8,42
ModelCNN_fvs_std0.1_90k_RMSELoss_20260802_151638,ModelCNN_fvs_std0.1_90k_RMSELoss,RMSELoss,2026-08-02 15:16:38,147/200,2026-08-03 01:31:24,0.021933,0.078778,False,0.00000078,249.12,58260749,8,42
ModelCNN_fvs_std0.1_90k_RMSELoss_20260802_151638,ModelCNN_fvs_std0.1_90k_RMSELoss,RMSELoss,2026-08-02 15:16:38,148/200,2026-08-03 01:35:32,0.021907,0.079324,False,0.00000078,248.56,58260749,8,42
ModelCNN_fvs_std0.1_90k_RMSELoss_20260802_151638,ModelCNN_fvs_std0.1_90k_RMSELoss,RMSELoss,2026-08-02 15:16:38,149/200,2026-08-03 01:39:40,0.021923,0.078907,False,0.00000078,248.25,58260749,8,42
ModelCNN_fvs_std0.1_90k_RMSELoss_20260802_151638,ModelCNN_fvs_std0.1_90k_RMSELoss,RMSELoss,2026-08-02 15:16:38,150/200,2026-08-03 01:43:49,0.021877,0.079090,False,0.00000078,248.73,58260749,8,42
ModelCNN_fvs_std0.1_90k_RMSELoss_20260802_151638,ModelCNN_fvs_std0.1_90k_RMSELoss,RMSELoss,2026-08-02 15:16:38,151/200,2026-08-03 01:47:59,0.021860,0.078890,False,0.00000078,250.00,58260749,8,42
ModelCNN_fvs_std0.1_90k_RMSELoss_20260802_151638,ModelCNN_fvs_std0.1_90k_RMSELoss,RMSELoss,2026-08-02 15:16:38,152/200,2026-08-03 01:52:07,0.021869,0.078413,True,0.00000078,247.73,58260749,8,42
ModelCNN_fvs_std0.1_90k_RMSELoss_20260802_151638,ModelCNN_fvs_std0.1_90k_RMSELoss,RMSELoss,2026-08-02 15:16:38,153/200,2026-08-03 01:56:26,0.021877,0.078550,False,0.00000078,249.19,58260749,8,42
ModelCNN_fvs_std0.1_90k_RMSELoss_20260802_151638,ModelCNN_fvs_std0.1_90k_RMSELoss,RMSELoss,2026-08-02 15:16:38,154/200,2026-08-03 02:00:35,0.021881,0.079114,False,0.00000078,249.06,58260749,8,42
ModelCNN_fvs_std0.1_90k_RMSELoss_20260802_151638,ModelCNN_fvs_std0.1_90k_RMSELoss,RMSELoss,2026-08-02 15:16:38,155/200,2026-08-03 02:04:44,0.021898,0.079122,False,0.00000078,248.96,58260749,8,42
ModelCNN_fvs_std0.1_90k_RMSELoss_20260802_151638,ModelCNN_fvs_std0.1_90k_RMSELoss,RMSELoss,2026-08-02 15:16:38,156/200,2026-08-03 02:08:54,0.021787,0.079054,False,0.00000078,249.51,58260749,8,42
ModelCNN_fvs_std0.1_90k_RMSELoss_20260802_151638,ModelCNN_fvs_std0.1_90k_RMSELoss,RMSELoss,2026-08-02 15:16:38,157/200,2026-08-03 02:13:03,0.021787,0.078308,True,0.00000078,249.60,58260749,8,42
ModelCNN_fvs_std0.1_90k_RMSELoss_20260802_151638,ModelCNN_fvs_std0.1_90k_RMSELoss,RMSELoss,2026-08-02 15:16:38,158/200,2026-08-03 02:17:24,0.021773,0.078870,False,0.00000078,250.63,58260749,8,42
ModelCNN_fvs_std0.1_90k_RMSELoss_20260802_151638,ModelCNN_fvs_std0.1_90k_RMSELoss,RMSELoss,2026-08-02 15:16:38,159/200,2026-08-03 02:21:36,0.021906,0.078617,False,0.00000078,252.49,58260749,8,42
ModelCNN_fvs_std0.1_90k_RMSELoss_20260802_151638,ModelCNN_fvs_std0.1_90k_RMSELoss,RMSELoss,2026-08-02 15:16:38,160/200,2026-08-03 02:25:46,0.021784,0.078643,False,0.00000039,249.84,58260749,8,42
ModelCNN_fvs_std0.1_90k_RMSELoss_20260802_151638,ModelCNN_fvs_std0.1_90k_RMSELoss,RMSELoss,2026-08-02 15:16:38,161/200,2026-08-03 02:29:54,0.021733,0.079016,False,0.00000039,248.30,58260749,8,42
ModelCNN_fvs_std0.1_90k_RMSELoss_20260802_151638,ModelCNN_fvs_std0.1_90k_RMSELoss,RMSELoss,2026-08-02 15:16:38,162/200,2026-08-03 02:34:03,0.021725,0.078956,False,0.00000039,248.90,58260749,8,42
ModelCNN_fvs_std0.1_90k_RMSELoss_20260802_151638,ModelCNN_fvs_std0.1_90k_RMSELoss,RMSELoss,2026-08-02 15:16:38,163/200,2026-08-03 02:38:11,0.021801,0.078941,False,0.00000039,248.15,58260749,8,42
ModelCNN_fvs_std0.1_90k_RMSELoss_20260802_151638,ModelCNN_fvs_std0.1_90k_RMSELoss,RMSELoss,2026-08-02 15:16:38,164/200,2026-08-03 02:42:20,0.021720,0.079594,False,0.00000039,249.13,58260749,8,42
ModelCNN_fvs_std0.1_90k_RMSELoss_20260802_151638,ModelCNN_fvs_std0.1_90k_RMSELoss,RMSELoss,2026-08-02 15:16:38,165/200,2026-08-03 02:46:29,0.021641,0.078250,True,0.00000039,248.81,58260749,8,42
ModelCNN_fvs_std0.1_90k_RMSELoss_20260802_151638,ModelCNN_fvs_std0.1_90k_RMSELoss,RMSELoss,2026-08-02 15:16:38,166/200,2026-08-03 02:50:48,0.021704,0.079620,False,0.00000039,248.99,58260749,8,42
ModelCNN_fvs_std0.1_90k_RMSELoss_20260802_151638,ModelCNN_fvs_std0.1_90k_RMSELoss,RMSELoss,2026-08-02 15:16:38,167/200,2026-08-03 02:54:57,0.021714,0.078951,False,0.00000039,249.00,58260749,8,42
ModelCNN_fvs_std0.1_90k_RMSELoss_20260802_151638,ModelCNN_fvs_std0.1_90k_RMSELoss,RMSELoss,2026-08-02 15:16:38,168/200,2026-08-03 02:59:04,0.021641,0.078335,False,0.00000039,247.34,58260749,8,42
ModelCNN_fvs_std0.1_90k_RMSELoss_20260802_151638,ModelCNN_fvs_std0.1_90k_RMSELoss,RMSELoss,2026-08-02 15:16:38,169/200,2026-08-03 03:03:13,0.021654,0.079345,False,0.00000039,248.53,58260749,8,42
ModelCNN_fvs_std0.1_90k_RMSELoss_20260802_151638,ModelCNN_fvs_std0.1_90k_RMSELoss,RMSELoss,2026-08-02 15:16:38,170/200,2026-08-03 03:07:21,0.021709,0.078925,False,0.00000039,247.93,58260749,8,42
ModelCNN_fvs_std0.1_90k_RMSELoss_20260802_151638,ModelCNN_fvs_std0.1_90k_RMSELoss,RMSELoss,2026-08-02 15:16:38,171/200,2026-08-03 03:11:28,0.021678,0.078751,False,0.00000039,247.44,58260749,8,42
ModelCNN_fvs_std0.1_90k_RMSELoss_20260802_151638,ModelCNN_fvs_std0.1_90k_RMSELoss,RMSELoss,2026-08-02 15:16:38,172/200,2026-08-03 03:15:38,0.021675,0.079122,False,0.00000039,249.99,58260749,8,42
ModelCNN_fvs_std0.1_90k_RMSELoss_20260802_151638,ModelCNN_fvs_std0.1_90k_RMSELoss,RMSELoss,2026-08-02 15:16:38,173/200,2026-08-03 03:19:46,0.021650,0.078703,False,0.00000039,248.16,58260749,8,42
ModelCNN_fvs_std0.1_90k_RMSELoss_20260802_151638,ModelCNN_fvs_std0.1_90k_RMSELoss,RMSELoss,2026-08-02 15:16:38,174/200,2026-08-03 03:23:59,0.021598,0.078865,False,0.00000039,252.09,58260749,8,42
ModelCNN_fvs_std0.1_90k_RMSELoss_20260802_151638,ModelCNN_fvs_std0.1_90k_RMSELoss,RMSELoss,2026-08-02 15:16:38,175/200,2026-08-03 03:28:07,0.021632,0.078853,False,0.00000039,248.55,58260749,8,42
ModelCNN_fvs_std0.1_90k_RMSELoss_20260802_151638,ModelCNN_fvs_std0.1_90k_RMSELoss,RMSELoss,2026-08-02 15:16:38,176/200,2026-08-03 03:32:17,0.021601,0.078867,False,0.00000039,249.81,58260749,8,42
ModelCNN_fvs_std0.1_90k_RMSELoss_20260802_151638,ModelCNN_fvs_std0.1_90k_RMSELoss,RMSELoss,2026-08-02 15:16:38,177/200,2026-08-03 03:36:24,0.021614,0.078830,False,0.00000039,247.55,58260749,8,42
ModelCNN_fvs_std0.1_90k_RMSELoss_20260802_151638,ModelCNN_fvs_std0.1_90k_RMSELoss,RMSELoss,2026-08-02 15:16:38,178/200,2026-08-03 03:40:34,0.021651,0.078450,False,0.00000039,249.13,58260749,8,42
ModelCNN_fvs_std0.1_90k_RMSELoss_20260802_151638,ModelCNN_fvs_std0.1_90k_RMSELoss,RMSELoss,2026-08-02 15:16:38,179/200,2026-08-03 03:44:42,0.021610,0.078660,False,0.00000039,248.44,58260749,8,42
ModelCNN_fvs_std0.1_90k_RMSELoss_20260802_151638,ModelCNN_fvs_std0.1_90k_RMSELoss,RMSELoss,2026-08-02 15:16:38,180/200,2026-08-03 03:48:51,0.021684,0.078658,False,0.00000020,249.32,58260749,8,42
ModelCNN_fvs_std0.1_90k_RMSELoss_20260802_151638,ModelCNN_fvs_std0.1_90k_RMSELoss,RMSELoss,2026-08-02 15:16:38,181/200,2026-08-03 03:53:01,0.021597,0.078021,True,0.00000020,249.69,58260749,8,42
ModelCNN_fvs_std0.1_90k_RMSELoss_20260802_151638,ModelCNN_fvs_std0.1_90k_RMSELoss,RMSELoss,2026-08-02 15:16:38,182/200,2026-08-03 03:57:20,0.021618,0.078497,False,0.00000020,249.29,58260749,8,42
ModelCNN_fvs_std0.1_90k_RMSELoss_20260802_151638,ModelCNN_fvs_std0.1_90k_RMSELoss,RMSELoss,2026-08-02 15:16:38,183/200,2026-08-03 04:01:35,0.021584,0.078976,False,0.00000020,255.34,58260749,8,42
ModelCNN_fvs_std0.1_90k_RMSELoss_20260802_151638,ModelCNN_fvs_std0.1_90k_RMSELoss,RMSELoss,2026-08-02 15:16:38,184/200,2026-08-03 04:05:44,0.021590,0.078755,False,0.00000020,248.92,58260749,8,42
ModelCNN_fvs_std0.1_90k_RMSELoss_20260802_151638,ModelCNN_fvs_std0.1_90k_RMSELoss,RMSELoss,2026-08-02 15:16:38,185/200,2026-08-03 04:09:53,0.021593,0.079042,False,0.00000020,248.97,58260749,8,42
ModelCNN_fvs_std0.1_90k_RMSELoss_20260802_151638,ModelCNN_fvs_std0.1_90k_RMSELoss,RMSELoss,2026-08-02 15:16:38,186/200,2026-08-03 04:14:06,0.021576,0.079165,False,0.00000020,252.34,58260749,8,42
ModelCNN_fvs_std0.1_90k_RMSELoss_20260802_151638,ModelCNN_fvs_std0.1_90k_RMSELoss,RMSELoss,2026-08-02 15:16:38,187/200,2026-08-03 04:18:15,0.021582,0.079212,False,0.00000020,249.31,58260749,8,42
ModelCNN_fvs_std0.1_90k_RMSELoss_20260802_151638,ModelCNN_fvs_std0.1_90k_RMSELoss,RMSELoss,2026-08-02 15:16:38,188/200,2026-08-03 04:22:24,0.021499,0.078567,False,0.00000020,248.61,58260749,8,42
ModelCNN_fvs_std0.1_90k_RMSELoss_20260802_151638,ModelCNN_fvs_std0.1_90k_RMSELoss,RMSELoss,2026-08-02 15:16:38,189/200,2026-08-03 04:26:33,0.021580,0.078596,False,0.00000020,249.23,58260749,8,42
ModelCNN_fvs_std0.1_90k_RMSELoss_20260802_151638,ModelCNN_fvs_std0.1_90k_RMSELoss,RMSELoss,2026-08-02 15:16:38,190/200,2026-08-03 04:30:42,0.021623,0.077839,True,0.00000020,248.83,58260749,8,42
ModelCNN_fvs_std0.1_90k_RMSELoss_20260802_151638,ModelCNN_fvs_std0.1_90k_RMSELoss,RMSELoss,2026-08-02 15:16:38,191/200,2026-08-03 04:35:07,0.021653,0.079661,False,0.00000020,255.85,58260749,8,42
ModelCNN_fvs_std0.1_90k_RMSELoss_20260802_151638,ModelCNN_fvs_std0.1_90k_RMSELoss,RMSELoss,2026-08-02 15:16:38,192/200,2026-08-03 04:39:10,0.021593,0.078782,False,0.00000020,242.24,58260749,8,42
ModelCNN_fvs_std0.1_90k_RMSELoss_20260802_151638,ModelCNN_fvs_std0.1_90k_RMSELoss,RMSELoss,2026-08-02 15:16:38,193/200,2026-08-03 04:43:08,0.021573,0.078979,False,0.00000020,237.99,58260749,8,42
ModelCNN_fvs_std0.1_90k_RMSELoss_20260802_151638,ModelCNN_fvs_std0.1_90k_RMSELoss,RMSELoss,2026-08-02 15:16:38,194/200,2026-08-03 04:47:07,0.021584,0.078229,False,0.00000020,239.15,58260749,8,42
ModelCNN_fvs_std0.1_90k_RMSELoss_20260802_151638,ModelCNN_fvs_std0.1_90k_RMSELoss,RMSELoss,2026-08-02 15:16:38,195/200,2026-08-03 04:51:06,0.021572,0.078620,False,0.00000020,239.04,58260749,8,42
ModelCNN_fvs_std0.1_90k_RMSELoss_20260802_151638,ModelCNN_fvs_std0.1_90k_RMSELoss,RMSELoss,2026-08-02 15:16:38,196/200,2026-08-03 04:55:10,0.021612,0.078602,False,0.00000020,243.97,58260749,8,42
ModelCNN_fvs_std0.1_90k_RMSELoss_20260802_151638,ModelCNN_fvs_std0.1_90k_RMSELoss,RMSELoss,2026-08-02 15:16:38,197/200,2026-08-03 04:59:22,0.021505,0.078328,False,0.00000020,252.41,58260749,8,42
ModelCNN_fvs_std0.1_90k_RMSELoss_20260802_151638,ModelCNN_fvs_std0.1_90k_RMSELoss,RMSELoss,2026-08-02 15:16:38,198/200,2026-08-03 05:03:33,0.021530,0.078245,False,0.00000020,250.26,58260749,8,42
ModelCNN_fvs_std0.1_90k_RMSELoss_20260802_151638,ModelCNN_fvs_std0.1_90k_RMSELoss,RMSELoss,2026-08-02 15:16:38,199/200,2026-08-03 05:07:43,0.021536,0.079031,False,0.00000020,250.41,58260749,8,42
ModelCNN_fvs_std0.1_90k_RMSELoss_20260802_151638,ModelCNN_fvs_std0.1_90k_RMSELoss,RMSELoss,2026-08-02 15:16:38,200/200,2026-08-03 05:11:51,0.021545,0.078802,False,0.00000010,248.36,58260749,8,42
Resnet50_fvs_std0.1_90k_RMSELoss_20260803_051151,Resnet50_fvs_std0.1_90k_RMSELoss,RMSELoss,2026-08-03 05:11:51,1/200,2026-08-03 05:16:02,0.112175,0.113362,True,0.00010000,249.34,57284901,8,42
Resnet50_fvs_std0.1_90k_RMSELoss_20260803_051151,Resnet50_fvs_std0.1_90k_RMSELoss,RMSELoss,2026-08-03 05:11:51,2/200,2026-08-03 05:20:22,0.097768,0.100059,True,0.00010000,250.25,57284901,8,42
Resnet50_fvs_std0.1_90k_RMSELoss_20260803_051151,Resnet50_fvs_std0.1_90k_RMSELoss,RMSELoss,2026-08-03 05:11:51,3/200,2026-08-03 05:24:41,0.091912,0.113318,False,0.00010000,249.45,57284901,8,42
Resnet50_fvs_std0.1_90k_RMSELoss_20260803_051151,Resnet50_fvs_std0.1_90k_RMSELoss,RMSELoss,2026-08-03 05:11:51,4/200,2026-08-03 05:28:50,0.087974,0.097934,True,0.00010000,248.81,57284901,8,42
Resnet50_fvs_std0.1_90k_RMSELoss_20260803_051151,Resnet50_fvs_std0.1_90k_RMSELoss,RMSELoss,2026-08-03 05:11:51,5/200,2026-08-03 05:33:11,0.085039,0.100708,False,0.00010000,251.59,57284901,8,42
Resnet50_fvs_std0.1_90k_RMSELoss_20260803_051151,Resnet50_fvs_std0.1_90k_RMSELoss,RMSELoss,2026-08-03 05:11:51,6/200,2026-08-03 05:37:20,0.082601,0.096108,True,0.00010000,248.47,57284901,8,42
Resnet50_fvs_std0.1_90k_RMSELoss_20260803_051151,Resnet50_fvs_std0.1_90k_RMSELoss,RMSELoss,2026-08-03 05:11:51,7/200,2026-08-03 05:41:38,0.080444,0.090220,True,0.00010000,248.78,57284901,8,42
Resnet50_fvs_std0.1_90k_RMSELoss_20260803_051151,Resnet50_fvs_std0.1_90k_RMSELoss,RMSELoss,2026-08-03 05:11:51,8/200,2026-08-03 05:45:56,0.078675,0.096464,False,0.00010000,248.14,57284901,8,42
Resnet50_fvs_std0.1_90k_RMSELoss_20260803_051151,Resnet50_fvs_std0.1_90k_RMSELoss,RMSELoss,2026-08-03 05:11:51,9/200,2026-08-03 05:50:04,0.076680,0.094418,False,0.00010000,248.13,57284901,8,42
Resnet50_fvs_std0.1_90k_RMSELoss_20260803_051151,Resnet50_fvs_std0.1_90k_RMSELoss,RMSELoss,2026-08-03 05:11:51,10/200,2026-08-03 05:54:12,0.075137,0.092188,False,0.00010000,247.71,57284901,8,42
Resnet50_fvs_std0.1_90k_RMSELoss_20260803_051151,Resnet50_fvs_std0.1_90k_RMSELoss,RMSELoss,2026-08-03 05:11:51,11/200,2026-08-03 05:58:21,0.073217,0.089159,True,0.00010000,248.98,57284901,8,42
Resnet50_fvs_std0.1_90k_RMSELoss_20260803_051151,Resnet50_fvs_std0.1_90k_RMSELoss,RMSELoss,2026-08-03 05:11:51,12/200,2026-08-03 06:02:40,0.071687,0.093979,False,0.00010000,248.70,57284901,8,42
Resnet50_fvs_std0.1_90k_RMSELoss_20260803_051151,Resnet50_fvs_std0.1_90k_RMSELoss,RMSELoss,2026-08-03 05:11:51,13/200,2026-08-03 06:06:47,0.070186,0.095833,False,0.00010000,247.67,57284901,8,42
Resnet50_fvs_std0.1_90k_RMSELoss_20260803_051151,Resnet50_fvs_std0.1_90k_RMSELoss,RMSELoss,2026-08-03 05:11:51,14/200,2026-08-03 06:10:55,0.068812,0.089522,False,0.00010000,248.03,57284901,8,42
Resnet50_fvs_std0.1_90k_RMSELoss_20260803_051151,Resnet50_fvs_std0.1_90k_RMSELoss,RMSELoss,2026-08-03 05:11:51,15/200,2026-08-03 06:15:04,0.067606,0.088655,True,0.00010000,248.42,57284901,8,42
Resnet50_fvs_std0.1_90k_RMSELoss_20260803_051151,Resnet50_fvs_std0.1_90k_RMSELoss,RMSELoss,2026-08-03 05:11:51,16/200,2026-08-03 06:19:24,0.066095,0.094398,False,0.00010000,250.01,57284901,8,42
Resnet50_fvs_std0.1_90k_RMSELoss_20260803_051151,Resnet50_fvs_std0.1_90k_RMSELoss,RMSELoss,2026-08-03 05:11:51,17/200,2026-08-03 06:23:35,0.065086,0.096028,False,0.00010000,250.96,57284901,8,42
Resnet50_fvs_std0.1_90k_RMSELoss_20260803_051151,Resnet50_fvs_std0.1_90k_RMSELoss,RMSELoss,2026-08-03 05:11:51,18/200,2026-08-03 06:27:46,0.063664,0.092812,False,0.00010000,251.58,57284901,8,42
Resnet50_fvs_std0.1_90k_RMSELoss_20260803_051151,Resnet50_fvs_std0.1_90k_RMSELoss,RMSELoss,2026-08-03 05:11:51,19/200,2026-08-03 06:31:55,0.062489,0.088766,False,0.00010000,248.82,57284901,8,42
Resnet50_fvs_std0.1_90k_RMSELoss_20260803_051151,Resnet50_fvs_std0.1_90k_RMSELoss,RMSELoss,2026-08-03 05:11:51,20/200,2026-08-03 06:36:05,0.061405,0.089892,False,0.00005000,249.50,57284901,8,42
Resnet50_fvs_std0.1_90k_RMSELoss_20260803_051151,Resnet50_fvs_std0.1_90k_RMSELoss,RMSELoss,2026-08-03 05:11:51,21/200,2026-08-03 06:40:14,0.056243,0.087715,True,0.00005000,249.62,57284901,8,42
Resnet50_fvs_std0.1_90k_RMSELoss_20260803_051151,Resnet50_fvs_std0.1_90k_RMSELoss,RMSELoss,2026-08-03 05:11:51,22/200,2026-08-03 06:44:32,0.053984,0.085590,True,0.00005000,248.12,57284901,8,42
Resnet50_fvs_std0.1_90k_RMSELoss_20260803_051151,Resnet50_fvs_std0.1_90k_RMSELoss,RMSELoss,2026-08-03 05:11:51,23/200,2026-08-03 06:48:51,0.052591,0.086993,False,0.00005000,249.42,57284901,8,42
Resnet50_fvs_std0.1_90k_RMSELoss_20260803_051151,Resnet50_fvs_std0.1_90k_RMSELoss,RMSELoss,2026-08-03 05:11:51,24/200,2026-08-03 06:53:00,0.051389,0.090324,False,0.00005000,248.36,57284901,8,42
Resnet50_fvs_std0.1_90k_RMSELoss_20260803_051151,Resnet50_fvs_std0.1_90k_RMSELoss,RMSELoss,2026-08-03 05:11:51,25/200,2026-08-03 06:57:09,0.050442,0.087432,False,0.00005000,249.21,57284901,8,42
Resnet50_fvs_std0.1_90k_RMSELoss_20260803_051151,Resnet50_fvs_std0.1_90k_RMSELoss,RMSELoss,2026-08-03 05:11:51,26/200,2026-08-03 07:01:18,0.049430,0.090054,False,0.00005000,248.87,57284901,8,42
Resnet50_fvs_std0.1_90k_RMSELoss_20260803_051151,Resnet50_fvs_std0.1_90k_RMSELoss,RMSELoss,2026-08-03 05:11:51,27/200,2026-08-03 07:05:27,0.048748,0.090107,False,0.00005000,248.97,57284901,8,42
Resnet50_fvs_std0.1_90k_RMSELoss_20260803_051151,Resnet50_fvs_std0.1_90k_RMSELoss,RMSELoss,2026-08-03 05:11:51,28/200,2026-08-03 07:09:35,0.047788,0.095508,False,0.00005000,247.84,57284901,8,42
Resnet50_fvs_std0.1_90k_RMSELoss_20260803_051151,Resnet50_fvs_std0.1_90k_RMSELoss,RMSELoss,2026-08-03 05:11:51,29/200,2026-08-03 07:13:44,0.047096,0.085411,True,0.00005000,249.00,57284901,8,42
Resnet50_fvs_std0.1_90k_RMSELoss_20260803_051151,Resnet50_fvs_std0.1_90k_RMSELoss,RMSELoss,2026-08-03 05:11:51,30/200,2026-08-03 07:18:03,0.046484,0.084851,True,0.00005000,249.48,57284901,8,42
Resnet50_fvs_std0.1_90k_RMSELoss_20260803_051151,Resnet50_fvs_std0.1_90k_RMSELoss,RMSELoss,2026-08-03 05:11:51,31/200,2026-08-03 07:22:21,0.045770,0.087759,False,0.00005000,247.68,57284901,8,42
Resnet50_fvs_std0.1_90k_RMSELoss_20260803_051151,Resnet50_fvs_std0.1_90k_RMSELoss,RMSELoss,2026-08-03 05:11:51,32/200,2026-08-03 07:26:31,0.045016,0.085853,False,0.00005000,250.53,57284901,8,42
Resnet50_fvs_std0.1_90k_RMSELoss_20260803_051151,Resnet50_fvs_std0.1_90k_RMSELoss,RMSELoss,2026-08-03 05:11:51,33/200,2026-08-03 07:30:40,0.044325,0.090126,False,0.00005000,248.69,57284901,8,42
Resnet50_fvs_std0.1_90k_RMSELoss_20260803_051151,Resnet50_fvs_std0.1_90k_RMSELoss,RMSELoss,2026-08-03 05:11:51,34/200,2026-08-03 07:34:47,0.043794,0.092671,False,0.00005000,247.47,57284901,8,42
Resnet50_fvs_std0.1_90k_RMSELoss_20260803_051151,Resnet50_fvs_std0.1_90k_RMSELoss,RMSELoss,2026-08-03 05:11:51,35/200,2026-08-03 07:38:56,0.043143,0.093225,False,0.00005000,248.37,57284901,8,42
Resnet50_fvs_std0.1_90k_RMSELoss_20260803_051151,Resnet50_fvs_std0.1_90k_RMSELoss,RMSELoss,2026-08-03 05:11:51,36/200,2026-08-03 07:43:04,0.042643,0.089367,False,0.00005000,247.80,57284901,8,42
Resnet50_fvs_std0.1_90k_RMSELoss_20260803_051151,Resnet50_fvs_std0.1_90k_RMSELoss,RMSELoss,2026-08-03 05:11:51,37/200,2026-08-03 07:47:11,0.041994,0.085037,False,0.00005000,247.71,57284901,8,42
Resnet50_fvs_std0.1_90k_RMSELoss_20260803_051151,Resnet50_fvs_std0.1_90k_RMSELoss,RMSELoss,2026-08-03 05:11:51,38/200,2026-08-03 07:51:19,0.041601,0.085170,False,0.00005000,248.12,57284901,8,42
Resnet50_fvs_std0.1_90k_RMSELoss_20260803_051151,Resnet50_fvs_std0.1_90k_RMSELoss,RMSELoss,2026-08-03 05:11:51,39/200,2026-08-03 07:55:28,0.040946,0.085519,False,0.00005000,248.29,57284901,8,42
Resnet50_fvs_std0.1_90k_RMSELoss_20260803_051151,Resnet50_fvs_std0.1_90k_RMSELoss,RMSELoss,2026-08-03 05:11:51,40/200,2026-08-03 07:59:36,0.040315,0.087344,False,0.00002500,248.43,57284901,8,42
Resnet50_fvs_std0.1_90k_RMSELoss_20260803_051151,Resnet50_fvs_std0.1_90k_RMSELoss,RMSELoss,2026-08-03 05:11:51,41/200,2026-08-03 08:03:45,0.037554,0.083028,True,0.00002500,248.76,57284901,8,42
Resnet50_fvs_std0.1_90k_RMSELoss_20260803_051151,Resnet50_fvs_std0.1_90k_RMSELoss,RMSELoss,2026-08-03 05:11:51,42/200,2026-08-03 08:08:02,0.036346,0.083819,False,0.00002500,247.62,57284901,8,42
Resnet50_fvs_std0.1_90k_RMSELoss_20260803_051151,Resnet50_fvs_std0.1_90k_RMSELoss,RMSELoss,2026-08-03 05:11:51,43/200,2026-08-03 08:12:11,0.035496,0.086495,False,0.00002500,248.72,57284901,8,42
Resnet50_fvs_std0.1_90k_RMSELoss_20260803_051151,Resnet50_fvs_std0.1_90k_RMSELoss,RMSELoss,2026-08-03 05:11:51,44/200,2026-08-03 08:16:19,0.035101,0.085280,False,0.00002500,247.67,57284901,8,42
Resnet50_fvs_std0.1_90k_RMSELoss_20260803_051151,Resnet50_fvs_std0.1_90k_RMSELoss,RMSELoss,2026-08-03 05:11:51,45/200,2026-08-03 08:20:27,0.034673,0.084868,False,0.00002500,248.65,57284901,8,42
Resnet50_fvs_std0.1_90k_RMSELoss_20260803_051151,Resnet50_fvs_std0.1_90k_RMSELoss,RMSELoss,2026-08-03 05:11:51,46/200,2026-08-03 08:24:35,0.034204,0.086638,False,0.00002500,247.38,57284901,8,42
Resnet50_fvs_std0.1_90k_RMSELoss_20260803_051151,Resnet50_fvs_std0.1_90k_RMSELoss,RMSELoss,2026-08-03 05:11:51,47/200,2026-08-03 08:28:47,0.033893,0.086620,False,0.00002500,251.94,57284901,8,42
Resnet50_fvs_std0.1_90k_RMSELoss_20260803_051151,Resnet50_fvs_std0.1_90k_RMSELoss,RMSELoss,2026-08-03 05:11:51,48/200,2026-08-03 08:32:55,0.033349,0.086627,False,0.00002500,248.08,57284901,8,42
Resnet50_fvs_std0.1_90k_RMSELoss_20260803_051151,Resnet50_fvs_std0.1_90k_RMSELoss,RMSELoss,2026-08-03 05:11:51,49/200,2026-08-03 08:37:03,0.033159,0.086176,False,0.00002500,247.99,57284901,8,42
Resnet50_fvs_std0.1_90k_RMSELoss_20260803_051151,Resnet50_fvs_std0.1_90k_RMSELoss,RMSELoss,2026-08-03 05:11:51,50/200,2026-08-03 08:41:11,0.032690,0.085547,False,0.00002500,248.39,57284901,8,42
Resnet50_fvs_std0.1_90k_RMSELoss_20260803_051151,Resnet50_fvs_std0.1_90k_RMSELoss,RMSELoss,2026-08-03 05:11:51,51/200,2026-08-03 08:45:19,0.032430,0.083234,False,0.00002500,247.92,57284901,8,42
Resnet50_fvs_std0.1_90k_RMSELoss_20260803_051151,Resnet50_fvs_std0.1_90k_RMSELoss,RMSELoss,2026-08-03 05:11:51,52/200,2026-08-03 08:49:26,0.032121,0.083977,False,0.00002500,247.20,57284901,8,42
Resnet50_fvs_std0.1_90k_RMSELoss_20260803_051151,Resnet50_fvs_std0.1_90k_RMSELoss,RMSELoss,2026-08-03 05:11:51,53/200,2026-08-03 08:53:35,0.031835,0.084275,False,0.00002500,248.85,57284901,8,42
Resnet50_fvs_std0.1_90k_RMSELoss_20260803_051151,Resnet50_fvs_std0.1_90k_RMSELoss,RMSELoss,2026-08-03 05:11:51,54/200,2026-08-03 08:57:43,0.031583,0.085344,False,0.00002500,248.13,57284901,8,42
Resnet50_fvs_std0.1_90k_RMSELoss_20260803_051151,Resnet50_fvs_std0.1_90k_RMSELoss,RMSELoss,2026-08-03 05:11:51,55/200,2026-08-03 09:01:53,0.031191,0.082892,True,0.00002500,249.36,57284901,8,42
Resnet50_fvs_std0.1_90k_RMSELoss_20260803_051151,Resnet50_fvs_std0.1_90k_RMSELoss,RMSELoss,2026-08-03 05:11:51,56/200,2026-08-03 09:06:12,0.031060,0.084458,False,0.00002500,249.33,57284901,8,42
Resnet50_fvs_std0.1_90k_RMSELoss_20260803_051151,Resnet50_fvs_std0.1_90k_RMSELoss,RMSELoss,2026-08-03 05:11:51,57/200,2026-08-03 09:10:20,0.030699,0.082343,True,0.00002500,247.80,57284901,8,42
Resnet50_fvs_std0.1_90k_RMSELoss_20260803_051151,Resnet50_fvs_std0.1_90k_RMSELoss,RMSELoss,2026-08-03 05:11:51,58/200,2026-08-03 09:14:37,0.030459,0.081814,True,0.00002500,247.72,57284901,8,42
Resnet50_fvs_std0.1_90k_RMSELoss_20260803_051151,Resnet50_fvs_std0.1_90k_RMSELoss,RMSELoss,2026-08-03 05:11:51,59/200,2026-08-03 09:18:55,0.030246,0.082447,False,0.00002500,247.72,57284901,8,42
Resnet50_fvs_std0.1_90k_RMSELoss_20260803_051151,Resnet50_fvs_std0.1_90k_RMSELoss,RMSELoss,2026-08-03 05:11:51,60/200,2026-08-03 09:23:04,0.029959,0.081617,True,0.00001250,248.87,57284901,8,42
Resnet50_fvs_std0.1_90k_RMSELoss_20260803_051151,Resnet50_fvs_std0.1_90k_RMSELoss,RMSELoss,2026-08-03 05:11:51,61/200,2026-08-03 09:27:25,0.028628,0.081242,True,0.00001250,251.52,57284901,8,42
Resnet50_fvs_std0.1_90k_RMSELoss_20260803_051151,Resnet50_fvs_std0.1_90k_RMSELoss,RMSELoss,2026-08-03 05:11:51,62/200,2026-08-03 09:31:44,0.027852,0.081915,False,0.00001250,248.98,57284901,8,42
Resnet50_fvs_std0.1_90k_RMSELoss_20260803_051151,Resnet50_fvs_std0.1_90k_RMSELoss,RMSELoss,2026-08-03 05:11:51,63/200,2026-08-03 09:35:51,0.027646,0.081583,False,0.00001250,247.31,57284901,8,42
Resnet50_fvs_std0.1_90k_RMSELoss_20260803_051151,Resnet50_fvs_std0.1_90k_RMSELoss,RMSELoss,2026-08-03 05:11:51,64/200,2026-08-03 09:39:59,0.027397,0.082577,False,0.00001250,247.67,57284901,8,42
Resnet50_fvs_std0.1_90k_RMSELoss_20260803_051151,Resnet50_fvs_std0.1_90k_RMSELoss,RMSELoss,2026-08-03 05:11:51,65/200,2026-08-03 09:44:06,0.027194,0.082219,False,0.00001250,247.09,57284901,8,42
Resnet50_fvs_std0.1_90k_RMSELoss_20260803_051151,Resnet50_fvs_std0.1_90k_RMSELoss,RMSELoss,2026-08-03 05:11:51,66/200,2026-08-03 09:48:14,0.026971,0.081980,False,0.00001250,247.84,57284901,8,42
Resnet50_fvs_std0.1_90k_RMSELoss_20260803_051151,Resnet50_fvs_std0.1_90k_RMSELoss,RMSELoss,2026-08-03 05:11:51,67/200,2026-08-03 09:52:21,0.026909,0.082506,False,0.00001250,247.00,57284901,8,42
Resnet50_fvs_std0.1_90k_RMSELoss_20260803_051151,Resnet50_fvs_std0.1_90k_RMSELoss,RMSELoss,2026-08-03 05:11:51,68/200,2026-08-03 09:56:29,0.026661,0.081855,False,0.00001250,247.91,57284901,8,42
Resnet50_fvs_std0.1_90k_RMSELoss_20260803_051151,Resnet50_fvs_std0.1_90k_RMSELoss,RMSELoss,2026-08-03 05:11:51,69/200,2026-08-03 10:00:36,0.026453,0.083011,False,0.00001250,247.79,57284901,8,42
Resnet50_fvs_std0.1_90k_RMSELoss_20260803_051151,Resnet50_fvs_std0.1_90k_RMSELoss,RMSELoss,2026-08-03 05:11:51,70/200,2026-08-03 10:04:45,0.026253,0.079299,True,0.00001250,248.49,57284901,8,42
Resnet50_fvs_std0.1_90k_RMSELoss_20260803_051151,Resnet50_fvs_std0.1_90k_RMSELoss,RMSELoss,2026-08-03 05:11:51,71/200,2026-08-03 10:09:02,0.026083,0.081260,False,0.00001250,247.66,57284901,8,42
Resnet50_fvs_std0.1_90k_RMSELoss_20260803_051151,Resnet50_fvs_std0.1_90k_RMSELoss,RMSELoss,2026-08-03 05:11:51,72/200,2026-08-03 10:13:12,0.025990,0.082200,False,0.00001250,249.10,57284901,8,42
Resnet50_fvs_std0.1_90k_RMSELoss_20260803_051151,Resnet50_fvs_std0.1_90k_RMSELoss,RMSELoss,2026-08-03 05:11:51,73/200,2026-08-03 10:17:19,0.025874,0.081643,False,0.00001250,247.42,57284901,8,42
Resnet50_fvs_std0.1_90k_RMSELoss_20260803_051151,Resnet50_fvs_std0.1_90k_RMSELoss,RMSELoss,2026-08-03 05:11:51,74/200,2026-08-03 10:21:27,0.025678,0.081638,False,0.00001250,248.01,57284901,8,42
Resnet50_fvs_std0.1_90k_RMSELoss_20260803_051151,Resnet50_fvs_std0.1_90k_RMSELoss,RMSELoss,2026-08-03 05:11:51,75/200,2026-08-03 10:25:38,0.025584,0.081450,False,0.00001250,250.78,57284901,8,42
Resnet50_fvs_std0.1_90k_RMSELoss_20260803_051151,Resnet50_fvs_std0.1_90k_RMSELoss,RMSELoss,2026-08-03 05:11:51,76/200,2026-08-03 10:29:46,0.025519,0.080528,False,0.00001250,248.61,57284901,8,42
Resnet50_fvs_std0.1_90k_RMSELoss_20260803_051151,Resnet50_fvs_std0.1_90k_RMSELoss,RMSELoss,2026-08-03 05:11:51,77/200,2026-08-03 10:33:54,0.025369,0.081625,False,0.00001250,247.80,57284901,8,42
Resnet50_fvs_std0.1_90k_RMSELoss_20260803_051151,Resnet50_fvs_std0.1_90k_RMSELoss,RMSELoss,2026-08-03 05:11:51,78/200,2026-08-03 10:38:02,0.025172,0.081820,False,0.00001250,247.60,57284901,8,42
Resnet50_fvs_std0.1_90k_RMSELoss_20260803_051151,Resnet50_fvs_std0.1_90k_RMSELoss,RMSELoss,2026-08-03 05:11:51,79/200,2026-08-03 10:42:10,0.025064,0.081396,False,0.00001250,248.34,57284901,8,42
Resnet50_fvs_std0.1_90k_RMSELoss_20260803_051151,Resnet50_fvs_std0.1_90k_RMSELoss,RMSELoss,2026-08-03 05:11:51,80/200,2026-08-03 10:46:18,0.024919,0.080694,False,0.00000625,247.67,57284901,8,42
Resnet50_fvs_std0.1_90k_RMSELoss_20260803_051151,Resnet50_fvs_std0.1_90k_RMSELoss,RMSELoss,2026-08-03 05:11:51,81/200,2026-08-03 10:50:26,0.024259,0.081279,False,0.00000625,247.73,57284901,8,42
Resnet50_fvs_std0.1_90k_RMSELoss_20260803_051151,Resnet50_fvs_std0.1_90k_RMSELoss,RMSELoss,2026-08-03 05:11:51,82/200,2026-08-03 10:54:35,0.023967,0.081513,False,0.00000625,249.18,57284901,8,42
Resnet50_fvs_std0.1_90k_RMSELoss_20260803_051151,Resnet50_fvs_std0.1_90k_RMSELoss,RMSELoss,2026-08-03 05:11:51,83/200,2026-08-03 10:58:43,0.023790,0.081657,False,0.00000625,248.55,57284901,8,42
Resnet50_fvs_std0.1_90k_RMSELoss_20260803_051151,Resnet50_fvs_std0.1_90k_RMSELoss,RMSELoss,2026-08-03 05:11:51,84/200,2026-08-03 11:02:51,0.023575,0.080646,False,0.00000625,247.61,57284901,8,42
Resnet50_fvs_std0.1_90k_RMSELoss_20260803_051151,Resnet50_fvs_std0.1_90k_RMSELoss,RMSELoss,2026-08-03 05:11:51,85/200,2026-08-03 11:06:58,0.023609,0.080999,False,0.00000625,247.44,57284901,8,42
Resnet50_fvs_std0.1_90k_RMSELoss_20260803_051151,Resnet50_fvs_std0.1_90k_RMSELoss,RMSELoss,2026-08-03 05:11:51,86/200,2026-08-03 11:11:06,0.023436,0.080789,False,0.00000625,248.08,57284901,8,42
Resnet50_fvs_std0.1_90k_RMSELoss_20260803_051151,Resnet50_fvs_std0.1_90k_RMSELoss,RMSELoss,2026-08-03 05:11:51,87/200,2026-08-03 11:15:15,0.023457,0.081908,False,0.00000625,248.13,57284901,8,42
Resnet50_fvs_std0.1_90k_RMSELoss_20260803_051151,Resnet50_fvs_std0.1_90k_RMSELoss,RMSELoss,2026-08-03 05:11:51,88/200,2026-08-03 11:19:22,0.023324,0.080995,False,0.00000625,247.69,57284901,8,42
Resnet50_fvs_std0.1_90k_RMSELoss_20260803_051151,Resnet50_fvs_std0.1_90k_RMSELoss,RMSELoss,2026-08-03 05:11:51,89/200,2026-08-03 11:23:32,0.023289,0.081054,False,0.00000625,249.91,57284901,8,42
Resnet50_fvs_std0.1_90k_RMSELoss_20260803_051151,Resnet50_fvs_std0.1_90k_RMSELoss,RMSELoss,2026-08-03 05:11:51,90/200,2026-08-03 11:27:39,0.023052,0.080558,False,0.00000625,247.13,57284901,8,42
Resnet50_fvs_std0.1_90k_RMSELoss_20260803_051151,Resnet50_fvs_std0.1_90k_RMSELoss,RMSELoss,2026-08-03 05:11:51,91/200,2026-08-03 11:31:47,0.023015,0.080418,False,0.00000625,247.50,57284901,8,42
Resnet50_fvs_std0.1_90k_RMSELoss_20260803_051151,Resnet50_fvs_std0.1_90k_RMSELoss,RMSELoss,2026-08-03 05:11:51,92/200,2026-08-03 11:35:55,0.022946,0.081164,False,0.00000625,247.99,57284901,8,42
Resnet50_fvs_std0.1_90k_RMSELoss_20260803_051151,Resnet50_fvs_std0.1_90k_RMSELoss,RMSELoss,2026-08-03 05:11:51,93/200,2026-08-03 11:40:03,0.022997,0.080465,False,0.00000625,248.38,57284901,8,42
Resnet50_fvs_std0.1_90k_RMSELoss_20260803_051151,Resnet50_fvs_std0.1_90k_RMSELoss,RMSELoss,2026-08-03 05:11:51,94/200,2026-08-03 11:44:11,0.022849,0.080392,False,0.00000625,247.48,57284901,8,42
Resnet50_fvs_std0.1_90k_RMSELoss_20260803_051151,Resnet50_fvs_std0.1_90k_RMSELoss,RMSELoss,2026-08-03 05:11:51,95/200,2026-08-03 11:48:20,0.022805,0.080962,False,0.00000625,249.13,57284901,8,42
Resnet50_fvs_std0.1_90k_RMSELoss_20260803_051151,Resnet50_fvs_std0.1_90k_RMSELoss,RMSELoss,2026-08-03 05:11:51,96/200,2026-08-03 11:52:28,0.022660,0.080144,False,0.00000625,247.78,57284901,8,42
Resnet50_fvs_std0.1_90k_RMSELoss_20260803_051151,Resnet50_fvs_std0.1_90k_RMSELoss,RMSELoss,2026-08-03 05:11:51,97/200,2026-08-03 11:56:36,0.022632,0.079802,False,0.00000625,248.67,57284901,8,42
Resnet50_fvs_std0.1_90k_RMSELoss_20260803_051151,Resnet50_fvs_std0.1_90k_RMSELoss,RMSELoss,2026-08-03 05:11:51,98/200,2026-08-03 12:00:45,0.022622,0.080098,False,0.00000625,248.38,57284901,8,42
Resnet50_fvs_std0.1_90k_RMSELoss_20260803_051151,Resnet50_fvs_std0.1_90k_RMSELoss,RMSELoss,2026-08-03 05:11:51,99/200,2026-08-03 12:04:53,0.022512,0.080871,False,0.00000625,247.96,57284901,8,42
Resnet50_fvs_std0.1_90k_RMSELoss_20260803_051151,Resnet50_fvs_std0.1_90k_RMSELoss,RMSELoss,2026-08-03 05:11:51,100/200,2026-08-03 12:09:00,0.022477,0.079814,False,0.00000313,247.31,57284901,8,42
Resnet50_fvs_std0.1_90k_RMSELoss_20260803_051151,Resnet50_fvs_std0.1_90k_RMSELoss,RMSELoss,2026-08-03 05:11:51,101/200,2026-08-03 12:13:08,0.022016,0.079780,False,0.00000313,247.95,57284901,8,42
Resnet50_fvs_std0.1_90k_RMSELoss_20260803_051151,Resnet50_fvs_std0.1_90k_RMSELoss,RMSELoss,2026-08-03 05:11:51,102/200,2026-08-03 12:17:16,0.022057,0.080284,False,0.00000313,248.30,57284901,8,42
Resnet50_fvs_std0.1_90k_RMSELoss_20260803_051151,Resnet50_fvs_std0.1_90k_RMSELoss,RMSELoss,2026-08-03 05:11:51,103/200,2026-08-03 12:21:24,0.021930,0.081328,False,0.00000313,247.43,57284901,8,42
Resnet50_fvs_std0.1_90k_RMSELoss_20260803_051151,Resnet50_fvs_std0.1_90k_RMSELoss,RMSELoss,2026-08-03 05:11:51,104/200,2026-08-03 12:25:32,0.021834,0.080357,False,0.00000313,248.35,57284901,8,42
Resnet50_fvs_std0.1_90k_RMSELoss_20260803_051151,Resnet50_fvs_std0.1_90k_RMSELoss,RMSELoss,2026-08-03 05:11:51,105/200,2026-08-03 12:29:41,0.021696,0.080331,False,0.00000313,249.13,57284901,8,42
Resnet50_fvs_std0.1_90k_RMSELoss_20260803_051151,Resnet50_fvs_std0.1_90k_RMSELoss,RMSELoss,2026-08-03 05:11:51,106/200,2026-08-03 12:33:48,0.021728,0.079745,False,0.00000313,246.84,57284901,8,42
Resnet50_fvs_std0.1_90k_RMSELoss_20260803_051151,Resnet50_fvs_std0.1_90k_RMSELoss,RMSELoss,2026-08-03 05:11:51,107/200,2026-08-03 12:37:56,0.021780,0.080173,False,0.00000313,248.07,57284901,8,42
Resnet50_fvs_std0.1_90k_RMSELoss_20260803_051151,Resnet50_fvs_std0.1_90k_RMSELoss,RMSELoss,2026-08-03 05:11:51,108/200,2026-08-03 12:42:04,0.021605,0.079588,False,0.00000313,247.78,57284901,8,42
Resnet50_fvs_std0.1_90k_RMSELoss_20260803_051151,Resnet50_fvs_std0.1_90k_RMSELoss,RMSELoss,2026-08-03 05:11:51,109/200,2026-08-03 12:46:14,0.021621,0.079506,False,0.00000313,249.65,57284901,8,42
Resnet50_fvs_std0.1_90k_RMSELoss_20260803_051151,Resnet50_fvs_std0.1_90k_RMSELoss,RMSELoss,2026-08-03 05:11:51,110/200,2026-08-03 12:50:22,0.021500,0.079726,False,0.00000313,248.34,57284901,8,42
Resnet50_fvs_std0.1_90k_RMSELoss_20260803_051151,Resnet50_fvs_std0.1_90k_RMSELoss,RMSELoss,2026-08-03 05:11:51,111/200,2026-08-03 12:54:33,0.021460,0.079663,False,0.00000313,250.56,57284901,8,42
Resnet50_fvs_std0.1_90k_RMSELoss_20260803_051151,Resnet50_fvs_std0.1_90k_RMSELoss,RMSELoss,2026-08-03 05:11:51,112/200,2026-08-03 12:58:41,0.021463,0.080776,False,0.00000313,248.31,57284901,8,42
Resnet50_fvs_std0.1_90k_RMSELoss_20260803_051151,Resnet50_fvs_std0.1_90k_RMSELoss,RMSELoss,2026-08-03 05:11:51,113/200,2026-08-03 13:02:48,0.021413,0.080682,False,0.00000313,247.35,57284901,8,42
Resnet50_fvs_std0.1_90k_RMSELoss_20260803_051151,Resnet50_fvs_std0.1_90k_RMSELoss,RMSELoss,2026-08-03 05:11:51,114/200,2026-08-03 13:06:57,0.021438,0.079698,False,0.00000313,248.91,57284901,8,42
Resnet50_fvs_std0.1_90k_RMSELoss_20260803_051151,Resnet50_fvs_std0.1_90k_RMSELoss,RMSELoss,2026-08-03 05:11:51,115/200,2026-08-03 13:11:06,0.021334,0.080421,False,0.00000313,249.00,57284901,8,42
Densenet121_std0.1_90k_RMSELoss_20260803_131106,Densenet121_std0.1_90k_RMSELoss,RMSELoss,2026-08-03 13:11:06,1/200,2026-08-03 13:17:32,0.112899,0.108272,True,0.00010000,384.86,39682149,8,42
Densenet121_std0.1_90k_RMSELoss_20260803_131106,Densenet121_std0.1_90k_RMSELoss,RMSELoss,2026-08-03 13:11:06,2/200,2026-08-03 13:24:13,0.099116,0.100957,True,0.00010000,391.09,39682149,8,42
Densenet121_std0.1_90k_RMSELoss_20260803_131106,Densenet121_std0.1_90k_RMSELoss,RMSELoss,2026-08-03 13:11:06,3/200,2026-08-03 13:30:49,0.093645,0.103940,False,0.00010000,386.11,39682149,8,42
Densenet121_std0.1_90k_RMSELoss_20260803_131106,Densenet121_std0.1_90k_RMSELoss,RMSELoss,2026-08-03 13:11:06,4/200,2026-08-03 13:37:20,0.090137,0.093472,True,0.00010000,390.60,39682149,8,42
Densenet121_std0.1_90k_RMSELoss_20260803_131106,Densenet121_std0.1_90k_RMSELoss,RMSELoss,2026-08-03 13:11:06,5/200,2026-08-03 13:43:54,0.087780,0.095295,False,0.00010000,384.71,39682149,8,42
Densenet121_std0.1_90k_RMSELoss_20260803_131106,Densenet121_std0.1_90k_RMSELoss,RMSELoss,2026-08-03 13:11:06,6/200,2026-08-03 13:50:19,0.085408,0.094162,False,0.00010000,384.70,39682149,8,42
Densenet121_std0.1_90k_RMSELoss_20260803_131106,Densenet121_std0.1_90k_RMSELoss,RMSELoss,2026-08-03 13:11:06,7/200,2026-08-03 13:56:54,0.083850,0.093901,False,0.00010000,395.40,39682149,8,42
Densenet121_std0.1_90k_RMSELoss_20260803_131106,Densenet121_std0.1_90k_RMSELoss,RMSELoss,2026-08-03 13:11:06,8/200,2026-08-03 14:03:19,0.082428,0.095203,False,0.00010000,385.09,39682149,8,42
Densenet121_std0.1_90k_RMSELoss_20260803_131106,Densenet121_std0.1_90k_RMSELoss,RMSELoss,2026-08-03 13:11:06,9/200,2026-08-03 14:09:44,0.080944,0.094540,False,0.00010000,384.63,39682149,8,42
Densenet121_std0.1_90k_RMSELoss_20260803_131106,Densenet121_std0.1_90k_RMSELoss,RMSELoss,2026-08-03 13:11:06,10/200,2026-08-03 14:16:22,0.079560,0.090095,True,0.00010000,398.36,39682149,8,42
Densenet121_std0.1_90k_RMSELoss_20260803_131106,Densenet121_std0.1_90k_RMSELoss,RMSELoss,2026-08-03 13:11:06,11/200,2026-08-03 14:23:03,0.078273,0.087390,True,0.00010000,390.85,39682149,8,42
Densenet121_std0.1_90k_RMSELoss_20260803_131106,Densenet121_std0.1_90k_RMSELoss,RMSELoss,2026-08-03 13:11:06,12/200,2026-08-03 14:29:41,0.077296,0.088700,False,0.00010000,387.94,39682149,8,42
Densenet121_std0.1_90k_RMSELoss_20260803_131106,Densenet121_std0.1_90k_RMSELoss,RMSELoss,2026-08-03 13:11:06,13/200,2026-08-03 14:36:09,0.075892,0.095681,False,0.00010000,388.36,39682149,8,42
Densenet121_std0.1_90k_RMSELoss_20260803_131106,Densenet121_std0.1_90k_RMSELoss,RMSELoss,2026-08-03 13:11:06,14/200,2026-08-03 14:42:34,0.074983,0.087842,False,0.00010000,384.71,39682149,8,42
Densenet121_std0.1_90k_RMSELoss_20260803_131106,Densenet121_std0.1_90k_RMSELoss,RMSELoss,2026-08-03 13:11:06,15/200,2026-08-03 14:49:00,0.074491,0.089303,False,0.00010000,385.68,39682149,8,42
Densenet121_std0.1_90k_RMSELoss_20260803_131106,Densenet121_std0.1_90k_RMSELoss,RMSELoss,2026-08-03 13:11:06,16/200,2026-08-03 14:55:32,0.073110,0.087841,False,0.00010000,392.10,39682149,8,42
Densenet121_std0.1_90k_RMSELoss_20260803_131106,Densenet121_std0.1_90k_RMSELoss,RMSELoss,2026-08-03 13:11:06,17/200,2026-08-03 15:02:03,0.072446,0.093147,False,0.00010000,391.72,39682149,8,42
Densenet121_std0.1_90k_RMSELoss_20260803_131106,Densenet121_std0.1_90k_RMSELoss,RMSELoss,2026-08-03 13:11:06,18/200,2026-08-03 15:08:33,0.071373,0.084551,True,0.00010000,389.58,39682149,8,42
Densenet121_std0.1_90k_RMSELoss_20260803_131106,Densenet121_std0.1_90k_RMSELoss,RMSELoss,2026-08-03 13:11:06,19/200,2026-08-03 15:15:10,0.070592,0.087248,False,0.00010000,387.43,39682149,8,42
Densenet121_std0.1_90k_RMSELoss_20260803_131106,Densenet121_std0.1_90k_RMSELoss,RMSELoss,2026-08-03 13:11:06,20/200,2026-08-03 15:21:35,0.069997,0.087217,False,0.00005000,384.78,39682149,8,42
Densenet121_std0.1_90k_RMSELoss_20260803_131106,Densenet121_std0.1_90k_RMSELoss,RMSELoss,2026-08-03 13:11:06,21/200,2026-08-03 15:28:17,0.065197,0.087884,False,0.00005000,402.27,39682149,8,42
Densenet121_std0.1_90k_RMSELoss_20260803_131106,Densenet121_std0.1_90k_RMSELoss,RMSELoss,2026-08-03 13:11:06,22/200,2026-08-03 15:34:45,0.063650,0.085778,False,0.00005000,387.68,39682149,8,42
Densenet121_std0.1_90k_RMSELoss_20260803_131106,Densenet121_std0.1_90k_RMSELoss,RMSELoss,2026-08-03 13:11:06,23/200,2026-08-03 15:41:10,0.062639,0.086708,False,0.00005000,384.62,39682149,8,42
Densenet121_std0.1_90k_RMSELoss_20260803_131106,Densenet121_std0.1_90k_RMSELoss,RMSELoss,2026-08-03 13:11:06,24/200,2026-08-03 15:47:37,0.061680,0.086719,False,0.00005000,387.58,39682149,8,42
Densenet121_std0.1_90k_RMSELoss_20260803_131106,Densenet121_std0.1_90k_RMSELoss,RMSELoss,2026-08-03 13:11:06,25/200,2026-08-03 15:54:08,0.061156,0.087930,False,0.00005000,390.32,39682149,8,42
Densenet121_std0.1_90k_RMSELoss_20260803_131106,Densenet121_std0.1_90k_RMSELoss,RMSELoss,2026-08-03 13:11:06,26/200,2026-08-03 16:00:36,0.060244,0.086100,False,0.00005000,388.30,39682149,8,42
Densenet121_std0.1_90k_RMSELoss_20260803_131106,Densenet121_std0.1_90k_RMSELoss,RMSELoss,2026-08-03 13:11:06,27/200,2026-08-03 16:07:07,0.059809,0.083302,True,0.00005000,391.10,39682149,8,42
Densenet121_std0.1_90k_RMSELoss_20260803_131106,Densenet121_std0.1_90k_RMSELoss,RMSELoss,2026-08-03 13:11:06,28/200,2026-08-03 16:13:43,0.059006,0.085471,False,0.00005000,385.66,39682149,8,42
Densenet121_std0.1_90k_RMSELoss_20260803_131106,Densenet121_std0.1_90k_RMSELoss,RMSELoss,2026-08-03 13:11:06,29/200,2026-08-03 16:20:15,0.058473,0.086350,False,0.00005000,392.04,39682149,8,42
Densenet121_std0.1_90k_RMSELoss_20260803_131106,Densenet121_std0.1_90k_RMSELoss,RMSELoss,2026-08-03 13:11:06,30/200,2026-08-03 16:26:44,0.057887,0.086717,False,0.00005000,388.88,39682149,8,42
Densenet121_std0.1_90k_RMSELoss_20260803_131106,Densenet121_std0.1_90k_RMSELoss,RMSELoss,2026-08-03 13:11:06,31/200,2026-08-03 16:33:11,0.057253,0.086439,False,0.00005000,387.20,39682149,8,42
Densenet121_std0.1_90k_RMSELoss_20260803_131106,Densenet121_std0.1_90k_RMSELoss,RMSELoss,2026-08-03 13:11:06,32/200,2026-08-03 16:39:43,0.056734,0.082313,True,0.00005000,391.88,39682149,8,42
Densenet121_std0.1_90k_RMSELoss_20260803_131106,Densenet121_std0.1_90k_RMSELoss,RMSELoss,2026-08-03 13:11:06,33/200,2026-08-03 16:46:19,0.056182,0.086547,False,0.00005000,386.20,39682149,8,42
Densenet121_std0.1_90k_RMSELoss_20260803_131106,Densenet121_std0.1_90k_RMSELoss,RMSELoss,2026-08-03 13:11:06,34/200,2026-08-03 16:52:45,0.055755,0.084095,False,0.00005000,386.63,39682149,8,42
Densenet121_std0.1_90k_RMSELoss_20260803_131106,Densenet121_std0.1_90k_RMSELoss,RMSELoss,2026-08-03 13:11:06,35/200,2026-08-03 16:59:10,0.055283,0.083940,False,0.00005000,384.94,39682149,8,42
Densenet121_std0.1_90k_RMSELoss_20260803_131106,Densenet121_std0.1_90k_RMSELoss,RMSELoss,2026-08-03 13:11:06,36/200,2026-08-03 17:05:44,0.054778,0.082042,True,0.00005000,393.41,39682149,8,42
Densenet121_std0.1_90k_RMSELoss_20260803_131106,Densenet121_std0.1_90k_RMSELoss,RMSELoss,2026-08-03 13:11:06,37/200,2026-08-03 17:12:17,0.054564,0.084486,False,0.00005000,383.28,39682149,8,42
Densenet121_std0.1_90k_RMSELoss_20260803_131106,Densenet121_std0.1_90k_RMSELoss,RMSELoss,2026-08-03 13:11:06,38/200,2026-08-03 17:18:43,0.053947,0.081369,True,0.00005000,386.51,39682149,8,42
Densenet121_std0.1_90k_RMSELoss_20260803_131106,Densenet121_std0.1_90k_RMSELoss,RMSELoss,2026-08-03 13:11:06,39/200,2026-08-03 17:25:18,0.053580,0.082799,False,0.00005000,385.16,39682149,8,42
Densenet121_std0.1_90k_RMSELoss_20260803_131106,Densenet121_std0.1_90k_RMSELoss,RMSELoss,2026-08-03 13:11:06,40/200,2026-08-03 17:31:51,0.053208,0.082267,False,0.00002500,392.67,39682149,8,42
Densenet121_std0.1_90k_RMSELoss_20260803_131106,Densenet121_std0.1_90k_RMSELoss,RMSELoss,2026-08-03 13:11:06,41/200,2026-08-03 17:38:19,0.050217,0.080060,True,0.00002500,387.83,39682149,8,42
Densenet121_std0.1_90k_RMSELoss_20260803_131106,Densenet121_std0.1_90k_RMSELoss,RMSELoss,2026-08-03 13:11:06,42/200,2026-08-03 17:44:55,0.049152,0.083234,False,0.00002500,385.99,39682149,8,42
Densenet121_std0.1_90k_RMSELoss_20260803_131106,Densenet121_std0.1_90k_RMSELoss,RMSELoss,2026-08-03 13:11:06,43/200,2026-08-03 17:51:21,0.048586,0.081737,False,0.00002500,386.51,39682149,8,42
Densenet121_std0.1_90k_RMSELoss_20260803_131106,Densenet121_std0.1_90k_RMSELoss,RMSELoss,2026-08-03 13:11:06,44/200,2026-08-03 17:57:50,0.048144,0.082759,False,0.00002500,388.66,39682149,8,42
Densenet121_std0.1_90k_RMSELoss_20260803_131106,Densenet121_std0.1_90k_RMSELoss,RMSELoss,2026-08-03 13:11:06,45/200,2026-08-03 18:04:16,0.047881,0.083373,False,0.00002500,386.08,39682149,8,42
Densenet121_std0.1_90k_RMSELoss_20260803_131106,Densenet121_std0.1_90k_RMSELoss,RMSELoss,2026-08-03 13:11:06,46/200,2026-08-03 18:10:47,0.047311,0.082412,False,0.00002500,390.46,39682149,8,42
Densenet121_std0.1_90k_RMSELoss_20260803_131106,Densenet121_std0.1_90k_RMSELoss,RMSELoss,2026-08-03 13:11:06,47/200,2026-08-03 18:17:23,0.046977,0.082306,False,0.00002500,396.29,39682149,8,42
Densenet121_std0.1_90k_RMSELoss_20260803_131106,Densenet121_std0.1_90k_RMSELoss,RMSELoss,2026-08-03 13:11:06,48/200,2026-08-03 18:23:52,0.046696,0.080894,False,0.00002500,389.48,39682149,8,42
Densenet121_std0.1_90k_RMSELoss_20260803_131106,Densenet121_std0.1_90k_RMSELoss,RMSELoss,2026-08-03 13:11:06,49/200,2026-08-03 18:30:17,0.046337,0.081521,False,0.00002500,384.36,39682149,8,42
Densenet121_std0.1_90k_RMSELoss_20260803_131106,Densenet121_std0.1_90k_RMSELoss,RMSELoss,2026-08-03 13:11:06,50/200,2026-08-03 18:36:43,0.046040,0.083556,False,0.00002500,385.87,39682149,8,42
Densenet121_std0.1_90k_RMSELoss_20260803_131106,Densenet121_std0.1_90k_RMSELoss,RMSELoss,2026-08-03 13:11:06,51/200,2026-08-03 18:43:10,0.045655,0.082584,False,0.00002500,387.58,39682149,8,42
Densenet121_std0.1_90k_RMSELoss_20260803_131106,Densenet121_std0.1_90k_RMSELoss,RMSELoss,2026-08-03 13:11:06,52/200,2026-08-03 18:49:44,0.045682,0.079737,True,0.00002500,393.56,39682149,8,42
Densenet121_std0.1_90k_RMSELoss_20260803_131106,Densenet121_std0.1_90k_RMSELoss,RMSELoss,2026-08-03 13:11:06,53/200,2026-08-03 18:56:21,0.045131,0.079779,False,0.00002500,387.23,39682149,8,42
Densenet121_std0.1_90k_RMSELoss_20260803_131106,Densenet121_std0.1_90k_RMSELoss,RMSELoss,2026-08-03 13:11:06,54/200,2026-08-03 19:02:53,0.044985,0.081614,False,0.00002500,392.37,39682149,8,42
Densenet121_std0.1_90k_RMSELoss_20260803_131106,Densenet121_std0.1_90k_RMSELoss,RMSELoss,2026-08-03 13:11:06,55/200,2026-08-03 19:09:24,0.044793,0.080227,False,0.00002500,390.34,39682149,8,42
Densenet121_std0.1_90k_RMSELoss_20260803_131106,Densenet121_std0.1_90k_RMSELoss,RMSELoss,2026-08-03 13:11:06,56/200,2026-08-03 19:15:56,0.044452,0.080988,False,0.00002500,392.63,39682149,8,42
Densenet121_std0.1_90k_RMSELoss_20260803_131106,Densenet121_std0.1_90k_RMSELoss,RMSELoss,2026-08-03 13:11:06,57/200,2026-08-03 19:22:26,0.044161,0.080790,False,0.00002500,389.39,39682149,8,42
Densenet121_std0.1_90k_RMSELoss_20260803_131106,Densenet121_std0.1_90k_RMSELoss,RMSELoss,2026-08-03 13:11:06,58/200,2026-08-03 19:28:53,0.043961,0.089091,False,0.00002500,387.12,39682149,8,42
Densenet121_std0.1_90k_RMSELoss_20260803_131106,Densenet121_std0.1_90k_RMSELoss,RMSELoss,2026-08-03 13:11:06,59/200,2026-08-03 19:35:24,0.043717,0.083236,False,0.00002500,390.86,39682149,8,42
Densenet121_std0.1_90k_RMSELoss_20260803_131106,Densenet121_std0.1_90k_RMSELoss,RMSELoss,2026-08-03 13:11:06,60/200,2026-08-03 19:41:56,0.043441,0.081544,False,0.00001250,392.55,39682149,8,42
Densenet121_std0.1_90k_RMSELoss_20260803_131106,Densenet121_std0.1_90k_RMSELoss,RMSELoss,2026-08-03 13:11:06,61/200,2026-08-03 19:48:25,0.041896,0.083503,False,0.00001250,389.16,39682149,8,42
Densenet121_std0.1_90k_RMSELoss_20260803_131106,Densenet121_std0.1_90k_RMSELoss,RMSELoss,2026-08-03 13:11:06,62/200,2026-08-03 19:54:53,0.041371,0.082422,False,0.00001250,388.11,39682149,8,42
Densenet121_std0.1_90k_RMSELoss_20260803_131106,Densenet121_std0.1_90k_RMSELoss,RMSELoss,2026-08-03 13:11:06,63/200,2026-08-03 20:01:26,0.040969,0.081572,False,0.00001250,392.42,39682149,8,42
Densenet121_std0.1_90k_RMSELoss_20260803_131106,Densenet121_std0.1_90k_RMSELoss,RMSELoss,2026-08-03 13:11:06,64/200,2026-08-03 20:07:50,0.040720,0.081901,False,0.00001250,384.15,39682149,8,42
Densenet121_std0.1_90k_RMSELoss_20260803_131106,Densenet121_std0.1_90k_RMSELoss,RMSELoss,2026-08-03 13:11:06,65/200,2026-08-03 20:14:14,0.040467,0.081995,False,0.00001250,384.06,39682149,8,42
Densenet121_std0.1_90k_RMSELoss_20260803_131106,Densenet121_std0.1_90k_RMSELoss,RMSELoss,2026-08-03 13:11:06,66/200,2026-08-03 20:20:46,0.040269,0.081171,False,0.00001250,391.74,39682149,8,42
Densenet121_std0.1_90k_RMSELoss_20260803_131106,Densenet121_std0.1_90k_RMSELoss,RMSELoss,2026-08-03 13:11:06,67/200,2026-08-03 20:27:17,0.040204,0.081677,False,0.00001250,391.62,39682149,8,42
Densenet121_std0.1_90k_RMSELoss_20260803_131106,Densenet121_std0.1_90k_RMSELoss,RMSELoss,2026-08-03 13:11:06,68/200,2026-08-03 20:33:45,0.039941,0.081212,False,0.00001250,387.36,39682149,8,42
Densenet121_std0.1_90k_RMSELoss_20260803_131106,Densenet121_std0.1_90k_RMSELoss,RMSELoss,2026-08-03 13:11:06,69/200,2026-08-03 20:40:15,0.039865,0.082570,False,0.00001250,390.60,39682149,8,42
Densenet121_std0.1_90k_RMSELoss_20260803_131106,Densenet121_std0.1_90k_RMSELoss,RMSELoss,2026-08-03 13:11:06,70/200,2026-08-03 20:46:46,0.039681,0.079159,True,0.00001250,390.24,39682149,8,42
Densenet121_std0.1_90k_RMSELoss_20260803_131106,Densenet121_std0.1_90k_RMSELoss,RMSELoss,2026-08-03 13:11:06,71/200,2026-08-03 20:53:20,0.039359,0.081689,False,0.00001250,384.43,39682149,8,42
Densenet121_std0.1_90k_RMSELoss_20260803_131106,Densenet121_std0.1_90k_RMSELoss,RMSELoss,2026-08-03 13:11:06,72/200,2026-08-03 20:59:45,0.039337,0.082778,False,0.00001250,385.34,39682149,8,42
Densenet121_std0.1_90k_RMSELoss_20260803_131106,Densenet121_std0.1_90k_RMSELoss,RMSELoss,2026-08-03 13:11:06,73/200,2026-08-03 21:06:13,0.039222,0.081346,False,0.00001250,387.68,39682149,8,42
Densenet121_std0.1_90k_RMSELoss_20260803_131106,Densenet121_std0.1_90k_RMSELoss,RMSELoss,2026-08-03 13:11:06,74/200,2026-08-03 21:12:45,0.039038,0.080571,False,0.00001250,392.34,39682149,8,42
Densenet121_std0.1_90k_RMSELoss_20260803_131106,Densenet121_std0.1_90k_RMSELoss,RMSELoss,2026-08-03 13:11:06,75/200,2026-08-03 21:19:17,0.038801,0.081228,False,0.00001250,392.01,39682149,8,42
Densenet121_std0.1_90k_RMSELoss_20260803_131106,Densenet121_std0.1_90k_RMSELoss,RMSELoss,2026-08-03 13:11:06,76/200,2026-08-03 21:25:45,0.038701,0.080828,False,0.00001250,388.13,39682149,8,42
Densenet121_std0.1_90k_RMSELoss_20260803_131106,Densenet121_std0.1_90k_RMSELoss,RMSELoss,2026-08-03 13:11:06,77/200,2026-08-03 21:32:11,0.038593,0.081724,False,0.00001250,385.25,39682149,8,42
Densenet121_std0.1_90k_RMSELoss_20260803_131106,Densenet121_std0.1_90k_RMSELoss,RMSELoss,2026-08-03 13:11:06,78/200,2026-08-03 21:38:40,0.038376,0.082861,False,0.00001250,389.55,39682149,8,42
Densenet121_std0.1_90k_RMSELoss_20260803_131106,Densenet121_std0.1_90k_RMSELoss,RMSELoss,2026-08-03 13:11:06,79/200,2026-08-03 21:45:06,0.038342,0.081682,False,0.00001250,385.46,39682149,8,42
Densenet121_std0.1_90k_RMSELoss_20260803_131106,Densenet121_std0.1_90k_RMSELoss,RMSELoss,2026-08-03 13:11:06,80/200,2026-08-03 21:51:38,0.038172,0.080692,False,0.00000625,391.85,39682149,8,42
Densenet121_std0.1_90k_RMSELoss_20260803_131106,Densenet121_std0.1_90k_RMSELoss,RMSELoss,2026-08-03 13:11:06,81/200,2026-08-03 21:58:04,0.037320,0.081403,False,0.00000625,386.71,39682149,8,42
Densenet121_std0.1_90k_RMSELoss_20260803_131106,Densenet121_std0.1_90k_RMSELoss,RMSELoss,2026-08-03 13:11:06,82/200,2026-08-03 22:04:31,0.036982,0.080509,False,0.00000625,386.26,39682149,8,42
Densenet121_std0.1_90k_RMSELoss_20260803_131106,Densenet121_std0.1_90k_RMSELoss,RMSELoss,2026-08-03 13:11:06,83/200,2026-08-03 22:10:56,0.036922,0.080081,False,0.00000625,385.81,39682149,8,42
Densenet121_std0.1_90k_RMSELoss_20260803_131106,Densenet121_std0.1_90k_RMSELoss,RMSELoss,2026-08-03 13:11:06,84/200,2026-08-03 22:17:22,0.036733,0.081117,False,0.00000625,385.15,39682149,8,42
Densenet121_std0.1_90k_RMSELoss_20260803_131106,Densenet121_std0.1_90k_RMSELoss,RMSELoss,2026-08-03 13:11:06,85/200,2026-08-03 22:23:52,0.036552,0.084965,False,0.00000625,390.17,39682149,8,42
Densenet121_std0.1_90k_RMSELoss_20260803_131106,Densenet121_std0.1_90k_RMSELoss,RMSELoss,2026-08-03 13:11:06,86/200,2026-08-03 22:30:21,0.036495,0.080823,False,0.00000625,389.29,39682149,8,42
Densenet121_std0.1_90k_RMSELoss_20260803_131106,Densenet121_std0.1_90k_RMSELoss,RMSELoss,2026-08-03 13:11:06,87/200,2026-08-03 22:36:52,0.036402,0.081356,False,0.00000625,391.34,39682149,8,42
Densenet121_std0.1_90k_RMSELoss_20260803_131106,Densenet121_std0.1_90k_RMSELoss,RMSELoss,2026-08-03 13:11:06,88/200,2026-08-03 22:43:18,0.036287,0.079301,False,0.00000625,385.87,39682149,8,42
Densenet121_std0.1_90k_RMSELoss_20260803_131106,Densenet121_std0.1_90k_RMSELoss,RMSELoss,2026-08-03 13:11:06,89/200,2026-08-03 22:49:44,0.036259,0.082022,False,0.00000625,385.80,39682149,8,42
Densenet121_std0.1_90k_RMSELoss_20260803_131106,Densenet121_std0.1_90k_RMSELoss,RMSELoss,2026-08-03 13:11:06,90/200,2026-08-03 22:56:11,0.036112,0.080764,False,0.00000625,386.46,39682149,8,42
Densenet121_std0.1_90k_RMSELoss_20260803_131106,Densenet121_std0.1_90k_RMSELoss,RMSELoss,2026-08-03 13:11:06,91/200,2026-08-03 23:02:42,0.036034,0.079672,False,0.00000625,391.75,39682149,8,42
Densenet121_std0.1_90k_RMSELoss_20260803_131106,Densenet121_std0.1_90k_RMSELoss,RMSELoss,2026-08-03 13:11:06,92/200,2026-08-03 23:09:10,0.035993,0.080908,False,0.00000625,387.98,39682149,8,42
Densenet121_std0.1_90k_RMSELoss_20260803_131106,Densenet121_std0.1_90k_RMSELoss,RMSELoss,2026-08-03 13:11:06,93/200,2026-08-03 23:15:42,0.035871,0.079632,False,0.00000625,391.84,39682149,8,42
Densenet121_std0.1_90k_RMSELoss_20260803_131106,Densenet121_std0.1_90k_RMSELoss,RMSELoss,2026-08-03 13:11:06,94/200,2026-08-03 23:22:09,0.035805,0.080851,False,0.00000625,386.82,39682149,8,42
Densenet121_std0.1_90k_RMSELoss_20260803_131106,Densenet121_std0.1_90k_RMSELoss,RMSELoss,2026-08-03 13:11:06,95/200,2026-08-03 23:28:40,0.035743,0.081118,False,0.00000625,391.30,39682149,8,42
Densenet121_std0.1_90k_RMSELoss_20260803_131106,Densenet121_std0.1_90k_RMSELoss,RMSELoss,2026-08-03 13:11:06,96/200,2026-08-03 23:35:06,0.035722,0.079632,False,0.00000625,385.96,39682149,8,42
Densenet121_std0.1_90k_RMSELoss_20260803_131106,Densenet121_std0.1_90k_RMSELoss,RMSELoss,2026-08-03 13:11:06,97/200,2026-08-03 23:41:33,0.035621,0.080819,False,0.00000625,386.88,39682149,8,42
Densenet121_std0.1_90k_RMSELoss_20260803_131106,Densenet121_std0.1_90k_RMSELoss,RMSELoss,2026-08-03 13:11:06,98/200,2026-08-03 23:48:04,0.035478,0.081314,False,0.00000625,390.90,39682149,8,42
Densenet121_std0.1_90k_RMSELoss_20260803_131106,Densenet121_std0.1_90k_RMSELoss,RMSELoss,2026-08-03 13:11:06,99/200,2026-08-03 23:54:29,0.035426,0.080163,False,0.00000625,384.97,39682149,8,42
Densenet121_std0.1_90k_RMSELoss_20260803_131106,Densenet121_std0.1_90k_RMSELoss,RMSELoss,2026-08-03 13:11:06,100/200,2026-08-04 00:00:55,0.035413,0.080347,False,0.00000313,386.23,39682149,8,42
Densenet121_std0.1_90k_RMSELoss_20260803_131106,Densenet121_std0.1_90k_RMSELoss,RMSELoss,2026-08-03 13:11:06,101/200,2026-08-04 00:07:21,0.034924,0.081698,False,0.00000313,386.03,39682149,8,42
Densenet121_std0.1_90k_RMSELoss_20260803_131106,Densenet121_std0.1_90k_RMSELoss,RMSELoss,2026-08-03 13:11:06,102/200,2026-08-04 00:13:53,0.034869,0.079087,True,0.00000313,391.52,39682149,8,42
Densenet121_std0.1_90k_RMSELoss_20260803_131106,Densenet121_std0.1_90k_RMSELoss,RMSELoss,2026-08-03 13:11:06,103/200,2026-08-04 00:20:35,0.034761,0.083272,False,0.00000313,391.99,39682149,8,42
Densenet121_std0.1_90k_RMSELoss_20260803_131106,Densenet121_std0.1_90k_RMSELoss,RMSELoss,2026-08-03 13:11:06,104/200,2026-08-04 00:27:01,0.034629,0.079781,False,0.00000313,386.17,39682149,8,42
Densenet121_std0.1_90k_RMSELoss_20260803_131106,Densenet121_std0.1_90k_RMSELoss,RMSELoss,2026-08-03 13:11:06,105/200,2026-08-04 00:33:32,0.034520,0.081472,False,0.00000313,391.25,39682149,8,42
Densenet121_std0.1_90k_RMSELoss_20260803_131106,Densenet121_std0.1_90k_RMSELoss,RMSELoss,2026-08-03 13:11:06,106/200,2026-08-04 00:40:10,0.034531,0.081677,False,0.00000313,397.61,39682149,8,42
Densenet121_std0.1_90k_RMSELoss_20260803_131106,Densenet121_std0.1_90k_RMSELoss,RMSELoss,2026-08-03 13:11:06,107/200,2026-08-04 00:46:39,0.034574,0.082240,False,0.00000313,388.97,39682149,8,42
Densenet121_std0.1_90k_RMSELoss_20260803_131106,Densenet121_std0.1_90k_RMSELoss,RMSELoss,2026-08-03 13:11:06,108/200,2026-08-04 00:53:06,0.034436,0.082372,False,0.00000313,387.44,39682149,8,42
Densenet121_std0.1_90k_RMSELoss_20260803_131106,Densenet121_std0.1_90k_RMSELoss,RMSELoss,2026-08-03 13:11:06,109/200,2026-08-04 00:59:34,0.034332,0.083982,False,0.00000313,387.92,39682149,8,42
Densenet121_std0.1_90k_RMSELoss_20260803_131106,Densenet121_std0.1_90k_RMSELoss,RMSELoss,2026-08-03 13:11:06,110/200,2026-08-04 01:06:02,0.034354,0.081152,False,0.00000313,387.81,39682149,8,42
Densenet121_std0.1_90k_RMSELoss_20260803_131106,Densenet121_std0.1_90k_RMSELoss,RMSELoss,2026-08-03 13:11:06,111/200,2026-08-04 01:12:28,0.034272,0.082410,False,0.00000313,385.69,39682149,8,42
Densenet121_std0.1_90k_RMSELoss_20260803_131106,Densenet121_std0.1_90k_RMSELoss,RMSELoss,2026-08-03 13:11:06,112/200,2026-08-04 01:18:58,0.034267,0.081010,False,0.00000313,390.73,39682149,8,42
Densenet121_std0.1_90k_RMSELoss_20260803_131106,Densenet121_std0.1_90k_RMSELoss,RMSELoss,2026-08-03 13:11:06,113/200,2026-08-04 01:25:25,0.034283,0.080391,False,0.00000313,386.35,39682149,8,42
Densenet121_std0.1_90k_RMSELoss_20260803_131106,Densenet121_std0.1_90k_RMSELoss,RMSELoss,2026-08-03 13:11:06,114/200,2026-08-04 01:31:51,0.034229,0.083686,False,0.00000313,385.95,39682149,8,42
Densenet121_std0.1_90k_RMSELoss_20260803_131106,Densenet121_std0.1_90k_RMSELoss,RMSELoss,2026-08-03 13:11:06,115/200,2026-08-04 01:38:18,0.034225,0.084561,False,0.00000313,387.35,39682149,8,42
Densenet121_std0.1_90k_RMSELoss_20260803_131106,Densenet121_std0.1_90k_RMSELoss,RMSELoss,2026-08-03 13:11:06,116/200,2026-08-04 01:44:43,0.034111,0.083109,False,0.00000313,385.14,39682149,8,42
Densenet121_std0.1_90k_RMSELoss_20260803_131106,Densenet121_std0.1_90k_RMSELoss,RMSELoss,2026-08-03 13:11:06,117/200,2026-08-04 01:51:14,0.034090,0.080409,False,0.00000313,390.83,39682149,8,42
Densenet121_std0.1_90k_RMSELoss_20260803_131106,Densenet121_std0.1_90k_RMSELoss,RMSELoss,2026-08-03 13:11:06,118/200,2026-08-04 01:57:42,0.034051,0.081393,False,0.00000313,387.76,39682149,8,42
Densenet121_std0.1_90k_RMSELoss_20260803_131106,Densenet121_std0.1_90k_RMSELoss,RMSELoss,2026-08-03 13:11:06,119/200,2026-08-04 02:04:07,0.033973,0.081657,False,0.00000313,385.51,39682149,8,42
Densenet121_std0.1_90k_RMSELoss_20260803_131106,Densenet121_std0.1_90k_RMSELoss,RMSELoss,2026-08-03 13:11:06,120/200,2026-08-04 02:10:33,0.033990,0.086985,False,0.00000156,385.86,39682149,8,42
Densenet121_std0.1_90k_RMSELoss_20260803_131106,Densenet121_std0.1_90k_RMSELoss,RMSELoss,2026-08-03 13:11:06,121/200,2026-08-04 02:17:01,0.033829,0.084332,False,0.00000156,387.94,39682149,8,42
Densenet121_std0.1_90k_RMSELoss_20260803_131106,Densenet121_std0.1_90k_RMSELoss,RMSELoss,2026-08-03 13:11:06,122/200,2026-08-04 02:23:34,0.033637,0.083481,False,0.00000156,392.76,39682149,8,42
Densenet121_std0.1_90k_RMSELoss_20260803_131106,Densenet121_std0.1_90k_RMSELoss,RMSELoss,2026-08-03 13:11:06,123/200,2026-08-04 02:30:01,0.033641,0.081512,False,0.00000156,387.35,39682149,8,42
Densenet121_std0.1_90k_RMSELoss_20260803_131106,Densenet121_std0.1_90k_RMSELoss,RMSELoss,2026-08-03 13:11:06,124/200,2026-08-04 02:36:31,0.033646,0.094199,False,0.00000156,389.75,39682149,8,42
Densenet121_std0.1_90k_RMSELoss_20260803_131106,Densenet121_std0.1_90k_RMSELoss,RMSELoss,2026-08-03 13:11:06,125/200,2026-08-04 02:42:57,0.033551,0.082133,False,0.00000156,386.23,39682149,8,42
Densenet121_std0.1_90k_RMSELoss_20260803_131106,Densenet121_std0.1_90k_RMSELoss,RMSELoss,2026-08-03 13:11:06,126/200,2026-08-04 02:49:25,0.033549,0.082451,False,0.00000156,387.67,39682149,8,42
Densenet121_std0.1_90k_RMSELoss_20260803_131106,Densenet121_std0.1_90k_RMSELoss,RMSELoss,2026-08-03 13:11:06,127/200,2026-08-04 02:56:59,0.033493,0.080767,False,0.00000156,453.70,39682149,8,42
Densenet121_std0.1_90k_RMSELoss_20260803_131106,Densenet121_std0.1_90k_RMSELoss,RMSELoss,2026-08-03 13:11:06,128/200,2026-08-04 03:04:43,0.033511,0.091670,False,0.00000156,463.85,39682149,8,42
Densenet121_std0.1_90k_RMSELoss_20260803_131106,Densenet121_std0.1_90k_RMSELoss,RMSELoss,2026-08-03 13:11:06,129/200,2026-08-04 03:11:38,0.033468,0.082075,False,0.00000156,415.75,39682149,8,42
Densenet121_std0.1_90k_RMSELoss_20260803_131106,Densenet121_std0.1_90k_RMSELoss,RMSELoss,2026-08-03 13:11:06,130/200,2026-08-04 03:18:37,0.033430,0.082271,False,0.00000156,418.23,39682149,8,42
Densenet121_std0.1_90k_RMSELoss_20260803_131106,Densenet121_std0.1_90k_RMSELoss,RMSELoss,2026-08-03 13:11:06,131/200,2026-08-04 03:25:43,0.033316,0.082934,False,0.00000156,426.87,39682149,8,42
Densenet121_std0.1_90k_RMSELoss_20260803_131106,Densenet121_std0.1_90k_RMSELoss,RMSELoss,2026-08-03 13:11:06,132/200,2026-08-04 03:32:55,0.033468,0.082115,False,0.00000156,431.16,39682149,8,42
Densenet121_std0.1_90k_RMSELoss_20260803_131106,Densenet121_std0.1_90k_RMSELoss,RMSELoss,2026-08-03 13:11:06,133/200,2026-08-04 03:40:13,0.033422,0.082216,False,0.00000156,438.18,39682149,8,42
Densenet121_std0.1_90k_RMSELoss_20260803_131106,Densenet121_std0.1_90k_RMSELoss,RMSELoss,2026-08-03 13:11:06,134/200,2026-08-04 03:47:12,0.033409,0.087284,False,0.00000156,419.45,39682149,8,42
Densenet121_std0.1_90k_RMSELoss_20260803_131106,Densenet121_std0.1_90k_RMSELoss,RMSELoss,2026-08-03 13:11:06,135/200,2026-08-04 03:54:07,0.033332,0.085777,False,0.00000156,414.88,39682149,8,42
Densenet121_std0.1_90k_RMSELoss_20260803_131106,Densenet121_std0.1_90k_RMSELoss,RMSELoss,2026-08-03 13:11:06,136/200,2026-08-04 04:00:53,0.033251,0.084633,False,0.00000156,405.94,39682149,8,42
Densenet121_std0.1_90k_RMSELoss_20260803_131106,Densenet121_std0.1_90k_RMSELoss,RMSELoss,2026-08-03 13:11:06,137/200,2026-08-04 04:07:37,0.033251,0.092176,False,0.00000156,403.92,39682149,8,42
Densenet121_std0.1_90k_RMSELoss_20260803_131106,Densenet121_std0.1_90k_RMSELoss,RMSELoss,2026-08-03 13:11:06,138/200,2026-08-04 04:14:13,0.033297,0.082916,False,0.00000156,395.54,39682149,8,42
Densenet121_std0.1_90k_RMSELoss_20260803_131106,Densenet121_std0.1_90k_RMSELoss,RMSELoss,2026-08-03 13:11:06,139/200,2026-08-04 04:20:51,0.033254,0.082189,False,0.00000156,398.82,39682149,8,42
Densenet121_std0.1_90k_RMSELoss_20260803_131106,Densenet121_std0.1_90k_RMSELoss,RMSELoss,2026-08-03 13:11:06,140/200,2026-08-04 04:27:32,0.033231,0.082251,False,0.00000078,401.11,39682149,8,42
Densenet121_std0.1_90k_RMSELoss_20260803_131106,Densenet121_std0.1_90k_RMSELoss,RMSELoss,2026-08-03 13:11:06,141/200,2026-08-04 04:34:13,0.033218,0.081398,False,0.00000078,400.20,39682149,8,42
Densenet121_std0.1_90k_RMSELoss_20260803_131106,Densenet121_std0.1_90k_RMSELoss,RMSELoss,2026-08-03 13:11:06,142/200,2026-08-04 04:40:56,0.033052,0.080157,False,0.00000078,403.04,39682149,8,42
Densenet121_std0.1_90k_RMSELoss_20260803_131106,Densenet121_std0.1_90k_RMSELoss,RMSELoss,2026-08-03 13:11:06,143/200,2026-08-04 04:47:41,0.033051,0.081040,False,0.00000078,405.47,39682149,8,42
Densenet121_std0.1_90k_RMSELoss_20260803_131106,Densenet121_std0.1_90k_RMSELoss,RMSELoss,2026-08-03 13:11:06,144/200,2026-08-04 04:54:26,0.033127,0.087753,False,0.00000078,405.16,39682149,8,42
Densenet121_std0.1_90k_RMSELoss_20260803_131106,Densenet121_std0.1_90k_RMSELoss,RMSELoss,2026-08-03 13:11:06,145/200,2026-08-04 05:01:07,0.032975,0.082897,False,0.00000078,400.80,39682149,8,42
Densenet121_std0.1_90k_RMSELoss_20260803_131106,Densenet121_std0.1_90k_RMSELoss,RMSELoss,2026-08-03 13:11:06,146/200,2026-08-04 05:07:49,0.033050,0.083784,False,0.00000078,402.29,39682149,8,42
Densenet121_std0.1_90k_RMSELoss_20260803_131106,Densenet121_std0.1_90k_RMSELoss,RMSELoss,2026-08-03 13:11:06,147/200,2026-08-04 05:14:30,0.032943,0.081520,False,0.00000078,401.01,39682149,8,42
ModelSwinT_std0.1_90k_RMSELoss_20260804_051431,ModelSwinT_std0.1_90k_RMSELoss,RMSELoss,2026-08-04 05:14:31,1/200,2026-08-04 05:20:42,0.122554,0.106448,True,0.00010000,370.26,59985503,8,42
ModelSwinT_std0.1_90k_RMSELoss_20260804_051431,ModelSwinT_std0.1_90k_RMSELoss,RMSELoss,2026-08-04 05:14:31,2/200,2026-08-04 05:27:12,0.105229,0.103616,True,0.00010000,379.30,59985503,8,42
ModelSwinT_std0.1_90k_RMSELoss_20260804_051431,ModelSwinT_std0.1_90k_RMSELoss,RMSELoss,2026-08-04 05:14:31,3/200,2026-08-04 05:33:38,0.100112,0.099974,True,0.00010000,376.16,59985503,8,42
ModelSwinT_std0.1_90k_RMSELoss_20260804_051431,ModelSwinT_std0.1_90k_RMSELoss,RMSELoss,2026-08-04 05:14:31,4/200,2026-08-04 05:39:54,0.096907,0.093369,True,0.00010000,365.66,59985503,8,42
ModelSwinT_std0.1_90k_RMSELoss_20260804_051431,ModelSwinT_std0.1_90k_RMSELoss,RMSELoss,2026-08-04 05:14:31,5/200,2026-08-04 05:46:10,0.094588,0.096536,False,0.00010000,365.96,59985503,8,42
ModelSwinT_std0.1_90k_RMSELoss_20260804_051431,ModelSwinT_std0.1_90k_RMSELoss,RMSELoss,2026-08-04 05:14:31,6/200,2026-08-04 05:52:18,0.092565,0.092021,True,0.00010000,367.73,59985503,8,42
ModelSwinT_std0.1_90k_RMSELoss_20260804_051431,ModelSwinT_std0.1_90k_RMSELoss,RMSELoss,2026-08-04 05:14:31,7/200,2026-08-04 05:58:32,0.090904,0.090067,True,0.00010000,364.00,59985503,8,42
ModelSwinT_std0.1_90k_RMSELoss_20260804_051431,ModelSwinT_std0.1_90k_RMSELoss,RMSELoss,2026-08-04 05:14:31,8/200,2026-08-04 06:04:46,0.089624,0.089403,True,0.00010000,364.15,59985503,8,42
ModelSwinT_std0.1_90k_RMSELoss_20260804_051431,ModelSwinT_std0.1_90k_RMSELoss,RMSELoss,2026-08-04 05:14:31,9/200,2026-08-04 06:11:09,0.088122,0.090220,False,0.00010000,372.79,59985503,8,42
ModelSwinT_std0.1_90k_RMSELoss_20260804_051431,ModelSwinT_std0.1_90k_RMSELoss,RMSELoss,2026-08-04 05:14:31,10/200,2026-08-04 06:17:13,0.087104,0.086228,True,0.00010000,364.25,59985503,8,42
ModelSwinT_std0.1_90k_RMSELoss_20260804_051431,ModelSwinT_std0.1_90k_RMSELoss,RMSELoss,2026-08-04 05:14:31,11/200,2026-08-04 06:23:27,0.085576,0.085835,True,0.00010000,364.16,59985503,8,42
ModelSwinT_std0.1_90k_RMSELoss_20260804_051431,ModelSwinT_std0.1_90k_RMSELoss,RMSELoss,2026-08-04 05:14:31,12/200,2026-08-04 06:29:57,0.084770,0.087389,False,0.00010000,379.70,59985503,8,42
ModelSwinT_std0.1_90k_RMSELoss_20260804_051431,ModelSwinT_std0.1_90k_RMSELoss,RMSELoss,2026-08-04 05:14:31,13/200,2026-08-04 06:36:01,0.083619,0.083381,True,0.00010000,363.67,59985503,8,42
ModelSwinT_std0.1_90k_RMSELoss_20260804_051431,ModelSwinT_std0.1_90k_RMSELoss,RMSELoss,2026-08-04 05:14:31,14/200,2026-08-04 06:42:14,0.082632,0.083276,True,0.00010000,363.58,59985503,8,42
ModelSwinT_std0.1_90k_RMSELoss_20260804_051431,ModelSwinT_std0.1_90k_RMSELoss,RMSELoss,2026-08-04 05:14:31,15/200,2026-08-04 06:48:29,0.082012,0.082132,True,0.00010000,364.13,59985503,8,42
ModelSwinT_std0.1_90k_RMSELoss_20260804_051431,ModelSwinT_std0.1_90k_RMSELoss,RMSELoss,2026-08-04 05:14:31,16/200,2026-08-04 06:54:41,0.080782,0.083672,False,0.00010000,362.42,59985503,8,42
ModelSwinT_std0.1_90k_RMSELoss_20260804_051431,ModelSwinT_std0.1_90k_RMSELoss,RMSELoss,2026-08-04 05:14:31,17/200,2026-08-04 07:00:52,0.080012,0.083332,False,0.00010000,371.33,59985503,8,42
ModelSwinT_std0.1_90k_RMSELoss_20260804_051431,ModelSwinT_std0.1_90k_RMSELoss,RMSELoss,2026-08-04 05:14:31,18/200,2026-08-04 07:06:58,0.079237,0.083858,False,0.00010000,366.03,59985503,8,42
ModelSwinT_std0.1_90k_RMSELoss_20260804_051431,ModelSwinT_std0.1_90k_RMSELoss,RMSELoss,2026-08-04 05:14:31,19/200,2026-08-04 07:13:02,0.078659,0.081358,True,0.00010000,363.19,59985503,8,42
ModelSwinT_std0.1_90k_RMSELoss_20260804_051431,ModelSwinT_std0.1_90k_RMSELoss,RMSELoss,2026-08-04 05:14:31,20/200,2026-08-04 07:19:15,0.077838,0.082303,False,0.00005000,363.68,59985503,8,42
ModelSwinT_std0.1_90k_RMSELoss_20260804_051431,ModelSwinT_std0.1_90k_RMSELoss,RMSELoss,2026-08-04 05:14:31,21/200,2026-08-04 07:25:18,0.073311,0.079120,True,0.00005000,363.04,59985503,8,42
ModelSwinT_std0.1_90k_RMSELoss_20260804_051431,ModelSwinT_std0.1_90k_RMSELoss,RMSELoss,2026-08-04 05:14:31,22/200,2026-08-04 07:31:38,0.071915,0.078083,True,0.00005000,369.67,59985503,8,42
ModelSwinT_std0.1_90k_RMSELoss_20260804_051431,ModelSwinT_std0.1_90k_RMSELoss,RMSELoss,2026-08-04 05:14:31,23/200,2026-08-04 07:37:52,0.071078,0.078559,False,0.00005000,363.54,59985503,8,42
ModelSwinT_std0.1_90k_RMSELoss_20260804_051431,ModelSwinT_std0.1_90k_RMSELoss,RMSELoss,2026-08-04 05:14:31,24/200,2026-08-04 07:44:00,0.070323,0.077476,True,0.00005000,368.47,59985503,8,42
ModelSwinT_std0.1_90k_RMSELoss_20260804_051431,ModelSwinT_std0.1_90k_RMSELoss,RMSELoss,2026-08-04 05:14:31,25/200,2026-08-04 07:50:14,0.069714,0.077581,False,0.00005000,363.48,59985503,8,42
ModelSwinT_std0.1_90k_RMSELoss_20260804_051431,ModelSwinT_std0.1_90k_RMSELoss,RMSELoss,2026-08-04 05:14:31,26/200,2026-08-04 07:56:18,0.069055,0.077547,False,0.00005000,364.43,59985503,8,42
ModelSwinT_std0.1_90k_RMSELoss_20260804_051431,ModelSwinT_std0.1_90k_RMSELoss,RMSELoss,2026-08-04 05:14:31,27/200,2026-08-04 08:02:32,0.068558,0.076907,True,0.00005000,373.82,59985503,8,42
ModelSwinT_std0.1_90k_RMSELoss_20260804_051431,ModelSwinT_std0.1_90k_RMSELoss,RMSELoss,2026-08-04 05:14:31,28/200,2026-08-04 08:08:46,0.067980,0.078530,False,0.00005000,364.08,59985503,8,42
ModelSwinT_std0.1_90k_RMSELoss_20260804_051431,ModelSwinT_std0.1_90k_RMSELoss,RMSELoss,2026-08-04 05:14:31,29/200,2026-08-04 08:14:50,0.067480,0.078144,False,0.00005000,363.72,59985503,8,42
ModelSwinT_std0.1_90k_RMSELoss_20260804_051431,ModelSwinT_std0.1_90k_RMSELoss,RMSELoss,2026-08-04 05:14:31,30/200,2026-08-04 08:20:58,0.067058,0.076774,True,0.00005000,367.56,59985503,8,42
ModelSwinT_std0.1_90k_RMSELoss_20260804_051431,ModelSwinT_std0.1_90k_RMSELoss,RMSELoss,2026-08-04 05:14:31,31/200,2026-08-04 08:27:09,0.066693,0.078233,False,0.00005000,361.21,59985503,8,42
ModelSwinT_std0.1_90k_RMSELoss_20260804_051431,ModelSwinT_std0.1_90k_RMSELoss,RMSELoss,2026-08-04 05:14:31,32/200,2026-08-04 08:33:16,0.066008,0.076762,True,0.00005000,366.76,59985503,8,42
ModelSwinT_std0.1_90k_RMSELoss_20260804_051431,ModelSwinT_std0.1_90k_RMSELoss,RMSELoss,2026-08-04 05:14:31,33/200,2026-08-04 08:39:29,0.065729,0.078200,False,0.00005000,363.37,59985503,8,42
ModelSwinT_std0.1_90k_RMSELoss_20260804_051431,ModelSwinT_std0.1_90k_RMSELoss,RMSELoss,2026-08-04 05:14:31,34/200,2026-08-04 08:45:38,0.065375,0.078078,False,0.00005000,368.52,59985503,8,42
ModelSwinT_std0.1_90k_RMSELoss_20260804_051431,ModelSwinT_std0.1_90k_RMSELoss,RMSELoss,2026-08-04 05:14:31,35/200,2026-08-04 08:51:41,0.065157,0.077882,False,0.00005000,363.79,59985503,8,42
ModelSwinT_std0.1_90k_RMSELoss_20260804_051431,ModelSwinT_std0.1_90k_RMSELoss,RMSELoss,2026-08-04 05:14:31,36/200,2026-08-04 08:57:50,0.064611,0.075766,True,0.00005000,368.43,59985503,8,42
ModelSwinT_std0.1_90k_RMSELoss_20260804_051431,ModelSwinT_std0.1_90k_RMSELoss,RMSELoss,2026-08-04 05:14:31,37/200,2026-08-04 09:04:04,0.064241,0.075670,True,0.00005000,363.97,59985503,8,42
ModelSwinT_std0.1_90k_RMSELoss_20260804_051431,ModelSwinT_std0.1_90k_RMSELoss,RMSELoss,2026-08-04 05:14:31,38/200,2026-08-04 09:10:16,0.063862,0.076096,False,0.00005000,362.41,59985503,8,42
ModelSwinT_std0.1_90k_RMSELoss_20260804_051431,ModelSwinT_std0.1_90k_RMSELoss,RMSELoss,2026-08-04 05:14:31,39/200,2026-08-04 09:16:26,0.063553,0.076795,False,0.00005000,369.78,59985503,8,42
ModelSwinT_std0.1_90k_RMSELoss_20260804_051431,ModelSwinT_std0.1_90k_RMSELoss,RMSELoss,2026-08-04 05:14:31,40/200,2026-08-04 09:22:33,0.063117,0.076108,False,0.00002500,366.57,59985503,8,42
ModelSwinT_std0.1_90k_RMSELoss_20260804_051431,ModelSwinT_std0.1_90k_RMSELoss,RMSELoss,2026-08-04 05:14:31,41/200,2026-08-04 09:28:37,0.060379,0.075339,True,0.00002500,364.17,59985503,8,42
ModelSwinT_std0.1_90k_RMSELoss_20260804_051431,ModelSwinT_std0.1_90k_RMSELoss,RMSELoss,2026-08-04 05:14:31,42/200,2026-08-04 09:34:50,0.059483,0.075879,False,0.00002500,363.15,59985503,8,42
ModelSwinT_std0.1_90k_RMSELoss_20260804_051431,ModelSwinT_std0.1_90k_RMSELoss,RMSELoss,2026-08-04 05:14:31,43/200,2026-08-04 09:41:03,0.059161,0.074824,True,0.00002500,372.52,59985503,8,42
ModelSwinT_std0.1_90k_RMSELoss_20260804_051431,ModelSwinT_std0.1_90k_RMSELoss,RMSELoss,2026-08-04 05:14:31,44/200,2026-08-04 09:47:14,0.058565,0.075317,False,0.00002500,361.86,59985503,8,42
ModelSwinT_std0.1_90k_RMSELoss_20260804_051431,ModelSwinT_std0.1_90k_RMSELoss,RMSELoss,2026-08-04 05:14:31,45/200,2026-08-04 09:53:21,0.058302,0.075485,False,0.00002500,366.58,59985503,8,42
ModelSwinT_std0.1_90k_RMSELoss_20260804_051431,ModelSwinT_std0.1_90k_RMSELoss,RMSELoss,2026-08-04 05:14:31,46/200,2026-08-04 09:59:24,0.057862,0.074972,False,0.00002500,363.22,59985503,8,42
ModelSwinT_std0.1_90k_RMSELoss_20260804_051431,ModelSwinT_std0.1_90k_RMSELoss,RMSELoss,2026-08-04 05:14:31,47/200,2026-08-04 10:05:28,0.057560,0.075495,False,0.00002500,364.15,59985503,8,42
ModelSwinT_std0.1_90k_RMSELoss_20260804_051431,ModelSwinT_std0.1_90k_RMSELoss,RMSELoss,2026-08-04 05:14:31,48/200,2026-08-04 10:11:35,0.057206,0.075136,False,0.00002500,366.85,59985503,8,42
ModelSwinT_std0.1_90k_RMSELoss_20260804_051431,ModelSwinT_std0.1_90k_RMSELoss,RMSELoss,2026-08-04 05:14:31,49/200,2026-08-04 10:17:43,0.057001,0.076443,False,0.00002500,368.21,59985503,8,42
ModelSwinT_std0.1_90k_RMSELoss_20260804_051431,ModelSwinT_std0.1_90k_RMSELoss,RMSELoss,2026-08-04 05:14:31,50/200,2026-08-04 10:23:46,0.056590,0.075089,False,0.00002500,362.81,59985503,8,42
ModelSwinT_std0.1_90k_RMSELoss_20260804_051431,ModelSwinT_std0.1_90k_RMSELoss,RMSELoss,2026-08-04 05:14:31,51/200,2026-08-04 10:29:54,0.056442,0.074941,False,0.00002500,368.08,59985503,8,42
ModelSwinT_std0.1_90k_RMSELoss_20260804_051431,ModelSwinT_std0.1_90k_RMSELoss,RMSELoss,2026-08-04 05:14:31,52/200,2026-08-04 10:35:58,0.056161,0.074571,True,0.00002500,364.00,59985503,8,42
ModelSwinT_std0.1_90k_RMSELoss_20260804_051431,ModelSwinT_std0.1_90k_RMSELoss,RMSELoss,2026-08-04 05:14:31,53/200,2026-08-04 10:42:14,0.055820,0.074501,True,0.00002500,365.30,59985503,8,42
ModelSwinT_std0.1_90k_RMSELoss_20260804_051431,ModelSwinT_std0.1_90k_RMSELoss,RMSELoss,2026-08-04 05:14:31,54/200,2026-08-04 10:48:29,0.055757,0.076047,False,0.00002500,364.92,59985503,8,42
ModelSwinT_std0.1_90k_RMSELoss_20260804_051431,ModelSwinT_std0.1_90k_RMSELoss,RMSELoss,2026-08-04 05:14:31,55/200,2026-08-04 10:54:40,0.055470,0.074261,True,0.00002500,371.71,59985503,8,42
ModelSwinT_std0.1_90k_RMSELoss_20260804_051431,ModelSwinT_std0.1_90k_RMSELoss,RMSELoss,2026-08-04 05:14:31,56/200,2026-08-04 11:00:54,0.055213,0.074945,False,0.00002500,363.76,59985503,8,42
ModelSwinT_std0.1_90k_RMSELoss_20260804_051431,ModelSwinT_std0.1_90k_RMSELoss,RMSELoss,2026-08-04 05:14:31,57/200,2026-08-04 11:07:04,0.054913,0.075706,False,0.00002500,369.68,59985503,8,42
ModelSwinT_std0.1_90k_RMSELoss_20260804_051431,ModelSwinT_std0.1_90k_RMSELoss,RMSELoss,2026-08-04 05:14:31,58/200,2026-08-04 11:13:11,0.054601,0.075022,False,0.00002500,367.34,59985503,8,42
ModelSwinT_std0.1_90k_RMSELoss_20260804_051431,ModelSwinT_std0.1_90k_RMSELoss,RMSELoss,2026-08-04 05:14:31,59/200,2026-08-04 11:19:20,0.054358,0.074799,False,0.00002500,368.36,59985503,8,42
ModelSwinT_std0.1_90k_RMSELoss_20260804_051431,ModelSwinT_std0.1_90k_RMSELoss,RMSELoss,2026-08-04 05:14:31,60/200,2026-08-04 11:25:29,0.054216,0.075364,False,0.00001250,369.00,59985503,8,42
ModelSwinT_std0.1_90k_RMSELoss_20260804_051431,ModelSwinT_std0.1_90k_RMSELoss,RMSELoss,2026-08-04 05:14:31,61/200,2026-08-04 11:31:37,0.052543,0.075465,False,0.00001250,368.62,59985503,8,42
ModelSwinT_std0.1_90k_RMSELoss_20260804_051431,ModelSwinT_std0.1_90k_RMSELoss,RMSELoss,2026-08-04 05:14:31,62/200,2026-08-04 11:37:41,0.052110,0.076166,False,0.00001250,363.63,59985503,8,42
ModelSwinT_std0.1_90k_RMSELoss_20260804_051431,ModelSwinT_std0.1_90k_RMSELoss,RMSELoss,2026-08-04 05:14:31,63/200,2026-08-04 11:43:54,0.051802,0.074238,True,0.00001250,372.79,59985503,8,42
ModelSwinT_std0.1_90k_RMSELoss_20260804_051431,ModelSwinT_std0.1_90k_RMSELoss,RMSELoss,2026-08-04 05:14:31,64/200,2026-08-04 11:50:16,0.051677,0.074274,False,0.00001250,371.82,59985503,8,42
ModelSwinT_std0.1_90k_RMSELoss_20260804_051431,ModelSwinT_std0.1_90k_RMSELoss,RMSELoss,2026-08-04 05:14:31,65/200,2026-08-04 11:56:19,0.051398,0.074811,False,0.00001250,363.26,59985503,8,42
ModelSwinT_std0.1_90k_RMSELoss_20260804_051431,ModelSwinT_std0.1_90k_RMSELoss,RMSELoss,2026-08-04 05:14:31,66/200,2026-08-04 12:02:21,0.051115,0.075615,False,0.00001250,361.82,59985503,8,42
ModelSwinT_std0.1_90k_RMSELoss_20260804_051431,ModelSwinT_std0.1_90k_RMSELoss,RMSELoss,2026-08-04 05:14:31,67/200,2026-08-04 12:08:27,0.051070,0.075408,False,0.00001250,366.05,59985503,8,42
ModelSwinT_std0.1_90k_RMSELoss_20260804_051431,ModelSwinT_std0.1_90k_RMSELoss,RMSELoss,2026-08-04 05:14:31,68/200,2026-08-04 12:14:35,0.050824,0.076377,False,0.00001250,368.27,59985503,8,42
ModelSwinT_std0.1_90k_RMSELoss_20260804_051431,ModelSwinT_std0.1_90k_RMSELoss,RMSELoss,2026-08-04 05:14:31,69/200,2026-08-04 12:20:43,0.050690,0.075343,False,0.00001250,368.21,59985503,8,42
ModelSwinT_std0.1_90k_RMSELoss_20260804_051431,ModelSwinT_std0.1_90k_RMSELoss,RMSELoss,2026-08-04 05:14:31,70/200,2026-08-04 12:26:50,0.050642,0.075800,False,0.00001250,366.87,59985503,8,42
ModelSwinT_std0.1_90k_RMSELoss_20260804_051431,ModelSwinT_std0.1_90k_RMSELoss,RMSELoss,2026-08-04 05:14:31,71/200,2026-08-04 12:32:57,0.050257,0.074568,False,0.00001250,366.85,59985503,8,42
ModelSwinT_std0.1_90k_RMSELoss_20260804_051431,ModelSwinT_std0.1_90k_RMSELoss,RMSELoss,2026-08-04 05:14:31,72/200,2026-08-04 12:39:07,0.050365,0.075075,False,0.00001250,369.47,59985503,8,42
ModelSwinT_std0.1_90k_RMSELoss_20260804_051431,ModelSwinT_std0.1_90k_RMSELoss,RMSELoss,2026-08-04 05:14:31,73/200,2026-08-04 12:45:08,0.050047,0.074895,False,0.00001250,361.46,59985503,8,42
ModelSwinT_std0.1_90k_RMSELoss_20260804_051431,ModelSwinT_std0.1_90k_RMSELoss,RMSELoss,2026-08-04 05:14:31,74/200,2026-08-04 12:51:17,0.049916,0.076420,False,0.00001250,368.83,59985503,8,42
ModelSwinT_std0.1_90k_RMSELoss_20260804_051431,ModelSwinT_std0.1_90k_RMSELoss,RMSELoss,2026-08-04 05:14:31,75/200,2026-08-04 12:57:26,0.049768,0.075724,False,0.00001250,369.48,59985503,8,42
ModelSwinT_std0.1_90k_RMSELoss_20260804_051431,ModelSwinT_std0.1_90k_RMSELoss,RMSELoss,2026-08-04 05:14:31,76/200,2026-08-04 13:03:33,0.049553,0.075840,False,0.00001250,366.71,59985503,8,42
ModelSwinT_std0.1_90k_RMSELoss_20260804_051431,ModelSwinT_std0.1_90k_RMSELoss,RMSELoss,2026-08-04 05:14:31,77/200,2026-08-04 13:09:44,0.049485,0.075412,False,0.00001250,370.52,59985503,8,42
ModelSwinT_std0.1_90k_RMSELoss_20260804_051431,ModelSwinT_std0.1_90k_RMSELoss,RMSELoss,2026-08-04 05:14:31,78/200,2026-08-04 13:15:57,0.049276,0.075130,False,0.00001250,373.39,59985503,8,42
ModelSwinT_std0.1_90k_RMSELoss_20260804_051431,ModelSwinT_std0.1_90k_RMSELoss,RMSELoss,2026-08-04 05:14:31,79/200,2026-08-04 13:22:03,0.049285,0.076284,False,0.00001250,366.08,59985503,8,42
ModelSwinT_std0.1_90k_RMSELoss_20260804_051431,ModelSwinT_std0.1_90k_RMSELoss,RMSELoss,2026-08-04 05:14:31,80/200,2026-08-04 13:28:10,0.048998,0.075744,False,0.00000625,367.03,59985503,8,42
ModelSwinT_std0.1_90k_RMSELoss_20260804_051431,ModelSwinT_std0.1_90k_RMSELoss,RMSELoss,2026-08-04 05:14:31,81/200,2026-08-04 13:34:16,0.048050,0.075531,False,0.00000625,365.96,59985503,8,42
ModelSwinT_std0.1_90k_RMSELoss_20260804_051431,ModelSwinT_std0.1_90k_RMSELoss,RMSELoss,2026-08-04 05:14:31,82/200,2026-08-04 13:40:26,0.047919,0.075352,False,0.00000625,370.21,59985503,8,42
ModelSwinT_std0.1_90k_RMSELoss_20260804_051431,ModelSwinT_std0.1_90k_RMSELoss,RMSELoss,2026-08-04 05:14:31,83/200,2026-08-04 13:46:30,0.047775,0.075439,False,0.00000625,363.26,59985503,8,42
ModelSwinT_std0.1_90k_RMSELoss_20260804_051431,ModelSwinT_std0.1_90k_RMSELoss,RMSELoss,2026-08-04 05:14:31,84/200,2026-08-04 13:52:32,0.047570,0.076405,False,0.00000625,362.28,59985503,8,42
ModelSwinT_std0.1_90k_RMSELoss_20260804_051431,ModelSwinT_std0.1_90k_RMSELoss,RMSELoss,2026-08-04 05:14:31,85/200,2026-08-04 13:58:42,0.047615,0.076264,False,0.00000625,369.81,59985503,8,42
ModelSwinT_std0.1_90k_RMSELoss_20260804_051431,ModelSwinT_std0.1_90k_RMSELoss,RMSELoss,2026-08-04 05:14:31,86/200,2026-08-04 14:04:47,0.047469,0.076248,False,0.00000625,364.92,59985503,8,42
ModelSwinT_std0.1_90k_RMSELoss_20260804_051431,ModelSwinT_std0.1_90k_RMSELoss,RMSELoss,2026-08-04 05:14:31,87/200,2026-08-04 14:10:51,0.047509,0.075639,False,0.00000625,364.02,59985503,8,42
ModelSwinT_std0.1_90k_RMSELoss_20260804_051431,ModelSwinT_std0.1_90k_RMSELoss,RMSELoss,2026-08-04 05:14:31,88/200,2026-08-04 14:16:53,0.047258,0.076225,False,0.00000625,362.72,59985503,8,42
ModelSwinT_std0.1_90k_RMSELoss_20260804_051431,ModelSwinT_std0.1_90k_RMSELoss,RMSELoss,2026-08-04 05:14:31,89/200,2026-08-04 14:23:00,0.047186,0.076797,False,0.00000625,366.66,59985503,8,42
ModelSwinT_std0.1_90k_RMSELoss_20260804_051431,ModelSwinT_std0.1_90k_RMSELoss,RMSELoss,2026-08-04 05:14:31,90/200,2026-08-04 14:29:13,0.046973,0.076235,False,0.00000625,372.55,59985503,8,42
ModelSwinT_std0.1_90k_RMSELoss_20260804_051431,ModelSwinT_std0.1_90k_RMSELoss,RMSELoss,2026-08-04 05:14:31,91/200,2026-08-04 14:35:22,0.046995,0.076079,False,0.00000625,369.15,59985503,8,42
ModelSwinT_std0.1_90k_RMSELoss_20260804_051431,ModelSwinT_std0.1_90k_RMSELoss,RMSELoss,2026-08-04 05:14:31,92/200,2026-08-04 14:41:27,0.046847,0.076184,False,0.00000625,364.96,59985503,8,42
ModelSwinT_std0.1_90k_RMSELoss_20260804_051431,ModelSwinT_std0.1_90k_RMSELoss,RMSELoss,2026-08-04 05:14:31,93/200,2026-08-04 14:47:34,0.046837,0.076342,False,0.00000625,367.63,59985503,8,42
ModelSwinT_std0.1_90k_RMSELoss_20260804_051431,ModelSwinT_std0.1_90k_RMSELoss,RMSELoss,2026-08-04 05:14:31,94/200,2026-08-04 14:53:38,0.046718,0.076141,False,0.00000625,363.50,59985503,8,42
ModelSwinT_std0.1_90k_RMSELoss_20260804_051431,ModelSwinT_std0.1_90k_RMSELoss,RMSELoss,2026-08-04 05:14:31,95/200,2026-08-04 14:59:42,0.046652,0.075805,False,0.00000625,364.15,59985503,8,42
ModelSwinT_std0.1_90k_RMSELoss_20260804_051431,ModelSwinT_std0.1_90k_RMSELoss,RMSELoss,2026-08-04 05:14:31,96/200,2026-08-04 15:05:45,0.046515,0.077033,False,0.00000625,363.18,59985503,8,42
ModelSwinT_std0.1_90k_RMSELoss_20260804_051431,ModelSwinT_std0.1_90k_RMSELoss,RMSELoss,2026-08-04 05:14:31,97/200,2026-08-04 15:11:53,0.046446,0.075349,False,0.00000625,367.60,59985503,8,42
ModelSwinT_std0.1_90k_RMSELoss_20260804_051431,ModelSwinT_std0.1_90k_RMSELoss,RMSELoss,2026-08-04 05:14:31,98/200,2026-08-04 15:17:59,0.046245,0.076625,False,0.00000625,366.20,59985503,8,42
ModelSwinT_std0.1_90k_RMSELoss_20260804_051431,ModelSwinT_std0.1_90k_RMSELoss,RMSELoss,2026-08-04 05:14:31,99/200,2026-08-04 15:24:04,0.046363,0.076390,False,0.00000625,365.29,59985503,8,42
ModelSwinT_std0.1_90k_RMSELoss_20260804_051431,ModelSwinT_std0.1_90k_RMSELoss,RMSELoss,2026-08-04 05:14:31,100/200,2026-08-04 15:30:14,0.046094,0.077119,False,0.00000313,369.18,59985503,8,42
ModelSwinT_std0.1_90k_RMSELoss_20260804_051431,ModelSwinT_std0.1_90k_RMSELoss,RMSELoss,2026-08-04 05:14:31,101/200,2026-08-04 15:36:21,0.045767,0.076309,False,0.00000313,367.09,59985503,8,42
ModelSwinT_std0.1_90k_RMSELoss_20260804_051431,ModelSwinT_std0.1_90k_RMSELoss,RMSELoss,2026-08-04 05:14:31,102/200,2026-08-04 15:42:26,0.045745,0.076792,False,0.00000313,365.57,59985503,8,42
ModelSwinT_std0.1_90k_RMSELoss_20260804_051431,ModelSwinT_std0.1_90k_RMSELoss,RMSELoss,2026-08-04 05:14:31,103/200,2026-08-04 15:48:36,0.045602,0.076700,False,0.00000313,369.37,59985503,8,42
ModelSwinT_std0.1_90k_RMSELoss_20260804_051431,ModelSwinT_std0.1_90k_RMSELoss,RMSELoss,2026-08-04 05:14:31,104/200,2026-08-04 15:54:43,0.045605,0.076678,False,0.00000313,367.31,59985503,8,42
ModelSwinT_std0.1_90k_RMSELoss_20260804_051431,ModelSwinT_std0.1_90k_RMSELoss,RMSELoss,2026-08-04 05:14:31,105/200,2026-08-04 16:00:52,0.045439,0.076923,False,0.00000313,369.31,59985503,8,42
ModelSwinT_std0.1_90k_RMSELoss_20260804_051431,ModelSwinT_std0.1_90k_RMSELoss,RMSELoss,2026-08-04 05:14:31,106/200,2026-08-04 16:06:58,0.045487,0.076376,False,0.00000313,366.09,59985503,8,42
ModelSwinT_std0.1_90k_RMSELoss_20260804_051431,ModelSwinT_std0.1_90k_RMSELoss,RMSELoss,2026-08-04 05:14:31,107/200,2026-08-04 16:13:09,0.045441,0.077081,False,0.00000313,370.26,59985503,8,42
ModelSwinT_std0.1_90k_RMSELoss_20260804_051431,ModelSwinT_std0.1_90k_RMSELoss,RMSELoss,2026-08-04 05:14:31,108/200,2026-08-04 16:19:18,0.045340,0.077273,False,0.00000313,369.12,59985503,8,42
ModelEfficientNetB0_fvs_std0.1_90k_RMSELoss_20260804_161918,ModelEfficientNetB0_fvs_std0.1_90k_RMSELoss,RMSELoss,2026-08-04 16:19:18,1/200,2026-08-04 16:23:59,0.115534,5.087362,True,0.00010000,279.69,36997985,8,42
ModelEfficientNetB0_fvs_std0.1_90k_RMSELoss_20260804_161918,ModelEfficientNetB0_fvs_std0.1_90k_RMSELoss,RMSELoss,2026-08-04 16:19:18,2/200,2026-08-04 16:28:43,0.099138,0.228969,True,0.00010000,274.02,36997985,8,42
ModelEfficientNetB0_fvs_std0.1_90k_RMSELoss_20260804_161918,ModelEfficientNetB0_fvs_std0.1_90k_RMSELoss,RMSELoss,2026-08-04 16:19:18,3/200,2026-08-04 16:33:27,0.093906,0.209657,True,0.00010000,274.04,36997985,8,42
ModelEfficientNetB0_fvs_std0.1_90k_RMSELoss_20260804_161918,ModelEfficientNetB0_fvs_std0.1_90k_RMSELoss,RMSELoss,2026-08-04 16:19:18,4/200,2026-08-04 16:38:12,0.090479,0.177287,True,0.00010000,275.86,36997985,8,42
ModelEfficientNetB0_fvs_std0.1_90k_RMSELoss_20260804_161918,ModelEfficientNetB0_fvs_std0.1_90k_RMSELoss,RMSELoss,2026-08-04 16:19:18,5/200,2026-08-04 16:42:56,0.088126,0.148227,True,0.00010000,274.13,36997985,8,42
ModelEfficientNetB0_fvs_std0.1_90k_RMSELoss_20260804_161918,ModelEfficientNetB0_fvs_std0.1_90k_RMSELoss,RMSELoss,2026-08-04 16:19:18,6/200,2026-08-04 16:47:38,0.086227,0.181919,False,0.00010000,271.89,36997985,8,42
ModelEfficientNetB0_fvs_std0.1_90k_RMSELoss_20260804_161918,ModelEfficientNetB0_fvs_std0.1_90k_RMSELoss,RMSELoss,2026-08-04 16:19:18,7/200,2026-08-04 16:52:13,0.084167,0.165561,False,0.00010000,275.33,36997985,8,42
ModelEfficientNetB0_fvs_std0.1_90k_RMSELoss_20260804_161918,ModelEfficientNetB0_fvs_std0.1_90k_RMSELoss,RMSELoss,2026-08-04 16:19:18,8/200,2026-08-04 16:56:47,0.083008,0.187031,False,0.00010000,273.99,36997985,8,42
ModelEfficientNetB0_fvs_std0.1_90k_RMSELoss_20260804_161918,ModelEfficientNetB0_fvs_std0.1_90k_RMSELoss,RMSELoss,2026-08-04 16:19:18,9/200,2026-08-04 17:01:22,0.081480,0.240012,False,0.00010000,274.91,36997985,8,42
ModelEfficientNetB0_fvs_std0.1_90k_RMSELoss_20260804_161918,ModelEfficientNetB0_fvs_std0.1_90k_RMSELoss,RMSELoss,2026-08-04 16:19:18,10/200,2026-08-04 17:06:00,0.080326,0.230636,False,0.00010000,277.85,36997985,8,42
ModelEfficientNetB0_fvs_std0.1_90k_RMSELoss_20260804_161918,ModelEfficientNetB0_fvs_std0.1_90k_RMSELoss,RMSELoss,2026-08-04 16:19:18,11/200,2026-08-04 17:10:29,0.079007,0.156781,False,0.00010000,269.61,36997985,8,42
ModelEfficientNetB0_fvs_std0.1_90k_RMSELoss_20260804_161918,ModelEfficientNetB0_fvs_std0.1_90k_RMSELoss,RMSELoss,2026-08-04 16:19:18,12/200,2026-08-04 17:15:00,0.078228,0.159235,False,0.00010000,270.26,36997985,8,42
ModelEfficientNetB0_fvs_std0.1_90k_RMSELoss_20260804_161918,ModelEfficientNetB0_fvs_std0.1_90k_RMSELoss,RMSELoss,2026-08-04 16:19:18,13/200,2026-08-04 17:19:26,0.076987,0.200523,False,0.00010000,266.38,36997985,8,42
ModelEfficientNetB0_fvs_std0.1_90k_RMSELoss_20260804_161918,ModelEfficientNetB0_fvs_std0.1_90k_RMSELoss,RMSELoss,2026-08-04 16:19:18,14/200,2026-08-04 17:23:52,0.076304,0.218293,False,0.00010000,265.40,36997985,8,42
ModelEfficientNetB0_fvs_std0.1_90k_RMSELoss_20260804_161918,ModelEfficientNetB0_fvs_std0.1_90k_RMSELoss,RMSELoss,2026-08-04 16:19:18,15/200,2026-08-04 17:28:17,0.075583,0.179570,False,0.00010000,265.65,36997985,8,42
ModelEfficientNetB0_fvs_std0.1_90k_RMSELoss_20260804_161918,ModelEfficientNetB0_fvs_std0.1_90k_RMSELoss,RMSELoss,2026-08-04 16:19:18,16/200,2026-08-04 17:32:43,0.074561,0.222112,False,0.00010000,265.97,36997985,8,42
ModelEfficientNetB0_fvs_std0.1_90k_RMSELoss_20260804_161918,ModelEfficientNetB0_fvs_std0.1_90k_RMSELoss,RMSELoss,2026-08-04 16:19:18,17/200,2026-08-04 17:37:07,0.073771,0.160556,False,0.00010000,264.06,36997985,8,42
ModelEfficientNetB0_fvs_std0.1_90k_RMSELoss_20260804_161918,ModelEfficientNetB0_fvs_std0.1_90k_RMSELoss,RMSELoss,2026-08-04 16:19:18,18/200,2026-08-04 17:41:32,0.072966,0.138307,True,0.00010000,264.91,36997985,8,42
ModelEfficientNetB0_fvs_std0.1_90k_RMSELoss_20260804_161918,ModelEfficientNetB0_fvs_std0.1_90k_RMSELoss,RMSELoss,2026-08-04 16:19:18,19/200,2026-08-04 17:46:06,0.072284,0.134856,True,0.00010000,264.45,36997985,8,42
ModelEfficientNetB0_fvs_std0.1_90k_RMSELoss_20260804_161918,ModelEfficientNetB0_fvs_std0.1_90k_RMSELoss,RMSELoss,2026-08-04 16:19:18,20/200,2026-08-04 17:50:41,0.071703,0.111661,True,0.00005000,265.47,36997985,8,42
ModelEfficientNetB0_fvs_std0.1_90k_RMSELoss_20260804_161918,ModelEfficientNetB0_fvs_std0.1_90k_RMSELoss,RMSELoss,2026-08-04 16:19:18,21/200,2026-08-04 17:55:16,0.067649,0.116635,False,0.00005000,264.91,36997985,8,42
ModelEfficientNetB0_fvs_std0.1_90k_RMSELoss_20260804_161918,ModelEfficientNetB0_fvs_std0.1_90k_RMSELoss,RMSELoss,2026-08-04 16:19:18,22/200,2026-08-04 17:59:42,0.066398,0.114064,False,0.00005000,266.09,36997985,8,42
ModelEfficientNetB0_fvs_std0.1_90k_RMSELoss_20260804_161918,ModelEfficientNetB0_fvs_std0.1_90k_RMSELoss,RMSELoss,2026-08-04 16:19:18,23/200,2026-08-04 18:04:07,0.065683,0.115296,False,0.00005000,265.35,36997985,8,42
ModelEfficientNetB0_fvs_std0.1_90k_RMSELoss_20260804_161918,ModelEfficientNetB0_fvs_std0.1_90k_RMSELoss,RMSELoss,2026-08-04 16:19:18,24/200,2026-08-04 18:08:32,0.064927,0.111836,False,0.00005000,264.34,36997985,8,42
ModelEfficientNetB0_fvs_std0.1_90k_RMSELoss_20260804_161918,ModelEfficientNetB0_fvs_std0.1_90k_RMSELoss,RMSELoss,2026-08-04 16:19:18,25/200,2026-08-04 18:12:56,0.064411,0.107813,True,0.00005000,264.74,36997985,8,42
ModelEfficientNetB0_fvs_std0.1_90k_RMSELoss_20260804_161918,ModelEfficientNetB0_fvs_std0.1_90k_RMSELoss,RMSELoss,2026-08-04 16:19:18,26/200,2026-08-04 18:17:34,0.063847,0.104189,True,0.00005000,267.65,36997985,8,42
ModelEfficientNetB0_fvs_std0.1_90k_RMSELoss_20260804_161918,ModelEfficientNetB0_fvs_std0.1_90k_RMSELoss,RMSELoss,2026-08-04 16:19:18,27/200,2026-08-04 18:22:08,0.063328,0.111253,False,0.00005000,264.59,36997985,8,42
ModelEfficientNetB0_fvs_std0.1_90k_RMSELoss_20260804_161918,ModelEfficientNetB0_fvs_std0.1_90k_RMSELoss,RMSELoss,2026-08-04 16:19:18,28/200,2026-08-04 18:26:33,0.062718,0.100673,True,0.00005000,265.43,36997985,8,42
ModelEfficientNetB0_fvs_std0.1_90k_RMSELoss_20260804_161918,ModelEfficientNetB0_fvs_std0.1_90k_RMSELoss,RMSELoss,2026-08-04 16:19:18,29/200,2026-08-04 18:31:06,0.062151,0.108334,False,0.00005000,263.58,36997985,8,42
ModelEfficientNetB0_fvs_std0.1_90k_RMSELoss_20260804_161918,ModelEfficientNetB0_fvs_std0.1_90k_RMSELoss,RMSELoss,2026-08-04 16:19:18,30/200,2026-08-04 18:35:34,0.061701,0.121383,False,0.00005000,267.24,36997985,8,42
ModelEfficientNetB0_fvs_std0.1_90k_RMSELoss_20260804_161918,ModelEfficientNetB0_fvs_std0.1_90k_RMSELoss,RMSELoss,2026-08-04 16:19:18,31/200,2026-08-04 18:40:00,0.061284,0.104880,False,0.00005000,265.88,36997985,8,42
ModelEfficientNetB0_fvs_std0.1_90k_RMSELoss_20260804_161918,ModelEfficientNetB0_fvs_std0.1_90k_RMSELoss,RMSELoss,2026-08-04 16:19:18,32/200,2026-08-04 18:44:25,0.060815,0.098275,True,0.00005000,265.92,36997985,8,42
ModelEfficientNetB0_fvs_std0.1_90k_RMSELoss_20260804_161918,ModelEfficientNetB0_fvs_std0.1_90k_RMSELoss,RMSELoss,2026-08-04 16:19:18,33/200,2026-08-04 18:49:01,0.060298,0.105392,False,0.00005000,265.71,36997985,8,42
ModelEfficientNetB0_fvs_std0.1_90k_RMSELoss_20260804_161918,ModelEfficientNetB0_fvs_std0.1_90k_RMSELoss,RMSELoss,2026-08-04 16:19:18,34/200,2026-08-04 18:53:26,0.059898,0.107545,False,0.00005000,265.14,36997985,8,42
ModelEfficientNetB0_fvs_std0.1_90k_RMSELoss_20260804_161918,ModelEfficientNetB0_fvs_std0.1_90k_RMSELoss,RMSELoss,2026-08-04 16:19:18,35/200,2026-08-04 18:57:51,0.059439,0.107800,False,0.00005000,264.82,36997985,8,42
ModelEfficientNetB0_fvs_std0.1_90k_RMSELoss_20260804_161918,ModelEfficientNetB0_fvs_std0.1_90k_RMSELoss,RMSELoss,2026-08-04 16:19:18,36/200,2026-08-04 19:02:17,0.059076,0.106075,False,0.00005000,265.91,36997985,8,42
ModelEfficientNetB0_fvs_std0.1_90k_RMSELoss_20260804_161918,ModelEfficientNetB0_fvs_std0.1_90k_RMSELoss,RMSELoss,2026-08-04 16:19:18,37/200,2026-08-04 19:06:42,0.058686,0.109623,False,0.00005000,264.83,36997985,8,42
ModelEfficientNetB0_fvs_std0.1_90k_RMSELoss_20260804_161918,ModelEfficientNetB0_fvs_std0.1_90k_RMSELoss,RMSELoss,2026-08-04 16:19:18,38/200,2026-08-04 19:11:06,0.058445,0.131345,False,0.00005000,264.62,36997985,8,42
ModelEfficientNetB0_fvs_std0.1_90k_RMSELoss_20260804_161918,ModelEfficientNetB0_fvs_std0.1_90k_RMSELoss,RMSELoss,2026-08-04 16:19:18,39/200,2026-08-04 19:15:30,0.057845,0.121606,False,0.00005000,264.26,36997985,8,42
ModelEfficientNetB0_fvs_std0.1_90k_RMSELoss_20260804_161918,ModelEfficientNetB0_fvs_std0.1_90k_RMSELoss,RMSELoss,2026-08-04 16:19:18,40/200,2026-08-04 19:19:55,0.057492,0.103075,False,0.00002500,264.67,36997985,8,42
ModelEfficientNetB0_fvs_std0.1_90k_RMSELoss_20260804_161918,ModelEfficientNetB0_fvs_std0.1_90k_RMSELoss,RMSELoss,2026-08-04 16:19:18,41/200,2026-08-04 19:24:20,0.055159,0.102467,False,0.00002500,264.89,36997985,8,42
ModelEfficientNetB0_fvs_std0.1_90k_RMSELoss_20260804_161918,ModelEfficientNetB0_fvs_std0.1_90k_RMSELoss,RMSELoss,2026-08-04 16:19:18,42/200,2026-08-04 19:28:46,0.054281,0.106942,False,0.00002500,266.30,36997985,8,42
ModelEfficientNetB0_fvs_std0.1_90k_RMSELoss_20260804_161918,ModelEfficientNetB0_fvs_std0.1_90k_RMSELoss,RMSELoss,2026-08-04 16:19:18,43/200,2026-08-04 19:33:11,0.053995,0.107175,False,0.00002500,264.41,36997985,8,42
ModelEfficientNetB0_fvs_std0.1_90k_RMSELoss_20260804_161918,ModelEfficientNetB0_fvs_std0.1_90k_RMSELoss,RMSELoss,2026-08-04 16:19:18,44/200,2026-08-04 19:37:35,0.053473,0.102187,False,0.00002500,264.00,36997985,8,42
ModelEfficientNetB0_fvs_std0.1_90k_RMSELoss_20260804_161918,ModelEfficientNetB0_fvs_std0.1_90k_RMSELoss,RMSELoss,2026-08-04 16:19:18,45/200,2026-08-04 19:42:01,0.053293,0.098737,False,0.00002500,266.40,36997985,8,42
ModelEfficientNetB0_fvs_std0.1_90k_RMSELoss_20260804_161918,ModelEfficientNetB0_fvs_std0.1_90k_RMSELoss,RMSELoss,2026-08-04 16:19:18,46/200,2026-08-04 19:46:24,0.052790,0.102743,False,0.00002500,263.20,36997985,8,42
ModelEfficientNetB0_fvs_std0.1_90k_RMSELoss_20260804_161918,ModelEfficientNetB0_fvs_std0.1_90k_RMSELoss,RMSELoss,2026-08-04 16:19:18,47/200,2026-08-04 19:50:48,0.052671,0.104855,False,0.00002500,264.08,36997985,8,42
ModelEfficientNetB0_fvs_std0.1_90k_RMSELoss_20260804_161918,ModelEfficientNetB0_fvs_std0.1_90k_RMSELoss,RMSELoss,2026-08-04 16:19:18,48/200,2026-08-04 19:55:13,0.052090,0.107735,False,0.00002500,264.66,36997985,8,42
ModelEfficientNetB0_fvs_std0.1_90k_RMSELoss_20260804_161918,ModelEfficientNetB0_fvs_std0.1_90k_RMSELoss,RMSELoss,2026-08-04 16:19:18,49/200,2026-08-04 19:59:37,0.052064,0.104050,False,0.00002500,264.33,36997985,8,42
ModelEfficientNetB0_fvs_std0.1_90k_RMSELoss_20260804_161918,ModelEfficientNetB0_fvs_std0.1_90k_RMSELoss,RMSELoss,2026-08-04 16:19:18,50/200,2026-08-04 20:04:02,0.051711,0.102890,False,0.00002500,264.36,36997985,8,42
ModelEfficientNetB0_fvs_std0.1_90k_RMSELoss_20260804_161918,ModelEfficientNetB0_fvs_std0.1_90k_RMSELoss,RMSELoss,2026-08-04 16:19:18,51/200,2026-08-04 20:08:27,0.051514,0.100269,False,0.00002500,265.21,36997985,8,42
ModelEfficientNetB0_fvs_std0.1_90k_RMSELoss_20260804_161918,ModelEfficientNetB0_fvs_std0.1_90k_RMSELoss,RMSELoss,2026-08-04 16:19:18,52/200,2026-08-04 20:12:52,0.051246,0.105762,False,0.00002500,264.95,36997985,8,42
ModelEfficientNetB0_fvs_std0.1_90k_RMSELoss_20260804_161918,ModelEfficientNetB0_fvs_std0.1_90k_RMSELoss,RMSELoss,2026-08-04 16:19:18,53/200,2026-08-04 20:17:17,0.050973,0.107741,False,0.00002500,265.11,36997985,8,42
ModelEfficientNetB0_fvs_std0.1_90k_RMSELoss_20260804_161918,ModelEfficientNetB0_fvs_std0.1_90k_RMSELoss,RMSELoss,2026-08-04 16:19:18,54/200,2026-08-04 20:21:40,0.050741,0.092092,True,0.00002500,262.47,36997985,8,42
ModelEfficientNetB0_fvs_std0.1_90k_RMSELoss_20260804_161918,ModelEfficientNetB0_fvs_std0.1_90k_RMSELoss,RMSELoss,2026-08-04 16:19:18,55/200,2026-08-04 20:26:14,0.050544,0.098978,False,0.00002500,264.48,36997985,8,42
ModelEfficientNetB0_fvs_std0.1_90k_RMSELoss_20260804_161918,ModelEfficientNetB0_fvs_std0.1_90k_RMSELoss,RMSELoss,2026-08-04 16:19:18,56/200,2026-08-04 20:30:40,0.050269,0.104443,False,0.00002500,266.11,36997985,8,42
ModelEfficientNetB0_fvs_std0.1_90k_RMSELoss_20260804_161918,ModelEfficientNetB0_fvs_std0.1_90k_RMSELoss,RMSELoss,2026-08-04 16:19:18,57/200,2026-08-04 20:35:05,0.049958,0.099403,False,0.00002500,265.09,36997985,8,42
ModelEfficientNetB0_fvs_std0.1_90k_RMSELoss_20260804_161918,ModelEfficientNetB0_fvs_std0.1_90k_RMSELoss,RMSELoss,2026-08-04 16:19:18,58/200,2026-08-04 20:39:30,0.049859,0.095249,False,0.00002500,264.89,36997985,8,42
ModelEfficientNetB0_fvs_std0.1_90k_RMSELoss_20260804_161918,ModelEfficientNetB0_fvs_std0.1_90k_RMSELoss,RMSELoss,2026-08-04 16:19:18,59/200,2026-08-04 20:43:53,0.049571,0.092050,True,0.00002500,263.62,36997985,8,42
ModelEfficientNetB0_fvs_std0.1_90k_RMSELoss_20260804_161918,ModelEfficientNetB0_fvs_std0.1_90k_RMSELoss,RMSELoss,2026-08-04 16:19:18,60/200,2026-08-04 20:48:28,0.049317,0.090509,True,0.00001250,264.66,36997985,8,42
ModelEfficientNetB0_fvs_std0.1_90k_RMSELoss_20260804_161918,ModelEfficientNetB0_fvs_std0.1_90k_RMSELoss,RMSELoss,2026-08-04 16:19:18,61/200,2026-08-04 20:53:02,0.048063,0.092174,False,0.00001250,265.17,36997985,8,42
ModelEfficientNetB0_fvs_std0.1_90k_RMSELoss_20260804_161918,ModelEfficientNetB0_fvs_std0.1_90k_RMSELoss,RMSELoss,2026-08-04 16:19:18,62/200,2026-08-04 20:57:26,0.047744,0.091692,False,0.00001250,263.76,36997985,8,42
ModelEfficientNetB0_fvs_std0.1_90k_RMSELoss_20260804_161918,ModelEfficientNetB0_fvs_std0.1_90k_RMSELoss,RMSELoss,2026-08-04 16:19:18,63/200,2026-08-04 21:01:51,0.047490,0.089936,True,0.00001250,265.21,36997985,8,42
ModelEfficientNetB0_fvs_std0.1_90k_RMSELoss_20260804_161918,ModelEfficientNetB0_fvs_std0.1_90k_RMSELoss,RMSELoss,2026-08-04 16:19:18,64/200,2026-08-04 21:06:25,0.047367,0.094115,False,0.00001250,263.69,36997985,8,42
ModelEfficientNetB0_fvs_std0.1_90k_RMSELoss_20260804_161918,ModelEfficientNetB0_fvs_std0.1_90k_RMSELoss,RMSELoss,2026-08-04 16:19:18,65/200,2026-08-04 21:10:49,0.047090,0.088473,True,0.00001250,264.05,36997985,8,42
ModelEfficientNetB0_fvs_std0.1_90k_RMSELoss_20260804_161918,ModelEfficientNetB0_fvs_std0.1_90k_RMSELoss,RMSELoss,2026-08-04 16:19:18,66/200,2026-08-04 21:15:21,0.046888,0.089325,False,0.00001250,262.77,36997985,8,42
ModelEfficientNetB0_fvs_std0.1_90k_RMSELoss_20260804_161918,ModelEfficientNetB0_fvs_std0.1_90k_RMSELoss,RMSELoss,2026-08-04 16:19:18,67/200,2026-08-04 21:19:47,0.046925,0.089480,False,0.00001250,265.97,36997985,8,42
ModelEfficientNetB0_fvs_std0.1_90k_RMSELoss_20260804_161918,ModelEfficientNetB0_fvs_std0.1_90k_RMSELoss,RMSELoss,2026-08-04 16:19:18,68/200,2026-08-04 21:24:13,0.046625,0.090140,False,0.00001250,265.35,36997985,8,42
ModelEfficientNetB0_fvs_std0.1_90k_RMSELoss_20260804_161918,ModelEfficientNetB0_fvs_std0.1_90k_RMSELoss,RMSELoss,2026-08-04 16:19:18,69/200,2026-08-04 21:28:39,0.046472,0.090109,False,0.00001250,266.08,36997985,8,42
ModelEfficientNetB0_fvs_std0.1_90k_RMSELoss_20260804_161918,ModelEfficientNetB0_fvs_std0.1_90k_RMSELoss,RMSELoss,2026-08-04 16:19:18,70/200,2026-08-04 21:33:04,0.046369,0.089585,False,0.00001250,265.68,36997985,8,42
ModelEfficientNetB0_fvs_std0.1_90k_RMSELoss_20260804_161918,ModelEfficientNetB0_fvs_std0.1_90k_RMSELoss,RMSELoss,2026-08-04 16:19:18,71/200,2026-08-04 21:37:34,0.046201,0.095656,False,0.00001250,269.15,36997985,8,42
ModelEfficientNetB0_fvs_std0.1_90k_RMSELoss_20260804_161918,ModelEfficientNetB0_fvs_std0.1_90k_RMSELoss,RMSELoss,2026-08-04 16:19:18,72/200,2026-08-04 21:41:55,0.046079,0.087294,True,0.00001250,261.17,36997985,8,42
ModelEfficientNetB0_fvs_std0.1_90k_RMSELoss_20260804_161918,ModelEfficientNetB0_fvs_std0.1_90k_RMSELoss,RMSELoss,2026-08-04 16:19:18,73/200,2026-08-04 21:46:28,0.046068,0.089581,False,0.00001250,264.18,36997985,8,42
ModelEfficientNetB0_fvs_std0.1_90k_RMSELoss_20260804_161918,ModelEfficientNetB0_fvs_std0.1_90k_RMSELoss,RMSELoss,2026-08-04 16:19:18,74/200,2026-08-04 21:50:53,0.045785,0.090334,False,0.00001250,264.53,36997985,8,42
ModelEfficientNetB0_fvs_std0.1_90k_RMSELoss_20260804_161918,ModelEfficientNetB0_fvs_std0.1_90k_RMSELoss,RMSELoss,2026-08-04 16:19:18,75/200,2026-08-04 21:55:19,0.045737,0.087653,False,0.00001250,265.76,36997985,8,42
ModelEfficientNetB0_fvs_std0.1_90k_RMSELoss_20260804_161918,ModelEfficientNetB0_fvs_std0.1_90k_RMSELoss,RMSELoss,2026-08-04 16:19:18,76/200,2026-08-04 21:59:42,0.045539,0.089308,False,0.00001250,263.62,36997985,8,42
ModelEfficientNetB0_fvs_std0.1_90k_RMSELoss_20260804_161918,ModelEfficientNetB0_fvs_std0.1_90k_RMSELoss,RMSELoss,2026-08-04 16:19:18,77/200,2026-08-04 22:04:07,0.045372,0.088574,False,0.00001250,264.74,36997985,8,42
ModelEfficientNetB0_fvs_std0.1_90k_RMSELoss_20260804_161918,ModelEfficientNetB0_fvs_std0.1_90k_RMSELoss,RMSELoss,2026-08-04 16:19:18,78/200,2026-08-04 22:08:31,0.045322,0.089050,False,0.00001250,264.22,36997985,8,42
ModelEfficientNetB0_fvs_std0.1_90k_RMSELoss_20260804_161918,ModelEfficientNetB0_fvs_std0.1_90k_RMSELoss,RMSELoss,2026-08-04 16:19:18,79/200,2026-08-04 22:12:55,0.045249,0.092733,False,0.00001250,263.74,36997985,8,42
ModelEfficientNetB0_fvs_std0.1_90k_RMSELoss_20260804_161918,ModelEfficientNetB0_fvs_std0.1_90k_RMSELoss,RMSELoss,2026-08-04 16:19:18,80/200,2026-08-04 22:17:20,0.045064,0.090255,False,0.00000625,264.89,36997985,8,42
ModelEfficientNetB0_fvs_std0.1_90k_RMSELoss_20260804_161918,ModelEfficientNetB0_fvs_std0.1_90k_RMSELoss,RMSELoss,2026-08-04 16:19:18,81/200,2026-08-04 22:21:45,0.044365,0.090885,False,0.00000625,265.29,36997985,8,42
ModelEfficientNetB0_fvs_std0.1_90k_RMSELoss_20260804_161918,ModelEfficientNetB0_fvs_std0.1_90k_RMSELoss,RMSELoss,2026-08-04 16:19:18,82/200,2026-08-04 22:26:09,0.044220,0.090176,False,0.00000625,263.80,36997985,8,42
ModelEfficientNetB0_fvs_std0.1_90k_RMSELoss_20260804_161918,ModelEfficientNetB0_fvs_std0.1_90k_RMSELoss,RMSELoss,2026-08-04 16:19:18,83/200,2026-08-04 22:30:32,0.044113,0.093139,False,0.00000625,263.28,36997985,8,42
ModelEfficientNetB0_fvs_std0.1_90k_RMSELoss_20260804_161918,ModelEfficientNetB0_fvs_std0.1_90k_RMSELoss,RMSELoss,2026-08-04 16:19:18,84/200,2026-08-04 22:34:57,0.043961,0.089382,False,0.00000625,264.44,36997985,8,42
ModelEfficientNetB0_fvs_std0.1_90k_RMSELoss_20260804_161918,ModelEfficientNetB0_fvs_std0.1_90k_RMSELoss,RMSELoss,2026-08-04 16:19:18,85/200,2026-08-04 22:39:21,0.043966,0.090595,False,0.00000625,263.91,36997985,8,42
ModelEfficientNetB0_fvs_std0.1_90k_RMSELoss_20260804_161918,ModelEfficientNetB0_fvs_std0.1_90k_RMSELoss,RMSELoss,2026-08-04 16:19:18,86/200,2026-08-04 22:43:44,0.043897,0.088452,False,0.00000625,263.15,36997985,8,42
ModelEfficientNetB0_fvs_std0.1_90k_RMSELoss_20260804_161918,ModelEfficientNetB0_fvs_std0.1_90k_RMSELoss,RMSELoss,2026-08-04 16:19:18,87/200,2026-08-04 22:48:09,0.043798,0.086804,True,0.00000625,265.05,36997985,8,42
ModelEfficientNetB0_fvs_std0.1_90k_RMSELoss_20260804_161918,ModelEfficientNetB0_fvs_std0.1_90k_RMSELoss,RMSELoss,2026-08-04 16:19:18,88/200,2026-08-04 22:52:41,0.043704,0.087603,False,0.00000625,262.70,36997985,8,42
ModelEfficientNetB0_fvs_std0.1_90k_RMSELoss_20260804_161918,ModelEfficientNetB0_fvs_std0.1_90k_RMSELoss,RMSELoss,2026-08-04 16:19:18,89/200,2026-08-04 22:57:05,0.043646,0.087335,False,0.00000625,263.98,36997985,8,42
ModelEfficientNetB0_fvs_std0.1_90k_RMSELoss_20260804_161918,ModelEfficientNetB0_fvs_std0.1_90k_RMSELoss,RMSELoss,2026-08-04 16:19:18,90/200,2026-08-04 23:01:31,0.043398,0.086042,True,0.00000625,265.47,36997985,8,42
ModelEfficientNetB0_fvs_std0.1_90k_RMSELoss_20260804_161918,ModelEfficientNetB0_fvs_std0.1_90k_RMSELoss,RMSELoss,2026-08-04 16:19:18,91/200,2026-08-04 23:06:06,0.043533,0.087372,False,0.00000625,265.80,36997985,8,42
ModelEfficientNetB0_fvs_std0.1_90k_RMSELoss_20260804_161918,ModelEfficientNetB0_fvs_std0.1_90k_RMSELoss,RMSELoss,2026-08-04 16:19:18,92/200,2026-08-04 23:10:31,0.043416,0.086184,False,0.00000625,264.37,36997985,8,42
ModelEfficientNetB0_fvs_std0.1_90k_RMSELoss_20260804_161918,ModelEfficientNetB0_fvs_std0.1_90k_RMSELoss,RMSELoss,2026-08-04 16:19:18,93/200,2026-08-04 23:14:54,0.043332,0.086081,False,0.00000625,263.05,36997985,8,42
ModelEfficientNetB0_fvs_std0.1_90k_RMSELoss_20260804_161918,ModelEfficientNetB0_fvs_std0.1_90k_RMSELoss,RMSELoss,2026-08-04 16:19:18,94/200,2026-08-04 23:19:17,0.043108,0.086523,False,0.00000625,263.54,36997985,8,42
ModelEfficientNetB0_fvs_std0.1_90k_RMSELoss_20260804_161918,ModelEfficientNetB0_fvs_std0.1_90k_RMSELoss,RMSELoss,2026-08-04 16:19:18,95/200,2026-08-04 23:23:44,0.043115,0.085698,True,0.00000625,266.47,36997985,8,42
ModelEfficientNetB0_fvs_std0.1_90k_RMSELoss_20260804_161918,ModelEfficientNetB0_fvs_std0.1_90k_RMSELoss,RMSELoss,2026-08-04 16:19:18,96/200,2026-08-04 23:28:17,0.043081,0.086205,False,0.00000625,264.01,36997985,8,42
ModelEfficientNetB0_fvs_std0.1_90k_RMSELoss_20260804_161918,ModelEfficientNetB0_fvs_std0.1_90k_RMSELoss,RMSELoss,2026-08-04 16:19:18,97/200,2026-08-04 23:32:41,0.043034,0.085105,True,0.00000625,263.62,36997985,8,42
ModelEfficientNetB0_fvs_std0.1_90k_RMSELoss_20260804_161918,ModelEfficientNetB0_fvs_std0.1_90k_RMSELoss,RMSELoss,2026-08-04 16:19:18,98/200,2026-08-04 23:37:16,0.042954,0.085676,False,0.00000625,265.99,36997985,8,42
ModelEfficientNetB0_fvs_std0.1_90k_RMSELoss_20260804_161918,ModelEfficientNetB0_fvs_std0.1_90k_RMSELoss,RMSELoss,2026-08-04 16:19:18,99/200,2026-08-04 23:41:41,0.042962,0.086145,False,0.00000625,264.64,36997985,8,42
ModelEfficientNetB0_fvs_std0.1_90k_RMSELoss_20260804_161918,ModelEfficientNetB0_fvs_std0.1_90k_RMSELoss,RMSELoss,2026-08-04 16:19:18,100/200,2026-08-04 23:46:05,0.042769,0.084391,True,0.00000313,263.68,36997985,8,42
ModelEfficientNetB0_fvs_std0.1_90k_RMSELoss_20260804_161918,ModelEfficientNetB0_fvs_std0.1_90k_RMSELoss,RMSELoss,2026-08-04 16:19:18,101/200,2026-08-04 23:50:39,0.042627,0.084811,False,0.00000313,264.58,36997985,8,42
ModelEfficientNetB0_fvs_std0.1_90k_RMSELoss_20260804_161918,ModelEfficientNetB0_fvs_std0.1_90k_RMSELoss,RMSELoss,2026-08-04 16:19:18,102/200,2026-08-04 23:55:03,0.042478,0.084714,False,0.00000313,264.14,36997985,8,42
ModelEfficientNetB0_fvs_std0.1_90k_RMSELoss_20260804_161918,ModelEfficientNetB0_fvs_std0.1_90k_RMSELoss,RMSELoss,2026-08-04 16:19:18,103/200,2026-08-04 23:59:27,0.042355,0.085552,False,0.00000313,264.09,36997985,8,42
ModelEfficientNetB0_fvs_std0.1_90k_RMSELoss_20260804_161918,ModelEfficientNetB0_fvs_std0.1_90k_RMSELoss,RMSELoss,2026-08-04 16:19:18,104/200,2026-08-05 00:03:54,0.042398,0.084934,False,0.00000313,267.32,36997985,8,42
ModelEfficientNetB0_fvs_std0.1_90k_RMSELoss_20260804_161918,ModelEfficientNetB0_fvs_std0.1_90k_RMSELoss,RMSELoss,2026-08-04 16:19:18,105/200,2026-08-05 00:08:18,0.042168,0.085467,False,0.00000313,263.45,36997985,8,42
ModelEfficientNetB0_fvs_std0.1_90k_RMSELoss_20260804_161918,ModelEfficientNetB0_fvs_std0.1_90k_RMSELoss,RMSELoss,2026-08-04 16:19:18,106/200,2026-08-05 00:12:43,0.042289,0.085498,False,0.00000313,264.73,36997985,8,42
ModelEfficientNetB0_fvs_std0.1_90k_RMSELoss_20260804_161918,ModelEfficientNetB0_fvs_std0.1_90k_RMSELoss,RMSELoss,2026-08-04 16:19:18,107/200,2026-08-05 00:17:06,0.042339,0.086018,False,0.00000313,263.80,36997985,8,42
ModelEfficientNetB0_fvs_std0.1_90k_RMSELoss_20260804_161918,ModelEfficientNetB0_fvs_std0.1_90k_RMSELoss,RMSELoss,2026-08-04 16:19:18,108/200,2026-08-05 00:21:33,0.042111,0.085994,False,0.00000313,266.32,36997985,8,42
ModelEfficientNetB0_fvs_std0.1_90k_RMSELoss_20260804_161918,ModelEfficientNetB0_fvs_std0.1_90k_RMSELoss,RMSELoss,2026-08-04 16:19:18,109/200,2026-08-05 00:25:58,0.042117,0.085413,False,0.00000313,265.60,36997985,8,42
ModelEfficientNetB0_fvs_std0.1_90k_RMSELoss_20260804_161918,ModelEfficientNetB0_fvs_std0.1_90k_RMSELoss,RMSELoss,2026-08-04 16:19:18,110/200,2026-08-05 00:30:23,0.042038,0.085059,False,0.00000313,264.23,36997985,8,42
ModelEfficientNetB0_fvs_std0.1_90k_RMSELoss_20260804_161918,ModelEfficientNetB0_fvs_std0.1_90k_RMSELoss,RMSELoss,2026-08-04 16:19:18,111/200,2026-08-05 00:34:48,0.041988,0.084751,False,0.00000313,264.92,36997985,8,42
ModelEfficientNetB0_fvs_std0.1_90k_RMSELoss_20260804_161918,ModelEfficientNetB0_fvs_std0.1_90k_RMSELoss,RMSELoss,2026-08-04 16:19:18,112/200,2026-08-05 00:39:11,0.041998,0.086643,False,0.00000313,263.45,36997985,8,42
ModelEfficientNetB0_fvs_std0.1_90k_RMSELoss_20260804_161918,ModelEfficientNetB0_fvs_std0.1_90k_RMSELoss,RMSELoss,2026-08-04 16:19:18,113/200,2026-08-05 00:43:37,0.041929,0.086982,False,0.00000313,265.99,36997985,8,42
ModelEfficientNetB0_fvs_std0.1_90k_RMSELoss_20260804_161918,ModelEfficientNetB0_fvs_std0.1_90k_RMSELoss,RMSELoss,2026-08-04 16:19:18,114/200,2026-08-05 00:48:01,0.041956,0.085359,False,0.00000313,263.89,36997985,8,42
ModelEfficientNetB0_fvs_std0.1_90k_RMSELoss_20260804_161918,ModelEfficientNetB0_fvs_std0.1_90k_RMSELoss,RMSELoss,2026-08-04 16:19:18,115/200,2026-08-05 00:52:25,0.041943,0.088400,False,0.00000313,263.89,36997985,8,42
ModelEfficientNetB0_fvs_std0.1_90k_RMSELoss_20260804_161918,ModelEfficientNetB0_fvs_std0.1_90k_RMSELoss,RMSELoss,2026-08-04 16:19:18,116/200,2026-08-05 00:56:49,0.041922,0.084883,False,0.00000313,263.95,36997985,8,42
ModelEfficientNetB0_fvs_std0.1_90k_RMSELoss_20260804_161918,ModelEfficientNetB0_fvs_std0.1_90k_RMSELoss,RMSELoss,2026-08-04 16:19:18,117/200,2026-08-05 01:01:14,0.041978,0.085603,False,0.00000313,265.62,36997985,8,42
ModelEfficientNetB0_fvs_std0.1_90k_RMSELoss_20260804_161918,ModelEfficientNetB0_fvs_std0.1_90k_RMSELoss,RMSELoss,2026-08-04 16:19:18,118/200,2026-08-05 01:05:40,0.041771,0.085965,False,0.00000313,266.05,36997985,8,42
ModelEfficientNetB0_fvs_std0.1_90k_RMSELoss_20260804_161918,ModelEfficientNetB0_fvs_std0.1_90k_RMSELoss,RMSELoss,2026-08-04 16:19:18,119/200,2026-08-05 01:10:05,0.041898,0.085380,False,0.00000313,264.35,36997985,8,42
ModelEfficientNetB0_fvs_std0.1_90k_RMSELoss_20260804_161918,ModelEfficientNetB0_fvs_std0.1_90k_RMSELoss,RMSELoss,2026-08-04 16:19:18,120/200,2026-08-05 01:14:30,0.041690,0.085760,False,0.00000156,264.75,36997985,8,42
ModelEfficientNetB0_fvs_std0.1_90k_RMSELoss_20260804_161918,ModelEfficientNetB0_fvs_std0.1_90k_RMSELoss,RMSELoss,2026-08-04 16:19:18,121/200,2026-08-05 01:18:54,0.041708,0.084722,False,0.00000156,264.12,36997985,8,42
ModelEfficientNetB0_fvs_std0.1_90k_RMSELoss_20260804_161918,ModelEfficientNetB0_fvs_std0.1_90k_RMSELoss,RMSELoss,2026-08-04 16:19:18,122/200,2026-08-05 01:23:19,0.041509,0.085541,False,0.00000156,264.96,36997985,8,42
ModelEfficientNetB0_fvs_std0.1_90k_RMSELoss_20260804_161918,ModelEfficientNetB0_fvs_std0.1_90k_RMSELoss,RMSELoss,2026-08-04 16:19:18,123/200,2026-08-05 01:27:46,0.041491,0.084806,False,0.00000156,267.09,36997985,8,42
ModelEfficientNetB0_fvs_std0.1_90k_RMSELoss_20260804_161918,ModelEfficientNetB0_fvs_std0.1_90k_RMSELoss,RMSELoss,2026-08-04 16:19:18,124/200,2026-08-05 01:32:11,0.041535,0.085350,False,0.00000156,265.08,36997985,8,42
ModelEfficientNetB0_fvs_std0.1_90k_RMSELoss_20260804_161918,ModelEfficientNetB0_fvs_std0.1_90k_RMSELoss,RMSELoss,2026-08-04 16:19:18,125/200,2026-08-05 01:36:34,0.041512,0.085480,False,0.00000156,263.59,36997985,8,42
ModelEfficientNetB0_fvs_std0.1_90k_RMSELoss_20260804_161918,ModelEfficientNetB0_fvs_std0.1_90k_RMSELoss,RMSELoss,2026-08-04 16:19:18,126/200,2026-08-05 01:40:59,0.041451,0.085390,False,0.00000156,264.64,36997985,8,42
ModelEfficientNetB0_fvs_std0.1_90k_RMSELoss_20260804_161918,ModelEfficientNetB0_fvs_std0.1_90k_RMSELoss,RMSELoss,2026-08-04 16:19:18,127/200,2026-08-05 01:45:24,0.041478,0.086078,False,0.00000156,264.56,36997985,8,42
ModelEfficientNetB0_fvs_std0.1_90k_RMSELoss_20260804_161918,ModelEfficientNetB0_fvs_std0.1_90k_RMSELoss,RMSELoss,2026-08-04 16:19:18,128/200,2026-08-05 01:49:49,0.041386,0.085144,False,0.00000156,265.07,36997985,8,42
ModelEfficientNetB0_fvs_std0.1_90k_RMSELoss_20260804_161918,ModelEfficientNetB0_fvs_std0.1_90k_RMSELoss,RMSELoss,2026-08-04 16:19:18,129/200,2026-08-05 01:54:14,0.041401,0.085122,False,0.00000156,265.02,36997985,8,42
ModelEfficientNetB0_fvs_std0.1_90k_RMSELoss_20260804_161918,ModelEfficientNetB0_fvs_std0.1_90k_RMSELoss,RMSELoss,2026-08-04 16:19:18,130/200,2026-08-05 01:58:39,0.041443,0.085458,False,0.00000156,265.51,36997985,8,42
ModelEfficientNetB0_fvs_std0.1_90k_RMSELoss_20260804_161918,ModelEfficientNetB0_fvs_std0.1_90k_RMSELoss,RMSELoss,2026-08-04 16:19:18,131/200,2026-08-05 02:03:04,0.041308,0.085022,False,0.00000156,264.73,36997985,8,42
ModelEfficientNetB0_fvs_std0.1_90k_RMSELoss_20260804_161918,ModelEfficientNetB0_fvs_std0.1_90k_RMSELoss,RMSELoss,2026-08-04 16:19:18,132/200,2026-08-05 02:07:29,0.041330,0.085593,False,0.00000156,264.48,36997985,8,42
ModelEfficientNetB0_fvs_std0.1_90k_RMSELoss_20260804_161918,ModelEfficientNetB0_fvs_std0.1_90k_RMSELoss,RMSELoss,2026-08-04 16:19:18,133/200,2026-08-05 02:11:53,0.041289,0.085244,False,0.00000156,264.19,36997985,8,42
ModelEfficientNetB0_fvs_std0.1_90k_RMSELoss_20260804_161918,ModelEfficientNetB0_fvs_std0.1_90k_RMSELoss,RMSELoss,2026-08-04 16:19:18,134/200,2026-08-05 02:16:17,0.041269,0.085185,False,0.00000156,264.33,36997985,8,42
ModelEfficientNetB0_fvs_std0.1_90k_RMSELoss_20260804_161918,ModelEfficientNetB0_fvs_std0.1_90k_RMSELoss,RMSELoss,2026-08-04 16:19:18,135/200,2026-08-05 02:20:41,0.041192,0.085951,False,0.00000156,264.35,36997985,8,42
ModelEfficientNetB0_fvs_std0.1_90k_RMSELoss_20260804_161918,ModelEfficientNetB0_fvs_std0.1_90k_RMSELoss,RMSELoss,2026-08-04 16:19:18,136/200,2026-08-05 02:25:10,0.041199,0.085344,False,0.00000156,268.57,36997985,8,42
ModelEfficientNetB0_fvs_std0.1_90k_RMSELoss_20260804_161918,ModelEfficientNetB0_fvs_std0.1_90k_RMSELoss,RMSELoss,2026-08-04 16:19:18,137/200,2026-08-05 02:29:36,0.041186,0.085408,False,0.00000156,265.65,36997985,8,42
ModelEfficientNetB0_fvs_std0.1_90k_RMSELoss_20260804_161918,ModelEfficientNetB0_fvs_std0.1_90k_RMSELoss,RMSELoss,2026-08-04 16:19:18,138/200,2026-08-05 02:34:01,0.041276,0.085613,False,0.00000156,265.00,36997985,8,42
ModelEfficientNetB0_fvs_std0.1_90k_RMSELoss_20260804_161918,ModelEfficientNetB0_fvs_std0.1_90k_RMSELoss,RMSELoss,2026-08-04 16:19:18,139/200,2026-08-05 02:38:25,0.041131,0.085256,False,0.00000156,264.39,36997985,8,42
ModelEfficientNetB0_fvs_std0.1_90k_RMSELoss_20260804_161918,ModelEfficientNetB0_fvs_std0.1_90k_RMSELoss,RMSELoss,2026-08-04 16:19:18,140/200,2026-08-05 02:42:49,0.041279,0.086748,False,0.00000078,264.41,36997985,8,42
ModelEfficientNetB0_fvs_std0.1_90k_RMSELoss_20260804_161918,ModelEfficientNetB0_fvs_std0.1_90k_RMSELoss,RMSELoss,2026-08-04 16:19:18,141/200,2026-08-05 02:47:16,0.041154,0.084800,False,0.00000078,266.89,36997985,8,42
ModelEfficientNetB0_fvs_std0.1_90k_RMSELoss_20260804_161918,ModelEfficientNetB0_fvs_std0.1_90k_RMSELoss,RMSELoss,2026-08-04 16:19:18,142/200,2026-08-05 02:51:43,0.040961,0.084788,False,0.00000078,267.14,36997985,8,42
ModelEfficientNetB0_fvs_std0.1_90k_RMSELoss_20260804_161918,ModelEfficientNetB0_fvs_std0.1_90k_RMSELoss,RMSELoss,2026-08-04 16:19:18,143/200,2026-08-05 02:56:09,0.041102,0.085663,False,0.00000078,265.00,36997985,8,42
ModelEfficientNetB0_fvs_std0.1_90k_RMSELoss_20260804_161918,ModelEfficientNetB0_fvs_std0.1_90k_RMSELoss,RMSELoss,2026-08-04 16:19:18,144/200,2026-08-05 03:00:35,0.041103,0.085293,False,0.00000078,266.43,36997985,8,42
ModelEfficientNetB0_fvs_std0.1_90k_RMSELoss_20260804_161918,ModelEfficientNetB0_fvs_std0.1_90k_RMSELoss,RMSELoss,2026-08-04 16:19:18,145/200,2026-08-05 03:05:01,0.041155,0.085006,False,0.00000078,266.53,36997985,8,42
