run_id,model_name,criterion,run_started_at,epoch,epoch_timestamp,train_loss,val_loss,is_best,learning_rate,epoch_duration_sec,num_params,batch_size,seed
ModelCNN_fvs_std0.08_90k_RMSELoss_20260805_125228,ModelCNN_fvs_std0.08_90k_RMSELoss,RMSELoss,2026-08-05 12:52:28,1/200,2026-08-05 12:56:40,0.112189,0.109264,True,0.00010000,250.32,58260749,8,42
ModelCNN_fvs_std0.08_90k_RMSELoss_20260805_125228,ModelCNN_fvs_std0.08_90k_RMSELoss,RMSELoss,2026-08-05 12:52:28,2/200,2026-08-05 13:01:01,0.097793,0.099207,True,0.00010000,251.45,58260749,8,42
ModelCNN_fvs_std0.08_90k_RMSELoss_20260805_125228,ModelCNN_fvs_std0.08_90k_RMSELoss,RMSELoss,2026-08-05 12:52:28,3/200,2026-08-05 13:05:21,0.091740,0.097230,True,0.00010000,250.53,58260749,8,42
ModelCNN_fvs_std0.08_90k_RMSELoss_20260805_125228,ModelCNN_fvs_std0.08_90k_RMSELoss,RMSELoss,2026-08-05 12:52:28,4/200,2026-08-05 13:09:44,0.087612,0.092829,True,0.00010000,252.51,58260749,8,42
ModelCNN_fvs_std0.08_90k_RMSELoss_20260805_125228,ModelCNN_fvs_std0.08_90k_RMSELoss,RMSELoss,2026-08-05 12:52:28,5/200,2026-08-05 13:14:05,0.084904,0.103254,False,0.00010000,251.00,58260749,8,42
ModelCNN_fvs_std0.08_90k_RMSELoss_20260805_125228,ModelCNN_fvs_std0.08_90k_RMSELoss,RMSELoss,2026-08-05 12:52:28,6/200,2026-08-05 13:18:15,0.082318,0.090032,True,0.00010000,250.06,58260749,8,42
ModelCNN_fvs_std0.08_90k_RMSELoss_20260805_125228,ModelCNN_fvs_std0.08_90k_RMSELoss,RMSELoss,2026-08-05 12:52:28,7/200,2026-08-05 13:22:35,0.080217,0.086130,True,0.00010000,250.57,58260749,8,42
ModelCNN_fvs_std0.08_90k_RMSELoss_20260805_125228,ModelCNN_fvs_std0.08_90k_RMSELoss,RMSELoss,2026-08-05 12:52:28,8/200,2026-08-05 13:26:57,0.078281,0.096846,False,0.00010000,251.89,58260749,8,42
ModelCNN_fvs_std0.08_90k_RMSELoss_20260805_125228,ModelCNN_fvs_std0.08_90k_RMSELoss,RMSELoss,2026-08-05 12:52:28,9/200,2026-08-05 13:31:06,0.076403,0.089874,False,0.00010000,248.76,58260749,8,42
ModelCNN_fvs_std0.08_90k_RMSELoss_20260805_125228,ModelCNN_fvs_std0.08_90k_RMSELoss,RMSELoss,2026-08-05 12:52:28,10/200,2026-08-05 13:35:15,0.074641,0.086649,False,0.00010000,248.92,58260749,8,42
ModelCNN_fvs_std0.08_90k_RMSELoss_20260805_125228,ModelCNN_fvs_std0.08_90k_RMSELoss,RMSELoss,2026-08-05 12:52:28,11/200,2026-08-05 13:39:24,0.072705,0.085468,True,0.00010000,249.69,58260749,8,42
ModelCNN_fvs_std0.08_90k_RMSELoss_20260805_125228,ModelCNN_fvs_std0.08_90k_RMSELoss,RMSELoss,2026-08-05 12:52:28,12/200,2026-08-05 13:43:43,0.071199,0.087471,False,0.00010000,249.16,58260749,8,42
ModelCNN_fvs_std0.08_90k_RMSELoss_20260805_125228,ModelCNN_fvs_std0.08_90k_RMSELoss,RMSELoss,2026-08-05 12:52:28,13/200,2026-08-05 13:47:53,0.069586,0.087188,False,0.00010000,249.63,58260749,8,42
ModelCNN_fvs_std0.08_90k_RMSELoss_20260805_125228,ModelCNN_fvs_std0.08_90k_RMSELoss,RMSELoss,2026-08-05 12:52:28,14/200,2026-08-05 13:52:03,0.068324,0.080800,True,0.00010000,250.14,58260749,8,42
ModelCNN_fvs_std0.08_90k_RMSELoss_20260805_125228,ModelCNN_fvs_std0.08_90k_RMSELoss,RMSELoss,2026-08-05 12:52:28,15/200,2026-08-05 13:56:21,0.066974,0.087593,False,0.00010000,248.30,58260749,8,42
ModelCNN_fvs_std0.08_90k_RMSELoss_20260805_125228,ModelCNN_fvs_std0.08_90k_RMSELoss,RMSELoss,2026-08-05 12:52:28,16/200,2026-08-05 14:00:32,0.065642,0.078413,True,0.00010000,250.93,58260749,8,42
ModelCNN_fvs_std0.08_90k_RMSELoss_20260805_125228,ModelCNN_fvs_std0.08_90k_RMSELoss,RMSELoss,2026-08-05 12:52:28,17/200,2026-08-05 14:04:53,0.064617,0.093039,False,0.00010000,250.90,58260749,8,42
ModelCNN_fvs_std0.08_90k_RMSELoss_20260805_125228,ModelCNN_fvs_std0.08_90k_RMSELoss,RMSELoss,2026-08-05 12:52:28,18/200,2026-08-05 14:09:03,0.063334,0.079850,False,0.00010000,249.76,58260749,8,42
ModelCNN_fvs_std0.08_90k_RMSELoss_20260805_125228,ModelCNN_fvs_std0.08_90k_RMSELoss,RMSELoss,2026-08-05 12:52:28,19/200,2026-08-05 14:13:13,0.062259,0.083073,False,0.00010000,250.01,58260749,8,42
ModelCNN_fvs_std0.08_90k_RMSELoss_20260805_125228,ModelCNN_fvs_std0.08_90k_RMSELoss,RMSELoss,2026-08-05 12:52:28,20/200,2026-08-05 14:17:22,0.061171,0.086966,False,0.00005000,249.25,58260749,8,42
ModelCNN_fvs_std0.08_90k_RMSELoss_20260805_125228,ModelCNN_fvs_std0.08_90k_RMSELoss,RMSELoss,2026-08-05 12:52:28,21/200,2026-08-05 14:21:34,0.055829,0.080514,False,0.00005000,251.68,58260749,8,42
ModelCNN_fvs_std0.08_90k_RMSELoss_20260805_125228,ModelCNN_fvs_std0.08_90k_RMSELoss,RMSELoss,2026-08-05 12:52:28,22/200,2026-08-05 14:25:44,0.053465,0.075471,True,0.00005000,250.31,58260749,8,42
ModelCNN_fvs_std0.08_90k_RMSELoss_20260805_125228,ModelCNN_fvs_std0.08_90k_RMSELoss,RMSELoss,2026-08-05 12:52:28,23/200,2026-08-05 14:30:03,0.052105,0.079848,False,0.00005000,249.14,58260749,8,42
ModelCNN_fvs_std0.08_90k_RMSELoss_20260805_125228,ModelCNN_fvs_std0.08_90k_RMSELoss,RMSELoss,2026-08-05 12:52:28,24/200,2026-08-05 14:34:12,0.050965,0.077442,False,0.00005000,249.51,58260749,8,42
ModelCNN_fvs_std0.08_90k_RMSELoss_20260805_125228,ModelCNN_fvs_std0.08_90k_RMSELoss,RMSELoss,2026-08-05 12:52:28,25/200,2026-08-05 14:38:21,0.050056,0.078031,False,0.00005000,248.46,58260749,8,42
ModelCNN_fvs_std0.08_90k_RMSELoss_20260805_125228,ModelCNN_fvs_std0.08_90k_RMSELoss,RMSELoss,2026-08-05 12:52:28,26/200,2026-08-05 14:42:30,0.049186,0.079778,False,0.00005000,249.36,58260749,8,42
ModelCNN_fvs_std0.08_90k_RMSELoss_20260805_125228,ModelCNN_fvs_std0.08_90k_RMSELoss,RMSELoss,2026-08-05 12:52:28,27/200,2026-08-05 14:46:39,0.048382,0.077800,False,0.00005000,248.96,58260749,8,42
ModelCNN_fvs_std0.08_90k_RMSELoss_20260805_125228,ModelCNN_fvs_std0.08_90k_RMSELoss,RMSELoss,2026-08-05 12:52:28,28/200,2026-08-05 14:50:49,0.047626,0.077779,False,0.00005000,249.52,58260749,8,42
ModelCNN_fvs_std0.08_90k_RMSELoss_20260805_125228,ModelCNN_fvs_std0.08_90k_RMSELoss,RMSELoss,2026-08-05 12:52:28,29/200,2026-08-05 14:54:59,0.047007,0.078140,False,0.00005000,249.85,58260749,8,42
ModelCNN_fvs_std0.08_90k_RMSELoss_20260805_125228,ModelCNN_fvs_std0.08_90k_RMSELoss,RMSELoss,2026-08-05 12:52:28,30/200,2026-08-05 14:59:08,0.046271,0.079631,False,0.00005000,249.39,58260749,8,42
ModelCNN_fvs_std0.08_90k_RMSELoss_20260805_125228,ModelCNN_fvs_std0.08_90k_RMSELoss,RMSELoss,2026-08-05 12:52:28,31/200,2026-08-05 15:03:17,0.045587,0.080974,False,0.00005000,248.76,58260749,8,42
ModelCNN_fvs_std0.08_90k_RMSELoss_20260805_125228,ModelCNN_fvs_std0.08_90k_RMSELoss,RMSELoss,2026-08-05 12:52:28,32/200,2026-08-05 15:07:26,0.045000,0.081597,False,0.00005000,249.25,58260749,8,42
ModelCNN_fvs_std0.08_90k_RMSELoss_20260805_125228,ModelCNN_fvs_std0.08_90k_RMSELoss,RMSELoss,2026-08-05 12:52:28,33/200,2026-08-05 15:11:35,0.044402,0.078673,False,0.00005000,249.23,58260749,8,42
ModelCNN_fvs_std0.08_90k_RMSELoss_20260805_125228,ModelCNN_fvs_std0.08_90k_RMSELoss,RMSELoss,2026-08-05 12:52:28,34/200,2026-08-05 15:15:44,0.043904,0.077489,False,0.00005000,249.09,58260749,8,42
ModelCNN_fvs_std0.08_90k_RMSELoss_20260805_125228,ModelCNN_fvs_std0.08_90k_RMSELoss,RMSELoss,2026-08-05 12:52:28,35/200,2026-08-05 15:19:54,0.043289,0.077711,False,0.00005000,249.78,58260749,8,42
ModelCNN_fvs_std0.08_90k_RMSELoss_20260805_125228,ModelCNN_fvs_std0.08_90k_RMSELoss,RMSELoss,2026-08-05 12:52:28,36/200,2026-08-05 15:24:03,0.042758,0.076770,False,0.00005000,248.92,58260749,8,42
ModelCNN_fvs_std0.08_90k_RMSELoss_20260805_125228,ModelCNN_fvs_std0.08_90k_RMSELoss,RMSELoss,2026-08-05 12:52:28,37/200,2026-08-05 15:28:14,0.042226,0.077605,False,0.00005000,251.51,58260749,8,42
ModelCNN_fvs_std0.08_90k_RMSELoss_20260805_125228,ModelCNN_fvs_std0.08_90k_RMSELoss,RMSELoss,2026-08-05 12:52:28,38/200,2026-08-05 15:32:24,0.041742,0.077958,False,0.00005000,249.58,58260749,8,42
ModelCNN_fvs_std0.08_90k_RMSELoss_20260805_125228,ModelCNN_fvs_std0.08_90k_RMSELoss,RMSELoss,2026-08-05 12:52:28,39/200,2026-08-05 15:36:33,0.041143,0.086539,False,0.00005000,248.75,58260749,8,42
ModelCNN_fvs_std0.08_90k_RMSELoss_20260805_125228,ModelCNN_fvs_std0.08_90k_RMSELoss,RMSELoss,2026-08-05 12:52:28,40/200,2026-08-05 15:40:41,0.040730,0.082738,False,0.00002500,248.66,58260749,8,42
ModelCNN_fvs_std0.08_90k_RMSELoss_20260805_125228,ModelCNN_fvs_std0.08_90k_RMSELoss,RMSELoss,2026-08-05 12:52:28,41/200,2026-08-05 15:44:52,0.037721,0.073891,True,0.00002500,250.20,58260749,8,42
ModelCNN_fvs_std0.08_90k_RMSELoss_20260805_125228,ModelCNN_fvs_std0.08_90k_RMSELoss,RMSELoss,2026-08-05 12:52:28,42/200,2026-08-05 15:49:11,0.036228,0.074739,False,0.00002500,249.49,58260749,8,42
ModelCNN_fvs_std0.08_90k_RMSELoss_20260805_125228,ModelCNN_fvs_std0.08_90k_RMSELoss,RMSELoss,2026-08-05 12:52:28,43/200,2026-08-05 15:53:21,0.035547,0.076475,False,0.00002500,249.59,58260749,8,42
ModelCNN_fvs_std0.08_90k_RMSELoss_20260805_125228,ModelCNN_fvs_std0.08_90k_RMSELoss,RMSELoss,2026-08-05 12:52:28,44/200,2026-08-05 15:57:30,0.035057,0.075579,False,0.00002500,249.29,58260749,8,42
ModelCNN_fvs_std0.08_90k_RMSELoss_20260805_125228,ModelCNN_fvs_std0.08_90k_RMSELoss,RMSELoss,2026-08-05 12:52:28,45/200,2026-08-05 16:01:39,0.034524,0.074061,False,0.00002500,248.93,58260749,8,42
ModelCNN_fvs_std0.08_90k_RMSELoss_20260805_125228,ModelCNN_fvs_std0.08_90k_RMSELoss,RMSELoss,2026-08-05 12:52:28,46/200,2026-08-05 16:05:48,0.034052,0.074446,False,0.00002500,249.36,58260749,8,42
ModelCNN_fvs_std0.08_90k_RMSELoss_20260805_125228,ModelCNN_fvs_std0.08_90k_RMSELoss,RMSELoss,2026-08-05 12:52:28,47/200,2026-08-05 16:09:59,0.033800,0.073634,True,0.00002500,250.18,58260749,8,42
ModelCNN_fvs_std0.08_90k_RMSELoss_20260805_125228,ModelCNN_fvs_std0.08_90k_RMSELoss,RMSELoss,2026-08-05 12:52:28,48/200,2026-08-05 16:14:17,0.033364,0.075323,False,0.00002500,248.75,58260749,8,42
ModelCNN_fvs_std0.08_90k_RMSELoss_20260805_125228,ModelCNN_fvs_std0.08_90k_RMSELoss,RMSELoss,2026-08-05 12:52:28,49/200,2026-08-05 16:18:27,0.033092,0.075416,False,0.00002500,249.82,58260749,8,42
ModelCNN_fvs_std0.08_90k_RMSELoss_20260805_125228,ModelCNN_fvs_std0.08_90k_RMSELoss,RMSELoss,2026-08-05 12:52:28,50/200,2026-08-05 16:22:36,0.032619,0.074719,False,0.00002500,249.33,58260749,8,42
ModelCNN_fvs_std0.08_90k_RMSELoss_20260805_125228,ModelCNN_fvs_std0.08_90k_RMSELoss,RMSELoss,2026-08-05 12:52:28,51/200,2026-08-05 16:26:46,0.032412,0.073330,True,0.00002500,249.54,58260749,8,42
ModelCNN_fvs_std0.08_90k_RMSELoss_20260805_125228,ModelCNN_fvs_std0.08_90k_RMSELoss,RMSELoss,2026-08-05 12:52:28,52/200,2026-08-05 16:31:05,0.032132,0.074250,False,0.00002500,249.75,58260749,8,42
ModelCNN_fvs_std0.08_90k_RMSELoss_20260805_125228,ModelCNN_fvs_std0.08_90k_RMSELoss,RMSELoss,2026-08-05 12:52:28,53/200,2026-08-05 16:35:14,0.031712,0.073046,True,0.00002500,248.87,58260749,8,42
ModelCNN_fvs_std0.08_90k_RMSELoss_20260805_125228,ModelCNN_fvs_std0.08_90k_RMSELoss,RMSELoss,2026-08-05 12:52:28,54/200,2026-08-05 16:39:32,0.031439,0.074344,False,0.00002500,248.09,58260749,8,42
ModelCNN_fvs_std0.08_90k_RMSELoss_20260805_125228,ModelCNN_fvs_std0.08_90k_RMSELoss,RMSELoss,2026-08-05 12:52:28,55/200,2026-08-05 16:43:45,0.031193,0.072700,True,0.00002500,252.51,58260749,8,42
ModelCNN_fvs_std0.08_90k_RMSELoss_20260805_125228,ModelCNN_fvs_std0.08_90k_RMSELoss,RMSELoss,2026-08-05 12:52:28,56/200,2026-08-05 16:48:04,0.030909,0.073758,False,0.00002500,249.57,58260749,8,42
ModelCNN_fvs_std0.08_90k_RMSELoss_20260805_125228,ModelCNN_fvs_std0.08_90k_RMSELoss,RMSELoss,2026-08-05 12:52:28,57/200,2026-08-05 16:52:14,0.030646,0.072562,True,0.00002500,250.06,58260749,8,42
ModelCNN_fvs_std0.08_90k_RMSELoss_20260805_125228,ModelCNN_fvs_std0.08_90k_RMSELoss,RMSELoss,2026-08-05 12:52:28,58/200,2026-08-05 16:56:33,0.030392,0.073443,False,0.00002500,249.17,58260749,8,42
ModelCNN_fvs_std0.08_90k_RMSELoss_20260805_125228,ModelCNN_fvs_std0.08_90k_RMSELoss,RMSELoss,2026-08-05 12:52:28,59/200,2026-08-05 17:00:43,0.030115,0.074773,False,0.00002500,250.11,58260749,8,42
ModelCNN_fvs_std0.08_90k_RMSELoss_20260805_125228,ModelCNN_fvs_std0.08_90k_RMSELoss,RMSELoss,2026-08-05 12:52:28,60/200,2026-08-05 17:04:54,0.029885,0.073025,False,0.00001250,250.55,58260749,8,42
ModelCNN_fvs_std0.08_90k_RMSELoss_20260805_125228,ModelCNN_fvs_std0.08_90k_RMSELoss,RMSELoss,2026-08-05 12:52:28,61/200,2026-08-05 17:09:04,0.028428,0.073240,False,0.00001250,249.64,58260749,8,42
ModelCNN_fvs_std0.08_90k_RMSELoss_20260805_125228,ModelCNN_fvs_std0.08_90k_RMSELoss,RMSELoss,2026-08-05 12:52:28,62/200,2026-08-05 17:13:13,0.027690,0.073017,False,0.00001250,249.67,58260749,8,42
ModelCNN_fvs_std0.08_90k_RMSELoss_20260805_125228,ModelCNN_fvs_std0.08_90k_RMSELoss,RMSELoss,2026-08-05 12:52:28,63/200,2026-08-05 17:17:23,0.027318,0.073195,False,0.00001250,249.29,58260749,8,42
ModelCNN_fvs_std0.08_90k_RMSELoss_20260805_125228,ModelCNN_fvs_std0.08_90k_RMSELoss,RMSELoss,2026-08-05 12:52:28,64/200,2026-08-05 17:21:32,0.027089,0.073762,False,0.00001250,249.42,58260749,8,42
ModelCNN_fvs_std0.08_90k_RMSELoss_20260805_125228,ModelCNN_fvs_std0.08_90k_RMSELoss,RMSELoss,2026-08-05 12:52:28,65/200,2026-08-05 17:25:40,0.026873,0.073328,False,0.00001250,247.95,58260749,8,42
ModelCNN_fvs_std0.08_90k_RMSELoss_20260805_125228,ModelCNN_fvs_std0.08_90k_RMSELoss,RMSELoss,2026-08-05 12:52:28,66/200,2026-08-05 17:29:53,0.026636,0.073175,False,0.00001250,253.25,58260749,8,42
ModelCNN_fvs_std0.08_90k_RMSELoss_20260805_125228,ModelCNN_fvs_std0.08_90k_RMSELoss,RMSELoss,2026-08-05 12:52:28,67/200,2026-08-05 17:34:02,0.026552,0.073057,False,0.00001250,248.77,58260749,8,42
ModelCNN_fvs_std0.08_90k_RMSELoss_20260805_125228,ModelCNN_fvs_std0.08_90k_RMSELoss,RMSELoss,2026-08-05 12:52:28,68/200,2026-08-05 17:38:10,0.026355,0.073087,False,0.00001250,248.42,58260749,8,42
ModelCNN_fvs_std0.08_90k_RMSELoss_20260805_125228,ModelCNN_fvs_std0.08_90k_RMSELoss,RMSELoss,2026-08-05 12:52:28,69/200,2026-08-05 17:42:19,0.026098,0.074259,False,0.00001250,248.99,58260749,8,42
ModelCNN_fvs_std0.08_90k_RMSELoss_20260805_125228,ModelCNN_fvs_std0.08_90k_RMSELoss,RMSELoss,2026-08-05 12:52:28,70/200,2026-08-05 17:46:28,0.025962,0.072652,False,0.00001250,248.14,58260749,8,42
ModelCNN_fvs_std0.08_90k_RMSELoss_20260805_125228,ModelCNN_fvs_std0.08_90k_RMSELoss,RMSELoss,2026-08-05 12:52:28,71/200,2026-08-05 17:50:37,0.025789,0.073191,False,0.00001250,249.04,58260749,8,42
ModelCNN_fvs_std0.08_90k_RMSELoss_20260805_125228,ModelCNN_fvs_std0.08_90k_RMSELoss,RMSELoss,2026-08-05 12:52:28,72/200,2026-08-05 17:54:45,0.025723,0.073080,False,0.00001250,248.86,58260749,8,42
ModelCNN_fvs_std0.08_90k_RMSELoss_20260805_125228,ModelCNN_fvs_std0.08_90k_RMSELoss,RMSELoss,2026-08-05 12:52:28,73/200,2026-08-05 17:58:55,0.025577,0.073274,False,0.00001250,249.14,58260749,8,42
ModelCNN_fvs_std0.08_90k_RMSELoss_20260805_125228,ModelCNN_fvs_std0.08_90k_RMSELoss,RMSELoss,2026-08-05 12:52:28,74/200,2026-08-05 18:03:09,0.025417,0.072948,False,0.00001250,254.51,58260749,8,42
ModelCNN_fvs_std0.08_90k_RMSELoss_20260805_125228,ModelCNN_fvs_std0.08_90k_RMSELoss,RMSELoss,2026-08-05 12:52:28,75/200,2026-08-05 18:07:18,0.025281,0.073217,False,0.00001250,248.90,58260749,8,42
ModelCNN_fvs_std0.08_90k_RMSELoss_20260805_125228,ModelCNN_fvs_std0.08_90k_RMSELoss,RMSELoss,2026-08-05 12:52:28,76/200,2026-08-05 18:11:27,0.025035,0.072786,False,0.00001250,249.30,58260749,8,42
ModelCNN_fvs_std0.08_90k_RMSELoss_20260805_125228,ModelCNN_fvs_std0.08_90k_RMSELoss,RMSELoss,2026-08-05 12:52:28,77/200,2026-08-05 18:15:35,0.024913,0.073253,False,0.00001250,248.08,58260749,8,42
ModelCNN_fvs_std0.08_90k_RMSELoss_20260805_125228,ModelCNN_fvs_std0.08_90k_RMSELoss,RMSELoss,2026-08-05 12:52:28,78/200,2026-08-05 18:19:44,0.024833,0.073696,False,0.00001250,249.09,58260749,8,42
ModelCNN_fvs_std0.08_90k_RMSELoss_20260805_125228,ModelCNN_fvs_std0.08_90k_RMSELoss,RMSELoss,2026-08-05 12:52:28,79/200,2026-08-05 18:23:53,0.024722,0.073104,False,0.00001250,248.88,58260749,8,42
ModelCNN_fvs_std0.08_90k_RMSELoss_20260805_125228,ModelCNN_fvs_std0.08_90k_RMSELoss,RMSELoss,2026-08-05 12:52:28,80/200,2026-08-05 18:28:06,0.024552,0.073082,False,0.00000625,252.44,58260749,8,42
ModelCNN_fvs_std0.08_90k_RMSELoss_20260805_125228,ModelCNN_fvs_std0.08_90k_RMSELoss,RMSELoss,2026-08-05 12:52:28,81/200,2026-08-05 18:32:14,0.023888,0.073147,False,0.00000625,248.46,58260749,8,42
ModelCNN_fvs_std0.08_90k_RMSELoss_20260805_125228,ModelCNN_fvs_std0.08_90k_RMSELoss,RMSELoss,2026-08-05 12:52:28,82/200,2026-08-05 18:36:24,0.023523,0.072848,False,0.00000625,249.94,58260749,8,42
ModelCNN_fvs_std0.08_90k_RMSELoss_20260805_125228,ModelCNN_fvs_std0.08_90k_RMSELoss,RMSELoss,2026-08-05 12:52:28,83/200,2026-08-05 18:40:32,0.023363,0.072869,False,0.00000625,247.77,58260749,8,42
ModelCNN_fvs_std0.08_90k_RMSELoss_20260805_125228,ModelCNN_fvs_std0.08_90k_RMSELoss,RMSELoss,2026-08-05 12:52:28,84/200,2026-08-05 18:44:41,0.023194,0.072564,False,0.00000625,249.32,58260749,8,42
ModelCNN_fvs_std0.08_90k_RMSELoss_20260805_125228,ModelCNN_fvs_std0.08_90k_RMSELoss,RMSELoss,2026-08-05 12:52:28,85/200,2026-08-05 18:48:50,0.023078,0.072909,False,0.00000625,248.60,58260749,8,42
ModelCNN_fvs_std0.08_90k_RMSELoss_20260805_125228,ModelCNN_fvs_std0.08_90k_RMSELoss,RMSELoss,2026-08-05 12:52:28,86/200,2026-08-05 18:53:00,0.022958,0.072467,True,0.00000625,250.13,58260749,8,42
ModelCNN_fvs_std0.08_90k_RMSELoss_20260805_125228,ModelCNN_fvs_std0.08_90k_RMSELoss,RMSELoss,2026-08-05 12:52:28,87/200,2026-08-05 18:57:19,0.022932,0.072886,False,0.00000625,248.73,58260749,8,42
ModelCNN_fvs_std0.08_90k_RMSELoss_20260805_125228,ModelCNN_fvs_std0.08_90k_RMSELoss,RMSELoss,2026-08-05 12:52:28,88/200,2026-08-05 19:01:29,0.022850,0.072343,True,0.00000625,250.62,58260749,8,42
ModelCNN_fvs_std0.08_90k_RMSELoss_20260805_125228,ModelCNN_fvs_std0.08_90k_RMSELoss,RMSELoss,2026-08-05 12:52:28,89/200,2026-08-05 19:05:48,0.022744,0.072798,False,0.00000625,249.36,58260749,8,42
ModelCNN_fvs_std0.08_90k_RMSELoss_20260805_125228,ModelCNN_fvs_std0.08_90k_RMSELoss,RMSELoss,2026-08-05 12:52:28,90/200,2026-08-05 19:09:58,0.022683,0.072571,False,0.00000625,249.85,58260749,8,42
ModelCNN_fvs_std0.08_90k_RMSELoss_20260805_125228,ModelCNN_fvs_std0.08_90k_RMSELoss,RMSELoss,2026-08-05 12:52:28,91/200,2026-08-05 19:14:08,0.022605,0.072410,False,0.00000625,249.61,58260749,8,42
ModelCNN_fvs_std0.08_90k_RMSELoss_20260805_125228,ModelCNN_fvs_std0.08_90k_RMSELoss,RMSELoss,2026-08-05 12:52:28,92/200,2026-08-05 19:18:16,0.022547,0.072668,False,0.00000625,247.96,58260749,8,42
ModelCNN_fvs_std0.08_90k_RMSELoss_20260805_125228,ModelCNN_fvs_std0.08_90k_RMSELoss,RMSELoss,2026-08-05 12:52:28,93/200,2026-08-05 19:22:25,0.022443,0.072838,False,0.00000625,248.70,58260749,8,42
ModelCNN_fvs_std0.08_90k_RMSELoss_20260805_125228,ModelCNN_fvs_std0.08_90k_RMSELoss,RMSELoss,2026-08-05 12:52:28,94/200,2026-08-05 19:26:34,0.022305,0.072585,False,0.00000625,249.25,58260749,8,42
ModelCNN_fvs_std0.08_90k_RMSELoss_20260805_125228,ModelCNN_fvs_std0.08_90k_RMSELoss,RMSELoss,2026-08-05 12:52:28,95/200,2026-08-05 19:30:43,0.022277,0.072998,False,0.00000625,248.63,58260749,8,42
ModelCNN_fvs_std0.08_90k_RMSELoss_20260805_125228,ModelCNN_fvs_std0.08_90k_RMSELoss,RMSELoss,2026-08-05 12:52:28,96/200,2026-08-05 19:34:51,0.022184,0.072412,False,0.00000625,248.58,58260749,8,42
ModelCNN_fvs_std0.08_90k_RMSELoss_20260805_125228,ModelCNN_fvs_std0.08_90k_RMSELoss,RMSELoss,2026-08-05 12:52:28,97/200,2026-08-05 19:39:00,0.022106,0.072472,False,0.00000625,249.26,58260749,8,42
ModelCNN_fvs_std0.08_90k_RMSELoss_20260805_125228,ModelCNN_fvs_std0.08_90k_RMSELoss,RMSELoss,2026-08-05 12:52:28,98/200,2026-08-05 19:43:12,0.022060,0.072827,False,0.00000625,251.69,58260749,8,42
ModelCNN_fvs_std0.08_90k_RMSELoss_20260805_125228,ModelCNN_fvs_std0.08_90k_RMSELoss,RMSELoss,2026-08-05 12:52:28,99/200,2026-08-05 19:47:22,0.021941,0.072601,False,0.00000625,249.50,58260749,8,42
ModelCNN_fvs_std0.08_90k_RMSELoss_20260805_125228,ModelCNN_fvs_std0.08_90k_RMSELoss,RMSELoss,2026-08-05 12:52:28,100/200,2026-08-05 19:51:31,0.021925,0.072507,False,0.00000313,249.53,58260749,8,42
ModelCNN_fvs_std0.08_90k_RMSELoss_20260805_125228,ModelCNN_fvs_std0.08_90k_RMSELoss,RMSELoss,2026-08-05 12:52:28,101/200,2026-08-05 19:55:41,0.021503,0.072156,True,0.00000313,249.75,58260749,8,42
ModelCNN_fvs_std0.08_90k_RMSELoss_20260805_125228,ModelCNN_fvs_std0.08_90k_RMSELoss,RMSELoss,2026-08-05 12:52:28,102/200,2026-08-05 20:00:01,0.021459,0.072212,False,0.00000313,249.89,58260749,8,42
ModelCNN_fvs_std0.08_90k_RMSELoss_20260805_125228,ModelCNN_fvs_std0.08_90k_RMSELoss,RMSELoss,2026-08-05 12:52:28,103/200,2026-08-05 20:04:10,0.021319,0.072899,False,0.00000313,249.20,58260749,8,42
ModelCNN_fvs_std0.08_90k_RMSELoss_20260805_125228,ModelCNN_fvs_std0.08_90k_RMSELoss,RMSELoss,2026-08-05 12:52:28,104/200,2026-08-05 20:08:19,0.021313,0.072422,False,0.00000313,248.82,58260749,8,42
ModelCNN_fvs_std0.08_90k_RMSELoss_20260805_125228,ModelCNN_fvs_std0.08_90k_RMSELoss,RMSELoss,2026-08-05 12:52:28,105/200,2026-08-05 20:12:28,0.021153,0.072311,False,0.00000313,249.47,58260749,8,42
ModelCNN_fvs_std0.08_90k_RMSELoss_20260805_125228,ModelCNN_fvs_std0.08_90k_RMSELoss,RMSELoss,2026-08-05 12:52:28,106/200,2026-08-05 20:16:38,0.021191,0.072574,False,0.00000313,250.13,58260749,8,42
ModelCNN_fvs_std0.08_90k_RMSELoss_20260805_125228,ModelCNN_fvs_std0.08_90k_RMSELoss,RMSELoss,2026-08-05 12:52:28,107/200,2026-08-05 20:20:48,0.021141,0.072694,False,0.00000313,249.84,58260749,8,42
ModelCNN_fvs_std0.08_90k_RMSELoss_20260805_125228,ModelCNN_fvs_std0.08_90k_RMSELoss,RMSELoss,2026-08-05 12:52:28,108/200,2026-08-05 20:24:57,0.021043,0.072224,False,0.00000313,249.32,58260749,8,42
ModelCNN_fvs_std0.08_90k_RMSELoss_20260805_125228,ModelCNN_fvs_std0.08_90k_RMSELoss,RMSELoss,2026-08-05 12:52:28,109/200,2026-08-05 20:29:07,0.021015,0.072408,False,0.00000313,249.21,58260749,8,42
ModelCNN_fvs_std0.08_90k_RMSELoss_20260805_125228,ModelCNN_fvs_std0.08_90k_RMSELoss,RMSELoss,2026-08-05 12:52:28,110/200,2026-08-05 20:33:16,0.021006,0.072278,False,0.00000313,249.53,58260749,8,42
ModelCNN_fvs_std0.08_90k_RMSELoss_20260805_125228,ModelCNN_fvs_std0.08_90k_RMSELoss,RMSELoss,2026-08-05 12:52:28,111/200,2026-08-05 20:37:26,0.020851,0.072552,False,0.00000313,249.61,58260749,8,42
ModelCNN_fvs_std0.08_90k_RMSELoss_20260805_125228,ModelCNN_fvs_std0.08_90k_RMSELoss,RMSELoss,2026-08-05 12:52:28,112/200,2026-08-05 20:41:39,0.020912,0.072923,False,0.00000313,252.82,58260749,8,42
ModelCNN_fvs_std0.08_90k_RMSELoss_20260805_125228,ModelCNN_fvs_std0.08_90k_RMSELoss,RMSELoss,2026-08-05 12:52:28,113/200,2026-08-05 20:45:48,0.020817,0.072612,False,0.00000313,249.20,58260749,8,42
ModelCNN_fvs_std0.08_90k_RMSELoss_20260805_125228,ModelCNN_fvs_std0.08_90k_RMSELoss,RMSELoss,2026-08-05 12:52:28,114/200,2026-08-05 20:49:56,0.020874,0.072444,False,0.00000313,248.16,58260749,8,42
ModelCNN_fvs_std0.08_90k_RMSELoss_20260805_125228,ModelCNN_fvs_std0.08_90k_RMSELoss,RMSELoss,2026-08-05 12:52:28,115/200,2026-08-05 20:54:05,0.020784,0.072803,False,0.00000313,248.66,58260749,8,42
ModelCNN_fvs_std0.08_90k_RMSELoss_20260805_125228,ModelCNN_fvs_std0.08_90k_RMSELoss,RMSELoss,2026-08-05 12:52:28,116/200,2026-08-05 20:58:14,0.020670,0.072467,False,0.00000313,249.56,58260749,8,42
ModelCNN_fvs_std0.08_90k_RMSELoss_20260805_125228,ModelCNN_fvs_std0.08_90k_RMSELoss,RMSELoss,2026-08-05 12:52:28,117/200,2026-08-05 21:02:23,0.020762,0.072668,False,0.00000313,248.97,58260749,8,42
ModelCNN_fvs_std0.08_90k_RMSELoss_20260805_125228,ModelCNN_fvs_std0.08_90k_RMSELoss,RMSELoss,2026-08-05 12:52:28,118/200,2026-08-05 21:06:32,0.020600,0.072439,False,0.00000313,249.06,58260749,8,42
ModelCNN_fvs_std0.08_90k_RMSELoss_20260805_125228,ModelCNN_fvs_std0.08_90k_RMSELoss,RMSELoss,2026-08-05 12:52:28,119/200,2026-08-05 21:10:42,0.020640,0.072405,False,0.00000313,249.52,58260749,8,42
ModelCNN_fvs_std0.08_90k_RMSELoss_20260805_125228,ModelCNN_fvs_std0.08_90k_RMSELoss,RMSELoss,2026-08-05 12:52:28,120/200,2026-08-05 21:14:50,0.020585,0.072860,False,0.00000156,248.49,58260749,8,42
ModelCNN_fvs_std0.08_90k_RMSELoss_20260805_125228,ModelCNN_fvs_std0.08_90k_RMSELoss,RMSELoss,2026-08-05 12:52:28,121/200,2026-08-05 21:19:07,0.020445,0.072822,False,0.00000156,256.68,58260749,8,42
ModelCNN_fvs_std0.08_90k_RMSELoss_20260805_125228,ModelCNN_fvs_std0.08_90k_RMSELoss,RMSELoss,2026-08-05 12:52:28,122/200,2026-08-05 21:23:15,0.020318,0.072575,False,0.00000156,248.43,58260749,8,42
ModelCNN_fvs_std0.08_90k_RMSELoss_20260805_125228,ModelCNN_fvs_std0.08_90k_RMSELoss,RMSELoss,2026-08-05 12:52:28,123/200,2026-08-05 21:27:26,0.020363,0.072312,False,0.00000156,250.13,58260749,8,42
ModelCNN_fvs_std0.08_90k_RMSELoss_20260805_125228,ModelCNN_fvs_std0.08_90k_RMSELoss,RMSELoss,2026-08-05 12:52:28,124/200,2026-08-05 21:31:35,0.020259,0.072856,False,0.00000156,249.44,58260749,8,42
ModelCNN_fvs_std0.08_90k_RMSELoss_20260805_125228,ModelCNN_fvs_std0.08_90k_RMSELoss,RMSELoss,2026-08-05 12:52:28,125/200,2026-08-05 21:35:44,0.020175,0.072318,False,0.00000156,249.44,58260749,8,42
ModelCNN_fvs_std0.08_90k_RMSELoss_20260805_125228,ModelCNN_fvs_std0.08_90k_RMSELoss,RMSELoss,2026-08-05 12:52:28,126/200,2026-08-05 21:39:58,0.020221,0.072747,False,0.00000156,253.73,58260749,8,42
ModelCNN_fvs_std0.08_90k_RMSELoss_20260805_125228,ModelCNN_fvs_std0.08_90k_RMSELoss,RMSELoss,2026-08-05 12:52:28,127/200,2026-08-05 21:44:07,0.020260,0.072814,False,0.00000156,248.70,58260749,8,42
ModelCNN_fvs_std0.08_90k_RMSELoss_20260805_125228,ModelCNN_fvs_std0.08_90k_RMSELoss,RMSELoss,2026-08-05 12:52:28,128/200,2026-08-05 21:48:16,0.020225,0.072770,False,0.00000156,249.34,58260749,8,42
ModelCNN_fvs_std0.08_90k_RMSELoss_20260805_125228,ModelCNN_fvs_std0.08_90k_RMSELoss,RMSELoss,2026-08-05 12:52:28,129/200,2026-08-05 21:52:25,0.020061,0.072594,False,0.00000156,249.05,58260749,8,42
ModelCNN_fvs_std0.08_90k_RMSELoss_20260805_125228,ModelCNN_fvs_std0.08_90k_RMSELoss,RMSELoss,2026-08-05 12:52:28,130/200,2026-08-05 21:56:35,0.020125,0.072407,False,0.00000156,249.46,58260749,8,42
ModelCNN_fvs_std0.08_90k_RMSELoss_20260805_125228,ModelCNN_fvs_std0.08_90k_RMSELoss,RMSELoss,2026-08-05 12:52:28,131/200,2026-08-05 22:00:43,0.020110,0.072515,False,0.00000156,248.58,58260749,8,42
ModelCNN_fvs_std0.08_90k_RMSELoss_20260805_125228,ModelCNN_fvs_std0.08_90k_RMSELoss,RMSELoss,2026-08-05 12:52:28,132/200,2026-08-05 22:04:53,0.020143,0.072474,False,0.00000156,249.42,58260749,8,42
ModelCNN_fvs_std0.08_90k_RMSELoss_20260805_125228,ModelCNN_fvs_std0.08_90k_RMSELoss,RMSELoss,2026-08-05 12:52:28,133/200,2026-08-05 22:09:02,0.020031,0.072572,False,0.00000156,249.34,58260749,8,42
ModelCNN_fvs_std0.08_90k_RMSELoss_20260805_125228,ModelCNN_fvs_std0.08_90k_RMSELoss,RMSELoss,2026-08-05 12:52:28,134/200,2026-08-05 22:13:11,0.020073,0.072589,False,0.00000156,249.31,58260749,8,42
ModelCNN_fvs_std0.08_90k_RMSELoss_20260805_125228,ModelCNN_fvs_std0.08_90k_RMSELoss,RMSELoss,2026-08-05 12:52:28,135/200,2026-08-05 22:17:20,0.020037,0.072741,False,0.00000156,248.69,58260749,8,42
ModelCNN_fvs_std0.08_90k_RMSELoss_20260805_125228,ModelCNN_fvs_std0.08_90k_RMSELoss,RMSELoss,2026-08-05 12:52:28,136/200,2026-08-05 22:21:31,0.020030,0.072620,False,0.00000156,250.49,58260749,8,42
ModelCNN_fvs_std0.08_90k_RMSELoss_20260805_125228,ModelCNN_fvs_std0.08_90k_RMSELoss,RMSELoss,2026-08-05 12:52:28,137/200,2026-08-05 22:25:39,0.019964,0.072692,False,0.00000156,247.98,58260749,8,42
ModelCNN_fvs_std0.08_90k_RMSELoss_20260805_125228,ModelCNN_fvs_std0.08_90k_RMSELoss,RMSELoss,2026-08-05 12:52:28,138/200,2026-08-05 22:29:47,0.019915,0.072578,False,0.00000156,248.74,58260749,8,42
ModelCNN_fvs_std0.08_90k_RMSELoss_20260805_125228,ModelCNN_fvs_std0.08_90k_RMSELoss,RMSELoss,2026-08-05 12:52:28,139/200,2026-08-05 22:33:56,0.019938,0.072505,False,0.00000156,248.30,58260749,8,42
ModelCNN_fvs_std0.08_90k_RMSELoss_20260805_125228,ModelCNN_fvs_std0.08_90k_RMSELoss,RMSELoss,2026-08-05 12:52:28,140/200,2026-08-05 22:38:04,0.019932,0.072536,False,0.00000078,248.81,58260749,8,42
ModelCNN_fvs_std0.08_90k_RMSELoss_20260805_125228,ModelCNN_fvs_std0.08_90k_RMSELoss,RMSELoss,2026-08-05 12:52:28,141/200,2026-08-05 22:42:13,0.019823,0.072359,False,0.00000078,248.87,58260749,8,42
ModelCNN_fvs_std0.08_90k_RMSELoss_20260805_125228,ModelCNN_fvs_std0.08_90k_RMSELoss,RMSELoss,2026-08-05 12:52:28,142/200,2026-08-05 22:46:22,0.019808,0.072296,False,0.00000078,249.08,58260749,8,42
ModelCNN_fvs_std0.08_90k_RMSELoss_20260805_125228,ModelCNN_fvs_std0.08_90k_RMSELoss,RMSELoss,2026-08-05 12:52:28,143/200,2026-08-05 22:50:32,0.019744,0.072397,False,0.00000078,249.27,58260749,8,42
ModelCNN_fvs_std0.08_90k_RMSELoss_20260805_125228,ModelCNN_fvs_std0.08_90k_RMSELoss,RMSELoss,2026-08-05 12:52:28,144/200,2026-08-05 22:54:45,0.019847,0.072586,False,0.00000078,253.02,58260749,8,42
ModelCNN_fvs_std0.08_90k_RMSELoss_20260805_125228,ModelCNN_fvs_std0.08_90k_RMSELoss,RMSELoss,2026-08-05 12:52:28,145/200,2026-08-05 22:58:54,0.019762,0.072386,False,0.00000078,249.02,58260749,8,42
ModelCNN_fvs_std0.08_90k_RMSELoss_20260805_125228,ModelCNN_fvs_std0.08_90k_RMSELoss,RMSELoss,2026-08-05 12:52:28,146/200,2026-08-05 23:03:04,0.019790,0.072663,False,0.00000078,250.14,58260749,8,42
Resnet50_fvs_std0.08_90k_RMSELoss_20260805_230304,Resnet50_fvs_std0.08_90k_RMSELoss,RMSELoss,2026-08-05 23:03:04,1/200,2026-08-05 23:07:13,0.111139,0.103324,True,0.00010000,248.46,57284901,8,42
Resnet50_fvs_std0.08_90k_RMSELoss_20260805_230304,Resnet50_fvs_std0.08_90k_RMSELoss,RMSELoss,2026-08-05 23:03:04,2/200,2026-08-05 23:11:32,0.096933,0.098790,True,0.00010000,248.73,57284901,8,42
Resnet50_fvs_std0.08_90k_RMSELoss_20260805_230304,Resnet50_fvs_std0.08_90k_RMSELoss,RMSELoss,2026-08-05 23:03:04,3/200,2026-08-05 23:15:50,0.090997,0.102795,False,0.00010000,248.54,57284901,8,42
Resnet50_fvs_std0.08_90k_RMSELoss_20260805_230304,Resnet50_fvs_std0.08_90k_RMSELoss,RMSELoss,2026-08-05 23:03:04,4/200,2026-08-05 23:20:03,0.086961,0.087557,True,0.00010000,252.32,57284901,8,42
Resnet50_fvs_std0.08_90k_RMSELoss_20260805_230304,Resnet50_fvs_std0.08_90k_RMSELoss,RMSELoss,2026-08-05 23:03:04,5/200,2026-08-05 23:24:21,0.083878,0.090623,False,0.00010000,248.95,57284901,8,42
Resnet50_fvs_std0.08_90k_RMSELoss_20260805_230304,Resnet50_fvs_std0.08_90k_RMSELoss,RMSELoss,2026-08-05 23:03:04,6/200,2026-08-05 23:28:30,0.081236,0.087972,False,0.00010000,248.21,57284901,8,42
Resnet50_fvs_std0.08_90k_RMSELoss_20260805_230304,Resnet50_fvs_std0.08_90k_RMSELoss,RMSELoss,2026-08-05 23:03:04,7/200,2026-08-05 23:32:39,0.078986,0.084724,True,0.00010000,249.24,57284901,8,42
Resnet50_fvs_std0.08_90k_RMSELoss_20260805_230304,Resnet50_fvs_std0.08_90k_RMSELoss,RMSELoss,2026-08-05 23:03:04,8/200,2026-08-05 23:36:57,0.076815,0.084647,True,0.00010000,248.73,57284901,8,42
Resnet50_fvs_std0.08_90k_RMSELoss_20260805_230304,Resnet50_fvs_std0.08_90k_RMSELoss,RMSELoss,2026-08-05 23:03:04,9/200,2026-08-05 23:41:16,0.074932,0.085420,False,0.00010000,248.62,57284901,8,42
Resnet50_fvs_std0.08_90k_RMSELoss_20260805_230304,Resnet50_fvs_std0.08_90k_RMSELoss,RMSELoss,2026-08-05 23:03:04,10/200,2026-08-05 23:45:26,0.072907,0.085387,False,0.00010000,250.33,57284901,8,42
Resnet50_fvs_std0.08_90k_RMSELoss_20260805_230304,Resnet50_fvs_std0.08_90k_RMSELoss,RMSELoss,2026-08-05 23:03:04,11/200,2026-08-05 23:49:36,0.071010,0.082170,True,0.00010000,249.53,57284901,8,42
Resnet50_fvs_std0.08_90k_RMSELoss_20260805_230304,Resnet50_fvs_std0.08_90k_RMSELoss,RMSELoss,2026-08-05 23:03:04,12/200,2026-08-05 23:53:54,0.069407,0.091705,False,0.00010000,248.43,57284901,8,42
Resnet50_fvs_std0.08_90k_RMSELoss_20260805_230304,Resnet50_fvs_std0.08_90k_RMSELoss,RMSELoss,2026-08-05 23:03:04,13/200,2026-08-05 23:58:02,0.067755,0.085463,False,0.00010000,248.14,57284901,8,42
Resnet50_fvs_std0.08_90k_RMSELoss_20260805_230304,Resnet50_fvs_std0.08_90k_RMSELoss,RMSELoss,2026-08-05 23:03:04,14/200,2026-08-06 00:02:11,0.066292,0.082558,False,0.00010000,249.15,57284901,8,42
Resnet50_fvs_std0.08_90k_RMSELoss_20260805_230304,Resnet50_fvs_std0.08_90k_RMSELoss,RMSELoss,2026-08-05 23:03:04,15/200,2026-08-06 00:06:19,0.064975,0.084612,False,0.00010000,248.02,57284901,8,42
Resnet50_fvs_std0.08_90k_RMSELoss_20260805_230304,Resnet50_fvs_std0.08_90k_RMSELoss,RMSELoss,2026-08-05 23:03:04,16/200,2026-08-06 00:10:29,0.063469,0.080571,True,0.00010000,249.27,57284901,8,42
Resnet50_fvs_std0.08_90k_RMSELoss_20260805_230304,Resnet50_fvs_std0.08_90k_RMSELoss,RMSELoss,2026-08-05 23:03:04,17/200,2026-08-06 00:14:48,0.062417,0.083583,False,0.00010000,249.71,57284901,8,42
Resnet50_fvs_std0.08_90k_RMSELoss_20260805_230304,Resnet50_fvs_std0.08_90k_RMSELoss,RMSELoss,2026-08-05 23:03:04,18/200,2026-08-06 00:18:56,0.060888,0.077655,True,0.00010000,247.63,57284901,8,42
Resnet50_fvs_std0.08_90k_RMSELoss_20260805_230304,Resnet50_fvs_std0.08_90k_RMSELoss,RMSELoss,2026-08-05 23:03:04,19/200,2026-08-06 00:23:14,0.059840,0.084296,False,0.00010000,248.90,57284901,8,42
Resnet50_fvs_std0.08_90k_RMSELoss_20260805_230304,Resnet50_fvs_std0.08_90k_RMSELoss,RMSELoss,2026-08-05 23:03:04,20/200,2026-08-06 00:27:25,0.058688,0.082699,False,0.00005000,250.59,57284901,8,42
Resnet50_fvs_std0.08_90k_RMSELoss_20260805_230304,Resnet50_fvs_std0.08_90k_RMSELoss,RMSELoss,2026-08-05 23:03:04,21/200,2026-08-06 00:31:33,0.053390,0.078379,False,0.00005000,248.07,57284901,8,42
Resnet50_fvs_std0.08_90k_RMSELoss_20260805_230304,Resnet50_fvs_std0.08_90k_RMSELoss,RMSELoss,2026-08-05 23:03:04,22/200,2026-08-06 00:35:41,0.050865,0.077587,True,0.00005000,248.18,57284901,8,42
Resnet50_fvs_std0.08_90k_RMSELoss_20260805_230304,Resnet50_fvs_std0.08_90k_RMSELoss,RMSELoss,2026-08-05 23:03:04,23/200,2026-08-06 00:39:58,0.049383,0.076454,True,0.00005000,246.56,57284901,8,42
Resnet50_fvs_std0.08_90k_RMSELoss_20260805_230304,Resnet50_fvs_std0.08_90k_RMSELoss,RMSELoss,2026-08-05 23:03:04,24/200,2026-08-06 00:44:16,0.048122,0.076515,False,0.00005000,248.85,57284901,8,42
Resnet50_fvs_std0.08_90k_RMSELoss_20260805_230304,Resnet50_fvs_std0.08_90k_RMSELoss,RMSELoss,2026-08-05 23:03:04,25/200,2026-08-06 00:48:23,0.047169,0.078142,False,0.00005000,246.93,57284901,8,42
Resnet50_fvs_std0.08_90k_RMSELoss_20260805_230304,Resnet50_fvs_std0.08_90k_RMSELoss,RMSELoss,2026-08-05 23:03:04,26/200,2026-08-06 00:52:32,0.046181,0.077799,False,0.00005000,249.12,57284901,8,42
Resnet50_fvs_std0.08_90k_RMSELoss_20260805_230304,Resnet50_fvs_std0.08_90k_RMSELoss,RMSELoss,2026-08-05 23:03:04,27/200,2026-08-06 00:56:40,0.045307,0.075721,True,0.00005000,247.47,57284901,8,42
Resnet50_fvs_std0.08_90k_RMSELoss_20260805_230304,Resnet50_fvs_std0.08_90k_RMSELoss,RMSELoss,2026-08-05 23:03:04,28/200,2026-08-06 01:00:58,0.044512,0.075956,False,0.00005000,248.63,57284901,8,42
Resnet50_fvs_std0.08_90k_RMSELoss_20260805_230304,Resnet50_fvs_std0.08_90k_RMSELoss,RMSELoss,2026-08-05 23:03:04,29/200,2026-08-06 01:05:08,0.043700,0.074639,True,0.00005000,249.33,57284901,8,42
Resnet50_fvs_std0.08_90k_RMSELoss_20260805_230304,Resnet50_fvs_std0.08_90k_RMSELoss,RMSELoss,2026-08-05 23:03:04,30/200,2026-08-06 01:09:26,0.043058,0.075331,False,0.00005000,248.28,57284901,8,42
Resnet50_fvs_std0.08_90k_RMSELoss_20260805_230304,Resnet50_fvs_std0.08_90k_RMSELoss,RMSELoss,2026-08-05 23:03:04,31/200,2026-08-06 01:13:35,0.042203,0.075111,False,0.00005000,249.28,57284901,8,42
Resnet50_fvs_std0.08_90k_RMSELoss_20260805_230304,Resnet50_fvs_std0.08_90k_RMSELoss,RMSELoss,2026-08-05 23:03:04,32/200,2026-08-06 01:17:43,0.041523,0.076068,False,0.00005000,248.36,57284901,8,42
Resnet50_fvs_std0.08_90k_RMSELoss_20260805_230304,Resnet50_fvs_std0.08_90k_RMSELoss,RMSELoss,2026-08-05 23:03:04,33/200,2026-08-06 01:21:52,0.040957,0.077607,False,0.00005000,248.63,57284901,8,42
Resnet50_fvs_std0.08_90k_RMSELoss_20260805_230304,Resnet50_fvs_std0.08_90k_RMSELoss,RMSELoss,2026-08-05 23:03:04,34/200,2026-08-06 01:26:00,0.040345,0.077014,False,0.00005000,248.24,57284901,8,42
Resnet50_fvs_std0.08_90k_RMSELoss_20260805_230304,Resnet50_fvs_std0.08_90k_RMSELoss,RMSELoss,2026-08-05 23:03:04,35/200,2026-08-06 01:30:08,0.039653,0.074960,False,0.00005000,247.99,57284901,8,42
Resnet50_fvs_std0.08_90k_RMSELoss_20260805_230304,Resnet50_fvs_std0.08_90k_RMSELoss,RMSELoss,2026-08-05 23:03:04,36/200,2026-08-06 01:34:20,0.039107,0.073733,True,0.00005000,251.44,57284901,8,42
Resnet50_fvs_std0.08_90k_RMSELoss_20260805_230304,Resnet50_fvs_std0.08_90k_RMSELoss,RMSELoss,2026-08-05 23:03:04,37/200,2026-08-06 01:38:38,0.038538,0.075059,False,0.00005000,248.37,57284901,8,42
Resnet50_fvs_std0.08_90k_RMSELoss_20260805_230304,Resnet50_fvs_std0.08_90k_RMSELoss,RMSELoss,2026-08-05 23:03:04,38/200,2026-08-06 01:42:46,0.038113,0.075421,False,0.00005000,247.83,57284901,8,42
Resnet50_fvs_std0.08_90k_RMSELoss_20260805_230304,Resnet50_fvs_std0.08_90k_RMSELoss,RMSELoss,2026-08-05 23:03:04,39/200,2026-08-06 01:46:55,0.037397,0.076774,False,0.00005000,248.86,57284901,8,42
Resnet50_fvs_std0.08_90k_RMSELoss_20260805_230304,Resnet50_fvs_std0.08_90k_RMSELoss,RMSELoss,2026-08-05 23:03:04,40/200,2026-08-06 01:51:09,0.037034,0.077378,False,0.00002500,254.47,57284901,8,42
Resnet50_fvs_std0.08_90k_RMSELoss_20260805_230304,Resnet50_fvs_std0.08_90k_RMSELoss,RMSELoss,2026-08-05 23:03:04,41/200,2026-08-06 01:55:18,0.034183,0.074288,False,0.00002500,248.97,57284901,8,42
Resnet50_fvs_std0.08_90k_RMSELoss_20260805_230304,Resnet50_fvs_std0.08_90k_RMSELoss,RMSELoss,2026-08-05 23:03:04,42/200,2026-08-06 01:59:27,0.032755,0.073410,True,0.00002500,248.59,57284901,8,42
Resnet50_fvs_std0.08_90k_RMSELoss_20260805_230304,Resnet50_fvs_std0.08_90k_RMSELoss,RMSELoss,2026-08-05 23:03:04,43/200,2026-08-06 02:03:45,0.032045,0.074447,False,0.00002500,248.54,57284901,8,42
Resnet50_fvs_std0.08_90k_RMSELoss_20260805_230304,Resnet50_fvs_std0.08_90k_RMSELoss,RMSELoss,2026-08-05 23:03:04,44/200,2026-08-06 02:07:52,0.031596,0.074656,False,0.00002500,247.18,57284901,8,42
Resnet50_fvs_std0.08_90k_RMSELoss_20260805_230304,Resnet50_fvs_std0.08_90k_RMSELoss,RMSELoss,2026-08-05 23:03:04,45/200,2026-08-06 02:12:01,0.031187,0.073623,False,0.00002500,248.67,57284901,8,42
Resnet50_fvs_std0.08_90k_RMSELoss_20260805_230304,Resnet50_fvs_std0.08_90k_RMSELoss,RMSELoss,2026-08-05 23:03:04,46/200,2026-08-06 02:16:09,0.030762,0.074850,False,0.00002500,248.04,57284901,8,42
Resnet50_fvs_std0.08_90k_RMSELoss_20260805_230304,Resnet50_fvs_std0.08_90k_RMSELoss,RMSELoss,2026-08-05 23:03:04,47/200,2026-08-06 02:20:20,0.030440,0.073786,False,0.00002500,251.38,57284901,8,42
Resnet50_fvs_std0.08_90k_RMSELoss_20260805_230304,Resnet50_fvs_std0.08_90k_RMSELoss,RMSELoss,2026-08-05 23:03:04,48/200,2026-08-06 02:24:29,0.029954,0.073781,False,0.00002500,248.23,57284901,8,42
Resnet50_fvs_std0.08_90k_RMSELoss_20260805_230304,Resnet50_fvs_std0.08_90k_RMSELoss,RMSELoss,2026-08-05 23:03:04,49/200,2026-08-06 02:28:37,0.029791,0.075225,False,0.00002500,248.05,57284901,8,42
Resnet50_fvs_std0.08_90k_RMSELoss_20260805_230304,Resnet50_fvs_std0.08_90k_RMSELoss,RMSELoss,2026-08-05 23:03:04,50/200,2026-08-06 02:32:45,0.029388,0.074483,False,0.00002500,248.24,57284901,8,42
Resnet50_fvs_std0.08_90k_RMSELoss_20260805_230304,Resnet50_fvs_std0.08_90k_RMSELoss,RMSELoss,2026-08-05 23:03:04,51/200,2026-08-06 02:36:54,0.029105,0.073465,False,0.00002500,248.53,57284901,8,42
Resnet50_fvs_std0.08_90k_RMSELoss_20260805_230304,Resnet50_fvs_std0.08_90k_RMSELoss,RMSELoss,2026-08-05 23:03:04,52/200,2026-08-06 02:41:01,0.028832,0.073738,False,0.00002500,247.00,57284901,8,42
Resnet50_fvs_std0.08_90k_RMSELoss_20260805_230304,Resnet50_fvs_std0.08_90k_RMSELoss,RMSELoss,2026-08-05 23:03:04,53/200,2026-08-06 02:45:10,0.028435,0.073149,True,0.00002500,248.96,57284901,8,42
Resnet50_fvs_std0.08_90k_RMSELoss_20260805_230304,Resnet50_fvs_std0.08_90k_RMSELoss,RMSELoss,2026-08-05 23:03:04,54/200,2026-08-06 02:49:28,0.028268,0.073532,False,0.00002500,248.25,57284901,8,42
Resnet50_fvs_std0.08_90k_RMSELoss_20260805_230304,Resnet50_fvs_std0.08_90k_RMSELoss,RMSELoss,2026-08-05 23:03:04,55/200,2026-08-06 02:53:36,0.027925,0.073691,False,0.00002500,248.66,57284901,8,42
Resnet50_fvs_std0.08_90k_RMSELoss_20260805_230304,Resnet50_fvs_std0.08_90k_RMSELoss,RMSELoss,2026-08-05 23:03:04,56/200,2026-08-06 02:57:44,0.027685,0.074013,False,0.00002500,247.86,57284901,8,42
Resnet50_fvs_std0.08_90k_RMSELoss_20260805_230304,Resnet50_fvs_std0.08_90k_RMSELoss,RMSELoss,2026-08-05 23:03:04,57/200,2026-08-06 03:01:52,0.027422,0.073491,False,0.00002500,248.33,57284901,8,42
Resnet50_fvs_std0.08_90k_RMSELoss_20260805_230304,Resnet50_fvs_std0.08_90k_RMSELoss,RMSELoss,2026-08-05 23:03:04,58/200,2026-08-06 03:06:01,0.027193,0.073883,False,0.00002500,248.44,57284901,8,42
Resnet50_fvs_std0.08_90k_RMSELoss_20260805_230304,Resnet50_fvs_std0.08_90k_RMSELoss,RMSELoss,2026-08-05 23:03:04,59/200,2026-08-06 03:10:09,0.026992,0.074057,False,0.00002500,248.58,57284901,8,42
Resnet50_fvs_std0.08_90k_RMSELoss_20260805_230304,Resnet50_fvs_std0.08_90k_RMSELoss,RMSELoss,2026-08-05 23:03:04,60/200,2026-08-06 03:14:18,0.026700,0.073515,False,0.00001250,248.63,57284901,8,42
Resnet50_fvs_std0.08_90k_RMSELoss_20260805_230304,Resnet50_fvs_std0.08_90k_RMSELoss,RMSELoss,2026-08-05 23:03:04,61/200,2026-08-06 03:18:30,0.025300,0.072880,True,0.00001250,251.80,57284901,8,42
Resnet50_fvs_std0.08_90k_RMSELoss_20260805_230304,Resnet50_fvs_std0.08_90k_RMSELoss,RMSELoss,2026-08-05 23:03:04,62/200,2026-08-06 03:22:48,0.024727,0.073197,False,0.00001250,247.95,57284901,8,42
Resnet50_fvs_std0.08_90k_RMSELoss_20260805_230304,Resnet50_fvs_std0.08_90k_RMSELoss,RMSELoss,2026-08-05 23:03:04,63/200,2026-08-06 03:26:56,0.024375,0.073591,False,0.00001250,247.94,57284901,8,42
Resnet50_fvs_std0.08_90k_RMSELoss_20260805_230304,Resnet50_fvs_std0.08_90k_RMSELoss,RMSELoss,2026-08-05 23:03:04,64/200,2026-08-06 03:31:03,0.024193,0.073420,False,0.00001250,247.61,57284901,8,42
Resnet50_fvs_std0.08_90k_RMSELoss_20260805_230304,Resnet50_fvs_std0.08_90k_RMSELoss,RMSELoss,2026-08-05 23:03:04,65/200,2026-08-06 03:35:13,0.023988,0.072965,False,0.00001250,249.38,57284901,8,42
Resnet50_fvs_std0.08_90k_RMSELoss_20260805_230304,Resnet50_fvs_std0.08_90k_RMSELoss,RMSELoss,2026-08-05 23:03:04,66/200,2026-08-06 03:39:20,0.023819,0.072943,False,0.00001250,247.65,57284901,8,42
Resnet50_fvs_std0.08_90k_RMSELoss_20260805_230304,Resnet50_fvs_std0.08_90k_RMSELoss,RMSELoss,2026-08-05 23:03:04,67/200,2026-08-06 03:43:28,0.023765,0.073652,False,0.00001250,247.67,57284901,8,42
Resnet50_fvs_std0.08_90k_RMSELoss_20260805_230304,Resnet50_fvs_std0.08_90k_RMSELoss,RMSELoss,2026-08-05 23:03:04,68/200,2026-08-06 03:47:37,0.023447,0.072467,True,0.00001250,249.39,57284901,8,42
Resnet50_fvs_std0.08_90k_RMSELoss_20260805_230304,Resnet50_fvs_std0.08_90k_RMSELoss,RMSELoss,2026-08-05 23:03:04,69/200,2026-08-06 03:51:55,0.023350,0.073215,False,0.00001250,247.89,57284901,8,42
Resnet50_fvs_std0.08_90k_RMSELoss_20260805_230304,Resnet50_fvs_std0.08_90k_RMSELoss,RMSELoss,2026-08-05 23:03:04,70/200,2026-08-06 03:56:05,0.023136,0.071912,True,0.00001250,249.40,57284901,8,42
Resnet50_fvs_std0.08_90k_RMSELoss_20260805_230304,Resnet50_fvs_std0.08_90k_RMSELoss,RMSELoss,2026-08-05 23:03:04,71/200,2026-08-06 04:00:22,0.023051,0.072834,False,0.00001250,247.99,57284901,8,42
Resnet50_fvs_std0.08_90k_RMSELoss_20260805_230304,Resnet50_fvs_std0.08_90k_RMSELoss,RMSELoss,2026-08-05 23:03:04,72/200,2026-08-06 04:04:31,0.022933,0.072644,False,0.00001250,248.64,57284901,8,42
Resnet50_fvs_std0.08_90k_RMSELoss_20260805_230304,Resnet50_fvs_std0.08_90k_RMSELoss,RMSELoss,2026-08-05 23:03:04,73/200,2026-08-06 04:08:39,0.022774,0.073427,False,0.00001250,248.29,57284901,8,42
Resnet50_fvs_std0.08_90k_RMSELoss_20260805_230304,Resnet50_fvs_std0.08_90k_RMSELoss,RMSELoss,2026-08-05 23:03:04,74/200,2026-08-06 04:12:48,0.022636,0.072964,False,0.00001250,248.43,57284901,8,42
Resnet50_fvs_std0.08_90k_RMSELoss_20260805_230304,Resnet50_fvs_std0.08_90k_RMSELoss,RMSELoss,2026-08-05 23:03:04,75/200,2026-08-06 04:16:59,0.022541,0.073169,False,0.00001250,251.62,57284901,8,42
Resnet50_fvs_std0.08_90k_RMSELoss_20260805_230304,Resnet50_fvs_std0.08_90k_RMSELoss,RMSELoss,2026-08-05 23:03:04,76/200,2026-08-06 04:21:09,0.022276,0.072752,False,0.00001250,249.31,57284901,8,42
Resnet50_fvs_std0.08_90k_RMSELoss_20260805_230304,Resnet50_fvs_std0.08_90k_RMSELoss,RMSELoss,2026-08-05 23:03:04,77/200,2026-08-06 04:25:17,0.022236,0.072839,False,0.00001250,248.16,57284901,8,42
Resnet50_fvs_std0.08_90k_RMSELoss_20260805_230304,Resnet50_fvs_std0.08_90k_RMSELoss,RMSELoss,2026-08-05 23:03:04,78/200,2026-08-06 04:29:25,0.022046,0.073257,False,0.00001250,247.98,57284901,8,42
Resnet50_fvs_std0.08_90k_RMSELoss_20260805_230304,Resnet50_fvs_std0.08_90k_RMSELoss,RMSELoss,2026-08-05 23:03:04,79/200,2026-08-06 04:33:34,0.022018,0.072912,False,0.00001250,249.23,57284901,8,42
Resnet50_fvs_std0.08_90k_RMSELoss_20260805_230304,Resnet50_fvs_std0.08_90k_RMSELoss,RMSELoss,2026-08-05 23:03:04,80/200,2026-08-06 04:37:44,0.021943,0.072357,False,0.00000625,250.10,57284901,8,42
Resnet50_fvs_std0.08_90k_RMSELoss_20260805_230304,Resnet50_fvs_std0.08_90k_RMSELoss,RMSELoss,2026-08-05 23:03:04,81/200,2026-08-06 04:41:52,0.021195,0.072768,False,0.00000625,247.81,57284901,8,42
Resnet50_fvs_std0.08_90k_RMSELoss_20260805_230304,Resnet50_fvs_std0.08_90k_RMSELoss,RMSELoss,2026-08-05 23:03:04,82/200,2026-08-06 04:46:01,0.020909,0.072529,False,0.00000625,248.70,57284901,8,42
Resnet50_fvs_std0.08_90k_RMSELoss_20260805_230304,Resnet50_fvs_std0.08_90k_RMSELoss,RMSELoss,2026-08-05 23:03:04,83/200,2026-08-06 04:50:08,0.020770,0.072749,False,0.00000625,247.13,57284901,8,42
Resnet50_fvs_std0.08_90k_RMSELoss_20260805_230304,Resnet50_fvs_std0.08_90k_RMSELoss,RMSELoss,2026-08-05 23:03:04,84/200,2026-08-06 04:54:18,0.020634,0.072548,False,0.00000625,249.90,57284901,8,42
Resnet50_fvs_std0.08_90k_RMSELoss_20260805_230304,Resnet50_fvs_std0.08_90k_RMSELoss,RMSELoss,2026-08-05 23:03:04,85/200,2026-08-06 04:58:26,0.020498,0.072949,False,0.00000625,248.41,57284901,8,42
Resnet50_fvs_std0.08_90k_RMSELoss_20260805_230304,Resnet50_fvs_std0.08_90k_RMSELoss,RMSELoss,2026-08-05 23:03:04,86/200,2026-08-06 05:02:35,0.020443,0.072360,False,0.00000625,248.67,57284901,8,42
Resnet50_fvs_std0.08_90k_RMSELoss_20260805_230304,Resnet50_fvs_std0.08_90k_RMSELoss,RMSELoss,2026-08-05 23:03:04,87/200,2026-08-06 05:06:44,0.020449,0.072571,False,0.00000625,249.30,57284901,8,42
Resnet50_fvs_std0.08_90k_RMSELoss_20260805_230304,Resnet50_fvs_std0.08_90k_RMSELoss,RMSELoss,2026-08-05 23:03:04,88/200,2026-08-06 05:10:54,0.020346,0.072305,False,0.00000625,249.40,57284901,8,42
Resnet50_fvs_std0.08_90k_RMSELoss_20260805_230304,Resnet50_fvs_std0.08_90k_RMSELoss,RMSELoss,2026-08-05 23:03:04,89/200,2026-08-06 05:15:03,0.020254,0.072851,False,0.00000625,248.99,57284901,8,42
Resnet50_fvs_std0.08_90k_RMSELoss_20260805_230304,Resnet50_fvs_std0.08_90k_RMSELoss,RMSELoss,2026-08-05 23:03:04,90/200,2026-08-06 05:19:11,0.020192,0.072296,False,0.00000625,248.79,57284901,8,42
Resnet50_fvs_std0.08_90k_RMSELoss_20260805_230304,Resnet50_fvs_std0.08_90k_RMSELoss,RMSELoss,2026-08-05 23:03:04,91/200,2026-08-06 05:23:23,0.020092,0.072042,False,0.00000625,251.43,57284901,8,42
Resnet50_fvs_std0.08_90k_RMSELoss_20260805_230304,Resnet50_fvs_std0.08_90k_RMSELoss,RMSELoss,2026-08-05 23:03:04,92/200,2026-08-06 05:27:32,0.020038,0.072846,False,0.00000625,249.20,57284901,8,42
Resnet50_fvs_std0.08_90k_RMSELoss_20260805_230304,Resnet50_fvs_std0.08_90k_RMSELoss,RMSELoss,2026-08-05 23:03:04,93/200,2026-08-06 05:31:42,0.020030,0.072581,False,0.00000625,249.84,57284901,8,42
Resnet50_fvs_std0.08_90k_RMSELoss_20260805_230304,Resnet50_fvs_std0.08_90k_RMSELoss,RMSELoss,2026-08-05 23:03:04,94/200,2026-08-06 05:35:49,0.019856,0.072573,False,0.00000625,247.69,57284901,8,42
Resnet50_fvs_std0.08_90k_RMSELoss_20260805_230304,Resnet50_fvs_std0.08_90k_RMSELoss,RMSELoss,2026-08-05 23:03:04,95/200,2026-08-06 05:39:59,0.019816,0.073013,False,0.00000625,249.67,57284901,8,42
Resnet50_fvs_std0.08_90k_RMSELoss_20260805_230304,Resnet50_fvs_std0.08_90k_RMSELoss,RMSELoss,2026-08-05 23:03:04,96/200,2026-08-06 05:44:07,0.019740,0.072226,False,0.00000625,247.64,57284901,8,42
Resnet50_fvs_std0.08_90k_RMSELoss_20260805_230304,Resnet50_fvs_std0.08_90k_RMSELoss,RMSELoss,2026-08-05 23:03:04,97/200,2026-08-06 05:48:16,0.019692,0.072068,False,0.00000625,248.68,57284901,8,42
Resnet50_fvs_std0.08_90k_RMSELoss_20260805_230304,Resnet50_fvs_std0.08_90k_RMSELoss,RMSELoss,2026-08-05 23:03:04,98/200,2026-08-06 05:52:23,0.019647,0.072616,False,0.00000625,247.93,57284901,8,42
Resnet50_fvs_std0.08_90k_RMSELoss_20260805_230304,Resnet50_fvs_std0.08_90k_RMSELoss,RMSELoss,2026-08-05 23:03:04,99/200,2026-08-06 05:56:32,0.019609,0.072526,False,0.00000625,248.68,57284901,8,42
Resnet50_fvs_std0.08_90k_RMSELoss_20260805_230304,Resnet50_fvs_std0.08_90k_RMSELoss,RMSELoss,2026-08-05 23:03:04,100/200,2026-08-06 06:00:41,0.019499,0.072245,False,0.00000313,249.19,57284901,8,42
Resnet50_fvs_std0.08_90k_RMSELoss_20260805_230304,Resnet50_fvs_std0.08_90k_RMSELoss,RMSELoss,2026-08-05 23:03:04,101/200,2026-08-06 06:04:50,0.019155,0.072247,False,0.00000313,248.46,57284901,8,42
Resnet50_fvs_std0.08_90k_RMSELoss_20260805_230304,Resnet50_fvs_std0.08_90k_RMSELoss,RMSELoss,2026-08-05 23:03:04,102/200,2026-08-06 06:08:58,0.019090,0.072321,False,0.00000313,248.67,57284901,8,42
Resnet50_fvs_std0.08_90k_RMSELoss_20260805_230304,Resnet50_fvs_std0.08_90k_RMSELoss,RMSELoss,2026-08-05 23:03:04,103/200,2026-08-06 06:13:07,0.019002,0.072870,False,0.00000313,248.32,57284901,8,42
Resnet50_fvs_std0.08_90k_RMSELoss_20260805_230304,Resnet50_fvs_std0.08_90k_RMSELoss,RMSELoss,2026-08-05 23:03:04,104/200,2026-08-06 06:17:15,0.018915,0.072121,False,0.00000313,247.82,57284901,8,42
Resnet50_fvs_std0.08_90k_RMSELoss_20260805_230304,Resnet50_fvs_std0.08_90k_RMSELoss,RMSELoss,2026-08-05 23:03:04,105/200,2026-08-06 06:21:26,0.018812,0.072340,False,0.00000313,251.04,57284901,8,42
Resnet50_fvs_std0.08_90k_RMSELoss_20260805_230304,Resnet50_fvs_std0.08_90k_RMSELoss,RMSELoss,2026-08-05 23:03:04,106/200,2026-08-06 06:25:38,0.018846,0.072719,False,0.00000313,251.86,57284901,8,42
Resnet50_fvs_std0.08_90k_RMSELoss_20260805_230304,Resnet50_fvs_std0.08_90k_RMSELoss,RMSELoss,2026-08-05 23:03:04,107/200,2026-08-06 06:29:47,0.018775,0.072686,False,0.00000313,249.21,57284901,8,42
Resnet50_fvs_std0.08_90k_RMSELoss_20260805_230304,Resnet50_fvs_std0.08_90k_RMSELoss,RMSELoss,2026-08-05 23:03:04,108/200,2026-08-06 06:33:55,0.018667,0.072330,False,0.00000313,248.55,57284901,8,42
Resnet50_fvs_std0.08_90k_RMSELoss_20260805_230304,Resnet50_fvs_std0.08_90k_RMSELoss,RMSELoss,2026-08-05 23:03:04,109/200,2026-08-06 06:38:04,0.018677,0.072314,False,0.00000313,248.76,57284901,8,42
Resnet50_fvs_std0.08_90k_RMSELoss_20260805_230304,Resnet50_fvs_std0.08_90k_RMSELoss,RMSELoss,2026-08-05 23:03:04,110/200,2026-08-06 06:42:13,0.018711,0.072097,False,0.00000313,248.81,57284901,8,42
Resnet50_fvs_std0.08_90k_RMSELoss_20260805_230304,Resnet50_fvs_std0.08_90k_RMSELoss,RMSELoss,2026-08-05 23:03:04,111/200,2026-08-06 06:46:21,0.018539,0.072320,False,0.00000313,248.12,57284901,8,42
Resnet50_fvs_std0.08_90k_RMSELoss_20260805_230304,Resnet50_fvs_std0.08_90k_RMSELoss,RMSELoss,2026-08-05 23:03:04,112/200,2026-08-06 06:50:29,0.018636,0.072828,False,0.00000313,247.86,57284901,8,42
Resnet50_fvs_std0.08_90k_RMSELoss_20260805_230304,Resnet50_fvs_std0.08_90k_RMSELoss,RMSELoss,2026-08-05 23:03:04,113/200,2026-08-06 06:54:37,0.018514,0.072667,False,0.00000313,248.10,57284901,8,42
Resnet50_fvs_std0.08_90k_RMSELoss_20260805_230304,Resnet50_fvs_std0.08_90k_RMSELoss,RMSELoss,2026-08-05 23:03:04,114/200,2026-08-06 06:58:44,0.018570,0.072093,False,0.00000313,246.94,57284901,8,42
Resnet50_fvs_std0.08_90k_RMSELoss_20260805_230304,Resnet50_fvs_std0.08_90k_RMSELoss,RMSELoss,2026-08-05 23:03:04,115/200,2026-08-06 07:02:52,0.018497,0.072455,False,0.00000313,248.04,57284901,8,42
Densenet121_std0.08_90k_RMSELoss_20260806_070252,Densenet121_std0.08_90k_RMSELoss,RMSELoss,2026-08-06 07:02:52,1/200,2026-08-06 07:09:21,0.112290,0.102573,True,0.00010000,387.89,39682149,8,42
Densenet121_std0.08_90k_RMSELoss_20260806_070252,Densenet121_std0.08_90k_RMSELoss,RMSELoss,2026-08-06 07:02:52,2/200,2026-08-06 07:15:56,0.098125,0.100101,True,0.00010000,385.00,39682149,8,42
Densenet121_std0.08_90k_RMSELoss_20260806_070252,Densenet121_std0.08_90k_RMSELoss,RMSELoss,2026-08-06 07:02:52,3/200,2026-08-06 07:22:39,0.092624,0.106801,False,0.00010000,393.06,39682149,8,42
Densenet121_std0.08_90k_RMSELoss_20260806_070252,Densenet121_std0.08_90k_RMSELoss,RMSELoss,2026-08-06 07:02:52,4/200,2026-08-06 07:29:07,0.088805,0.090816,True,0.00010000,388.02,39682149,8,42
Densenet121_std0.08_90k_RMSELoss_20260806_070252,Densenet121_std0.08_90k_RMSELoss,RMSELoss,2026-08-06 07:02:52,5/200,2026-08-06 07:35:43,0.086449,0.090930,False,0.00010000,386.20,39682149,8,42
Densenet121_std0.08_90k_RMSELoss_20260806_070252,Densenet121_std0.08_90k_RMSELoss,RMSELoss,2026-08-06 07:02:52,6/200,2026-08-06 07:42:12,0.084127,0.086123,True,0.00010000,388.55,39682149,8,42
Densenet121_std0.08_90k_RMSELoss_20260806_070252,Densenet121_std0.08_90k_RMSELoss,RMSELoss,2026-08-06 07:02:52,7/200,2026-08-06 07:48:47,0.082374,0.086410,False,0.00010000,385.09,39682149,8,42
Densenet121_std0.08_90k_RMSELoss_20260806_070252,Densenet121_std0.08_90k_RMSELoss,RMSELoss,2026-08-06 07:02:52,8/200,2026-08-06 07:55:11,0.080784,0.086725,False,0.00010000,384.85,39682149,8,42
Densenet121_std0.08_90k_RMSELoss_20260806_070252,Densenet121_std0.08_90k_RMSELoss,RMSELoss,2026-08-06 07:02:52,9/200,2026-08-06 08:01:44,0.079308,0.085497,True,0.00010000,392.56,39682149,8,42
Densenet121_std0.08_90k_RMSELoss_20260806_070252,Densenet121_std0.08_90k_RMSELoss,RMSELoss,2026-08-06 07:02:52,10/200,2026-08-06 08:08:21,0.077925,0.083274,True,0.00010000,386.81,39682149,8,42
Densenet121_std0.08_90k_RMSELoss_20260806_070252,Densenet121_std0.08_90k_RMSELoss,RMSELoss,2026-08-06 07:02:52,11/200,2026-08-06 08:14:57,0.076543,0.080851,True,0.00010000,386.73,39682149,8,42
Densenet121_std0.08_90k_RMSELoss_20260806_070252,Densenet121_std0.08_90k_RMSELoss,RMSELoss,2026-08-06 07:02:52,12/200,2026-08-06 08:21:33,0.075494,0.080440,True,0.00010000,385.78,39682149,8,42
Densenet121_std0.08_90k_RMSELoss_20260806_070252,Densenet121_std0.08_90k_RMSELoss,RMSELoss,2026-08-06 07:02:52,13/200,2026-08-06 08:28:12,0.074227,0.083701,False,0.00010000,388.85,39682149,8,42
Densenet121_std0.08_90k_RMSELoss_20260806_070252,Densenet121_std0.08_90k_RMSELoss,RMSELoss,2026-08-06 07:02:52,14/200,2026-08-06 08:34:43,0.073292,0.078683,True,0.00010000,391.43,39682149,8,42
Densenet121_std0.08_90k_RMSELoss_20260806_070252,Densenet121_std0.08_90k_RMSELoss,RMSELoss,2026-08-06 07:02:52,15/200,2026-08-06 08:41:20,0.072374,0.083724,False,0.00010000,386.39,39682149,8,42
Densenet121_std0.08_90k_RMSELoss_20260806_070252,Densenet121_std0.08_90k_RMSELoss,RMSELoss,2026-08-06 07:02:52,16/200,2026-08-06 08:47:46,0.071195,0.081428,False,0.00010000,386.57,39682149,8,42
Densenet121_std0.08_90k_RMSELoss_20260806_070252,Densenet121_std0.08_90k_RMSELoss,RMSELoss,2026-08-06 07:02:52,17/200,2026-08-06 08:54:18,0.070595,0.085701,False,0.00010000,391.37,39682149,8,42
Densenet121_std0.08_90k_RMSELoss_20260806_070252,Densenet121_std0.08_90k_RMSELoss,RMSELoss,2026-08-06 07:02:52,18/200,2026-08-06 09:00:48,0.069304,0.080475,False,0.00010000,390.91,39682149,8,42
Densenet121_std0.08_90k_RMSELoss_20260806_070252,Densenet121_std0.08_90k_RMSELoss,RMSELoss,2026-08-06 07:02:52,19/200,2026-08-06 09:07:17,0.068693,0.078806,False,0.00010000,388.49,39682149,8,42
Densenet121_std0.08_90k_RMSELoss_20260806_070252,Densenet121_std0.08_90k_RMSELoss,RMSELoss,2026-08-06 07:02:52,20/200,2026-08-06 09:13:49,0.067752,0.077852,True,0.00005000,392.34,39682149,8,42
Densenet121_std0.08_90k_RMSELoss_20260806_070252,Densenet121_std0.08_90k_RMSELoss,RMSELoss,2026-08-06 07:02:52,21/200,2026-08-06 09:20:24,0.062939,0.076818,True,0.00005000,385.18,39682149,8,42
Densenet121_std0.08_90k_RMSELoss_20260806_070252,Densenet121_std0.08_90k_RMSELoss,RMSELoss,2026-08-06 07:02:52,22/200,2026-08-06 09:27:00,0.061212,0.075456,True,0.00005000,385.54,39682149,8,42
Densenet121_std0.08_90k_RMSELoss_20260806_070252,Densenet121_std0.08_90k_RMSELoss,RMSELoss,2026-08-06 07:02:52,23/200,2026-08-06 09:33:35,0.060002,0.076613,False,0.00005000,385.17,39682149,8,42
Densenet121_std0.08_90k_RMSELoss_20260806_070252,Densenet121_std0.08_90k_RMSELoss,RMSELoss,2026-08-06 07:02:52,24/200,2026-08-06 09:40:07,0.059008,0.075443,True,0.00005000,392.04,39682149,8,42
Densenet121_std0.08_90k_RMSELoss_20260806_070252,Densenet121_std0.08_90k_RMSELoss,RMSELoss,2026-08-06 07:02:52,25/200,2026-08-06 09:46:43,0.058458,0.075831,False,0.00005000,385.88,39682149,8,42
Densenet121_std0.08_90k_RMSELoss_20260806_070252,Densenet121_std0.08_90k_RMSELoss,RMSELoss,2026-08-06 07:02:52,26/200,2026-08-06 09:53:15,0.057551,0.075850,False,0.00005000,392.56,39682149,8,42
Densenet121_std0.08_90k_RMSELoss_20260806_070252,Densenet121_std0.08_90k_RMSELoss,RMSELoss,2026-08-06 07:02:52,27/200,2026-08-06 09:59:43,0.056935,0.074420,True,0.00005000,387.31,39682149,8,42
Densenet121_std0.08_90k_RMSELoss_20260806_070252,Densenet121_std0.08_90k_RMSELoss,RMSELoss,2026-08-06 07:02:52,28/200,2026-08-06 10:06:26,0.056169,0.075847,False,0.00005000,393.13,39682149,8,42
Densenet121_std0.08_90k_RMSELoss_20260806_070252,Densenet121_std0.08_90k_RMSELoss,RMSELoss,2026-08-06 07:02:52,29/200,2026-08-06 10:12:58,0.055609,0.077482,False,0.00005000,391.91,39682149,8,42
Densenet121_std0.08_90k_RMSELoss_20260806_070252,Densenet121_std0.08_90k_RMSELoss,RMSELoss,2026-08-06 07:02:52,30/200,2026-08-06 10:19:27,0.055084,0.073367,True,0.00005000,389.19,39682149,8,42
Densenet121_std0.08_90k_RMSELoss_20260806_070252,Densenet121_std0.08_90k_RMSELoss,RMSELoss,2026-08-06 07:02:52,31/200,2026-08-06 10:26:02,0.054501,0.076544,False,0.00005000,385.35,39682149,8,42
Densenet121_std0.08_90k_RMSELoss_20260806_070252,Densenet121_std0.08_90k_RMSELoss,RMSELoss,2026-08-06 07:02:52,32/200,2026-08-06 10:32:30,0.053912,0.073586,False,0.00005000,388.15,39682149,8,42
Densenet121_std0.08_90k_RMSELoss_20260806_070252,Densenet121_std0.08_90k_RMSELoss,RMSELoss,2026-08-06 07:02:52,33/200,2026-08-06 10:39:03,0.053335,0.076969,False,0.00005000,392.60,39682149,8,42
Densenet121_std0.08_90k_RMSELoss_20260806_070252,Densenet121_std0.08_90k_RMSELoss,RMSELoss,2026-08-06 07:02:52,34/200,2026-08-06 10:45:28,0.052936,0.076334,False,0.00005000,385.49,39682149,8,42
Densenet121_std0.08_90k_RMSELoss_20260806_070252,Densenet121_std0.08_90k_RMSELoss,RMSELoss,2026-08-06 07:02:52,35/200,2026-08-06 10:51:55,0.052451,0.074945,False,0.00005000,386.48,39682149,8,42
Densenet121_std0.08_90k_RMSELoss_20260806_070252,Densenet121_std0.08_90k_RMSELoss,RMSELoss,2026-08-06 07:02:52,36/200,2026-08-06 10:58:21,0.052011,0.073798,False,0.00005000,385.94,39682149,8,42
Densenet121_std0.08_90k_RMSELoss_20260806_070252,Densenet121_std0.08_90k_RMSELoss,RMSELoss,2026-08-06 07:02:52,37/200,2026-08-06 11:04:51,0.051605,0.077535,False,0.00005000,390.09,39682149,8,42
Densenet121_std0.08_90k_RMSELoss_20260806_070252,Densenet121_std0.08_90k_RMSELoss,RMSELoss,2026-08-06 07:02:52,38/200,2026-08-06 11:11:16,0.051124,0.073359,True,0.00005000,385.34,39682149,8,42
Densenet121_std0.08_90k_RMSELoss_20260806_070252,Densenet121_std0.08_90k_RMSELoss,RMSELoss,2026-08-06 07:02:52,39/200,2026-08-06 11:17:52,0.050693,0.074001,False,0.00005000,385.89,39682149,8,42
Densenet121_std0.08_90k_RMSELoss_20260806_070252,Densenet121_std0.08_90k_RMSELoss,RMSELoss,2026-08-06 07:02:52,40/200,2026-08-06 11:24:17,0.050294,0.075589,False,0.00002500,384.72,39682149,8,42
Densenet121_std0.08_90k_RMSELoss_20260806_070252,Densenet121_std0.08_90k_RMSELoss,RMSELoss,2026-08-06 07:02:52,41/200,2026-08-06 11:30:46,0.047240,0.072671,True,0.00002500,389.69,39682149,8,42
Densenet121_std0.08_90k_RMSELoss_20260806_070252,Densenet121_std0.08_90k_RMSELoss,RMSELoss,2026-08-06 07:02:52,42/200,2026-08-06 11:37:25,0.046016,0.073981,False,0.00002500,388.96,39682149,8,42
Densenet121_std0.08_90k_RMSELoss_20260806_070252,Densenet121_std0.08_90k_RMSELoss,RMSELoss,2026-08-06 07:02:52,43/200,2026-08-06 11:43:55,0.045483,0.073544,False,0.00002500,390.08,39682149,8,42
Densenet121_std0.08_90k_RMSELoss_20260806_070252,Densenet121_std0.08_90k_RMSELoss,RMSELoss,2026-08-06 07:02:52,44/200,2026-08-06 11:50:28,0.045040,0.074951,False,0.00002500,392.49,39682149,8,42
Densenet121_std0.08_90k_RMSELoss_20260806_070252,Densenet121_std0.08_90k_RMSELoss,RMSELoss,2026-08-06 07:02:52,45/200,2026-08-06 11:56:54,0.044728,0.074063,False,0.00002500,385.94,39682149,8,42
Densenet121_std0.08_90k_RMSELoss_20260806_070252,Densenet121_std0.08_90k_RMSELoss,RMSELoss,2026-08-06 07:02:52,46/200,2026-08-06 12:03:21,0.044154,0.073983,False,0.00002500,387.43,39682149,8,42
Densenet121_std0.08_90k_RMSELoss_20260806_070252,Densenet121_std0.08_90k_RMSELoss,RMSELoss,2026-08-06 07:02:52,47/200,2026-08-06 12:09:46,0.043800,0.072955,False,0.00002500,385.22,39682149,8,42
Densenet121_std0.08_90k_RMSELoss_20260806_070252,Densenet121_std0.08_90k_RMSELoss,RMSELoss,2026-08-06 07:02:52,48/200,2026-08-06 12:16:18,0.043478,0.073721,False,0.00002500,391.11,39682149,8,42
Densenet121_std0.08_90k_RMSELoss_20260806_070252,Densenet121_std0.08_90k_RMSELoss,RMSELoss,2026-08-06 07:02:52,49/200,2026-08-06 12:22:48,0.043227,0.075352,False,0.00002500,390.74,39682149,8,42
Densenet121_std0.08_90k_RMSELoss_20260806_070252,Densenet121_std0.08_90k_RMSELoss,RMSELoss,2026-08-06 07:02:52,50/200,2026-08-06 12:29:14,0.042951,0.074810,False,0.00002500,385.23,39682149,8,42
Densenet121_std0.08_90k_RMSELoss_20260806_070252,Densenet121_std0.08_90k_RMSELoss,RMSELoss,2026-08-06 07:02:52,51/200,2026-08-06 12:35:45,0.042533,0.074052,False,0.00002500,391.93,39682149,8,42
Densenet121_std0.08_90k_RMSELoss_20260806_070252,Densenet121_std0.08_90k_RMSELoss,RMSELoss,2026-08-06 07:02:52,52/200,2026-08-06 12:42:14,0.042384,0.073392,False,0.00002500,388.64,39682149,8,42
Densenet121_std0.08_90k_RMSELoss_20260806_070252,Densenet121_std0.08_90k_RMSELoss,RMSELoss,2026-08-06 07:02:52,53/200,2026-08-06 12:48:47,0.041966,0.072694,False,0.00002500,393.18,39682149,8,42
Densenet121_std0.08_90k_RMSELoss_20260806_070252,Densenet121_std0.08_90k_RMSELoss,RMSELoss,2026-08-06 07:02:52,54/200,2026-08-06 12:55:20,0.041817,0.072889,False,0.00002500,392.33,39682149,8,42
Densenet121_std0.08_90k_RMSELoss_20260806_070252,Densenet121_std0.08_90k_RMSELoss,RMSELoss,2026-08-06 07:02:52,55/200,2026-08-06 13:01:45,0.041526,0.072209,True,0.00002500,385.82,39682149,8,42
Densenet121_std0.08_90k_RMSELoss_20260806_070252,Densenet121_std0.08_90k_RMSELoss,RMSELoss,2026-08-06 07:02:52,56/200,2026-08-06 13:08:26,0.041298,0.072267,False,0.00002500,390.90,39682149,8,42
Densenet121_std0.08_90k_RMSELoss_20260806_070252,Densenet121_std0.08_90k_RMSELoss,RMSELoss,2026-08-06 07:02:52,57/200,2026-08-06 13:15:08,0.041080,0.073703,False,0.00002500,401.54,39682149,8,42
Densenet121_std0.08_90k_RMSELoss_20260806_070252,Densenet121_std0.08_90k_RMSELoss,RMSELoss,2026-08-06 07:02:52,58/200,2026-08-06 13:21:35,0.040722,0.073929,False,0.00002500,387.04,39682149,8,42
Densenet121_std0.08_90k_RMSELoss_20260806_070252,Densenet121_std0.08_90k_RMSELoss,RMSELoss,2026-08-06 07:02:52,59/200,2026-08-06 13:28:06,0.040559,0.073319,False,0.00002500,391.45,39682149,8,42
Densenet121_std0.08_90k_RMSELoss_20260806_070252,Densenet121_std0.08_90k_RMSELoss,RMSELoss,2026-08-06 07:02:52,60/200,2026-08-06 13:34:32,0.040217,0.073205,False,0.00001250,385.41,39682149,8,42
Densenet121_std0.08_90k_RMSELoss_20260806_070252,Densenet121_std0.08_90k_RMSELoss,RMSELoss,2026-08-06 07:02:52,61/200,2026-08-06 13:41:04,0.038660,0.071989,True,0.00001250,392.73,39682149,8,42
Densenet121_std0.08_90k_RMSELoss_20260806_070252,Densenet121_std0.08_90k_RMSELoss,RMSELoss,2026-08-06 07:02:52,62/200,2026-08-06 13:47:41,0.038070,0.072242,False,0.00001250,387.07,39682149,8,42
Densenet121_std0.08_90k_RMSELoss_20260806_070252,Densenet121_std0.08_90k_RMSELoss,RMSELoss,2026-08-06 07:02:52,63/200,2026-08-06 13:54:10,0.037724,0.071734,True,0.00001250,388.90,39682149,8,42
Densenet121_std0.08_90k_RMSELoss_20260806_070252,Densenet121_std0.08_90k_RMSELoss,RMSELoss,2026-08-06 07:02:52,64/200,2026-08-06 14:00:50,0.037517,0.071890,False,0.00001250,389.45,39682149,8,42
Densenet121_std0.08_90k_RMSELoss_20260806_070252,Densenet121_std0.08_90k_RMSELoss,RMSELoss,2026-08-06 07:02:52,65/200,2026-08-06 14:07:16,0.037280,0.072398,False,0.00001250,386.13,39682149,8,42
Densenet121_std0.08_90k_RMSELoss_20260806_070252,Densenet121_std0.08_90k_RMSELoss,RMSELoss,2026-08-06 07:02:52,66/200,2026-08-06 14:13:45,0.037059,0.071971,False,0.00001250,389.08,39682149,8,42
Densenet121_std0.08_90k_RMSELoss_20260806_070252,Densenet121_std0.08_90k_RMSELoss,RMSELoss,2026-08-06 07:02:52,67/200,2026-08-06 14:20:15,0.037106,0.072434,False,0.00001250,389.73,39682149,8,42
Densenet121_std0.08_90k_RMSELoss_20260806_070252,Densenet121_std0.08_90k_RMSELoss,RMSELoss,2026-08-06 07:02:52,68/200,2026-08-06 14:26:41,0.036720,0.072120,False,0.00001250,386.24,39682149,8,42
Densenet121_std0.08_90k_RMSELoss_20260806_070252,Densenet121_std0.08_90k_RMSELoss,RMSELoss,2026-08-06 07:02:52,69/200,2026-08-06 14:33:09,0.036567,0.075170,False,0.00001250,388.52,39682149,8,42
Densenet121_std0.08_90k_RMSELoss_20260806_070252,Densenet121_std0.08_90k_RMSELoss,RMSELoss,2026-08-06 07:02:52,70/200,2026-08-06 14:39:34,0.036487,0.070996,True,0.00001250,384.16,39682149,8,42
Densenet121_std0.08_90k_RMSELoss_20260806_070252,Densenet121_std0.08_90k_RMSELoss,RMSELoss,2026-08-06 07:02:52,71/200,2026-08-06 14:46:11,0.036272,0.071531,False,0.00001250,387.21,39682149,8,42
Densenet121_std0.08_90k_RMSELoss_20260806_070252,Densenet121_std0.08_90k_RMSELoss,RMSELoss,2026-08-06 07:02:52,72/200,2026-08-06 14:52:38,0.036077,0.072941,False,0.00001250,387.10,39682149,8,42
Densenet121_std0.08_90k_RMSELoss_20260806_070252,Densenet121_std0.08_90k_RMSELoss,RMSELoss,2026-08-06 07:02:52,73/200,2026-08-06 14:59:04,0.035984,0.072373,False,0.00001250,386.35,39682149,8,42
Densenet121_std0.08_90k_RMSELoss_20260806_070252,Densenet121_std0.08_90k_RMSELoss,RMSELoss,2026-08-06 07:02:52,74/200,2026-08-06 15:05:31,0.035782,0.072751,False,0.00001250,386.94,39682149,8,42
Densenet121_std0.08_90k_RMSELoss_20260806_070252,Densenet121_std0.08_90k_RMSELoss,RMSELoss,2026-08-06 07:02:52,75/200,2026-08-06 15:12:03,0.035701,0.071357,False,0.00001250,392.02,39682149,8,42
Densenet121_std0.08_90k_RMSELoss_20260806_070252,Densenet121_std0.08_90k_RMSELoss,RMSELoss,2026-08-06 07:02:52,76/200,2026-08-06 15:18:36,0.035532,0.072387,False,0.00001250,392.87,39682149,8,42
Densenet121_std0.08_90k_RMSELoss_20260806_070252,Densenet121_std0.08_90k_RMSELoss,RMSELoss,2026-08-06 07:02:52,77/200,2026-08-06 15:25:01,0.035407,0.072574,False,0.00001250,385.47,39682149,8,42
Densenet121_std0.08_90k_RMSELoss_20260806_070252,Densenet121_std0.08_90k_RMSELoss,RMSELoss,2026-08-06 07:02:52,78/200,2026-08-06 15:31:37,0.035216,0.072035,False,0.00001250,395.25,39682149,8,42
Densenet121_std0.08_90k_RMSELoss_20260806_070252,Densenet121_std0.08_90k_RMSELoss,RMSELoss,2026-08-06 07:02:52,79/200,2026-08-06 15:38:06,0.035162,0.072233,False,0.00001250,389.27,39682149,8,42
Densenet121_std0.08_90k_RMSELoss_20260806_070252,Densenet121_std0.08_90k_RMSELoss,RMSELoss,2026-08-06 07:02:52,80/200,2026-08-06 15:44:33,0.035026,0.071891,False,0.00000625,387.39,39682149,8,42
Densenet121_std0.08_90k_RMSELoss_20260806_070252,Densenet121_std0.08_90k_RMSELoss,RMSELoss,2026-08-06 07:02:52,81/200,2026-08-06 15:51:00,0.034150,0.072394,False,0.00000625,386.72,39682149,8,42
Densenet121_std0.08_90k_RMSELoss_20260806_070252,Densenet121_std0.08_90k_RMSELoss,RMSELoss,2026-08-06 07:02:52,82/200,2026-08-06 15:57:32,0.033846,0.072397,False,0.00000625,392.30,39682149,8,42
Densenet121_std0.08_90k_RMSELoss_20260806_070252,Densenet121_std0.08_90k_RMSELoss,RMSELoss,2026-08-06 07:02:52,83/200,2026-08-06 16:03:58,0.033851,0.072132,False,0.00000625,385.20,39682149,8,42
Densenet121_std0.08_90k_RMSELoss_20260806_070252,Densenet121_std0.08_90k_RMSELoss,RMSELoss,2026-08-06 07:02:52,84/200,2026-08-06 16:10:26,0.033540,0.072068,False,0.00000625,388.10,39682149,8,42
Densenet121_std0.08_90k_RMSELoss_20260806_070252,Densenet121_std0.08_90k_RMSELoss,RMSELoss,2026-08-06 07:02:52,85/200,2026-08-06 16:16:54,0.033462,0.081174,False,0.00000625,388.71,39682149,8,42
Densenet121_std0.08_90k_RMSELoss_20260806_070252,Densenet121_std0.08_90k_RMSELoss,RMSELoss,2026-08-06 07:02:52,86/200,2026-08-06 16:23:29,0.033357,0.071619,False,0.00000625,394.89,39682149,8,42
Densenet121_std0.08_90k_RMSELoss_20260806_070252,Densenet121_std0.08_90k_RMSELoss,RMSELoss,2026-08-06 07:02:52,87/200,2026-08-06 16:29:58,0.033302,0.071863,False,0.00000625,388.82,39682149,8,42
Densenet121_std0.08_90k_RMSELoss_20260806_070252,Densenet121_std0.08_90k_RMSELoss,RMSELoss,2026-08-06 07:02:52,88/200,2026-08-06 16:36:25,0.033142,0.073969,False,0.00000625,386.79,39682149,8,42
Densenet121_std0.08_90k_RMSELoss_20260806_070252,Densenet121_std0.08_90k_RMSELoss,RMSELoss,2026-08-06 07:02:52,89/200,2026-08-06 16:42:54,0.033122,0.080393,False,0.00000625,388.89,39682149,8,42
Densenet121_std0.08_90k_RMSELoss_20260806_070252,Densenet121_std0.08_90k_RMSELoss,RMSELoss,2026-08-06 07:02:52,90/200,2026-08-06 16:49:23,0.032937,0.075785,False,0.00000625,388.69,39682149,8,42
Densenet121_std0.08_90k_RMSELoss_20260806_070252,Densenet121_std0.08_90k_RMSELoss,RMSELoss,2026-08-06 07:02:52,91/200,2026-08-06 16:55:58,0.032890,0.076248,False,0.00000625,395.68,39682149,8,42
Densenet121_std0.08_90k_RMSELoss_20260806_070252,Densenet121_std0.08_90k_RMSELoss,RMSELoss,2026-08-06 07:02:52,92/200,2026-08-06 17:02:25,0.032916,0.074814,False,0.00000625,386.85,39682149,8,42
Densenet121_std0.08_90k_RMSELoss_20260806_070252,Densenet121_std0.08_90k_RMSELoss,RMSELoss,2026-08-06 07:02:52,93/200,2026-08-06 17:08:56,0.032786,0.075423,False,0.00000625,390.75,39682149,8,42
Densenet121_std0.08_90k_RMSELoss_20260806_070252,Densenet121_std0.08_90k_RMSELoss,RMSELoss,2026-08-06 07:02:52,94/200,2026-08-06 17:15:29,0.032679,0.080299,False,0.00000625,393.08,39682149,8,42
Densenet121_std0.08_90k_RMSELoss_20260806_070252,Densenet121_std0.08_90k_RMSELoss,RMSELoss,2026-08-06 07:02:52,95/200,2026-08-06 17:22:12,0.032572,0.076548,False,0.00000625,403.02,39682149,8,42
Densenet121_std0.08_90k_RMSELoss_20260806_070252,Densenet121_std0.08_90k_RMSELoss,RMSELoss,2026-08-06 07:02:52,96/200,2026-08-06 17:28:41,0.032542,0.073748,False,0.00000625,388.62,39682149,8,42
Densenet121_std0.08_90k_RMSELoss_20260806_070252,Densenet121_std0.08_90k_RMSELoss,RMSELoss,2026-08-06 07:02:52,97/200,2026-08-06 17:35:09,0.032394,0.090322,False,0.00000625,388.84,39682149,8,42
Densenet121_std0.08_90k_RMSELoss_20260806_070252,Densenet121_std0.08_90k_RMSELoss,RMSELoss,2026-08-06 07:02:52,98/200,2026-08-06 17:41:35,0.032342,0.077754,False,0.00000625,385.64,39682149,8,42
Densenet121_std0.08_90k_RMSELoss_20260806_070252,Densenet121_std0.08_90k_RMSELoss,RMSELoss,2026-08-06 07:02:52,99/200,2026-08-06 17:48:07,0.032324,0.073823,False,0.00000625,392.16,39682149,8,42
Densenet121_std0.08_90k_RMSELoss_20260806_070252,Densenet121_std0.08_90k_RMSELoss,RMSELoss,2026-08-06 07:02:52,100/200,2026-08-06 17:54:39,0.032233,0.078740,False,0.00000313,391.98,39682149,8,42
Densenet121_std0.08_90k_RMSELoss_20260806_070252,Densenet121_std0.08_90k_RMSELoss,RMSELoss,2026-08-06 07:02:52,101/200,2026-08-06 18:01:07,0.031848,0.087361,False,0.00000313,387.86,39682149,8,42
Densenet121_std0.08_90k_RMSELoss_20260806_070252,Densenet121_std0.08_90k_RMSELoss,RMSELoss,2026-08-06 07:02:52,102/200,2026-08-06 18:07:43,0.031760,0.076435,False,0.00000313,395.51,39682149,8,42
Densenet121_std0.08_90k_RMSELoss_20260806_070252,Densenet121_std0.08_90k_RMSELoss,RMSELoss,2026-08-06 07:02:52,103/200,2026-08-06 18:14:10,0.031602,0.109106,False,0.00000313,387.68,39682149,8,42
Densenet121_std0.08_90k_RMSELoss_20260806_070252,Densenet121_std0.08_90k_RMSELoss,RMSELoss,2026-08-06 07:02:52,104/200,2026-08-06 18:20:39,0.031532,0.076746,False,0.00000313,388.85,39682149,8,42
Densenet121_std0.08_90k_RMSELoss_20260806_070252,Densenet121_std0.08_90k_RMSELoss,RMSELoss,2026-08-06 07:02:52,105/200,2026-08-06 18:27:06,0.031370,0.080516,False,0.00000313,386.89,39682149,8,42
Densenet121_std0.08_90k_RMSELoss_20260806_070252,Densenet121_std0.08_90k_RMSELoss,RMSELoss,2026-08-06 07:02:52,106/200,2026-08-06 18:33:38,0.031427,0.075399,False,0.00000313,391.64,39682149,8,42
Densenet121_std0.08_90k_RMSELoss_20260806_070252,Densenet121_std0.08_90k_RMSELoss,RMSELoss,2026-08-06 07:02:52,107/200,2026-08-06 18:40:09,0.031462,0.096069,False,0.00000313,390.95,39682149,8,42
Densenet121_std0.08_90k_RMSELoss_20260806_070252,Densenet121_std0.08_90k_RMSELoss,RMSELoss,2026-08-06 07:02:52,108/200,2026-08-06 18:46:41,0.031326,0.081098,False,0.00000313,392.17,39682149,8,42
Densenet121_std0.08_90k_RMSELoss_20260806_070252,Densenet121_std0.08_90k_RMSELoss,RMSELoss,2026-08-06 07:02:52,109/200,2026-08-06 18:53:06,0.031265,0.113484,False,0.00000313,385.35,39682149,8,42
Densenet121_std0.08_90k_RMSELoss_20260806_070252,Densenet121_std0.08_90k_RMSELoss,RMSELoss,2026-08-06 07:02:52,110/200,2026-08-06 18:59:33,0.031180,0.081090,False,0.00000313,386.47,39682149,8,42
Densenet121_std0.08_90k_RMSELoss_20260806_070252,Densenet121_std0.08_90k_RMSELoss,RMSELoss,2026-08-06 07:02:52,111/200,2026-08-06 19:06:05,0.031090,0.076380,False,0.00000313,392.16,39682149,8,42
Densenet121_std0.08_90k_RMSELoss_20260806_070252,Densenet121_std0.08_90k_RMSELoss,RMSELoss,2026-08-06 07:02:52,112/200,2026-08-06 19:12:30,0.031127,0.091930,False,0.00000313,384.71,39682149,8,42
Densenet121_std0.08_90k_RMSELoss_20260806_070252,Densenet121_std0.08_90k_RMSELoss,RMSELoss,2026-08-06 07:02:52,113/200,2026-08-06 19:18:57,0.031109,0.089803,False,0.00000313,386.99,39682149,8,42
Densenet121_std0.08_90k_RMSELoss_20260806_070252,Densenet121_std0.08_90k_RMSELoss,RMSELoss,2026-08-06 07:02:52,114/200,2026-08-06 19:25:32,0.031143,0.103891,False,0.00000313,395.13,39682149,8,42
Densenet121_std0.08_90k_RMSELoss_20260806_070252,Densenet121_std0.08_90k_RMSELoss,RMSELoss,2026-08-06 07:02:52,115/200,2026-08-06 19:32:00,0.031034,0.100408,False,0.00000313,388.07,39682149,8,42
ModelSwinT_std0.08_90k_RMSELoss_20260806_193200,ModelSwinT_std0.08_90k_RMSELoss,RMSELoss,2026-08-06 19:32:00,1/200,2026-08-06 19:37:55,0.121587,0.106420,True,0.00010000,354.02,59985503,8,42
ModelSwinT_std0.08_90k_RMSELoss_20260806_193200,ModelSwinT_std0.08_90k_RMSELoss,RMSELoss,2026-08-06 19:32:00,2/200,2026-08-06 19:44:01,0.105645,0.102139,True,0.00010000,355.43,59985503,8,42
ModelSwinT_std0.08_90k_RMSELoss_20260806_193200,ModelSwinT_std0.08_90k_RMSELoss,RMSELoss,2026-08-06 19:32:00,3/200,2026-08-06 19:50:04,0.100117,0.098200,True,0.00010000,353.62,59985503,8,42
ModelSwinT_std0.08_90k_RMSELoss_20260806_193200,ModelSwinT_std0.08_90k_RMSELoss,RMSELoss,2026-08-06 19:32:00,4/200,2026-08-06 19:56:08,0.096870,0.093342,True,0.00010000,353.54,59985503,8,42
ModelSwinT_std0.08_90k_RMSELoss_20260806_193200,ModelSwinT_std0.08_90k_RMSELoss,RMSELoss,2026-08-06 19:32:00,5/200,2026-08-06 20:02:19,0.094441,0.094487,False,0.00010000,361.28,59985503,8,42
ModelSwinT_std0.08_90k_RMSELoss_20260806_193200,ModelSwinT_std0.08_90k_RMSELoss,RMSELoss,2026-08-06 19:32:00,6/200,2026-08-06 20:08:17,0.092435,0.091506,True,0.00010000,357.85,59985503,8,42
ModelSwinT_std0.08_90k_RMSELoss_20260806_193200,ModelSwinT_std0.08_90k_RMSELoss,RMSELoss,2026-08-06 19:32:00,7/200,2026-08-06 20:14:23,0.090591,0.090384,True,0.00010000,356.54,59985503,8,42
ModelSwinT_std0.08_90k_RMSELoss_20260806_193200,ModelSwinT_std0.08_90k_RMSELoss,RMSELoss,2026-08-06 19:32:00,8/200,2026-08-06 20:20:27,0.089218,0.088747,True,0.00010000,354.05,59985503,8,42
ModelSwinT_std0.08_90k_RMSELoss_20260806_193200,ModelSwinT_std0.08_90k_RMSELoss,RMSELoss,2026-08-06 19:32:00,9/200,2026-08-06 20:26:27,0.087912,0.089504,False,0.00010000,350.06,59985503,8,42
ModelSwinT_std0.08_90k_RMSELoss_20260806_193200,ModelSwinT_std0.08_90k_RMSELoss,RMSELoss,2026-08-06 19:32:00,10/200,2026-08-06 20:32:21,0.086627,0.086745,True,0.00010000,353.49,59985503,8,42
ModelSwinT_std0.08_90k_RMSELoss_20260806_193200,ModelSwinT_std0.08_90k_RMSELoss,RMSELoss,2026-08-06 19:32:00,11/200,2026-08-06 20:38:25,0.085100,0.084854,True,0.00010000,354.29,59985503,8,42
ModelSwinT_std0.08_90k_RMSELoss_20260806_193200,ModelSwinT_std0.08_90k_RMSELoss,RMSELoss,2026-08-06 19:32:00,12/200,2026-08-06 20:44:36,0.084270,0.087086,False,0.00010000,361.46,59985503,8,42
ModelSwinT_std0.08_90k_RMSELoss_20260806_193200,ModelSwinT_std0.08_90k_RMSELoss,RMSELoss,2026-08-06 19:32:00,13/200,2026-08-06 20:50:30,0.083096,0.083162,True,0.00010000,353.55,59985503,8,42
ModelSwinT_std0.08_90k_RMSELoss_20260806_193200,ModelSwinT_std0.08_90k_RMSELoss,RMSELoss,2026-08-06 19:32:00,14/200,2026-08-06 20:56:32,0.082357,0.083644,False,0.00010000,352.60,59985503,8,42
ModelSwinT_std0.08_90k_RMSELoss_20260806_193200,ModelSwinT_std0.08_90k_RMSELoss,RMSELoss,2026-08-06 19:32:00,15/200,2026-08-06 21:02:29,0.081357,0.082117,True,0.00010000,357.27,59985503,8,42
ModelSwinT_std0.08_90k_RMSELoss_20260806_193200,ModelSwinT_std0.08_90k_RMSELoss,RMSELoss,2026-08-06 19:32:00,16/200,2026-08-06 21:08:36,0.080196,0.083509,False,0.00010000,356.65,59985503,8,42
ModelSwinT_std0.08_90k_RMSELoss_20260806_193200,ModelSwinT_std0.08_90k_RMSELoss,RMSELoss,2026-08-06 19:32:00,17/200,2026-08-06 21:14:30,0.079546,0.083348,False,0.00010000,353.98,59985503,8,42
ModelSwinT_std0.08_90k_RMSELoss_20260806_193200,ModelSwinT_std0.08_90k_RMSELoss,RMSELoss,2026-08-06 19:32:00,18/200,2026-08-06 21:20:23,0.078711,0.081476,True,0.00010000,353.48,59985503,8,42
ModelSwinT_std0.08_90k_RMSELoss_20260806_193200,ModelSwinT_std0.08_90k_RMSELoss,RMSELoss,2026-08-06 19:32:00,19/200,2026-08-06 21:26:29,0.078060,0.081112,True,0.00010000,355.92,59985503,8,42
ModelSwinT_std0.08_90k_RMSELoss_20260806_193200,ModelSwinT_std0.08_90k_RMSELoss,RMSELoss,2026-08-06 19:32:00,20/200,2026-08-06 21:32:32,0.077161,0.081326,False,0.00005000,353.18,59985503,8,42
ModelSwinT_std0.08_90k_RMSELoss_20260806_193200,ModelSwinT_std0.08_90k_RMSELoss,RMSELoss,2026-08-06 19:32:00,21/200,2026-08-06 21:38:30,0.072721,0.077581,True,0.00005000,357.69,59985503,8,42
ModelSwinT_std0.08_90k_RMSELoss_20260806_193200,ModelSwinT_std0.08_90k_RMSELoss,RMSELoss,2026-08-06 19:32:00,22/200,2026-08-06 21:44:30,0.071241,0.077018,True,0.00005000,350.35,59985503,8,42
ModelSwinT_std0.08_90k_RMSELoss_20260806_193200,ModelSwinT_std0.08_90k_RMSELoss,RMSELoss,2026-08-06 19:32:00,23/200,2026-08-06 21:50:43,0.070277,0.076822,True,0.00005000,362.66,59985503,8,42
ModelSwinT_std0.08_90k_RMSELoss_20260806_193200,ModelSwinT_std0.08_90k_RMSELoss,RMSELoss,2026-08-06 19:32:00,24/200,2026-08-06 21:56:43,0.069611,0.076807,True,0.00005000,350.45,59985503,8,42
ModelSwinT_std0.08_90k_RMSELoss_20260806_193200,ModelSwinT_std0.08_90k_RMSELoss,RMSELoss,2026-08-06 19:32:00,25/200,2026-08-06 22:02:47,0.069009,0.077543,False,0.00005000,353.35,59985503,8,42
ModelSwinT_std0.08_90k_RMSELoss_20260806_193200,ModelSwinT_std0.08_90k_RMSELoss,RMSELoss,2026-08-06 19:32:00,26/200,2026-08-06 22:08:41,0.068284,0.077069,False,0.00005000,354.91,59985503,8,42
ModelSwinT_std0.08_90k_RMSELoss_20260806_193200,ModelSwinT_std0.08_90k_RMSELoss,RMSELoss,2026-08-06 19:32:00,27/200,2026-08-06 22:14:39,0.067659,0.075686,True,0.00005000,357.78,59985503,8,42
ModelSwinT_std0.08_90k_RMSELoss_20260806_193200,ModelSwinT_std0.08_90k_RMSELoss,RMSELoss,2026-08-06 19:32:00,28/200,2026-08-06 22:20:44,0.067222,0.077264,False,0.00005000,355.27,59985503,8,42
ModelSwinT_std0.08_90k_RMSELoss_20260806_193200,ModelSwinT_std0.08_90k_RMSELoss,RMSELoss,2026-08-06 19:32:00,29/200,2026-08-06 22:26:40,0.066739,0.078212,False,0.00005000,355.77,59985503,8,42
ModelSwinT_std0.08_90k_RMSELoss_20260806_193200,ModelSwinT_std0.08_90k_RMSELoss,RMSELoss,2026-08-06 19:32:00,30/200,2026-08-06 22:32:37,0.066267,0.075775,False,0.00005000,357.15,59985503,8,42
ModelSwinT_std0.08_90k_RMSELoss_20260806_193200,ModelSwinT_std0.08_90k_RMSELoss,RMSELoss,2026-08-06 19:32:00,31/200,2026-08-06 22:38:31,0.065930,0.078204,False,0.00005000,353.51,59985503,8,42
ModelSwinT_std0.08_90k_RMSELoss_20260806_193200,ModelSwinT_std0.08_90k_RMSELoss,RMSELoss,2026-08-06 19:32:00,32/200,2026-08-06 22:44:28,0.065425,0.075688,False,0.00005000,357.60,59985503,8,42
ModelSwinT_std0.08_90k_RMSELoss_20260806_193200,ModelSwinT_std0.08_90k_RMSELoss,RMSELoss,2026-08-06 19:32:00,33/200,2026-08-06 22:50:22,0.065018,0.075857,False,0.00005000,353.67,59985503,8,42
ModelSwinT_std0.08_90k_RMSELoss_20260806_193200,ModelSwinT_std0.08_90k_RMSELoss,RMSELoss,2026-08-06 19:32:00,34/200,2026-08-06 22:56:20,0.064635,0.075881,False,0.00005000,357.60,59985503,8,42
ModelSwinT_std0.08_90k_RMSELoss_20260806_193200,ModelSwinT_std0.08_90k_RMSELoss,RMSELoss,2026-08-06 19:32:00,35/200,2026-08-06 23:02:19,0.064224,0.077111,False,0.00005000,359.21,59985503,8,42
ModelSwinT_std0.08_90k_RMSELoss_20260806_193200,ModelSwinT_std0.08_90k_RMSELoss,RMSELoss,2026-08-06 19:32:00,36/200,2026-08-06 23:08:15,0.063761,0.074840,True,0.00005000,356.05,59985503,8,42
ModelSwinT_std0.08_90k_RMSELoss_20260806_193200,ModelSwinT_std0.08_90k_RMSELoss,RMSELoss,2026-08-06 19:32:00,37/200,2026-08-06 23:14:18,0.063554,0.074981,False,0.00005000,353.15,59985503,8,42
ModelSwinT_std0.08_90k_RMSELoss_20260806_193200,ModelSwinT_std0.08_90k_RMSELoss,RMSELoss,2026-08-06 19:32:00,38/200,2026-08-06 23:20:11,0.062974,0.075178,False,0.00005000,353.20,59985503,8,42
ModelSwinT_std0.08_90k_RMSELoss_20260806_193200,ModelSwinT_std0.08_90k_RMSELoss,RMSELoss,2026-08-06 19:32:00,39/200,2026-08-06 23:26:09,0.062667,0.075825,False,0.00005000,357.57,59985503,8,42
ModelSwinT_std0.08_90k_RMSELoss_20260806_193200,ModelSwinT_std0.08_90k_RMSELoss,RMSELoss,2026-08-06 19:32:00,40/200,2026-08-06 23:32:06,0.062134,0.074304,True,0.00002500,357.48,59985503,8,42
ModelSwinT_std0.08_90k_RMSELoss_20260806_193200,ModelSwinT_std0.08_90k_RMSELoss,RMSELoss,2026-08-06 19:32:00,41/200,2026-08-06 23:38:10,0.059554,0.073936,True,0.00002500,353.35,59985503,8,42
ModelSwinT_std0.08_90k_RMSELoss_20260806_193200,ModelSwinT_std0.08_90k_RMSELoss,RMSELoss,2026-08-06 19:32:00,42/200,2026-08-06 23:44:13,0.058642,0.073796,True,0.00002500,353.17,59985503,8,42
ModelSwinT_std0.08_90k_RMSELoss_20260806_193200,ModelSwinT_std0.08_90k_RMSELoss,RMSELoss,2026-08-06 19:32:00,43/200,2026-08-06 23:50:16,0.058325,0.073897,False,0.00002500,353.34,59985503,8,42
ModelSwinT_std0.08_90k_RMSELoss_20260806_193200,ModelSwinT_std0.08_90k_RMSELoss,RMSELoss,2026-08-06 19:32:00,44/200,2026-08-06 23:56:10,0.057707,0.074445,False,0.00002500,353.56,59985503,8,42
ModelSwinT_std0.08_90k_RMSELoss_20260806_193200,ModelSwinT_std0.08_90k_RMSELoss,RMSELoss,2026-08-06 19:32:00,45/200,2026-08-07 00:02:06,0.057464,0.073007,True,0.00002500,355.98,59985503,8,42
ModelSwinT_std0.08_90k_RMSELoss_20260806_193200,ModelSwinT_std0.08_90k_RMSELoss,RMSELoss,2026-08-06 19:32:00,46/200,2026-08-07 00:08:07,0.057150,0.073226,False,0.00002500,351.41,59985503,8,42
ModelSwinT_std0.08_90k_RMSELoss_20260806_193200,ModelSwinT_std0.08_90k_RMSELoss,RMSELoss,2026-08-06 19:32:00,47/200,2026-08-07 00:14:06,0.056751,0.072792,True,0.00002500,359.13,59985503,8,42
ModelSwinT_std0.08_90k_RMSELoss_20260806_193200,ModelSwinT_std0.08_90k_RMSELoss,RMSELoss,2026-08-06 19:32:00,48/200,2026-08-07 00:20:10,0.056470,0.073486,False,0.00002500,354.22,59985503,8,42
ModelSwinT_std0.08_90k_RMSELoss_20260806_193200,ModelSwinT_std0.08_90k_RMSELoss,RMSELoss,2026-08-06 19:32:00,49/200,2026-08-07 00:26:09,0.056188,0.074115,False,0.00002500,359.07,59985503,8,42
ModelSwinT_std0.08_90k_RMSELoss_20260806_193200,ModelSwinT_std0.08_90k_RMSELoss,RMSELoss,2026-08-06 19:32:00,50/200,2026-08-07 00:32:08,0.055905,0.073751,False,0.00002500,359.06,59985503,8,42
ModelSwinT_std0.08_90k_RMSELoss_20260806_193200,ModelSwinT_std0.08_90k_RMSELoss,RMSELoss,2026-08-06 19:32:00,51/200,2026-08-07 00:38:01,0.055682,0.074641,False,0.00002500,352.95,59985503,8,42
ModelSwinT_std0.08_90k_RMSELoss_20260806_193200,ModelSwinT_std0.08_90k_RMSELoss,RMSELoss,2026-08-06 19:32:00,52/200,2026-08-07 00:43:57,0.055308,0.072635,True,0.00002500,355.94,59985503,8,42
ModelSwinT_std0.08_90k_RMSELoss_20260806_193200,ModelSwinT_std0.08_90k_RMSELoss,RMSELoss,2026-08-06 19:32:00,53/200,2026-08-07 00:50:02,0.055165,0.073522,False,0.00002500,355.03,59985503,8,42
ModelSwinT_std0.08_90k_RMSELoss_20260806_193200,ModelSwinT_std0.08_90k_RMSELoss,RMSELoss,2026-08-06 19:32:00,54/200,2026-08-07 00:55:57,0.054847,0.073408,False,0.00002500,354.81,59985503,8,42
ModelSwinT_std0.08_90k_RMSELoss_20260806_193200,ModelSwinT_std0.08_90k_RMSELoss,RMSELoss,2026-08-06 19:32:00,55/200,2026-08-07 01:01:52,0.054635,0.072573,True,0.00002500,354.83,59985503,8,42
ModelSwinT_std0.08_90k_RMSELoss_20260806_193200,ModelSwinT_std0.08_90k_RMSELoss,RMSELoss,2026-08-06 19:32:00,56/200,2026-08-07 01:07:57,0.054281,0.073228,False,0.00002500,355.69,59985503,8,42
ModelSwinT_std0.08_90k_RMSELoss_20260806_193200,ModelSwinT_std0.08_90k_RMSELoss,RMSELoss,2026-08-06 19:32:00,57/200,2026-08-07 01:13:56,0.054060,0.073884,False,0.00002500,358.34,59985503,8,42
ModelSwinT_std0.08_90k_RMSELoss_20260806_193200,ModelSwinT_std0.08_90k_RMSELoss,RMSELoss,2026-08-06 19:32:00,58/200,2026-08-07 01:19:51,0.053923,0.072492,True,0.00002500,354.92,59985503,8,42
ModelSwinT_std0.08_90k_RMSELoss_20260806_193200,ModelSwinT_std0.08_90k_RMSELoss,RMSELoss,2026-08-06 19:32:00,59/200,2026-08-07 01:25:59,0.053579,0.072374,True,0.00002500,358.26,59985503,8,42
ModelSwinT_std0.08_90k_RMSELoss_20260806_193200,ModelSwinT_std0.08_90k_RMSELoss,RMSELoss,2026-08-06 19:32:00,60/200,2026-08-07 01:32:02,0.053324,0.073148,False,0.00001250,353.30,59985503,8,42
ModelSwinT_std0.08_90k_RMSELoss_20260806_193200,ModelSwinT_std0.08_90k_RMSELoss,RMSELoss,2026-08-06 19:32:00,61/200,2026-08-07 01:38:00,0.051797,0.072508,False,0.00001250,358.06,59985503,8,42
ModelSwinT_std0.08_90k_RMSELoss_20260806_193200,ModelSwinT_std0.08_90k_RMSELoss,RMSELoss,2026-08-06 19:32:00,62/200,2026-08-07 01:43:55,0.051387,0.074011,False,0.00001250,355.00,59985503,8,42
ModelSwinT_std0.08_90k_RMSELoss_20260806_193200,ModelSwinT_std0.08_90k_RMSELoss,RMSELoss,2026-08-06 19:32:00,63/200,2026-08-07 01:49:50,0.051073,0.072389,False,0.00001250,355.22,59985503,8,42
ModelSwinT_std0.08_90k_RMSELoss_20260806_193200,ModelSwinT_std0.08_90k_RMSELoss,RMSELoss,2026-08-06 19:32:00,64/200,2026-08-07 01:55:46,0.050948,0.072312,True,0.00001250,355.97,59985503,8,42
ModelSwinT_std0.08_90k_RMSELoss_20260806_193200,ModelSwinT_std0.08_90k_RMSELoss,RMSELoss,2026-08-06 19:32:00,65/200,2026-08-07 02:01:50,0.050640,0.072580,False,0.00001250,353.13,59985503,8,42
ModelSwinT_std0.08_90k_RMSELoss_20260806_193200,ModelSwinT_std0.08_90k_RMSELoss,RMSELoss,2026-08-06 19:32:00,66/200,2026-08-07 02:07:44,0.050435,0.072761,False,0.00001250,354.43,59985503,8,42
ModelSwinT_std0.08_90k_RMSELoss_20260806_193200,ModelSwinT_std0.08_90k_RMSELoss,RMSELoss,2026-08-06 19:32:00,67/200,2026-08-07 02:13:42,0.050279,0.072549,False,0.00001250,358.43,59985503,8,42
ModelSwinT_std0.08_90k_RMSELoss_20260806_193200,ModelSwinT_std0.08_90k_RMSELoss,RMSELoss,2026-08-06 19:32:00,68/200,2026-08-07 02:19:41,0.050040,0.073270,False,0.00001250,358.71,59985503,8,42
ModelSwinT_std0.08_90k_RMSELoss_20260806_193200,ModelSwinT_std0.08_90k_RMSELoss,RMSELoss,2026-08-06 19:32:00,69/200,2026-08-07 02:25:36,0.050021,0.074174,False,0.00001250,354.64,59985503,8,42
ModelSwinT_std0.08_90k_RMSELoss_20260806_193200,ModelSwinT_std0.08_90k_RMSELoss,RMSELoss,2026-08-06 19:32:00,70/200,2026-08-07 02:31:34,0.049885,0.072707,False,0.00001250,358.70,59985503,8,42
ModelSwinT_std0.08_90k_RMSELoss_20260806_193200,ModelSwinT_std0.08_90k_RMSELoss,RMSELoss,2026-08-06 19:32:00,71/200,2026-08-07 02:37:33,0.049523,0.072338,False,0.00001250,358.76,59985503,8,42
ModelSwinT_std0.08_90k_RMSELoss_20260806_193200,ModelSwinT_std0.08_90k_RMSELoss,RMSELoss,2026-08-06 19:32:00,72/200,2026-08-07 02:43:31,0.049628,0.072658,False,0.00001250,357.26,59985503,8,42
ModelSwinT_std0.08_90k_RMSELoss_20260806_193200,ModelSwinT_std0.08_90k_RMSELoss,RMSELoss,2026-08-06 19:32:00,73/200,2026-08-07 02:49:27,0.049439,0.072491,False,0.00001250,356.74,59985503,8,42
ModelSwinT_std0.08_90k_RMSELoss_20260806_193200,ModelSwinT_std0.08_90k_RMSELoss,RMSELoss,2026-08-06 19:32:00,74/200,2026-08-07 02:55:20,0.049274,0.073245,False,0.00001250,353.12,59985503,8,42
ModelSwinT_std0.08_90k_RMSELoss_20260806_193200,ModelSwinT_std0.08_90k_RMSELoss,RMSELoss,2026-08-06 19:32:00,75/200,2026-08-07 03:01:14,0.049083,0.073462,False,0.00001250,353.26,59985503,8,42
ModelSwinT_std0.08_90k_RMSELoss_20260806_193200,ModelSwinT_std0.08_90k_RMSELoss,RMSELoss,2026-08-06 19:32:00,76/200,2026-08-07 03:07:10,0.048608,0.073782,False,0.00001250,356.35,59985503,8,42
ModelSwinT_std0.08_90k_RMSELoss_20260806_193200,ModelSwinT_std0.08_90k_RMSELoss,RMSELoss,2026-08-06 19:32:00,77/200,2026-08-07 03:13:14,0.048878,0.072884,False,0.00001250,364.41,59985503,8,42
ModelSwinT_std0.08_90k_RMSELoss_20260806_193200,ModelSwinT_std0.08_90k_RMSELoss,RMSELoss,2026-08-06 19:32:00,78/200,2026-08-07 03:19:12,0.048536,0.073082,False,0.00001250,357.74,59985503,8,42
ModelSwinT_std0.08_90k_RMSELoss_20260806_193200,ModelSwinT_std0.08_90k_RMSELoss,RMSELoss,2026-08-06 19:32:00,79/200,2026-08-07 03:25:10,0.048568,0.072756,False,0.00001250,357.43,59985503,8,42
ModelSwinT_std0.08_90k_RMSELoss_20260806_193200,ModelSwinT_std0.08_90k_RMSELoss,RMSELoss,2026-08-06 19:32:00,80/200,2026-08-07 03:31:11,0.048309,0.072922,False,0.00000625,360.91,59985503,8,42
ModelSwinT_std0.08_90k_RMSELoss_20260806_193200,ModelSwinT_std0.08_90k_RMSELoss,RMSELoss,2026-08-06 19:32:00,81/200,2026-08-07 03:37:09,0.047392,0.072513,False,0.00000625,358.76,59985503,8,42
ModelSwinT_std0.08_90k_RMSELoss_20260806_193200,ModelSwinT_std0.08_90k_RMSELoss,RMSELoss,2026-08-06 19:32:00,82/200,2026-08-07 03:43:07,0.047221,0.072558,False,0.00000625,358.14,59985503,8,42
ModelSwinT_std0.08_90k_RMSELoss_20260806_193200,ModelSwinT_std0.08_90k_RMSELoss,RMSELoss,2026-08-06 19:32:00,83/200,2026-08-07 03:49:06,0.047042,0.072793,False,0.00000625,358.29,59985503,8,42
ModelSwinT_std0.08_90k_RMSELoss_20260806_193200,ModelSwinT_std0.08_90k_RMSELoss,RMSELoss,2026-08-06 19:32:00,84/200,2026-08-07 03:55:05,0.047018,0.073131,False,0.00000625,358.91,59985503,8,42
ModelSwinT_std0.08_90k_RMSELoss_20260806_193200,ModelSwinT_std0.08_90k_RMSELoss,RMSELoss,2026-08-06 19:32:00,85/200,2026-08-07 04:01:05,0.046885,0.072905,False,0.00000625,360.82,59985503,8,42
ModelSwinT_std0.08_90k_RMSELoss_20260806_193200,ModelSwinT_std0.08_90k_RMSELoss,RMSELoss,2026-08-06 19:32:00,86/200,2026-08-07 04:06:58,0.046844,0.072889,False,0.00000625,352.38,59985503,8,42
ModelSwinT_std0.08_90k_RMSELoss_20260806_193200,ModelSwinT_std0.08_90k_RMSELoss,RMSELoss,2026-08-06 19:32:00,87/200,2026-08-07 04:12:51,0.046803,0.072793,False,0.00000625,353.47,59985503,8,42
ModelSwinT_std0.08_90k_RMSELoss_20260806_193200,ModelSwinT_std0.08_90k_RMSELoss,RMSELoss,2026-08-06 19:32:00,88/200,2026-08-07 04:18:50,0.046521,0.072992,False,0.00000625,358.21,59985503,8,42
ModelSwinT_std0.08_90k_RMSELoss_20260806_193200,ModelSwinT_std0.08_90k_RMSELoss,RMSELoss,2026-08-06 19:32:00,89/200,2026-08-07 04:24:49,0.046704,0.072953,False,0.00000625,359.18,59985503,8,42
ModelSwinT_std0.08_90k_RMSELoss_20260806_193200,ModelSwinT_std0.08_90k_RMSELoss,RMSELoss,2026-08-06 19:32:00,90/200,2026-08-07 04:30:49,0.046363,0.072994,False,0.00000625,360.67,59985503,8,42
ModelSwinT_std0.08_90k_RMSELoss_20260806_193200,ModelSwinT_std0.08_90k_RMSELoss,RMSELoss,2026-08-06 19:32:00,91/200,2026-08-07 04:36:43,0.046348,0.073100,False,0.00000625,353.72,59985503,8,42
ModelSwinT_std0.08_90k_RMSELoss_20260806_193200,ModelSwinT_std0.08_90k_RMSELoss,RMSELoss,2026-08-06 19:32:00,92/200,2026-08-07 04:42:37,0.046253,0.073121,False,0.00000625,354.07,59985503,8,42
ModelSwinT_std0.08_90k_RMSELoss_20260806_193200,ModelSwinT_std0.08_90k_RMSELoss,RMSELoss,2026-08-06 19:32:00,93/200,2026-08-07 04:48:31,0.046034,0.073265,False,0.00000625,353.41,59985503,8,42
ModelSwinT_std0.08_90k_RMSELoss_20260806_193200,ModelSwinT_std0.08_90k_RMSELoss,RMSELoss,2026-08-06 19:32:00,94/200,2026-08-07 04:54:23,0.046045,0.073315,False,0.00000625,352.50,59985503,8,42
ModelSwinT_std0.08_90k_RMSELoss_20260806_193200,ModelSwinT_std0.08_90k_RMSELoss,RMSELoss,2026-08-06 19:32:00,95/200,2026-08-07 05:00:19,0.046053,0.072635,False,0.00000625,355.98,59985503,8,42
ModelSwinT_std0.08_90k_RMSELoss_20260806_193200,ModelSwinT_std0.08_90k_RMSELoss,RMSELoss,2026-08-06 19:32:00,96/200,2026-08-07 05:06:13,0.045915,0.073089,False,0.00000625,354.15,59985503,8,42
ModelSwinT_std0.08_90k_RMSELoss_20260806_193200,ModelSwinT_std0.08_90k_RMSELoss,RMSELoss,2026-08-06 19:32:00,97/200,2026-08-07 05:12:07,0.045839,0.072490,False,0.00000625,354.05,59985503,8,42
ModelSwinT_std0.08_90k_RMSELoss_20260806_193200,ModelSwinT_std0.08_90k_RMSELoss,RMSELoss,2026-08-06 19:32:00,98/200,2026-08-07 05:18:00,0.045701,0.073482,False,0.00000625,353.06,59985503,8,42
ModelSwinT_std0.08_90k_RMSELoss_20260806_193200,ModelSwinT_std0.08_90k_RMSELoss,RMSELoss,2026-08-06 19:32:00,99/200,2026-08-07 05:23:57,0.045707,0.073338,False,0.00000625,356.16,59985503,8,42
ModelSwinT_std0.08_90k_RMSELoss_20260806_193200,ModelSwinT_std0.08_90k_RMSELoss,RMSELoss,2026-08-06 19:32:00,100/200,2026-08-07 05:29:51,0.045628,0.073139,False,0.00000313,353.92,59985503,8,42
ModelSwinT_std0.08_90k_RMSELoss_20260806_193200,ModelSwinT_std0.08_90k_RMSELoss,RMSELoss,2026-08-06 19:32:00,101/200,2026-08-07 05:35:46,0.045144,0.072947,False,0.00000313,355.70,59985503,8,42
ModelSwinT_std0.08_90k_RMSELoss_20260806_193200,ModelSwinT_std0.08_90k_RMSELoss,RMSELoss,2026-08-06 19:32:00,102/200,2026-08-07 05:41:44,0.045098,0.073263,False,0.00000313,357.69,59985503,8,42
ModelSwinT_std0.08_90k_RMSELoss_20260806_193200,ModelSwinT_std0.08_90k_RMSELoss,RMSELoss,2026-08-06 19:32:00,103/200,2026-08-07 05:47:46,0.045000,0.073157,False,0.00000313,361.65,59985503,8,42
ModelSwinT_std0.08_90k_RMSELoss_20260806_193200,ModelSwinT_std0.08_90k_RMSELoss,RMSELoss,2026-08-06 19:32:00,104/200,2026-08-07 05:53:42,0.044972,0.072815,False,0.00000313,356.21,59985503,8,42
ModelSwinT_std0.08_90k_RMSELoss_20260806_193200,ModelSwinT_std0.08_90k_RMSELoss,RMSELoss,2026-08-06 19:32:00,105/200,2026-08-07 05:59:40,0.044874,0.073738,False,0.00000313,358.08,59985503,8,42
ModelSwinT_std0.08_90k_RMSELoss_20260806_193200,ModelSwinT_std0.08_90k_RMSELoss,RMSELoss,2026-08-06 19:32:00,106/200,2026-08-07 06:05:37,0.044958,0.073030,False,0.00000313,357.06,59985503,8,42
ModelSwinT_std0.08_90k_RMSELoss_20260806_193200,ModelSwinT_std0.08_90k_RMSELoss,RMSELoss,2026-08-06 19:32:00,107/200,2026-08-07 06:11:36,0.044805,0.073252,False,0.00000313,359.30,59985503,8,42
ModelSwinT_std0.08_90k_RMSELoss_20260806_193200,ModelSwinT_std0.08_90k_RMSELoss,RMSELoss,2026-08-06 19:32:00,108/200,2026-08-07 06:17:35,0.044748,0.073445,False,0.00000313,358.94,59985503,8,42
ModelSwinT_std0.08_90k_RMSELoss_20260806_193200,ModelSwinT_std0.08_90k_RMSELoss,RMSELoss,2026-08-06 19:32:00,109/200,2026-08-07 06:23:34,0.044667,0.073137,False,0.00000313,359.18,59985503,8,42
ModelEfficientNetB0_fvs_std0.08_90k_RMSELoss_20260807_062334,ModelEfficientNetB0_fvs_std0.08_90k_RMSELoss,RMSELoss,2026-08-07 06:23:34,1/200,2026-08-07 06:28:09,0.114661,2.335198,True,0.00010000,273.10,36997985,8,42
ModelEfficientNetB0_fvs_std0.08_90k_RMSELoss_20260807_062334,ModelEfficientNetB0_fvs_std0.08_90k_RMSELoss,RMSELoss,2026-08-07 06:23:34,2/200,2026-08-07 06:32:47,0.098172,0.465880,True,0.00010000,268.33,36997985,8,42
ModelEfficientNetB0_fvs_std0.08_90k_RMSELoss_20260807_062334,ModelEfficientNetB0_fvs_std0.08_90k_RMSELoss,RMSELoss,2026-08-07 06:23:34,3/200,2026-08-07 06:37:24,0.092950,0.272496,True,0.00010000,267.10,36997985,8,42
ModelEfficientNetB0_fvs_std0.08_90k_RMSELoss_20260807_062334,ModelEfficientNetB0_fvs_std0.08_90k_RMSELoss,RMSELoss,2026-08-07 06:23:34,4/200,2026-08-07 06:42:01,0.089296,0.197337,True,0.00010000,267.72,36997985,8,42
ModelEfficientNetB0_fvs_std0.08_90k_RMSELoss_20260807_062334,ModelEfficientNetB0_fvs_std0.08_90k_RMSELoss,RMSELoss,2026-08-07 06:23:34,5/200,2026-08-07 06:46:35,0.086894,0.217475,False,0.00010000,264.36,36997985,8,42
ModelEfficientNetB0_fvs_std0.08_90k_RMSELoss_20260807_062334,ModelEfficientNetB0_fvs_std0.08_90k_RMSELoss,RMSELoss,2026-08-07 06:23:34,6/200,2026-08-07 06:51:03,0.084844,0.210701,False,0.00010000,267.83,36997985,8,42
ModelEfficientNetB0_fvs_std0.08_90k_RMSELoss_20260807_062334,ModelEfficientNetB0_fvs_std0.08_90k_RMSELoss,RMSELoss,2026-08-07 06:23:34,7/200,2026-08-07 06:55:29,0.082959,0.240135,False,0.00010000,266.23,36997985,8,42
ModelEfficientNetB0_fvs_std0.08_90k_RMSELoss_20260807_062334,ModelEfficientNetB0_fvs_std0.08_90k_RMSELoss,RMSELoss,2026-08-07 06:23:34,8/200,2026-08-07 06:59:56,0.081674,0.190666,True,0.00010000,267.15,36997985,8,42
ModelEfficientNetB0_fvs_std0.08_90k_RMSELoss_20260807_062334,ModelEfficientNetB0_fvs_std0.08_90k_RMSELoss,RMSELoss,2026-08-07 06:23:34,9/200,2026-08-07 07:04:32,0.080256,0.188610,True,0.00010000,266.48,36997985,8,42
ModelEfficientNetB0_fvs_std0.08_90k_RMSELoss_20260807_062334,ModelEfficientNetB0_fvs_std0.08_90k_RMSELoss,RMSELoss,2026-08-07 06:23:34,10/200,2026-08-07 07:09:09,0.079017,0.150988,True,0.00010000,267.19,36997985,8,42
ModelEfficientNetB0_fvs_std0.08_90k_RMSELoss_20260807_062334,ModelEfficientNetB0_fvs_std0.08_90k_RMSELoss,RMSELoss,2026-08-07 06:23:34,11/200,2026-08-07 07:13:46,0.077582,0.166327,False,0.00010000,267.03,36997985,8,42
ModelEfficientNetB0_fvs_std0.08_90k_RMSELoss_20260807_062334,ModelEfficientNetB0_fvs_std0.08_90k_RMSELoss,RMSELoss,2026-08-07 06:23:34,12/200,2026-08-07 07:18:12,0.076766,0.243841,False,0.00010000,266.59,36997985,8,42
ModelEfficientNetB0_fvs_std0.08_90k_RMSELoss_20260807_062334,ModelEfficientNetB0_fvs_std0.08_90k_RMSELoss,RMSELoss,2026-08-07 06:23:34,13/200,2026-08-07 07:22:43,0.075500,0.181292,False,0.00010000,270.27,36997985,8,42
ModelEfficientNetB0_fvs_std0.08_90k_RMSELoss_20260807_062334,ModelEfficientNetB0_fvs_std0.08_90k_RMSELoss,RMSELoss,2026-08-07 06:23:34,14/200,2026-08-07 07:27:10,0.074675,0.176089,False,0.00010000,266.98,36997985,8,42
ModelEfficientNetB0_fvs_std0.08_90k_RMSELoss_20260807_062334,ModelEfficientNetB0_fvs_std0.08_90k_RMSELoss,RMSELoss,2026-08-07 06:23:34,15/200,2026-08-07 07:31:38,0.073818,0.238907,False,0.00010000,268.50,36997985,8,42
ModelEfficientNetB0_fvs_std0.08_90k_RMSELoss_20260807_062334,ModelEfficientNetB0_fvs_std0.08_90k_RMSELoss,RMSELoss,2026-08-07 06:23:34,16/200,2026-08-07 07:36:05,0.072656,0.335084,False,0.00010000,266.84,36997985,8,42
ModelEfficientNetB0_fvs_std0.08_90k_RMSELoss_20260807_062334,ModelEfficientNetB0_fvs_std0.08_90k_RMSELoss,RMSELoss,2026-08-07 06:23:34,17/200,2026-08-07 07:40:32,0.072005,0.208149,False,0.00010000,267.50,36997985,8,42
ModelEfficientNetB0_fvs_std0.08_90k_RMSELoss_20260807_062334,ModelEfficientNetB0_fvs_std0.08_90k_RMSELoss,RMSELoss,2026-08-07 06:23:34,18/200,2026-08-07 07:45:00,0.071015,0.145127,True,0.00010000,267.47,36997985,8,42
ModelEfficientNetB0_fvs_std0.08_90k_RMSELoss_20260807_062334,ModelEfficientNetB0_fvs_std0.08_90k_RMSELoss,RMSELoss,2026-08-07 06:23:34,19/200,2026-08-07 07:49:36,0.070556,0.166038,False,0.00010000,266.08,36997985,8,42
ModelEfficientNetB0_fvs_std0.08_90k_RMSELoss_20260807_062334,ModelEfficientNetB0_fvs_std0.08_90k_RMSELoss,RMSELoss,2026-08-07 06:23:34,20/200,2026-08-07 07:54:05,0.069795,0.119169,True,0.00005000,269.08,36997985,8,42
ModelEfficientNetB0_fvs_std0.08_90k_RMSELoss_20260807_062334,ModelEfficientNetB0_fvs_std0.08_90k_RMSELoss,RMSELoss,2026-08-07 06:23:34,21/200,2026-08-07 07:58:41,0.065611,0.125469,False,0.00005000,266.89,36997985,8,42
ModelEfficientNetB0_fvs_std0.08_90k_RMSELoss_20260807_062334,ModelEfficientNetB0_fvs_std0.08_90k_RMSELoss,RMSELoss,2026-08-07 06:23:34,22/200,2026-08-07 08:03:09,0.064334,0.109946,True,0.00005000,267.70,36997985,8,42
ModelEfficientNetB0_fvs_std0.08_90k_RMSELoss_20260807_062334,ModelEfficientNetB0_fvs_std0.08_90k_RMSELoss,RMSELoss,2026-08-07 06:23:34,23/200,2026-08-07 08:07:46,0.063582,0.119451,False,0.00005000,267.30,36997985,8,42
ModelEfficientNetB0_fvs_std0.08_90k_RMSELoss_20260807_062334,ModelEfficientNetB0_fvs_std0.08_90k_RMSELoss,RMSELoss,2026-08-07 06:23:34,24/200,2026-08-07 08:12:13,0.062755,0.102675,True,0.00005000,267.48,36997985,8,42
ModelEfficientNetB0_fvs_std0.08_90k_RMSELoss_20260807_062334,ModelEfficientNetB0_fvs_std0.08_90k_RMSELoss,RMSELoss,2026-08-07 06:23:34,25/200,2026-08-07 08:16:50,0.062259,0.100882,True,0.00005000,266.56,36997985,8,42
ModelEfficientNetB0_fvs_std0.08_90k_RMSELoss_20260807_062334,ModelEfficientNetB0_fvs_std0.08_90k_RMSELoss,RMSELoss,2026-08-07 06:23:34,26/200,2026-08-07 08:21:30,0.061586,0.102727,False,0.00005000,270.76,36997985,8,42
ModelEfficientNetB0_fvs_std0.08_90k_RMSELoss_20260807_062334,ModelEfficientNetB0_fvs_std0.08_90k_RMSELoss,RMSELoss,2026-08-07 06:23:34,27/200,2026-08-07 08:26:00,0.061207,0.095506,True,0.00005000,269.69,36997985,8,42
ModelEfficientNetB0_fvs_std0.08_90k_RMSELoss_20260807_062334,ModelEfficientNetB0_fvs_std0.08_90k_RMSELoss,RMSELoss,2026-08-07 06:23:34,28/200,2026-08-07 08:30:36,0.060499,0.091950,True,0.00005000,267.19,36997985,8,42
ModelEfficientNetB0_fvs_std0.08_90k_RMSELoss_20260807_062334,ModelEfficientNetB0_fvs_std0.08_90k_RMSELoss,RMSELoss,2026-08-07 06:23:34,29/200,2026-08-07 08:35:12,0.060009,0.097196,False,0.00005000,266.38,36997985,8,42
ModelEfficientNetB0_fvs_std0.08_90k_RMSELoss_20260807_062334,ModelEfficientNetB0_fvs_std0.08_90k_RMSELoss,RMSELoss,2026-08-07 06:23:34,30/200,2026-08-07 08:39:40,0.059655,0.090668,True,0.00005000,267.26,36997985,8,42
ModelEfficientNetB0_fvs_std0.08_90k_RMSELoss_20260807_062334,ModelEfficientNetB0_fvs_std0.08_90k_RMSELoss,RMSELoss,2026-08-07 06:23:34,31/200,2026-08-07 08:44:19,0.058994,0.090954,False,0.00005000,269.59,36997985,8,42
ModelEfficientNetB0_fvs_std0.08_90k_RMSELoss_20260807_062334,ModelEfficientNetB0_fvs_std0.08_90k_RMSELoss,RMSELoss,2026-08-07 06:23:34,32/200,2026-08-07 08:48:45,0.058524,0.090916,False,0.00005000,266.40,36997985,8,42
ModelEfficientNetB0_fvs_std0.08_90k_RMSELoss_20260807_062334,ModelEfficientNetB0_fvs_std0.08_90k_RMSELoss,RMSELoss,2026-08-07 06:23:34,33/200,2026-08-07 08:53:12,0.058061,0.093702,False,0.00005000,267.08,36997985,8,42
ModelEfficientNetB0_fvs_std0.08_90k_RMSELoss_20260807_062334,ModelEfficientNetB0_fvs_std0.08_90k_RMSELoss,RMSELoss,2026-08-07 06:23:34,34/200,2026-08-07 08:57:39,0.057608,0.095255,False,0.00005000,266.33,36997985,8,42
ModelEfficientNetB0_fvs_std0.08_90k_RMSELoss_20260807_062334,ModelEfficientNetB0_fvs_std0.08_90k_RMSELoss,RMSELoss,2026-08-07 06:23:34,35/200,2026-08-07 09:02:06,0.057247,0.088682,True,0.00005000,267.59,36997985,8,42
ModelEfficientNetB0_fvs_std0.08_90k_RMSELoss_20260807_062334,ModelEfficientNetB0_fvs_std0.08_90k_RMSELoss,RMSELoss,2026-08-07 06:23:34,36/200,2026-08-07 09:06:44,0.056841,0.087274,True,0.00005000,268.16,36997985,8,42
ModelEfficientNetB0_fvs_std0.08_90k_RMSELoss_20260807_062334,ModelEfficientNetB0_fvs_std0.08_90k_RMSELoss,RMSELoss,2026-08-07 06:23:34,37/200,2026-08-07 09:11:21,0.056350,0.086644,True,0.00005000,266.77,36997985,8,42
ModelEfficientNetB0_fvs_std0.08_90k_RMSELoss_20260807_062334,ModelEfficientNetB0_fvs_std0.08_90k_RMSELoss,RMSELoss,2026-08-07 06:23:34,38/200,2026-08-07 09:15:58,0.055950,0.089811,False,0.00005000,267.66,36997985,8,42
ModelEfficientNetB0_fvs_std0.08_90k_RMSELoss_20260807_062334,ModelEfficientNetB0_fvs_std0.08_90k_RMSELoss,RMSELoss,2026-08-07 06:23:34,39/200,2026-08-07 09:20:24,0.055745,0.086332,True,0.00005000,265.92,36997985,8,42
ModelEfficientNetB0_fvs_std0.08_90k_RMSELoss_20260807_062334,ModelEfficientNetB0_fvs_std0.08_90k_RMSELoss,RMSELoss,2026-08-07 06:23:34,40/200,2026-08-07 09:25:01,0.055191,0.086593,False,0.00002500,267.11,36997985,8,42
ModelEfficientNetB0_fvs_std0.08_90k_RMSELoss_20260807_062334,ModelEfficientNetB0_fvs_std0.08_90k_RMSELoss,RMSELoss,2026-08-07 06:23:34,41/200,2026-08-07 09:29:27,0.052665,0.084735,True,0.00002500,265.95,36997985,8,42
ModelEfficientNetB0_fvs_std0.08_90k_RMSELoss_20260807_062334,ModelEfficientNetB0_fvs_std0.08_90k_RMSELoss,RMSELoss,2026-08-07 06:23:34,42/200,2026-08-07 09:34:06,0.051783,0.085908,False,0.00002500,270.28,36997985,8,42
ModelEfficientNetB0_fvs_std0.08_90k_RMSELoss_20260807_062334,ModelEfficientNetB0_fvs_std0.08_90k_RMSELoss,RMSELoss,2026-08-07 06:23:34,43/200,2026-08-07 09:38:34,0.051509,0.083306,True,0.00002500,267.74,36997985,8,42
ModelEfficientNetB0_fvs_std0.08_90k_RMSELoss_20260807_062334,ModelEfficientNetB0_fvs_std0.08_90k_RMSELoss,RMSELoss,2026-08-07 06:23:34,44/200,2026-08-07 09:43:11,0.051069,0.084708,False,0.00002500,267.30,36997985,8,42
ModelEfficientNetB0_fvs_std0.08_90k_RMSELoss_20260807_062334,ModelEfficientNetB0_fvs_std0.08_90k_RMSELoss,RMSELoss,2026-08-07 06:23:34,45/200,2026-08-07 09:47:38,0.050734,0.083593,False,0.00002500,267.11,36997985,8,42
ModelEfficientNetB0_fvs_std0.08_90k_RMSELoss_20260807_062334,ModelEfficientNetB0_fvs_std0.08_90k_RMSELoss,RMSELoss,2026-08-07 06:23:34,46/200,2026-08-07 09:52:08,0.050397,0.082608,True,0.00002500,269.41,36997985,8,42
ModelEfficientNetB0_fvs_std0.08_90k_RMSELoss_20260807_062334,ModelEfficientNetB0_fvs_std0.08_90k_RMSELoss,RMSELoss,2026-08-07 06:23:34,47/200,2026-08-07 09:56:45,0.050206,0.083019,False,0.00002500,267.51,36997985,8,42
ModelEfficientNetB0_fvs_std0.08_90k_RMSELoss_20260807_062334,ModelEfficientNetB0_fvs_std0.08_90k_RMSELoss,RMSELoss,2026-08-07 06:23:34,48/200,2026-08-07 10:01:12,0.049762,0.083999,False,0.00002500,267.00,36997985,8,42
ModelEfficientNetB0_fvs_std0.08_90k_RMSELoss_20260807_062334,ModelEfficientNetB0_fvs_std0.08_90k_RMSELoss,RMSELoss,2026-08-07 06:23:34,49/200,2026-08-07 10:05:41,0.049533,0.084475,False,0.00002500,269.68,36997985,8,42
ModelEfficientNetB0_fvs_std0.08_90k_RMSELoss_20260807_062334,ModelEfficientNetB0_fvs_std0.08_90k_RMSELoss,RMSELoss,2026-08-07 06:23:34,50/200,2026-08-07 10:10:09,0.049197,0.082261,True,0.00002500,267.42,36997985,8,42
ModelEfficientNetB0_fvs_std0.08_90k_RMSELoss_20260807_062334,ModelEfficientNetB0_fvs_std0.08_90k_RMSELoss,RMSELoss,2026-08-07 06:23:34,51/200,2026-08-07 10:14:47,0.049080,0.082331,False,0.00002500,268.15,36997985,8,42
ModelEfficientNetB0_fvs_std0.08_90k_RMSELoss_20260807_062334,ModelEfficientNetB0_fvs_std0.08_90k_RMSELoss,RMSELoss,2026-08-07 06:23:34,52/200,2026-08-07 10:19:14,0.048806,0.082304,False,0.00002500,267.44,36997985,8,42
ModelEfficientNetB0_fvs_std0.08_90k_RMSELoss_20260807_062334,ModelEfficientNetB0_fvs_std0.08_90k_RMSELoss,RMSELoss,2026-08-07 06:23:34,53/200,2026-08-07 10:23:41,0.048553,0.081567,True,0.00002500,267.32,36997985,8,42
ModelEfficientNetB0_fvs_std0.08_90k_RMSELoss_20260807_062334,ModelEfficientNetB0_fvs_std0.08_90k_RMSELoss,RMSELoss,2026-08-07 06:23:34,54/200,2026-08-07 10:28:18,0.048323,0.080209,True,0.00002500,266.89,36997985,8,42
ModelEfficientNetB0_fvs_std0.08_90k_RMSELoss_20260807_062334,ModelEfficientNetB0_fvs_std0.08_90k_RMSELoss,RMSELoss,2026-08-07 06:23:34,55/200,2026-08-07 10:32:53,0.048167,0.080787,False,0.00002500,265.92,36997985,8,42
ModelEfficientNetB0_fvs_std0.08_90k_RMSELoss_20260807_062334,ModelEfficientNetB0_fvs_std0.08_90k_RMSELoss,RMSELoss,2026-08-07 06:23:34,56/200,2026-08-07 10:37:21,0.047819,0.080565,False,0.00002500,267.62,36997985,8,42
ModelEfficientNetB0_fvs_std0.08_90k_RMSELoss_20260807_062334,ModelEfficientNetB0_fvs_std0.08_90k_RMSELoss,RMSELoss,2026-08-07 06:23:34,57/200,2026-08-07 10:41:48,0.047655,0.081890,False,0.00002500,267.33,36997985,8,42
ModelEfficientNetB0_fvs_std0.08_90k_RMSELoss_20260807_062334,ModelEfficientNetB0_fvs_std0.08_90k_RMSELoss,RMSELoss,2026-08-07 06:23:34,58/200,2026-08-07 10:46:17,0.047260,0.081504,False,0.00002500,268.89,36997985,8,42
ModelEfficientNetB0_fvs_std0.08_90k_RMSELoss_20260807_062334,ModelEfficientNetB0_fvs_std0.08_90k_RMSELoss,RMSELoss,2026-08-07 06:23:34,59/200,2026-08-07 10:50:45,0.047137,0.081359,False,0.00002500,267.40,36997985,8,42
ModelEfficientNetB0_fvs_std0.08_90k_RMSELoss_20260807_062334,ModelEfficientNetB0_fvs_std0.08_90k_RMSELoss,RMSELoss,2026-08-07 06:23:34,60/200,2026-08-07 10:55:14,0.047021,0.080760,False,0.00001250,269.37,36997985,8,42
ModelEfficientNetB0_fvs_std0.08_90k_RMSELoss_20260807_062334,ModelEfficientNetB0_fvs_std0.08_90k_RMSELoss,RMSELoss,2026-08-07 06:23:34,61/200,2026-08-07 10:59:40,0.045673,0.080497,False,0.00001250,266.12,36997985,8,42
ModelEfficientNetB0_fvs_std0.08_90k_RMSELoss_20260807_062334,ModelEfficientNetB0_fvs_std0.08_90k_RMSELoss,RMSELoss,2026-08-07 06:23:34,62/200,2026-08-07 11:04:07,0.045261,0.080546,False,0.00001250,267.33,36997985,8,42
ModelEfficientNetB0_fvs_std0.08_90k_RMSELoss_20260807_062334,ModelEfficientNetB0_fvs_std0.08_90k_RMSELoss,RMSELoss,2026-08-07 06:23:34,63/200,2026-08-07 11:08:35,0.045005,0.080853,False,0.00001250,267.76,36997985,8,42
ModelEfficientNetB0_fvs_std0.08_90k_RMSELoss_20260807_062334,ModelEfficientNetB0_fvs_std0.08_90k_RMSELoss,RMSELoss,2026-08-07 06:23:34,64/200,2026-08-07 11:13:03,0.044913,0.080321,False,0.00001250,267.49,36997985,8,42
ModelEfficientNetB0_fvs_std0.08_90k_RMSELoss_20260807_062334,ModelEfficientNetB0_fvs_std0.08_90k_RMSELoss,RMSELoss,2026-08-07 06:23:34,65/200,2026-08-07 11:17:30,0.044687,0.080507,False,0.00001250,267.14,36997985,8,42
ModelEfficientNetB0_fvs_std0.08_90k_RMSELoss_20260807_062334,ModelEfficientNetB0_fvs_std0.08_90k_RMSELoss,RMSELoss,2026-08-07 06:23:34,66/200,2026-08-07 11:21:55,0.044448,0.080972,False,0.00001250,265.28,36997985,8,42
ModelEfficientNetB0_fvs_std0.08_90k_RMSELoss_20260807_062334,ModelEfficientNetB0_fvs_std0.08_90k_RMSELoss,RMSELoss,2026-08-07 06:23:34,67/200,2026-08-07 11:26:24,0.044462,0.080921,False,0.00001250,269.20,36997985,8,42
ModelEfficientNetB0_fvs_std0.08_90k_RMSELoss_20260807_062334,ModelEfficientNetB0_fvs_std0.08_90k_RMSELoss,RMSELoss,2026-08-07 06:23:34,68/200,2026-08-07 11:30:56,0.044205,0.080987,False,0.00001250,271.18,36997985,8,42
ModelEfficientNetB0_fvs_std0.08_90k_RMSELoss_20260807_062334,ModelEfficientNetB0_fvs_std0.08_90k_RMSELoss,RMSELoss,2026-08-07 06:23:34,69/200,2026-08-07 11:35:22,0.044227,0.080418,False,0.00001250,266.59,36997985,8,42
ModelEfficientNetB0_fvs_std0.08_90k_RMSELoss_20260807_062334,ModelEfficientNetB0_fvs_std0.08_90k_RMSELoss,RMSELoss,2026-08-07 06:23:34,70/200,2026-08-07 11:39:51,0.043989,0.078809,True,0.00001250,268.96,36997985,8,42
ModelEfficientNetB0_fvs_std0.08_90k_RMSELoss_20260807_062334,ModelEfficientNetB0_fvs_std0.08_90k_RMSELoss,RMSELoss,2026-08-07 06:23:34,71/200,2026-08-07 11:44:28,0.043685,0.079843,False,0.00001250,266.75,36997985,8,42
ModelEfficientNetB0_fvs_std0.08_90k_RMSELoss_20260807_062334,ModelEfficientNetB0_fvs_std0.08_90k_RMSELoss,RMSELoss,2026-08-07 06:23:34,72/200,2026-08-07 11:48:56,0.043687,0.079363,False,0.00001250,268.58,36997985,8,42
ModelEfficientNetB0_fvs_std0.08_90k_RMSELoss_20260807_062334,ModelEfficientNetB0_fvs_std0.08_90k_RMSELoss,RMSELoss,2026-08-07 06:23:34,73/200,2026-08-07 11:53:22,0.043662,0.078441,True,0.00001250,266.34,36997985,8,42
ModelEfficientNetB0_fvs_std0.08_90k_RMSELoss_20260807_062334,ModelEfficientNetB0_fvs_std0.08_90k_RMSELoss,RMSELoss,2026-08-07 06:23:34,74/200,2026-08-07 11:58:00,0.043380,0.079729,False,0.00001250,268.17,36997985,8,42
ModelEfficientNetB0_fvs_std0.08_90k_RMSELoss_20260807_062334,ModelEfficientNetB0_fvs_std0.08_90k_RMSELoss,RMSELoss,2026-08-07 06:23:34,75/200,2026-08-07 12:02:28,0.043253,0.079625,False,0.00001250,267.35,36997985,8,42
ModelEfficientNetB0_fvs_std0.08_90k_RMSELoss_20260807_062334,ModelEfficientNetB0_fvs_std0.08_90k_RMSELoss,RMSELoss,2026-08-07 06:23:34,76/200,2026-08-07 12:06:56,0.043062,0.079537,False,0.00001250,268.25,36997985,8,42
ModelEfficientNetB0_fvs_std0.08_90k_RMSELoss_20260807_062334,ModelEfficientNetB0_fvs_std0.08_90k_RMSELoss,RMSELoss,2026-08-07 06:23:34,77/200,2026-08-07 12:11:23,0.043049,0.079728,False,0.00001250,267.19,36997985,8,42
ModelEfficientNetB0_fvs_std0.08_90k_RMSELoss_20260807_062334,ModelEfficientNetB0_fvs_std0.08_90k_RMSELoss,RMSELoss,2026-08-07 06:23:34,78/200,2026-08-07 12:15:52,0.042852,0.079664,False,0.00001250,269.09,36997985,8,42
ModelEfficientNetB0_fvs_std0.08_90k_RMSELoss_20260807_062334,ModelEfficientNetB0_fvs_std0.08_90k_RMSELoss,RMSELoss,2026-08-07 06:23:34,79/200,2026-08-07 12:20:19,0.042820,0.079948,False,0.00001250,267.32,36997985,8,42
ModelEfficientNetB0_fvs_std0.08_90k_RMSELoss_20260807_062334,ModelEfficientNetB0_fvs_std0.08_90k_RMSELoss,RMSELoss,2026-08-07 06:23:34,80/200,2026-08-07 12:24:47,0.042634,0.078543,False,0.00000625,267.74,36997985,8,42
ModelEfficientNetB0_fvs_std0.08_90k_RMSELoss_20260807_062334,ModelEfficientNetB0_fvs_std0.08_90k_RMSELoss,RMSELoss,2026-08-07 06:23:34,81/200,2026-08-07 12:29:18,0.041960,0.078639,False,0.00000625,270.90,36997985,8,42
ModelEfficientNetB0_fvs_std0.08_90k_RMSELoss_20260807_062334,ModelEfficientNetB0_fvs_std0.08_90k_RMSELoss,RMSELoss,2026-08-07 06:23:34,82/200,2026-08-07 12:33:44,0.041875,0.078998,False,0.00000625,265.80,36997985,8,42
ModelEfficientNetB0_fvs_std0.08_90k_RMSELoss_20260807_062334,ModelEfficientNetB0_fvs_std0.08_90k_RMSELoss,RMSELoss,2026-08-07 06:23:34,83/200,2026-08-07 12:38:12,0.041618,0.078565,False,0.00000625,268.19,36997985,8,42
ModelEfficientNetB0_fvs_std0.08_90k_RMSELoss_20260807_062334,ModelEfficientNetB0_fvs_std0.08_90k_RMSELoss,RMSELoss,2026-08-07 06:23:34,84/200,2026-08-07 12:42:40,0.041637,0.078836,False,0.00000625,267.46,36997985,8,42
ModelEfficientNetB0_fvs_std0.08_90k_RMSELoss_20260807_062334,ModelEfficientNetB0_fvs_std0.08_90k_RMSELoss,RMSELoss,2026-08-07 06:23:34,85/200,2026-08-07 12:47:07,0.041454,0.079095,False,0.00000625,267.89,36997985,8,42
ModelEfficientNetB0_fvs_std0.08_90k_RMSELoss_20260807_062334,ModelEfficientNetB0_fvs_std0.08_90k_RMSELoss,RMSELoss,2026-08-07 06:23:34,86/200,2026-08-07 12:51:37,0.041391,0.078582,False,0.00000625,269.42,36997985,8,42
ModelEfficientNetB0_fvs_std0.08_90k_RMSELoss_20260807_062334,ModelEfficientNetB0_fvs_std0.08_90k_RMSELoss,RMSELoss,2026-08-07 06:23:34,87/200,2026-08-07 12:56:02,0.041381,0.078124,True,0.00000625,265.35,36997985,8,42
ModelEfficientNetB0_fvs_std0.08_90k_RMSELoss_20260807_062334,ModelEfficientNetB0_fvs_std0.08_90k_RMSELoss,RMSELoss,2026-08-07 06:23:34,88/200,2026-08-07 13:00:41,0.041302,0.078388,False,0.00000625,269.38,36997985,8,42
ModelEfficientNetB0_fvs_std0.08_90k_RMSELoss_20260807_062334,ModelEfficientNetB0_fvs_std0.08_90k_RMSELoss,RMSELoss,2026-08-07 06:23:34,89/200,2026-08-07 13:05:09,0.041294,0.078657,False,0.00000625,267.37,36997985,8,42
ModelEfficientNetB0_fvs_std0.08_90k_RMSELoss_20260807_062334,ModelEfficientNetB0_fvs_std0.08_90k_RMSELoss,RMSELoss,2026-08-07 06:23:34,90/200,2026-08-07 13:09:37,0.041085,0.078401,False,0.00000625,268.20,36997985,8,42
ModelEfficientNetB0_fvs_std0.08_90k_RMSELoss_20260807_062334,ModelEfficientNetB0_fvs_std0.08_90k_RMSELoss,RMSELoss,2026-08-07 06:23:34,91/200,2026-08-07 13:14:04,0.041131,0.078492,False,0.00000625,266.70,36997985,8,42
ModelEfficientNetB0_fvs_std0.08_90k_RMSELoss_20260807_062334,ModelEfficientNetB0_fvs_std0.08_90k_RMSELoss,RMSELoss,2026-08-07 06:23:34,92/200,2026-08-07 13:18:32,0.040989,0.078998,False,0.00000625,268.82,36997985,8,42
ModelEfficientNetB0_fvs_std0.08_90k_RMSELoss_20260807_062334,ModelEfficientNetB0_fvs_std0.08_90k_RMSELoss,RMSELoss,2026-08-07 06:23:34,93/200,2026-08-07 13:23:01,0.040933,0.077683,True,0.00000625,268.63,36997985,8,42
ModelEfficientNetB0_fvs_std0.08_90k_RMSELoss_20260807_062334,ModelEfficientNetB0_fvs_std0.08_90k_RMSELoss,RMSELoss,2026-08-07 06:23:34,94/200,2026-08-07 13:27:38,0.040770,0.077890,False,0.00000625,267.59,36997985,8,42
ModelEfficientNetB0_fvs_std0.08_90k_RMSELoss_20260807_062334,ModelEfficientNetB0_fvs_std0.08_90k_RMSELoss,RMSELoss,2026-08-07 06:23:34,95/200,2026-08-07 13:32:07,0.040650,0.077922,False,0.00000625,268.41,36997985,8,42
ModelEfficientNetB0_fvs_std0.08_90k_RMSELoss_20260807_062334,ModelEfficientNetB0_fvs_std0.08_90k_RMSELoss,RMSELoss,2026-08-07 06:23:34,96/200,2026-08-07 13:36:38,0.040763,0.077439,True,0.00000625,271.58,36997985,8,42
ModelEfficientNetB0_fvs_std0.08_90k_RMSELoss_20260807_062334,ModelEfficientNetB0_fvs_std0.08_90k_RMSELoss,RMSELoss,2026-08-07 06:23:34,97/200,2026-08-07 13:41:15,0.040536,0.077253,True,0.00000625,267.27,36997985,8,42
ModelEfficientNetB0_fvs_std0.08_90k_RMSELoss_20260807_062334,ModelEfficientNetB0_fvs_std0.08_90k_RMSELoss,RMSELoss,2026-08-07 06:23:34,98/200,2026-08-07 13:45:50,0.040603,0.078596,False,0.00000625,265.44,36997985,8,42
ModelEfficientNetB0_fvs_std0.08_90k_RMSELoss_20260807_062334,ModelEfficientNetB0_fvs_std0.08_90k_RMSELoss,RMSELoss,2026-08-07 06:23:34,99/200,2026-08-07 13:50:18,0.040525,0.078055,False,0.00000625,267.55,36997985,8,42
ModelEfficientNetB0_fvs_std0.08_90k_RMSELoss_20260807_062334,ModelEfficientNetB0_fvs_std0.08_90k_RMSELoss,RMSELoss,2026-08-07 06:23:34,100/200,2026-08-07 13:54:47,0.040431,0.077711,False,0.00000313,269.15,36997985,8,42
ModelEfficientNetB0_fvs_std0.08_90k_RMSELoss_20260807_062334,ModelEfficientNetB0_fvs_std0.08_90k_RMSELoss,RMSELoss,2026-08-07 06:23:34,101/200,2026-08-07 13:59:13,0.040153,0.077170,True,0.00000313,266.64,36997985,8,42
ModelEfficientNetB0_fvs_std0.08_90k_RMSELoss_20260807_062334,ModelEfficientNetB0_fvs_std0.08_90k_RMSELoss,RMSELoss,2026-08-07 06:23:34,102/200,2026-08-07 14:03:51,0.040090,0.076966,True,0.00000313,268.43,36997985,8,42
ModelEfficientNetB0_fvs_std0.08_90k_RMSELoss_20260807_062334,ModelEfficientNetB0_fvs_std0.08_90k_RMSELoss,RMSELoss,2026-08-07 06:23:34,103/200,2026-08-07 14:08:28,0.039930,0.078023,False,0.00000313,267.06,36997985,8,42
ModelEfficientNetB0_fvs_std0.08_90k_RMSELoss_20260807_062334,ModelEfficientNetB0_fvs_std0.08_90k_RMSELoss,RMSELoss,2026-08-07 06:23:34,104/200,2026-08-07 14:12:56,0.039928,0.077507,False,0.00000313,267.72,36997985,8,42
ModelEfficientNetB0_fvs_std0.08_90k_RMSELoss_20260807_062334,ModelEfficientNetB0_fvs_std0.08_90k_RMSELoss,RMSELoss,2026-08-07 06:23:34,105/200,2026-08-07 14:17:22,0.039824,0.077485,False,0.00000313,265.89,36997985,8,42
ModelEfficientNetB0_fvs_std0.08_90k_RMSELoss_20260807_062334,ModelEfficientNetB0_fvs_std0.08_90k_RMSELoss,RMSELoss,2026-08-07 06:23:34,106/200,2026-08-07 14:21:51,0.039843,0.077428,False,0.00000313,268.90,36997985,8,42
ModelEfficientNetB0_fvs_std0.08_90k_RMSELoss_20260807_062334,ModelEfficientNetB0_fvs_std0.08_90k_RMSELoss,RMSELoss,2026-08-07 06:23:34,107/200,2026-08-07 14:26:18,0.039789,0.077956,False,0.00000313,267.95,36997985,8,42
ModelEfficientNetB0_fvs_std0.08_90k_RMSELoss_20260807_062334,ModelEfficientNetB0_fvs_std0.08_90k_RMSELoss,RMSELoss,2026-08-07 06:23:34,108/200,2026-08-07 14:30:51,0.039799,0.077013,False,0.00000313,272.22,36997985,8,42
ModelEfficientNetB0_fvs_std0.08_90k_RMSELoss_20260807_062334,ModelEfficientNetB0_fvs_std0.08_90k_RMSELoss,RMSELoss,2026-08-07 06:23:34,109/200,2026-08-07 14:35:21,0.039714,0.077118,False,0.00000313,270.58,36997985,8,42
ModelEfficientNetB0_fvs_std0.08_90k_RMSELoss_20260807_062334,ModelEfficientNetB0_fvs_std0.08_90k_RMSELoss,RMSELoss,2026-08-07 06:23:34,110/200,2026-08-07 14:39:50,0.039654,0.077183,False,0.00000313,268.44,36997985,8,42
ModelEfficientNetB0_fvs_std0.08_90k_RMSELoss_20260807_062334,ModelEfficientNetB0_fvs_std0.08_90k_RMSELoss,RMSELoss,2026-08-07 06:23:34,111/200,2026-08-07 14:44:19,0.039545,0.077242,False,0.00000313,269.62,36997985,8,42
ModelEfficientNetB0_fvs_std0.08_90k_RMSELoss_20260807_062334,ModelEfficientNetB0_fvs_std0.08_90k_RMSELoss,RMSELoss,2026-08-07 06:23:34,112/200,2026-08-07 14:48:48,0.039618,0.077500,False,0.00000313,268.69,36997985,8,42
ModelEfficientNetB0_fvs_std0.08_90k_RMSELoss_20260807_062334,ModelEfficientNetB0_fvs_std0.08_90k_RMSELoss,RMSELoss,2026-08-07 06:23:34,113/200,2026-08-07 14:53:18,0.039473,0.077453,False,0.00000313,270.36,36997985,8,42
ModelEfficientNetB0_fvs_std0.08_90k_RMSELoss_20260807_062334,ModelEfficientNetB0_fvs_std0.08_90k_RMSELoss,RMSELoss,2026-08-07 06:23:34,114/200,2026-08-07 14:57:47,0.039524,0.077221,False,0.00000313,268.22,36997985,8,42
ModelEfficientNetB0_fvs_std0.08_90k_RMSELoss_20260807_062334,ModelEfficientNetB0_fvs_std0.08_90k_RMSELoss,RMSELoss,2026-08-07 06:23:34,115/200,2026-08-07 15:02:16,0.039532,0.077265,False,0.00000313,269.35,36997985,8,42
ModelEfficientNetB0_fvs_std0.08_90k_RMSELoss_20260807_062334,ModelEfficientNetB0_fvs_std0.08_90k_RMSELoss,RMSELoss,2026-08-07 06:23:34,116/200,2026-08-07 15:06:45,0.039486,0.077286,False,0.00000313,269.33,36997985,8,42
ModelEfficientNetB0_fvs_std0.08_90k_RMSELoss_20260807_062334,ModelEfficientNetB0_fvs_std0.08_90k_RMSELoss,RMSELoss,2026-08-07 06:23:34,117/200,2026-08-07 15:11:14,0.039468,0.077048,False,0.00000313,268.19,36997985,8,42
ModelEfficientNetB0_fvs_std0.08_90k_RMSELoss_20260807_062334,ModelEfficientNetB0_fvs_std0.08_90k_RMSELoss,RMSELoss,2026-08-07 06:23:34,118/200,2026-08-07 15:15:43,0.039465,0.077197,False,0.00000313,269.47,36997985,8,42
ModelEfficientNetB0_fvs_std0.08_90k_RMSELoss_20260807_062334,ModelEfficientNetB0_fvs_std0.08_90k_RMSELoss,RMSELoss,2026-08-07 06:23:34,119/200,2026-08-07 15:20:10,0.039410,0.076823,True,0.00000313,267.29,36997985,8,42
ModelEfficientNetB0_fvs_std0.08_90k_RMSELoss_20260807_062334,ModelEfficientNetB0_fvs_std0.08_90k_RMSELoss,RMSELoss,2026-08-07 06:23:34,120/200,2026-08-07 15:24:54,0.039380,0.077525,False,0.00000156,274.05,36997985,8,42
ModelEfficientNetB0_fvs_std0.08_90k_RMSELoss_20260807_062334,ModelEfficientNetB0_fvs_std0.08_90k_RMSELoss,RMSELoss,2026-08-07 06:23:34,121/200,2026-08-07 15:29:23,0.039228,0.077402,False,0.00000156,268.62,36997985,8,42
ModelEfficientNetB0_fvs_std0.08_90k_RMSELoss_20260807_062334,ModelEfficientNetB0_fvs_std0.08_90k_RMSELoss,RMSELoss,2026-08-07 06:23:34,122/200,2026-08-07 15:33:52,0.039131,0.077706,False,0.00000156,269.01,36997985,8,42
ModelEfficientNetB0_fvs_std0.08_90k_RMSELoss_20260807_062334,ModelEfficientNetB0_fvs_std0.08_90k_RMSELoss,RMSELoss,2026-08-07 06:23:34,123/200,2026-08-07 15:38:20,0.039111,0.076655,True,0.00000156,267.90,36997985,8,42
ModelEfficientNetB0_fvs_std0.08_90k_RMSELoss_20260807_062334,ModelEfficientNetB0_fvs_std0.08_90k_RMSELoss,RMSELoss,2026-08-07 06:23:34,124/200,2026-08-07 15:42:57,0.039159,0.077134,False,0.00000156,267.82,36997985,8,42
ModelEfficientNetB0_fvs_std0.08_90k_RMSELoss_20260807_062334,ModelEfficientNetB0_fvs_std0.08_90k_RMSELoss,RMSELoss,2026-08-07 06:23:34,125/200,2026-08-07 15:47:23,0.039060,0.076896,False,0.00000156,266.14,36997985,8,42
ModelEfficientNetB0_fvs_std0.08_90k_RMSELoss_20260807_062334,ModelEfficientNetB0_fvs_std0.08_90k_RMSELoss,RMSELoss,2026-08-07 06:23:34,126/200,2026-08-07 15:51:51,0.039065,0.077602,False,0.00000156,267.86,36997985,8,42
ModelEfficientNetB0_fvs_std0.08_90k_RMSELoss_20260807_062334,ModelEfficientNetB0_fvs_std0.08_90k_RMSELoss,RMSELoss,2026-08-07 06:23:34,127/200,2026-08-07 15:56:18,0.039130,0.077263,False,0.00000156,267.45,36997985,8,42
ModelEfficientNetB0_fvs_std0.08_90k_RMSELoss_20260807_062334,ModelEfficientNetB0_fvs_std0.08_90k_RMSELoss,RMSELoss,2026-08-07 06:23:34,128/200,2026-08-07 16:00:47,0.039016,0.076609,True,0.00000156,268.28,36997985,8,42
ModelEfficientNetB0_fvs_std0.08_90k_RMSELoss_20260807_062334,ModelEfficientNetB0_fvs_std0.08_90k_RMSELoss,RMSELoss,2026-08-07 06:23:34,129/200,2026-08-07 16:05:23,0.039046,0.076570,True,0.00000156,266.90,36997985,8,42
ModelEfficientNetB0_fvs_std0.08_90k_RMSELoss_20260807_062334,ModelEfficientNetB0_fvs_std0.08_90k_RMSELoss,RMSELoss,2026-08-07 06:23:34,130/200,2026-08-07 16:10:05,0.039031,0.077224,False,0.00000156,272.05,36997985,8,42
ModelEfficientNetB0_fvs_std0.08_90k_RMSELoss_20260807_062334,ModelEfficientNetB0_fvs_std0.08_90k_RMSELoss,RMSELoss,2026-08-07 06:23:34,131/200,2026-08-07 16:14:35,0.038962,0.077138,False,0.00000156,269.93,36997985,8,42
ModelEfficientNetB0_fvs_std0.08_90k_RMSELoss_20260807_062334,ModelEfficientNetB0_fvs_std0.08_90k_RMSELoss,RMSELoss,2026-08-07 06:23:34,132/200,2026-08-07 16:19:03,0.038918,0.077018,False,0.00000156,267.92,36997985,8,42
ModelEfficientNetB0_fvs_std0.08_90k_RMSELoss_20260807_062334,ModelEfficientNetB0_fvs_std0.08_90k_RMSELoss,RMSELoss,2026-08-07 06:23:34,133/200,2026-08-07 16:23:32,0.038895,0.077411,False,0.00000156,269.31,36997985,8,42
ModelEfficientNetB0_fvs_std0.08_90k_RMSELoss_20260807_062334,ModelEfficientNetB0_fvs_std0.08_90k_RMSELoss,RMSELoss,2026-08-07 06:23:34,134/200,2026-08-07 16:28:02,0.038928,0.076735,False,0.00000156,270.02,36997985,8,42
ModelEfficientNetB0_fvs_std0.08_90k_RMSELoss_20260807_062334,ModelEfficientNetB0_fvs_std0.08_90k_RMSELoss,RMSELoss,2026-08-07 06:23:34,135/200,2026-08-07 16:32:31,0.038830,0.077389,False,0.00000156,269.11,36997985,8,42
ModelEfficientNetB0_fvs_std0.08_90k_RMSELoss_20260807_062334,ModelEfficientNetB0_fvs_std0.08_90k_RMSELoss,RMSELoss,2026-08-07 06:23:34,136/200,2026-08-07 16:37:01,0.038709,0.076660,False,0.00000156,269.34,36997985,8,42
ModelEfficientNetB0_fvs_std0.08_90k_RMSELoss_20260807_062334,ModelEfficientNetB0_fvs_std0.08_90k_RMSELoss,RMSELoss,2026-08-07 06:23:34,137/200,2026-08-07 16:41:29,0.038823,0.077315,False,0.00000156,268.03,36997985,8,42
ModelEfficientNetB0_fvs_std0.08_90k_RMSELoss_20260807_062334,ModelEfficientNetB0_fvs_std0.08_90k_RMSELoss,RMSELoss,2026-08-07 06:23:34,138/200,2026-08-07 16:45:58,0.038795,0.077145,False,0.00000156,269.71,36997985,8,42
ModelEfficientNetB0_fvs_std0.08_90k_RMSELoss_20260807_062334,ModelEfficientNetB0_fvs_std0.08_90k_RMSELoss,RMSELoss,2026-08-07 06:23:34,139/200,2026-08-07 16:50:28,0.038771,0.076864,False,0.00000156,269.68,36997985,8,42
ModelEfficientNetB0_fvs_std0.08_90k_RMSELoss_20260807_062334,ModelEfficientNetB0_fvs_std0.08_90k_RMSELoss,RMSELoss,2026-08-07 06:23:34,140/200,2026-08-07 16:54:57,0.038897,0.076761,False,0.00000078,268.99,36997985,8,42
ModelEfficientNetB0_fvs_std0.08_90k_RMSELoss_20260807_062334,ModelEfficientNetB0_fvs_std0.08_90k_RMSELoss,RMSELoss,2026-08-07 06:23:34,141/200,2026-08-07 16:59:25,0.038760,0.076653,False,0.00000078,267.58,36997985,8,42
ModelEfficientNetB0_fvs_std0.08_90k_RMSELoss_20260807_062334,ModelEfficientNetB0_fvs_std0.08_90k_RMSELoss,RMSELoss,2026-08-07 06:23:34,142/200,2026-08-07 17:03:55,0.038652,0.076637,False,0.00000078,269.98,36997985,8,42
ModelEfficientNetB0_fvs_std0.08_90k_RMSELoss_20260807_062334,ModelEfficientNetB0_fvs_std0.08_90k_RMSELoss,RMSELoss,2026-08-07 06:23:34,143/200,2026-08-07 17:08:26,0.038747,0.077507,False,0.00000078,271.27,36997985,8,42
ModelEfficientNetB0_fvs_std0.08_90k_RMSELoss_20260807_062334,ModelEfficientNetB0_fvs_std0.08_90k_RMSELoss,RMSELoss,2026-08-07 06:23:34,144/200,2026-08-07 17:12:54,0.038750,0.077028,False,0.00000078,268.06,36997985,8,42
ModelEfficientNetB0_fvs_std0.08_90k_RMSELoss_20260807_062334,ModelEfficientNetB0_fvs_std0.08_90k_RMSELoss,RMSELoss,2026-08-07 06:23:34,145/200,2026-08-07 17:17:22,0.038632,0.076731,False,0.00000078,267.83,36997985,8,42
ModelEfficientNetB0_fvs_std0.08_90k_RMSELoss_20260807_062334,ModelEfficientNetB0_fvs_std0.08_90k_RMSELoss,RMSELoss,2026-08-07 06:23:34,146/200,2026-08-07 17:21:55,0.038681,0.077011,False,0.00000078,273.31,36997985,8,42
ModelEfficientNetB0_fvs_std0.08_90k_RMSELoss_20260807_062334,ModelEfficientNetB0_fvs_std0.08_90k_RMSELoss,RMSELoss,2026-08-07 06:23:34,147/200,2026-08-07 17:26:23,0.038562,0.077359,False,0.00000078,268.21,36997985,8,42
ModelEfficientNetB0_fvs_std0.08_90k_RMSELoss_20260807_062334,ModelEfficientNetB0_fvs_std0.08_90k_RMSELoss,RMSELoss,2026-08-07 06:23:34,148/200,2026-08-07 17:30:51,0.038520,0.076433,True,0.00000078,267.16,36997985,8,42
ModelEfficientNetB0_fvs_std0.08_90k_RMSELoss_20260807_062334,ModelEfficientNetB0_fvs_std0.08_90k_RMSELoss,RMSELoss,2026-08-07 06:23:34,149/200,2026-08-07 17:35:29,0.038642,0.077223,False,0.00000078,268.97,36997985,8,42
ModelEfficientNetB0_fvs_std0.08_90k_RMSELoss_20260807_062334,ModelEfficientNetB0_fvs_std0.08_90k_RMSELoss,RMSELoss,2026-08-07 06:23:34,150/200,2026-08-07 17:39:57,0.038583,0.077197,False,0.00000078,267.71,36997985,8,42
ModelEfficientNetB0_fvs_std0.08_90k_RMSELoss_20260807_062334,ModelEfficientNetB0_fvs_std0.08_90k_RMSELoss,RMSELoss,2026-08-07 06:23:34,151/200,2026-08-07 17:44:24,0.038560,0.076711,False,0.00000078,267.56,36997985,8,42
ModelEfficientNetB0_fvs_std0.08_90k_RMSELoss_20260807_062334,ModelEfficientNetB0_fvs_std0.08_90k_RMSELoss,RMSELoss,2026-08-07 06:23:34,152/200,2026-08-07 17:48:51,0.038537,0.076933,False,0.00000078,266.93,36997985,8,42
ModelEfficientNetB0_fvs_std0.08_90k_RMSELoss_20260807_062334,ModelEfficientNetB0_fvs_std0.08_90k_RMSELoss,RMSELoss,2026-08-07 06:23:34,153/200,2026-08-07 17:53:20,0.038601,0.076607,False,0.00000078,269.10,36997985,8,42
ModelEfficientNetB0_fvs_std0.08_90k_RMSELoss_20260807_062334,ModelEfficientNetB0_fvs_std0.08_90k_RMSELoss,RMSELoss,2026-08-07 06:23:34,154/200,2026-08-07 17:57:48,0.038547,0.077180,False,0.00000078,267.38,36997985,8,42
ModelEfficientNetB0_fvs_std0.08_90k_RMSELoss_20260807_062334,ModelEfficientNetB0_fvs_std0.08_90k_RMSELoss,RMSELoss,2026-08-07 06:23:34,155/200,2026-08-07 18:02:18,0.038504,0.076760,False,0.00000078,270.11,36997985,8,42
ModelEfficientNetB0_fvs_std0.08_90k_RMSELoss_20260807_062334,ModelEfficientNetB0_fvs_std0.08_90k_RMSELoss,RMSELoss,2026-08-07 06:23:34,156/200,2026-08-07 18:06:48,0.038567,0.076844,False,0.00000078,270.25,36997985,8,42
ModelEfficientNetB0_fvs_std0.08_90k_RMSELoss_20260807_062334,ModelEfficientNetB0_fvs_std0.08_90k_RMSELoss,RMSELoss,2026-08-07 06:23:34,157/200,2026-08-07 18:11:16,0.038509,0.076479,False,0.00000078,268.11,36997985,8,42
ModelEfficientNetB0_fvs_std0.08_90k_RMSELoss_20260807_062334,ModelEfficientNetB0_fvs_std0.08_90k_RMSELoss,RMSELoss,2026-08-07 06:23:34,158/200,2026-08-07 18:15:49,0.038456,0.076620,False,0.00000078,272.68,36997985,8,42
ModelEfficientNetB0_fvs_std0.08_90k_RMSELoss_20260807_062334,ModelEfficientNetB0_fvs_std0.08_90k_RMSELoss,RMSELoss,2026-08-07 06:23:34,159/200,2026-08-07 18:20:19,0.038532,0.076700,False,0.00000078,270.05,36997985,8,42
ModelEfficientNetB0_fvs_std0.08_90k_RMSELoss_20260807_062334,ModelEfficientNetB0_fvs_std0.08_90k_RMSELoss,RMSELoss,2026-08-07 06:23:34,160/200,2026-08-07 18:24:47,0.038589,0.076948,False,0.00000039,268.31,36997985,8,42
ModelEfficientNetB0_fvs_std0.08_90k_RMSELoss_20260807_062334,ModelEfficientNetB0_fvs_std0.08_90k_RMSELoss,RMSELoss,2026-08-07 06:23:34,161/200,2026-08-07 18:29:18,0.038572,0.076513,False,0.00000039,270.12,36997985,8,42
ModelEfficientNetB0_fvs_std0.08_90k_RMSELoss_20260807_062334,ModelEfficientNetB0_fvs_std0.08_90k_RMSELoss,RMSELoss,2026-08-07 06:23:34,162/200,2026-08-07 18:33:46,0.038499,0.076988,False,0.00000039,268.55,36997985,8,42
ModelEfficientNetB0_fvs_std0.08_90k_RMSELoss_20260807_062334,ModelEfficientNetB0_fvs_std0.08_90k_RMSELoss,RMSELoss,2026-08-07 06:23:34,163/200,2026-08-07 18:38:14,0.038443,0.076893,False,0.00000039,268.30,36997985,8,42
ModelEfficientNetB0_fvs_std0.08_90k_RMSELoss_20260807_062334,ModelEfficientNetB0_fvs_std0.08_90k_RMSELoss,RMSELoss,2026-08-07 06:23:34,164/200,2026-08-07 18:42:43,0.038428,0.076921,False,0.00000039,268.19,36997985,8,42
ModelEfficientNetB0_fvs_std0.08_90k_RMSELoss_20260807_062334,ModelEfficientNetB0_fvs_std0.08_90k_RMSELoss,RMSELoss,2026-08-07 06:23:34,165/200,2026-08-07 18:47:10,0.038447,0.076784,False,0.00000039,267.72,36997985,8,42
ModelEfficientNetB0_fvs_std0.08_90k_RMSELoss_20260807_062334,ModelEfficientNetB0_fvs_std0.08_90k_RMSELoss,RMSELoss,2026-08-07 06:23:34,166/200,2026-08-07 18:51:40,0.038488,0.076968,False,0.00000039,269.40,36997985,8,42
ModelEfficientNetB0_fvs_std0.08_90k_RMSELoss_20260807_062334,ModelEfficientNetB0_fvs_std0.08_90k_RMSELoss,RMSELoss,2026-08-07 06:23:34,167/200,2026-08-07 18:56:07,0.038480,0.076897,False,0.00000039,267.72,36997985,8,42
ModelEfficientNetB0_fvs_std0.08_90k_RMSELoss_20260807_062334,ModelEfficientNetB0_fvs_std0.08_90k_RMSELoss,RMSELoss,2026-08-07 06:23:34,168/200,2026-08-07 19:00:38,0.038430,0.077074,False,0.00000039,270.02,36997985,8,42
ModelEfficientNetB0_fvs_std0.08_90k_RMSELoss_20260807_062334,ModelEfficientNetB0_fvs_std0.08_90k_RMSELoss,RMSELoss,2026-08-07 06:23:34,169/200,2026-08-07 19:05:05,0.038361,0.077181,False,0.00000039,267.39,36997985,8,42
ModelEfficientNetB0_fvs_std0.08_90k_RMSELoss_20260807_062334,ModelEfficientNetB0_fvs_std0.08_90k_RMSELoss,RMSELoss,2026-08-07 06:23:34,170/200,2026-08-07 19:09:35,0.038398,0.077002,False,0.00000039,269.84,36997985,8,42
ModelEfficientNetB0_fvs_std0.08_90k_RMSELoss_20260807_062334,ModelEfficientNetB0_fvs_std0.08_90k_RMSELoss,RMSELoss,2026-08-07 06:23:34,171/200,2026-08-07 19:14:03,0.038332,0.076770,False,0.00000039,268.51,36997985,8,42
ModelEfficientNetB0_fvs_std0.08_90k_RMSELoss_20260807_062334,ModelEfficientNetB0_fvs_std0.08_90k_RMSELoss,RMSELoss,2026-08-07 06:23:34,172/200,2026-08-07 19:18:31,0.038530,0.076601,False,0.00000039,267.53,36997985,8,42
ModelEfficientNetB0_fvs_std0.08_90k_RMSELoss_20260807_062334,ModelEfficientNetB0_fvs_std0.08_90k_RMSELoss,RMSELoss,2026-08-07 06:23:34,173/200,2026-08-07 19:23:02,0.038350,0.076400,True,0.00000039,270.88,36997985,8,42
ModelEfficientNetB0_fvs_std0.08_90k_RMSELoss_20260807_062334,ModelEfficientNetB0_fvs_std0.08_90k_RMSELoss,RMSELoss,2026-08-07 06:23:34,174/200,2026-08-07 19:27:41,0.038450,0.076606,False,0.00000039,269.73,36997985,8,42
ModelEfficientNetB0_fvs_std0.08_90k_RMSELoss_20260807_062334,ModelEfficientNetB0_fvs_std0.08_90k_RMSELoss,RMSELoss,2026-08-07 06:23:34,175/200,2026-08-07 19:32:09,0.038394,0.077310,False,0.00000039,268.06,36997985,8,42
ModelEfficientNetB0_fvs_std0.08_90k_RMSELoss_20260807_062334,ModelEfficientNetB0_fvs_std0.08_90k_RMSELoss,RMSELoss,2026-08-07 06:23:34,176/200,2026-08-07 19:36:38,0.038353,0.077305,False,0.00000039,269.14,36997985,8,42
ModelEfficientNetB0_fvs_std0.08_90k_RMSELoss_20260807_062334,ModelEfficientNetB0_fvs_std0.08_90k_RMSELoss,RMSELoss,2026-08-07 06:23:34,177/200,2026-08-07 19:41:07,0.038380,0.077118,False,0.00000039,268.48,36997985,8,42
ModelEfficientNetB0_fvs_std0.08_90k_RMSELoss_20260807_062334,ModelEfficientNetB0_fvs_std0.08_90k_RMSELoss,RMSELoss,2026-08-07 06:23:34,178/200,2026-08-07 19:45:38,0.038430,0.076693,False,0.00000039,270.80,36997985,8,42
ModelEfficientNetB0_fvs_std0.08_90k_RMSELoss_20260807_062334,ModelEfficientNetB0_fvs_std0.08_90k_RMSELoss,RMSELoss,2026-08-07 06:23:34,179/200,2026-08-07 19:50:05,0.038291,0.077088,False,0.00000039,267.42,36997985,8,42
ModelEfficientNetB0_fvs_std0.08_90k_RMSELoss_20260807_062334,ModelEfficientNetB0_fvs_std0.08_90k_RMSELoss,RMSELoss,2026-08-07 06:23:34,180/200,2026-08-07 19:54:32,0.038348,0.077060,False,0.00000020,266.86,36997985,8,42
ModelEfficientNetB0_fvs_std0.08_90k_RMSELoss_20260807_062334,ModelEfficientNetB0_fvs_std0.08_90k_RMSELoss,RMSELoss,2026-08-07 06:23:34,181/200,2026-08-07 19:58:59,0.038323,0.076367,True,0.00000020,266.61,36997985,8,42
ModelEfficientNetB0_fvs_std0.08_90k_RMSELoss_20260807_062334,ModelEfficientNetB0_fvs_std0.08_90k_RMSELoss,RMSELoss,2026-08-07 06:23:34,182/200,2026-08-07 20:03:36,0.038289,0.076878,False,0.00000020,267.70,36997985,8,42
ModelEfficientNetB0_fvs_std0.08_90k_RMSELoss_20260807_062334,ModelEfficientNetB0_fvs_std0.08_90k_RMSELoss,RMSELoss,2026-08-07 06:23:34,183/200,2026-08-07 20:08:05,0.038364,0.076646,False,0.00000020,269.06,36997985,8,42
ModelEfficientNetB0_fvs_std0.08_90k_RMSELoss_20260807_062334,ModelEfficientNetB0_fvs_std0.08_90k_RMSELoss,RMSELoss,2026-08-07 06:23:34,184/200,2026-08-07 20:12:33,0.038295,0.076949,False,0.00000020,267.86,36997985,8,42
ModelEfficientNetB0_fvs_std0.08_90k_RMSELoss_20260807_062334,ModelEfficientNetB0_fvs_std0.08_90k_RMSELoss,RMSELoss,2026-08-07 06:23:34,185/200,2026-08-07 20:17:01,0.038324,0.076918,False,0.00000020,268.04,36997985,8,42
ModelEfficientNetB0_fvs_std0.08_90k_RMSELoss_20260807_062334,ModelEfficientNetB0_fvs_std0.08_90k_RMSELoss,RMSELoss,2026-08-07 06:23:34,186/200,2026-08-07 20:21:30,0.038385,0.076990,False,0.00000020,269.08,36997985,8,42
ModelEfficientNetB0_fvs_std0.08_90k_RMSELoss_20260807_062334,ModelEfficientNetB0_fvs_std0.08_90k_RMSELoss,RMSELoss,2026-08-07 06:23:34,187/200,2026-08-07 20:25:58,0.038336,0.077319,False,0.00000020,268.57,36997985,8,42
ModelEfficientNetB0_fvs_std0.08_90k_RMSELoss_20260807_062334,ModelEfficientNetB0_fvs_std0.08_90k_RMSELoss,RMSELoss,2026-08-07 06:23:34,188/200,2026-08-07 20:30:27,0.038243,0.076820,False,0.00000020,268.38,36997985,8,42
ModelEfficientNetB0_fvs_std0.08_90k_RMSELoss_20260807_062334,ModelEfficientNetB0_fvs_std0.08_90k_RMSELoss,RMSELoss,2026-08-07 06:23:34,189/200,2026-08-07 20:34:56,0.038281,0.077191,False,0.00000020,269.03,36997985,8,42
ModelEfficientNetB0_fvs_std0.08_90k_RMSELoss_20260807_062334,ModelEfficientNetB0_fvs_std0.08_90k_RMSELoss,RMSELoss,2026-08-07 06:23:34,190/200,2026-08-07 20:39:25,0.038314,0.076517,False,0.00000020,269.11,36997985,8,42
ModelEfficientNetB0_fvs_std0.08_90k_RMSELoss_20260807_062334,ModelEfficientNetB0_fvs_std0.08_90k_RMSELoss,RMSELoss,2026-08-07 06:23:34,191/200,2026-08-07 20:43:54,0.038288,0.077218,False,0.00000020,268.74,36997985,8,42
ModelEfficientNetB0_fvs_std0.08_90k_RMSELoss_20260807_062334,ModelEfficientNetB0_fvs_std0.08_90k_RMSELoss,RMSELoss,2026-08-07 06:23:34,192/200,2026-08-07 20:48:23,0.038288,0.077404,False,0.00000020,269.11,36997985,8,42
ModelEfficientNetB0_fvs_std0.08_90k_RMSELoss_20260807_062334,ModelEfficientNetB0_fvs_std0.08_90k_RMSELoss,RMSELoss,2026-08-07 06:23:34,193/200,2026-08-07 20:52:52,0.038253,0.076785,False,0.00000020,269.07,36997985,8,42
ModelEfficientNetB0_fvs_std0.08_90k_RMSELoss_20260807_062334,ModelEfficientNetB0_fvs_std0.08_90k_RMSELoss,RMSELoss,2026-08-07 06:23:34,194/200,2026-08-07 20:57:20,0.038352,0.076852,False,0.00000020,267.58,36997985,8,42
ModelEfficientNetB0_fvs_std0.08_90k_RMSELoss_20260807_062334,ModelEfficientNetB0_fvs_std0.08_90k_RMSELoss,RMSELoss,2026-08-07 06:23:34,195/200,2026-08-07 21:01:54,0.038473,0.076678,False,0.00000020,274.23,36997985,8,42
ModelEfficientNetB0_fvs_std0.08_90k_RMSELoss_20260807_062334,ModelEfficientNetB0_fvs_std0.08_90k_RMSELoss,RMSELoss,2026-08-07 06:23:34,196/200,2026-08-07 21:06:22,0.038326,0.077234,False,0.00000020,268.08,36997985,8,42
ModelEfficientNetB0_fvs_std0.08_90k_RMSELoss_20260807_062334,ModelEfficientNetB0_fvs_std0.08_90k_RMSELoss,RMSELoss,2026-08-07 06:23:34,197/200,2026-08-07 21:10:50,0.038253,0.076807,False,0.00000020,268.37,36997985,8,42
ModelEfficientNetB0_fvs_std0.08_90k_RMSELoss_20260807_062334,ModelEfficientNetB0_fvs_std0.08_90k_RMSELoss,RMSELoss,2026-08-07 06:23:34,198/200,2026-08-07 21:15:19,0.038263,0.077073,False,0.00000020,268.30,36997985,8,42
ModelEfficientNetB0_fvs_std0.08_90k_RMSELoss_20260807_062334,ModelEfficientNetB0_fvs_std0.08_90k_RMSELoss,RMSELoss,2026-08-07 06:23:34,199/200,2026-08-07 21:19:47,0.038239,0.077176,False,0.00000020,268.55,36997985,8,42
ModelEfficientNetB0_fvs_std0.08_90k_RMSELoss_20260807_062334,ModelEfficientNetB0_fvs_std0.08_90k_RMSELoss,RMSELoss,2026-08-07 06:23:34,200/200,2026-08-07 21:24:17,0.038359,0.076974,False,0.00000010,269.85,36997985,8,42
