run_id,model_name,criterion,run_started_at,epoch,epoch_timestamp,train_loss,val_loss,is_best,learning_rate,epoch_duration_sec,num_params,batch_size,seed
Densenet121_No_Noise_90k_RMSELoss_20260722_024802,Densenet121_No_Noise_90k_RMSELoss,RMSELoss,2026-07-22 02:48:02,1/200,2026-07-22 02:56:58,0.110780,0.096126,True,0.00010000,534.41,39682149,8,42
Densenet121_No_Noise_90k_RMSELoss_20260722_024802,Densenet121_No_Noise_90k_RMSELoss,RMSELoss,2026-07-22 02:48:02,2/200,2026-07-22 03:06:10,0.095569,0.092161,True,0.00010000,540.97,39682149,8,42
Densenet121_No_Noise_90k_RMSELoss_20260722_024802,Densenet121_No_Noise_90k_RMSELoss,RMSELoss,2026-07-22 02:48:02,3/200,2026-07-22 03:15:24,0.089188,0.087244,True,0.00010000,543.16,39682149,8,42
Densenet121_No_Noise_90k_RMSELoss_20260722_024802,Densenet121_No_Noise_90k_RMSELoss,RMSELoss,2026-07-22 02:48:02,4/200,2026-07-22 03:24:32,0.084512,0.082383,True,0.00010000,536.57,39682149,8,42
Densenet121_No_Noise_90k_RMSELoss_20260722_024802,Densenet121_No_Noise_90k_RMSELoss,RMSELoss,2026-07-22 02:48:02,5/200,2026-07-22 03:33:38,0.081303,0.081636,True,0.00010000,534.35,39682149,8,42
Densenet121_No_Noise_90k_RMSELoss_20260722_024802,Densenet121_No_Noise_90k_RMSELoss,RMSELoss,2026-07-22 02:48:02,6/200,2026-07-22 03:42:38,0.078594,0.079230,True,0.00010000,529.45,39682149,8,42
Densenet121_No_Noise_90k_RMSELoss_20260722_024802,Densenet121_No_Noise_90k_RMSELoss,RMSELoss,2026-07-22 02:48:02,7/200,2026-07-22 03:51:47,0.076123,0.078077,True,0.00010000,537.31,39682149,8,42
Densenet121_No_Noise_90k_RMSELoss_20260722_024802,Densenet121_No_Noise_90k_RMSELoss,RMSELoss,2026-07-22 02:48:02,8/200,2026-07-22 04:00:57,0.074151,0.075299,True,0.00010000,538.64,39682149,8,42
Densenet121_No_Noise_90k_RMSELoss_20260722_024802,Densenet121_No_Noise_90k_RMSELoss,RMSELoss,2026-07-22 02:48:02,9/200,2026-07-22 04:10:05,0.072018,0.075904,False,0.00010000,536.35,39682149,8,42
Densenet121_No_Noise_90k_RMSELoss_20260722_024802,Densenet121_No_Noise_90k_RMSELoss,RMSELoss,2026-07-22 02:48:02,10/200,2026-07-22 04:18:55,0.069954,0.071935,True,0.00010000,530.44,39682149,8,42
Densenet121_No_Noise_90k_RMSELoss_20260722_024802,Densenet121_No_Noise_90k_RMSELoss,RMSELoss,2026-07-22 02:48:02,11/200,2026-07-22 04:28:05,0.068045,0.072443,False,0.00010000,537.83,39682149,8,42
Densenet121_No_Noise_90k_RMSELoss_20260722_024802,Densenet121_No_Noise_90k_RMSELoss,RMSELoss,2026-07-22 02:48:02,12/200,2026-07-22 04:37:01,0.066594,0.072061,False,0.00010000,536.27,39682149,8,42
Densenet121_No_Noise_90k_RMSELoss_20260722_024802,Densenet121_No_Noise_90k_RMSELoss,RMSELoss,2026-07-22 02:48:02,13/200,2026-07-22 04:45:56,0.064895,0.070826,True,0.00010000,534.92,39682149,8,42
Densenet121_No_Noise_90k_RMSELoss_20260722_024802,Densenet121_No_Noise_90k_RMSELoss,RMSELoss,2026-07-22 02:48:02,14/200,2026-07-22 04:55:03,0.063431,0.071462,False,0.00010000,535.77,39682149,8,42
Densenet121_No_Noise_90k_RMSELoss_20260722_024802,Densenet121_No_Noise_90k_RMSELoss,RMSELoss,2026-07-22 02:48:02,15/200,2026-07-22 05:04:05,0.061924,0.070625,True,0.00010000,542.27,39682149,8,42
Densenet121_No_Noise_90k_RMSELoss_20260722_024802,Densenet121_No_Noise_90k_RMSELoss,RMSELoss,2026-07-22 02:48:02,16/200,2026-07-22 05:13:15,0.060400,0.069904,True,0.00010000,538.24,39682149,8,42
Densenet121_No_Noise_90k_RMSELoss_20260722_024802,Densenet121_No_Noise_90k_RMSELoss,RMSELoss,2026-07-22 02:48:02,17/200,2026-07-22 05:22:20,0.059237,0.070449,False,0.00010000,533.63,39682149,8,42
Densenet121_No_Noise_90k_RMSELoss_20260722_024802,Densenet121_No_Noise_90k_RMSELoss,RMSELoss,2026-07-22 02:48:02,18/200,2026-07-22 05:31:15,0.058071,0.071357,False,0.00010000,535.33,39682149,8,42
Densenet121_No_Noise_90k_RMSELoss_20260722_024802,Densenet121_No_Noise_90k_RMSELoss,RMSELoss,2026-07-22 02:48:02,19/200,2026-07-22 05:40:12,0.056690,0.070081,False,0.00010000,536.34,39682149,8,42
Densenet121_No_Noise_90k_RMSELoss_20260722_024802,Densenet121_No_Noise_90k_RMSELoss,RMSELoss,2026-07-22 02:48:02,20/200,2026-07-22 05:49:11,0.055608,0.067845,True,0.00005000,539.85,39682149,8,42
Densenet121_No_Noise_90k_RMSELoss_20260722_024802,Densenet121_No_Noise_90k_RMSELoss,RMSELoss,2026-07-22 02:48:02,21/200,2026-07-22 05:58:15,0.049925,0.065307,True,0.00005000,532.44,39682149,8,42
Densenet121_No_Noise_90k_RMSELoss_20260722_024802,Densenet121_No_Noise_90k_RMSELoss,RMSELoss,2026-07-22 02:48:02,22/200,2026-07-22 06:07:25,0.047269,0.065552,False,0.00005000,537.38,39682149,8,42
Densenet121_No_Noise_90k_RMSELoss_20260722_024802,Densenet121_No_Noise_90k_RMSELoss,RMSELoss,2026-07-22 02:48:02,23/200,2026-07-22 06:16:18,0.045788,0.064882,True,0.00005000,533.66,39682149,8,42
Densenet121_No_Noise_90k_RMSELoss_20260722_024802,Densenet121_No_Noise_90k_RMSELoss,RMSELoss,2026-07-22 02:48:02,24/200,2026-07-22 06:25:28,0.044615,0.064625,True,0.00005000,537.74,39682149,8,42
Densenet121_No_Noise_90k_RMSELoss_20260722_024802,Densenet121_No_Noise_90k_RMSELoss,RMSELoss,2026-07-22 02:48:02,25/200,2026-07-22 06:34:38,0.043534,0.064416,True,0.00005000,539.20,39682149,8,42
Densenet121_No_Noise_90k_RMSELoss_20260722_024802,Densenet121_No_Noise_90k_RMSELoss,RMSELoss,2026-07-22 02:48:02,26/200,2026-07-22 06:43:47,0.042648,0.064299,True,0.00005000,537.27,39682149,8,42
Densenet121_No_Noise_90k_RMSELoss_20260722_024802,Densenet121_No_Noise_90k_RMSELoss,RMSELoss,2026-07-22 02:48:02,27/200,2026-07-22 06:52:56,0.041800,0.064651,False,0.00005000,537.22,39682149,8,42
Densenet121_No_Noise_90k_RMSELoss_20260722_024802,Densenet121_No_Noise_90k_RMSELoss,RMSELoss,2026-07-22 02:48:02,28/200,2026-07-22 07:01:53,0.040914,0.064425,False,0.00005000,536.48,39682149,8,42
Densenet121_No_Noise_90k_RMSELoss_20260722_024802,Densenet121_No_Noise_90k_RMSELoss,RMSELoss,2026-07-22 02:48:02,29/200,2026-07-22 07:10:49,0.040190,0.064483,False,0.00005000,536.34,39682149,8,42
Densenet121_No_Noise_90k_RMSELoss_20260722_024802,Densenet121_No_Noise_90k_RMSELoss,RMSELoss,2026-07-22 02:48:02,30/200,2026-07-22 07:19:40,0.039624,0.064320,False,0.00005000,531.28,39682149,8,42
Densenet121_No_Noise_90k_RMSELoss_20260722_024802,Densenet121_No_Noise_90k_RMSELoss,RMSELoss,2026-07-22 02:48:02,31/200,2026-07-22 07:28:36,0.038878,0.064135,True,0.00005000,535.69,39682149,8,42
Densenet121_No_Noise_90k_RMSELoss_20260722_024802,Densenet121_No_Noise_90k_RMSELoss,RMSELoss,2026-07-22 02:48:02,32/200,2026-07-22 07:37:50,0.038257,0.063420,True,0.00005000,541.70,39682149,8,42
Densenet121_No_Noise_90k_RMSELoss_20260722_024802,Densenet121_No_Noise_90k_RMSELoss,RMSELoss,2026-07-22 02:48:02,33/200,2026-07-22 07:47:00,0.037619,0.064196,False,0.00005000,538.52,39682149,8,42
Densenet121_No_Noise_90k_RMSELoss_20260722_024802,Densenet121_No_Noise_90k_RMSELoss,RMSELoss,2026-07-22 02:48:02,34/200,2026-07-22 07:55:55,0.037157,0.064616,False,0.00005000,535.11,39682149,8,42
Densenet121_No_Noise_90k_RMSELoss_20260722_024802,Densenet121_No_Noise_90k_RMSELoss,RMSELoss,2026-07-22 02:48:02,35/200,2026-07-22 08:04:52,0.036671,0.064103,False,0.00005000,536.58,39682149,8,42
Densenet121_No_Noise_90k_RMSELoss_20260722_024802,Densenet121_No_Noise_90k_RMSELoss,RMSELoss,2026-07-22 02:48:02,36/200,2026-07-22 08:13:55,0.036106,0.064383,False,0.00005000,542.99,39682149,8,42
Densenet121_No_Noise_90k_RMSELoss_20260722_024802,Densenet121_No_Noise_90k_RMSELoss,RMSELoss,2026-07-22 02:48:02,37/200,2026-07-22 08:22:50,0.035599,0.064510,False,0.00005000,535.81,39682149,8,42
Densenet121_No_Noise_90k_RMSELoss_20260722_024802,Densenet121_No_Noise_90k_RMSELoss,RMSELoss,2026-07-22 02:48:02,38/200,2026-07-22 08:31:51,0.035261,0.063756,False,0.00005000,540.37,39682149,8,42
Densenet121_No_Noise_90k_RMSELoss_20260722_024802,Densenet121_No_Noise_90k_RMSELoss,RMSELoss,2026-07-22 02:48:02,39/200,2026-07-22 08:40:46,0.034813,0.063780,False,0.00005000,534.98,39682149,8,42
Densenet121_No_Noise_90k_RMSELoss_20260722_024802,Densenet121_No_Noise_90k_RMSELoss,RMSELoss,2026-07-22 02:48:02,40/200,2026-07-22 08:49:42,0.034270,0.064138,False,0.00002500,536.26,39682149,8,42
Densenet121_No_Noise_90k_RMSELoss_20260722_024802,Densenet121_No_Noise_90k_RMSELoss,RMSELoss,2026-07-22 02:48:02,41/200,2026-07-22 08:58:43,0.031296,0.062091,True,0.00002500,541.02,39682149,8,42
Densenet121_No_Noise_90k_RMSELoss_20260722_024802,Densenet121_No_Noise_90k_RMSELoss,RMSELoss,2026-07-22 02:48:02,42/200,2026-07-22 09:07:57,0.029366,0.062085,True,0.00002500,542.03,39682149,8,42
Densenet121_No_Noise_90k_RMSELoss_20260722_024802,Densenet121_No_Noise_90k_RMSELoss,RMSELoss,2026-07-22 02:48:02,43/200,2026-07-22 09:17:08,0.028503,0.062386,False,0.00002500,539.89,39682149,8,42
Densenet121_No_Noise_90k_RMSELoss_20260722_024802,Densenet121_No_Noise_90k_RMSELoss,RMSELoss,2026-07-22 02:48:02,44/200,2026-07-22 09:26:04,0.028093,0.062015,True,0.00002500,536.15,39682149,8,42
Densenet121_No_Noise_90k_RMSELoss_20260722_024802,Densenet121_No_Noise_90k_RMSELoss,RMSELoss,2026-07-22 02:48:02,45/200,2026-07-22 09:35:16,0.027587,0.062024,False,0.00002500,540.30,39682149,8,42
Densenet121_No_Noise_90k_RMSELoss_20260722_024802,Densenet121_No_Noise_90k_RMSELoss,RMSELoss,2026-07-22 02:48:02,46/200,2026-07-22 09:44:15,0.027219,0.062438,False,0.00002500,538.86,39682149,8,42
Densenet121_No_Noise_90k_RMSELoss_20260722_024802,Densenet121_No_Noise_90k_RMSELoss,RMSELoss,2026-07-22 02:48:02,47/200,2026-07-22 09:53:12,0.026888,0.062187,False,0.00002500,537.57,39682149,8,42
Densenet121_No_Noise_90k_RMSELoss_20260722_024802,Densenet121_No_Noise_90k_RMSELoss,RMSELoss,2026-07-22 02:48:02,48/200,2026-07-22 10:02:08,0.026555,0.062372,False,0.00002500,535.86,39682149,8,42
Densenet121_No_Noise_90k_RMSELoss_20260722_024802,Densenet121_No_Noise_90k_RMSELoss,RMSELoss,2026-07-22 02:48:02,49/200,2026-07-22 10:11:05,0.026218,0.061949,True,0.00002500,537.07,39682149,8,42
Densenet121_No_Noise_90k_RMSELoss_20260722_024802,Densenet121_No_Noise_90k_RMSELoss,RMSELoss,2026-07-22 02:48:02,50/200,2026-07-22 10:20:11,0.025933,0.062836,False,0.00002500,534.38,39682149,8,42
Densenet121_No_Noise_90k_RMSELoss_20260722_024802,Densenet121_No_Noise_90k_RMSELoss,RMSELoss,2026-07-22 02:48:02,51/200,2026-07-22 10:29:05,0.025601,0.062350,False,0.00002500,534.32,39682149,8,42
Densenet121_No_Noise_90k_RMSELoss_20260722_024802,Densenet121_No_Noise_90k_RMSELoss,RMSELoss,2026-07-22 02:48:02,52/200,2026-07-22 10:37:54,0.025362,0.062464,False,0.00002500,529.50,39682149,8,42
Densenet121_No_Noise_90k_RMSELoss_20260722_024802,Densenet121_No_Noise_90k_RMSELoss,RMSELoss,2026-07-22 02:48:02,53/200,2026-07-22 10:46:48,0.025098,0.062976,False,0.00002500,534.08,39682149,8,42
Densenet121_No_Noise_90k_RMSELoss_20260722_024802,Densenet121_No_Noise_90k_RMSELoss,RMSELoss,2026-07-22 02:48:02,54/200,2026-07-22 10:55:40,0.024791,0.062536,False,0.00002500,531.15,39682149,8,42
Densenet121_No_Noise_90k_RMSELoss_20260722_024802,Densenet121_No_Noise_90k_RMSELoss,RMSELoss,2026-07-22 02:48:02,55/200,2026-07-22 11:04:34,0.024578,0.062110,False,0.00002500,534.61,39682149,8,42
Densenet121_No_Noise_90k_RMSELoss_20260722_024802,Densenet121_No_Noise_90k_RMSELoss,RMSELoss,2026-07-22 02:48:02,56/200,2026-07-22 11:13:26,0.024415,0.062236,False,0.00002500,531.88,39682149,8,42
Densenet121_No_Noise_90k_RMSELoss_20260722_024802,Densenet121_No_Noise_90k_RMSELoss,RMSELoss,2026-07-22 02:48:02,57/200,2026-07-22 11:22:28,0.024155,0.062333,False,0.00002500,541.74,39682149,8,42
Densenet121_No_Noise_90k_RMSELoss_20260722_024802,Densenet121_No_Noise_90k_RMSELoss,RMSELoss,2026-07-22 02:48:02,58/200,2026-07-22 11:31:28,0.023960,0.087706,False,0.00002500,540.40,39682149,8,42
Densenet121_No_Noise_90k_RMSELoss_20260722_024802,Densenet121_No_Noise_90k_RMSELoss,RMSELoss,2026-07-22 02:48:02,59/200,2026-07-22 11:40:29,0.023670,0.061762,True,0.00002500,540.32,39682149,8,42
Densenet121_No_Noise_90k_RMSELoss_20260722_024802,Densenet121_No_Noise_90k_RMSELoss,RMSELoss,2026-07-22 02:48:02,60/200,2026-07-22 11:49:35,0.023520,0.062315,False,0.00001250,535.09,39682149,8,42
Densenet121_No_Noise_90k_RMSELoss_20260722_024802,Densenet121_No_Noise_90k_RMSELoss,RMSELoss,2026-07-22 02:48:02,61/200,2026-07-22 11:58:33,0.022035,0.062135,False,0.00001250,538.20,39682149,8,42
Densenet121_No_Noise_90k_RMSELoss_20260722_024802,Densenet121_No_Noise_90k_RMSELoss,RMSELoss,2026-07-22 02:48:02,62/200,2026-07-22 12:07:33,0.021099,0.062272,False,0.00001250,540.51,39682149,8,42
Densenet121_No_Noise_90k_RMSELoss_20260722_024802,Densenet121_No_Noise_90k_RMSELoss,RMSELoss,2026-07-22 02:48:02,63/200,2026-07-22 12:16:31,0.020723,0.065873,False,0.00001250,537.57,39682149,8,42
Densenet121_No_Noise_90k_RMSELoss_20260722_024802,Densenet121_No_Noise_90k_RMSELoss,RMSELoss,2026-07-22 02:48:02,64/200,2026-07-22 12:25:22,0.020491,0.061508,True,0.00001250,530.80,39682149,8,42
Densenet121_No_Noise_90k_RMSELoss_20260722_024802,Densenet121_No_Noise_90k_RMSELoss,RMSELoss,2026-07-22 02:48:02,65/200,2026-07-22 12:34:31,0.020235,0.062165,False,0.00001250,537.94,39682149,8,42
Densenet121_No_Noise_90k_RMSELoss_20260722_024802,Densenet121_No_Noise_90k_RMSELoss,RMSELoss,2026-07-22 02:48:02,66/200,2026-07-22 12:43:35,0.020096,0.064076,False,0.00001250,544.05,39682149,8,42
Densenet121_No_Noise_90k_RMSELoss_20260722_024802,Densenet121_No_Noise_90k_RMSELoss,RMSELoss,2026-07-22 02:48:02,67/200,2026-07-22 12:52:36,0.019907,0.061341,True,0.00001250,540.71,39682149,8,42
Densenet121_No_Noise_90k_RMSELoss_20260722_024802,Densenet121_No_Noise_90k_RMSELoss,RMSELoss,2026-07-22 02:48:02,68/200,2026-07-22 13:01:50,0.019757,0.063020,False,0.00001250,542.68,39682149,8,42
Densenet121_No_Noise_90k_RMSELoss_20260722_024802,Densenet121_No_Noise_90k_RMSELoss,RMSELoss,2026-07-22 02:48:02,69/200,2026-07-22 13:10:49,0.019619,0.065624,False,0.00001250,538.74,39682149,8,42
Densenet121_No_Noise_90k_RMSELoss_20260722_024802,Densenet121_No_Noise_90k_RMSELoss,RMSELoss,2026-07-22 02:48:02,70/200,2026-07-22 13:19:41,0.019502,0.063650,False,0.00001250,532.82,39682149,8,42
Densenet121_No_Noise_90k_RMSELoss_20260722_024802,Densenet121_No_Noise_90k_RMSELoss,RMSELoss,2026-07-22 02:48:02,71/200,2026-07-22 13:28:29,0.019323,0.064168,False,0.00001250,527.92,39682149,8,42
Densenet121_No_Noise_90k_RMSELoss_20260722_024802,Densenet121_No_Noise_90k_RMSELoss,RMSELoss,2026-07-22 02:48:02,72/200,2026-07-22 13:37:22,0.019205,0.062902,False,0.00001250,532.20,39682149,8,42
Densenet121_No_Noise_90k_RMSELoss_20260722_024802,Densenet121_No_Noise_90k_RMSELoss,RMSELoss,2026-07-22 02:48:02,73/200,2026-07-22 13:46:12,0.019057,0.065638,False,0.00001250,530.48,39682149,8,42
Densenet121_No_Noise_90k_RMSELoss_20260722_024802,Densenet121_No_Noise_90k_RMSELoss,RMSELoss,2026-07-22 02:48:02,74/200,2026-07-22 13:55:02,0.018953,0.061561,False,0.00001250,529.96,39682149,8,42
Densenet121_No_Noise_90k_RMSELoss_20260722_024802,Densenet121_No_Noise_90k_RMSELoss,RMSELoss,2026-07-22 02:48:02,75/200,2026-07-22 14:03:54,0.018866,0.061475,False,0.00001250,531.44,39682149,8,42
Densenet121_No_Noise_90k_RMSELoss_20260722_024802,Densenet121_No_Noise_90k_RMSELoss,RMSELoss,2026-07-22 02:48:02,76/200,2026-07-22 14:12:48,0.018748,0.062288,False,0.00001250,534.42,39682149,8,42
Densenet121_No_Noise_90k_RMSELoss_20260722_024802,Densenet121_No_Noise_90k_RMSELoss,RMSELoss,2026-07-22 02:48:02,77/200,2026-07-22 14:21:41,0.018582,0.066333,False,0.00001250,533.05,39682149,8,42
Densenet121_No_Noise_90k_RMSELoss_20260722_024802,Densenet121_No_Noise_90k_RMSELoss,RMSELoss,2026-07-22 02:48:02,78/200,2026-07-22 14:30:32,0.018513,0.061788,False,0.00001250,531.49,39682149,8,42
Densenet121_No_Noise_90k_RMSELoss_20260722_024802,Densenet121_No_Noise_90k_RMSELoss,RMSELoss,2026-07-22 02:48:02,79/200,2026-07-22 14:39:28,0.018372,0.064125,False,0.00001250,535.14,39682149,8,42
Densenet121_No_Noise_90k_RMSELoss_20260722_024802,Densenet121_No_Noise_90k_RMSELoss,RMSELoss,2026-07-22 02:48:02,80/200,2026-07-22 14:48:18,0.018262,0.061265,True,0.00000625,530.43,39682149,8,42
Densenet121_No_Noise_90k_RMSELoss_20260722_024802,Densenet121_No_Noise_90k_RMSELoss,RMSELoss,2026-07-22 02:48:02,81/200,2026-07-22 14:57:18,0.017586,0.062134,False,0.00000625,528.21,39682149,8,42
Densenet121_No_Noise_90k_RMSELoss_20260722_024802,Densenet121_No_Noise_90k_RMSELoss,RMSELoss,2026-07-22 02:48:02,82/200,2026-07-22 15:06:10,0.017195,0.061092,True,0.00000625,531.67,39682149,8,42
Densenet121_No_Noise_90k_RMSELoss_20260722_024802,Densenet121_No_Noise_90k_RMSELoss,RMSELoss,2026-07-22 02:48:02,83/200,2026-07-22 15:15:09,0.017082,0.061505,False,0.00000625,528.73,39682149,8,42
Densenet121_No_Noise_90k_RMSELoss_20260722_024802,Densenet121_No_Noise_90k_RMSELoss,RMSELoss,2026-07-22 02:48:02,84/200,2026-07-22 15:24:12,0.016952,0.063260,False,0.00000625,542.32,39682149,8,42
Densenet121_No_Noise_90k_RMSELoss_20260722_024802,Densenet121_No_Noise_90k_RMSELoss,RMSELoss,2026-07-22 02:48:02,85/200,2026-07-22 15:33:11,0.016829,0.079014,False,0.00000625,539.13,39682149,8,42
Densenet121_No_Noise_90k_RMSELoss_20260722_024802,Densenet121_No_Noise_90k_RMSELoss,RMSELoss,2026-07-22 02:48:02,86/200,2026-07-22 15:42:16,0.016779,0.061522,False,0.00000625,544.74,39682149,8,42
Densenet121_No_Noise_90k_RMSELoss_20260722_024802,Densenet121_No_Noise_90k_RMSELoss,RMSELoss,2026-07-22 02:48:02,87/200,2026-07-22 15:51:12,0.016722,0.061462,False,0.00000625,536.56,39682149,8,42
Densenet121_No_Noise_90k_RMSELoss_20260722_024802,Densenet121_No_Noise_90k_RMSELoss,RMSELoss,2026-07-22 02:48:02,88/200,2026-07-22 16:00:06,0.016622,0.061121,False,0.00000625,533.83,39682149,8,42
Densenet121_No_Noise_90k_RMSELoss_20260722_024802,Densenet121_No_Noise_90k_RMSELoss,RMSELoss,2026-07-22 02:48:02,89/200,2026-07-22 16:08:58,0.016538,0.070973,False,0.00000625,531.98,39682149,8,42
Densenet121_No_Noise_90k_RMSELoss_20260722_024802,Densenet121_No_Noise_90k_RMSELoss,RMSELoss,2026-07-22 02:48:02,90/200,2026-07-22 16:17:48,0.016438,0.062808,False,0.00000625,529.81,39682149,8,42
Densenet121_No_Noise_90k_RMSELoss_20260722_024802,Densenet121_No_Noise_90k_RMSELoss,RMSELoss,2026-07-22 02:48:02,91/200,2026-07-22 16:26:39,0.016395,0.061846,False,0.00000625,531.60,39682149,8,42
Densenet121_No_Noise_90k_RMSELoss_20260722_024802,Densenet121_No_Noise_90k_RMSELoss,RMSELoss,2026-07-22 02:48:02,92/200,2026-07-22 16:35:34,0.016343,0.064545,False,0.00000625,534.80,39682149,8,42
Densenet121_No_Noise_90k_RMSELoss_20260722_024802,Densenet121_No_Noise_90k_RMSELoss,RMSELoss,2026-07-22 02:48:02,93/200,2026-07-22 16:44:29,0.016264,0.061544,False,0.00000625,535.11,39682149,8,42
Densenet121_No_Noise_90k_RMSELoss_20260722_024802,Densenet121_No_Noise_90k_RMSELoss,RMSELoss,2026-07-22 02:48:02,94/200,2026-07-22 16:53:23,0.016224,0.063137,False,0.00000625,533.30,39682149,8,42
Densenet121_No_Noise_90k_RMSELoss_20260722_024802,Densenet121_No_Noise_90k_RMSELoss,RMSELoss,2026-07-22 02:48:02,95/200,2026-07-22 17:02:19,0.016142,0.064686,False,0.00000625,536.30,39682149,8,42
Densenet121_No_Noise_90k_RMSELoss_20260722_024802,Densenet121_No_Noise_90k_RMSELoss,RMSELoss,2026-07-22 02:48:02,96/200,2026-07-22 17:11:20,0.016142,0.061243,False,0.00000625,541.51,39682149,8,42
Densenet121_No_Noise_90k_RMSELoss_20260722_024802,Densenet121_No_Noise_90k_RMSELoss,RMSELoss,2026-07-22 02:48:02,97/200,2026-07-22 17:20:18,0.016011,0.074351,False,0.00000625,537.88,39682149,8,42
Densenet121_No_Noise_90k_RMSELoss_20260722_024802,Densenet121_No_Noise_90k_RMSELoss,RMSELoss,2026-07-22 02:48:02,98/200,2026-07-22 17:29:15,0.015955,0.069716,False,0.00000625,536.56,39682149,8,42
Densenet121_No_Noise_90k_RMSELoss_20260722_024802,Densenet121_No_Noise_90k_RMSELoss,RMSELoss,2026-07-22 02:48:02,99/200,2026-07-22 17:38:13,0.015927,0.060956,True,0.00000625,538.27,39682149,8,42
Densenet121_No_Noise_90k_RMSELoss_20260722_024802,Densenet121_No_Noise_90k_RMSELoss,RMSELoss,2026-07-22 02:48:02,100/200,2026-07-22 17:47:26,0.015890,0.064400,False,0.00000313,540.82,39682149,8,42
Densenet121_No_Noise_90k_RMSELoss_20260722_024802,Densenet121_No_Noise_90k_RMSELoss,RMSELoss,2026-07-22 02:48:02,101/200,2026-07-22 17:56:23,0.015505,0.079666,False,0.00000313,537.33,39682149,8,42
Densenet121_No_Noise_90k_RMSELoss_20260722_024802,Densenet121_No_Noise_90k_RMSELoss,RMSELoss,2026-07-22 02:48:02,102/200,2026-07-22 18:05:18,0.015419,0.061848,False,0.00000313,535.11,39682149,8,42
Densenet121_No_Noise_90k_RMSELoss_20260722_024802,Densenet121_No_Noise_90k_RMSELoss,RMSELoss,2026-07-22 02:48:02,103/200,2026-07-22 18:14:14,0.015338,0.090871,False,0.00000313,535.94,39682149,8,42
Densenet121_No_Noise_90k_RMSELoss_20260722_024802,Densenet121_No_Noise_90k_RMSELoss,RMSELoss,2026-07-22 02:48:02,104/200,2026-07-22 18:23:13,0.015265,0.065894,False,0.00000313,538.92,39682149,8,42
Densenet121_No_Noise_90k_RMSELoss_20260722_024802,Densenet121_No_Noise_90k_RMSELoss,RMSELoss,2026-07-22 02:48:02,105/200,2026-07-22 18:32:00,0.015224,0.071122,False,0.00000313,526.72,39682149,8,42
Densenet121_No_Noise_90k_RMSELoss_20260722_024802,Densenet121_No_Noise_90k_RMSELoss,RMSELoss,2026-07-22 02:48:02,106/200,2026-07-22 18:40:48,0.015189,0.066171,False,0.00000313,527.68,39682149,8,42
Densenet121_No_Noise_90k_RMSELoss_20260722_024802,Densenet121_No_Noise_90k_RMSELoss,RMSELoss,2026-07-22 02:48:02,107/200,2026-07-22 18:49:35,0.015141,0.067849,False,0.00000313,527.61,39682149,8,42
Densenet121_No_Noise_90k_RMSELoss_20260722_024802,Densenet121_No_Noise_90k_RMSELoss,RMSELoss,2026-07-22 02:48:02,108/200,2026-07-22 18:58:23,0.015106,0.063807,False,0.00000313,527.56,39682149,8,42
Densenet121_No_Noise_90k_RMSELoss_20260722_024802,Densenet121_No_Noise_90k_RMSELoss,RMSELoss,2026-07-22 02:48:02,109/200,2026-07-22 19:07:18,0.015061,0.098640,False,0.00000313,535.23,39682149,8,42
Densenet121_No_Noise_90k_RMSELoss_20260722_024802,Densenet121_No_Noise_90k_RMSELoss,RMSELoss,2026-07-22 02:48:02,110/200,2026-07-22 19:16:12,0.015046,0.069207,False,0.00000313,533.99,39682149,8,42
Densenet121_No_Noise_90k_RMSELoss_20260722_024802,Densenet121_No_Noise_90k_RMSELoss,RMSELoss,2026-07-22 02:48:02,111/200,2026-07-22 19:25:11,0.015023,0.066384,False,0.00000313,538.73,39682149,8,42
Densenet121_No_Noise_90k_RMSELoss_20260722_024802,Densenet121_No_Noise_90k_RMSELoss,RMSELoss,2026-07-22 02:48:02,112/200,2026-07-22 19:33:58,0.014935,0.062840,False,0.00000313,526.70,39682149,8,42
Densenet121_No_Noise_90k_RMSELoss_20260722_024802,Densenet121_No_Noise_90k_RMSELoss,RMSELoss,2026-07-22 02:48:02,113/200,2026-07-22 19:42:46,0.014951,0.061565,False,0.00000313,528.69,39682149,8,42
Densenet121_No_Noise_90k_RMSELoss_20260722_024802,Densenet121_No_Noise_90k_RMSELoss,RMSELoss,2026-07-22 02:48:02,114/200,2026-07-22 19:51:35,0.014900,0.063444,False,0.00000313,528.89,39682149,8,42
Densenet121_No_Noise_90k_RMSELoss_20260722_024802,Densenet121_No_Noise_90k_RMSELoss,RMSELoss,2026-07-22 02:48:02,115/200,2026-07-22 20:00:24,0.014852,0.062999,False,0.00000313,528.51,39682149,8,42
Densenet121_No_Noise_90k_RMSELoss_20260722_024802,Densenet121_No_Noise_90k_RMSELoss,RMSELoss,2026-07-22 02:48:02,116/200,2026-07-22 20:09:08,0.014844,0.064293,False,0.00000313,524.39,39682149,8,42
Densenet121_No_Noise_90k_RMSELoss_20260722_024802,Densenet121_No_Noise_90k_RMSELoss,RMSELoss,2026-07-22 02:48:02,117/200,2026-07-22 20:17:56,0.014825,0.061192,False,0.00000313,527.99,39682149,8,42
Densenet121_No_Noise_90k_RMSELoss_20260722_024802,Densenet121_No_Noise_90k_RMSELoss,RMSELoss,2026-07-22 02:48:02,118/200,2026-07-22 20:26:43,0.014849,0.064317,False,0.00000313,526.93,39682149,8,42
Densenet121_No_Noise_90k_RMSELoss_20260722_024802,Densenet121_No_Noise_90k_RMSELoss,RMSELoss,2026-07-22 02:48:02,119/200,2026-07-22 20:35:26,0.014773,0.073386,False,0.00000313,523.13,39682149,8,42
Densenet121_No_Noise_90k_RMSELoss_20260722_024802,Densenet121_No_Noise_90k_RMSELoss,RMSELoss,2026-07-22 02:48:02,120/200,2026-07-22 20:44:11,0.014740,0.087297,False,0.00000156,525.09,39682149,8,42
Densenet121_No_Noise_90k_RMSELoss_20260722_024802,Densenet121_No_Noise_90k_RMSELoss,RMSELoss,2026-07-22 02:48:02,121/200,2026-07-22 20:52:54,0.014584,0.085470,False,0.00000156,522.42,39682149,8,42
Densenet121_No_Noise_90k_RMSELoss_20260722_024802,Densenet121_No_Noise_90k_RMSELoss,RMSELoss,2026-07-22 02:48:02,122/200,2026-07-22 21:01:39,0.014524,0.076639,False,0.00000156,525.67,39682149,8,42
Densenet121_No_Noise_90k_RMSELoss_20260722_024802,Densenet121_No_Noise_90k_RMSELoss,RMSELoss,2026-07-22 02:48:02,123/200,2026-07-22 21:10:32,0.014484,0.079641,False,0.00000156,532.52,39682149,8,42
Densenet121_No_Noise_90k_RMSELoss_20260722_024802,Densenet121_No_Noise_90k_RMSELoss,RMSELoss,2026-07-22 02:48:02,124/200,2026-07-22 21:19:23,0.014474,0.070391,False,0.00000156,531.49,39682149,8,42
Densenet121_No_Noise_90k_RMSELoss_20260722_024802,Densenet121_No_Noise_90k_RMSELoss,RMSELoss,2026-07-22 02:48:02,125/200,2026-07-22 21:28:14,0.014478,0.063438,False,0.00000156,530.91,39682149,8,42
Densenet121_No_Noise_90k_RMSELoss_20260722_024802,Densenet121_No_Noise_90k_RMSELoss,RMSELoss,2026-07-22 02:48:02,126/200,2026-07-22 21:37:03,0.014402,0.062709,False,0.00000156,528.58,39682149,8,42
Densenet121_No_Noise_90k_RMSELoss_20260722_024802,Densenet121_No_Noise_90k_RMSELoss,RMSELoss,2026-07-22 02:48:02,127/200,2026-07-22 21:45:50,0.014408,0.061531,False,0.00000156,527.00,39682149,8,42
Densenet121_No_Noise_90k_RMSELoss_20260722_024802,Densenet121_No_Noise_90k_RMSELoss,RMSELoss,2026-07-22 02:48:02,128/200,2026-07-22 21:54:31,0.014358,0.080728,False,0.00000156,521.31,39682149,8,42
Densenet121_No_Noise_90k_RMSELoss_20260722_024802,Densenet121_No_Noise_90k_RMSELoss,RMSELoss,2026-07-22 02:48:02,129/200,2026-07-22 22:03:12,0.014385,0.065232,False,0.00000156,520.80,39682149,8,42
Densenet121_No_Noise_90k_RMSELoss_20260722_024802,Densenet121_No_Noise_90k_RMSELoss,RMSELoss,2026-07-22 02:48:02,130/200,2026-07-22 22:11:57,0.014367,0.062386,False,0.00000156,525.34,39682149,8,42
Densenet121_No_Noise_90k_RMSELoss_20260722_024802,Densenet121_No_Noise_90k_RMSELoss,RMSELoss,2026-07-22 02:48:02,131/200,2026-07-22 22:20:40,0.014351,0.102771,False,0.00000156,522.52,39682149,8,42
Densenet121_No_Noise_90k_RMSELoss_20260722_024802,Densenet121_No_Noise_90k_RMSELoss,RMSELoss,2026-07-22 02:48:02,132/200,2026-07-22 22:29:24,0.014290,0.065185,False,0.00000156,523.85,39682149,8,42
Densenet121_No_Noise_90k_RMSELoss_20260722_024802,Densenet121_No_Noise_90k_RMSELoss,RMSELoss,2026-07-22 02:48:02,133/200,2026-07-22 22:38:07,0.014296,0.063314,False,0.00000156,522.87,39682149,8,42
Densenet121_No_Noise_90k_RMSELoss_20260722_024802,Densenet121_No_Noise_90k_RMSELoss,RMSELoss,2026-07-22 02:48:02,134/200,2026-07-22 22:46:47,0.014287,0.065560,False,0.00000156,520.87,39682149,8,42
Densenet121_No_Noise_90k_RMSELoss_20260722_024802,Densenet121_No_Noise_90k_RMSELoss,RMSELoss,2026-07-22 02:48:02,135/200,2026-07-22 22:55:33,0.014243,0.082715,False,0.00000156,525.80,39682149,8,42
Densenet121_No_Noise_90k_RMSELoss_20260722_024802,Densenet121_No_Noise_90k_RMSELoss,RMSELoss,2026-07-22 02:48:02,136/200,2026-07-22 23:04:19,0.014227,0.082213,False,0.00000156,525.64,39682149,8,42
Densenet121_No_Noise_90k_RMSELoss_20260722_024802,Densenet121_No_Noise_90k_RMSELoss,RMSELoss,2026-07-22 02:48:02,137/200,2026-07-22 23:13:12,0.014229,0.100341,False,0.00000156,533.28,39682149,8,42
Densenet121_No_Noise_90k_RMSELoss_20260722_024802,Densenet121_No_Noise_90k_RMSELoss,RMSELoss,2026-07-22 02:48:02,138/200,2026-07-22 23:22:01,0.014199,0.063516,False,0.00000156,529.16,39682149,8,42
Densenet121_No_Noise_90k_RMSELoss_20260722_024802,Densenet121_No_Noise_90k_RMSELoss,RMSELoss,2026-07-22 02:48:02,139/200,2026-07-22 23:30:57,0.014203,0.068904,False,0.00000156,535.48,39682149,8,42
Densenet121_No_Noise_90k_RMSELoss_20260722_024802,Densenet121_No_Noise_90k_RMSELoss,RMSELoss,2026-07-22 02:48:02,140/200,2026-07-22 23:39:44,0.014179,0.066506,False,0.00000078,527.15,39682149,8,42
Densenet121_No_Noise_90k_RMSELoss_20260722_024802,Densenet121_No_Noise_90k_RMSELoss,RMSELoss,2026-07-22 02:48:02,141/200,2026-07-22 23:48:46,0.014121,0.063764,False,0.00000078,541.75,39682149,8,42
Densenet121_No_Noise_90k_RMSELoss_20260722_024802,Densenet121_No_Noise_90k_RMSELoss,RMSELoss,2026-07-22 02:48:02,142/200,2026-07-22 23:57:33,0.014100,0.061191,False,0.00000078,527.51,39682149,8,42
Densenet121_No_Noise_90k_RMSELoss_20260722_024802,Densenet121_No_Noise_90k_RMSELoss,RMSELoss,2026-07-22 02:48:02,143/200,2026-07-23 00:06:22,0.014095,0.068679,False,0.00000078,528.33,39682149,8,42
Densenet121_No_Noise_90k_RMSELoss_20260722_024802,Densenet121_No_Noise_90k_RMSELoss,RMSELoss,2026-07-22 02:48:02,144/200,2026-07-23 00:15:03,0.014049,0.084356,False,0.00000078,521.74,39682149,8,42
Densenet121_std0.1_90k_RMSELoss_20260803_131106,Densenet121_std0.1_90k_RMSELoss,RMSELoss,2026-08-03 13:11:06,1/200,2026-08-03 13:17:32,0.112899,0.108272,True,0.00010000,384.86,39682149,8,42
Densenet121_std0.1_90k_RMSELoss_20260803_131106,Densenet121_std0.1_90k_RMSELoss,RMSELoss,2026-08-03 13:11:06,2/200,2026-08-03 13:24:13,0.099116,0.100957,True,0.00010000,391.09,39682149,8,42
Densenet121_std0.1_90k_RMSELoss_20260803_131106,Densenet121_std0.1_90k_RMSELoss,RMSELoss,2026-08-03 13:11:06,3/200,2026-08-03 13:30:49,0.093645,0.103940,False,0.00010000,386.11,39682149,8,42
Densenet121_std0.1_90k_RMSELoss_20260803_131106,Densenet121_std0.1_90k_RMSELoss,RMSELoss,2026-08-03 13:11:06,4/200,2026-08-03 13:37:20,0.090137,0.093472,True,0.00010000,390.60,39682149,8,42
Densenet121_std0.1_90k_RMSELoss_20260803_131106,Densenet121_std0.1_90k_RMSELoss,RMSELoss,2026-08-03 13:11:06,5/200,2026-08-03 13:43:54,0.087780,0.095295,False,0.00010000,384.71,39682149,8,42
Densenet121_std0.1_90k_RMSELoss_20260803_131106,Densenet121_std0.1_90k_RMSELoss,RMSELoss,2026-08-03 13:11:06,6/200,2026-08-03 13:50:19,0.085408,0.094162,False,0.00010000,384.70,39682149,8,42
Densenet121_std0.1_90k_RMSELoss_20260803_131106,Densenet121_std0.1_90k_RMSELoss,RMSELoss,2026-08-03 13:11:06,7/200,2026-08-03 13:56:54,0.083850,0.093901,False,0.00010000,395.40,39682149,8,42
Densenet121_std0.1_90k_RMSELoss_20260803_131106,Densenet121_std0.1_90k_RMSELoss,RMSELoss,2026-08-03 13:11:06,8/200,2026-08-03 14:03:19,0.082428,0.095203,False,0.00010000,385.09,39682149,8,42
Densenet121_std0.1_90k_RMSELoss_20260803_131106,Densenet121_std0.1_90k_RMSELoss,RMSELoss,2026-08-03 13:11:06,9/200,2026-08-03 14:09:44,0.080944,0.094540,False,0.00010000,384.63,39682149,8,42
Densenet121_std0.1_90k_RMSELoss_20260803_131106,Densenet121_std0.1_90k_RMSELoss,RMSELoss,2026-08-03 13:11:06,10/200,2026-08-03 14:16:22,0.079560,0.090095,True,0.00010000,398.36,39682149,8,42
Densenet121_std0.1_90k_RMSELoss_20260803_131106,Densenet121_std0.1_90k_RMSELoss,RMSELoss,2026-08-03 13:11:06,11/200,2026-08-03 14:23:03,0.078273,0.087390,True,0.00010000,390.85,39682149,8,42
Densenet121_std0.1_90k_RMSELoss_20260803_131106,Densenet121_std0.1_90k_RMSELoss,RMSELoss,2026-08-03 13:11:06,12/200,2026-08-03 14:29:41,0.077296,0.088700,False,0.00010000,387.94,39682149,8,42
Densenet121_std0.1_90k_RMSELoss_20260803_131106,Densenet121_std0.1_90k_RMSELoss,RMSELoss,2026-08-03 13:11:06,13/200,2026-08-03 14:36:09,0.075892,0.095681,False,0.00010000,388.36,39682149,8,42
Densenet121_std0.1_90k_RMSELoss_20260803_131106,Densenet121_std0.1_90k_RMSELoss,RMSELoss,2026-08-03 13:11:06,14/200,2026-08-03 14:42:34,0.074983,0.087842,False,0.00010000,384.71,39682149,8,42
Densenet121_std0.1_90k_RMSELoss_20260803_131106,Densenet121_std0.1_90k_RMSELoss,RMSELoss,2026-08-03 13:11:06,15/200,2026-08-03 14:49:00,0.074491,0.089303,False,0.00010000,385.68,39682149,8,42
Densenet121_std0.1_90k_RMSELoss_20260803_131106,Densenet121_std0.1_90k_RMSELoss,RMSELoss,2026-08-03 13:11:06,16/200,2026-08-03 14:55:32,0.073110,0.087841,False,0.00010000,392.10,39682149,8,42
Densenet121_std0.1_90k_RMSELoss_20260803_131106,Densenet121_std0.1_90k_RMSELoss,RMSELoss,2026-08-03 13:11:06,17/200,2026-08-03 15:02:03,0.072446,0.093147,False,0.00010000,391.72,39682149,8,42
Densenet121_std0.1_90k_RMSELoss_20260803_131106,Densenet121_std0.1_90k_RMSELoss,RMSELoss,2026-08-03 13:11:06,18/200,2026-08-03 15:08:33,0.071373,0.084551,True,0.00010000,389.58,39682149,8,42
Densenet121_std0.1_90k_RMSELoss_20260803_131106,Densenet121_std0.1_90k_RMSELoss,RMSELoss,2026-08-03 13:11:06,19/200,2026-08-03 15:15:10,0.070592,0.087248,False,0.00010000,387.43,39682149,8,42
Densenet121_std0.1_90k_RMSELoss_20260803_131106,Densenet121_std0.1_90k_RMSELoss,RMSELoss,2026-08-03 13:11:06,20/200,2026-08-03 15:21:35,0.069997,0.087217,False,0.00005000,384.78,39682149,8,42
Densenet121_std0.1_90k_RMSELoss_20260803_131106,Densenet121_std0.1_90k_RMSELoss,RMSELoss,2026-08-03 13:11:06,21/200,2026-08-03 15:28:17,0.065197,0.087884,False,0.00005000,402.27,39682149,8,42
Densenet121_std0.1_90k_RMSELoss_20260803_131106,Densenet121_std0.1_90k_RMSELoss,RMSELoss,2026-08-03 13:11:06,22/200,2026-08-03 15:34:45,0.063650,0.085778,False,0.00005000,387.68,39682149,8,42
Densenet121_std0.1_90k_RMSELoss_20260803_131106,Densenet121_std0.1_90k_RMSELoss,RMSELoss,2026-08-03 13:11:06,23/200,2026-08-03 15:41:10,0.062639,0.086708,False,0.00005000,384.62,39682149,8,42
Densenet121_std0.1_90k_RMSELoss_20260803_131106,Densenet121_std0.1_90k_RMSELoss,RMSELoss,2026-08-03 13:11:06,24/200,2026-08-03 15:47:37,0.061680,0.086719,False,0.00005000,387.58,39682149,8,42
Densenet121_std0.1_90k_RMSELoss_20260803_131106,Densenet121_std0.1_90k_RMSELoss,RMSELoss,2026-08-03 13:11:06,25/200,2026-08-03 15:54:08,0.061156,0.087930,False,0.00005000,390.32,39682149,8,42
Densenet121_std0.1_90k_RMSELoss_20260803_131106,Densenet121_std0.1_90k_RMSELoss,RMSELoss,2026-08-03 13:11:06,26/200,2026-08-03 16:00:36,0.060244,0.086100,False,0.00005000,388.30,39682149,8,42
Densenet121_std0.1_90k_RMSELoss_20260803_131106,Densenet121_std0.1_90k_RMSELoss,RMSELoss,2026-08-03 13:11:06,27/200,2026-08-03 16:07:07,0.059809,0.083302,True,0.00005000,391.10,39682149,8,42
Densenet121_std0.1_90k_RMSELoss_20260803_131106,Densenet121_std0.1_90k_RMSELoss,RMSELoss,2026-08-03 13:11:06,28/200,2026-08-03 16:13:43,0.059006,0.085471,False,0.00005000,385.66,39682149,8,42
Densenet121_std0.1_90k_RMSELoss_20260803_131106,Densenet121_std0.1_90k_RMSELoss,RMSELoss,2026-08-03 13:11:06,29/200,2026-08-03 16:20:15,0.058473,0.086350,False,0.00005000,392.04,39682149,8,42
Densenet121_std0.1_90k_RMSELoss_20260803_131106,Densenet121_std0.1_90k_RMSELoss,RMSELoss,2026-08-03 13:11:06,30/200,2026-08-03 16:26:44,0.057887,0.086717,False,0.00005000,388.88,39682149,8,42
Densenet121_std0.1_90k_RMSELoss_20260803_131106,Densenet121_std0.1_90k_RMSELoss,RMSELoss,2026-08-03 13:11:06,31/200,2026-08-03 16:33:11,0.057253,0.086439,False,0.00005000,387.20,39682149,8,42
Densenet121_std0.1_90k_RMSELoss_20260803_131106,Densenet121_std0.1_90k_RMSELoss,RMSELoss,2026-08-03 13:11:06,32/200,2026-08-03 16:39:43,0.056734,0.082313,True,0.00005000,391.88,39682149,8,42
Densenet121_std0.1_90k_RMSELoss_20260803_131106,Densenet121_std0.1_90k_RMSELoss,RMSELoss,2026-08-03 13:11:06,33/200,2026-08-03 16:46:19,0.056182,0.086547,False,0.00005000,386.20,39682149,8,42
Densenet121_std0.1_90k_RMSELoss_20260803_131106,Densenet121_std0.1_90k_RMSELoss,RMSELoss,2026-08-03 13:11:06,34/200,2026-08-03 16:52:45,0.055755,0.084095,False,0.00005000,386.63,39682149,8,42
Densenet121_std0.1_90k_RMSELoss_20260803_131106,Densenet121_std0.1_90k_RMSELoss,RMSELoss,2026-08-03 13:11:06,35/200,2026-08-03 16:59:10,0.055283,0.083940,False,0.00005000,384.94,39682149,8,42
Densenet121_std0.1_90k_RMSELoss_20260803_131106,Densenet121_std0.1_90k_RMSELoss,RMSELoss,2026-08-03 13:11:06,36/200,2026-08-03 17:05:44,0.054778,0.082042,True,0.00005000,393.41,39682149,8,42
Densenet121_std0.1_90k_RMSELoss_20260803_131106,Densenet121_std0.1_90k_RMSELoss,RMSELoss,2026-08-03 13:11:06,37/200,2026-08-03 17:12:17,0.054564,0.084486,False,0.00005000,383.28,39682149,8,42
Densenet121_std0.1_90k_RMSELoss_20260803_131106,Densenet121_std0.1_90k_RMSELoss,RMSELoss,2026-08-03 13:11:06,38/200,2026-08-03 17:18:43,0.053947,0.081369,True,0.00005000,386.51,39682149,8,42
Densenet121_std0.1_90k_RMSELoss_20260803_131106,Densenet121_std0.1_90k_RMSELoss,RMSELoss,2026-08-03 13:11:06,39/200,2026-08-03 17:25:18,0.053580,0.082799,False,0.00005000,385.16,39682149,8,42
Densenet121_std0.1_90k_RMSELoss_20260803_131106,Densenet121_std0.1_90k_RMSELoss,RMSELoss,2026-08-03 13:11:06,40/200,2026-08-03 17:31:51,0.053208,0.082267,False,0.00002500,392.67,39682149,8,42
Densenet121_std0.1_90k_RMSELoss_20260803_131106,Densenet121_std0.1_90k_RMSELoss,RMSELoss,2026-08-03 13:11:06,41/200,2026-08-03 17:38:19,0.050217,0.080060,True,0.00002500,387.83,39682149,8,42
Densenet121_std0.1_90k_RMSELoss_20260803_131106,Densenet121_std0.1_90k_RMSELoss,RMSELoss,2026-08-03 13:11:06,42/200,2026-08-03 17:44:55,0.049152,0.083234,False,0.00002500,385.99,39682149,8,42
Densenet121_std0.1_90k_RMSELoss_20260803_131106,Densenet121_std0.1_90k_RMSELoss,RMSELoss,2026-08-03 13:11:06,43/200,2026-08-03 17:51:21,0.048586,0.081737,False,0.00002500,386.51,39682149,8,42
Densenet121_std0.1_90k_RMSELoss_20260803_131106,Densenet121_std0.1_90k_RMSELoss,RMSELoss,2026-08-03 13:11:06,44/200,2026-08-03 17:57:50,0.048144,0.082759,False,0.00002500,388.66,39682149,8,42
Densenet121_std0.1_90k_RMSELoss_20260803_131106,Densenet121_std0.1_90k_RMSELoss,RMSELoss,2026-08-03 13:11:06,45/200,2026-08-03 18:04:16,0.047881,0.083373,False,0.00002500,386.08,39682149,8,42
Densenet121_std0.1_90k_RMSELoss_20260803_131106,Densenet121_std0.1_90k_RMSELoss,RMSELoss,2026-08-03 13:11:06,46/200,2026-08-03 18:10:47,0.047311,0.082412,False,0.00002500,390.46,39682149,8,42
Densenet121_std0.1_90k_RMSELoss_20260803_131106,Densenet121_std0.1_90k_RMSELoss,RMSELoss,2026-08-03 13:11:06,47/200,2026-08-03 18:17:23,0.046977,0.082306,False,0.00002500,396.29,39682149,8,42
Densenet121_std0.1_90k_RMSELoss_20260803_131106,Densenet121_std0.1_90k_RMSELoss,RMSELoss,2026-08-03 13:11:06,48/200,2026-08-03 18:23:52,0.046696,0.080894,False,0.00002500,389.48,39682149,8,42
Densenet121_std0.1_90k_RMSELoss_20260803_131106,Densenet121_std0.1_90k_RMSELoss,RMSELoss,2026-08-03 13:11:06,49/200,2026-08-03 18:30:17,0.046337,0.081521,False,0.00002500,384.36,39682149,8,42
Densenet121_std0.1_90k_RMSELoss_20260803_131106,Densenet121_std0.1_90k_RMSELoss,RMSELoss,2026-08-03 13:11:06,50/200,2026-08-03 18:36:43,0.046040,0.083556,False,0.00002500,385.87,39682149,8,42
Densenet121_std0.1_90k_RMSELoss_20260803_131106,Densenet121_std0.1_90k_RMSELoss,RMSELoss,2026-08-03 13:11:06,51/200,2026-08-03 18:43:10,0.045655,0.082584,False,0.00002500,387.58,39682149,8,42
Densenet121_std0.1_90k_RMSELoss_20260803_131106,Densenet121_std0.1_90k_RMSELoss,RMSELoss,2026-08-03 13:11:06,52/200,2026-08-03 18:49:44,0.045682,0.079737,True,0.00002500,393.56,39682149,8,42
Densenet121_std0.1_90k_RMSELoss_20260803_131106,Densenet121_std0.1_90k_RMSELoss,RMSELoss,2026-08-03 13:11:06,53/200,2026-08-03 18:56:21,0.045131,0.079779,False,0.00002500,387.23,39682149,8,42
Densenet121_std0.1_90k_RMSELoss_20260803_131106,Densenet121_std0.1_90k_RMSELoss,RMSELoss,2026-08-03 13:11:06,54/200,2026-08-03 19:02:53,0.044985,0.081614,False,0.00002500,392.37,39682149,8,42
Densenet121_std0.1_90k_RMSELoss_20260803_131106,Densenet121_std0.1_90k_RMSELoss,RMSELoss,2026-08-03 13:11:06,55/200,2026-08-03 19:09:24,0.044793,0.080227,False,0.00002500,390.34,39682149,8,42
Densenet121_std0.1_90k_RMSELoss_20260803_131106,Densenet121_std0.1_90k_RMSELoss,RMSELoss,2026-08-03 13:11:06,56/200,2026-08-03 19:15:56,0.044452,0.080988,False,0.00002500,392.63,39682149,8,42
Densenet121_std0.1_90k_RMSELoss_20260803_131106,Densenet121_std0.1_90k_RMSELoss,RMSELoss,2026-08-03 13:11:06,57/200,2026-08-03 19:22:26,0.044161,0.080790,False,0.00002500,389.39,39682149,8,42
Densenet121_std0.1_90k_RMSELoss_20260803_131106,Densenet121_std0.1_90k_RMSELoss,RMSELoss,2026-08-03 13:11:06,58/200,2026-08-03 19:28:53,0.043961,0.089091,False,0.00002500,387.12,39682149,8,42
Densenet121_std0.1_90k_RMSELoss_20260803_131106,Densenet121_std0.1_90k_RMSELoss,RMSELoss,2026-08-03 13:11:06,59/200,2026-08-03 19:35:24,0.043717,0.083236,False,0.00002500,390.86,39682149,8,42
Densenet121_std0.1_90k_RMSELoss_20260803_131106,Densenet121_std0.1_90k_RMSELoss,RMSELoss,2026-08-03 13:11:06,60/200,2026-08-03 19:41:56,0.043441,0.081544,False,0.00001250,392.55,39682149,8,42
Densenet121_std0.1_90k_RMSELoss_20260803_131106,Densenet121_std0.1_90k_RMSELoss,RMSELoss,2026-08-03 13:11:06,61/200,2026-08-03 19:48:25,0.041896,0.083503,False,0.00001250,389.16,39682149,8,42
Densenet121_std0.1_90k_RMSELoss_20260803_131106,Densenet121_std0.1_90k_RMSELoss,RMSELoss,2026-08-03 13:11:06,62/200,2026-08-03 19:54:53,0.041371,0.082422,False,0.00001250,388.11,39682149,8,42
Densenet121_std0.1_90k_RMSELoss_20260803_131106,Densenet121_std0.1_90k_RMSELoss,RMSELoss,2026-08-03 13:11:06,63/200,2026-08-03 20:01:26,0.040969,0.081572,False,0.00001250,392.42,39682149,8,42
Densenet121_std0.1_90k_RMSELoss_20260803_131106,Densenet121_std0.1_90k_RMSELoss,RMSELoss,2026-08-03 13:11:06,64/200,2026-08-03 20:07:50,0.040720,0.081901,False,0.00001250,384.15,39682149,8,42
Densenet121_std0.1_90k_RMSELoss_20260803_131106,Densenet121_std0.1_90k_RMSELoss,RMSELoss,2026-08-03 13:11:06,65/200,2026-08-03 20:14:14,0.040467,0.081995,False,0.00001250,384.06,39682149,8,42
Densenet121_std0.1_90k_RMSELoss_20260803_131106,Densenet121_std0.1_90k_RMSELoss,RMSELoss,2026-08-03 13:11:06,66/200,2026-08-03 20:20:46,0.040269,0.081171,False,0.00001250,391.74,39682149,8,42
Densenet121_std0.1_90k_RMSELoss_20260803_131106,Densenet121_std0.1_90k_RMSELoss,RMSELoss,2026-08-03 13:11:06,67/200,2026-08-03 20:27:17,0.040204,0.081677,False,0.00001250,391.62,39682149,8,42
Densenet121_std0.1_90k_RMSELoss_20260803_131106,Densenet121_std0.1_90k_RMSELoss,RMSELoss,2026-08-03 13:11:06,68/200,2026-08-03 20:33:45,0.039941,0.081212,False,0.00001250,387.36,39682149,8,42
Densenet121_std0.1_90k_RMSELoss_20260803_131106,Densenet121_std0.1_90k_RMSELoss,RMSELoss,2026-08-03 13:11:06,69/200,2026-08-03 20:40:15,0.039865,0.082570,False,0.00001250,390.60,39682149,8,42
Densenet121_std0.1_90k_RMSELoss_20260803_131106,Densenet121_std0.1_90k_RMSELoss,RMSELoss,2026-08-03 13:11:06,70/200,2026-08-03 20:46:46,0.039681,0.079159,True,0.00001250,390.24,39682149,8,42
Densenet121_std0.1_90k_RMSELoss_20260803_131106,Densenet121_std0.1_90k_RMSELoss,RMSELoss,2026-08-03 13:11:06,71/200,2026-08-03 20:53:20,0.039359,0.081689,False,0.00001250,384.43,39682149,8,42
Densenet121_std0.1_90k_RMSELoss_20260803_131106,Densenet121_std0.1_90k_RMSELoss,RMSELoss,2026-08-03 13:11:06,72/200,2026-08-03 20:59:45,0.039337,0.082778,False,0.00001250,385.34,39682149,8,42
Densenet121_std0.1_90k_RMSELoss_20260803_131106,Densenet121_std0.1_90k_RMSELoss,RMSELoss,2026-08-03 13:11:06,73/200,2026-08-03 21:06:13,0.039222,0.081346,False,0.00001250,387.68,39682149,8,42
Densenet121_std0.1_90k_RMSELoss_20260803_131106,Densenet121_std0.1_90k_RMSELoss,RMSELoss,2026-08-03 13:11:06,74/200,2026-08-03 21:12:45,0.039038,0.080571,False,0.00001250,392.34,39682149,8,42
Densenet121_std0.1_90k_RMSELoss_20260803_131106,Densenet121_std0.1_90k_RMSELoss,RMSELoss,2026-08-03 13:11:06,75/200,2026-08-03 21:19:17,0.038801,0.081228,False,0.00001250,392.01,39682149,8,42
Densenet121_std0.1_90k_RMSELoss_20260803_131106,Densenet121_std0.1_90k_RMSELoss,RMSELoss,2026-08-03 13:11:06,76/200,2026-08-03 21:25:45,0.038701,0.080828,False,0.00001250,388.13,39682149,8,42
Densenet121_std0.1_90k_RMSELoss_20260803_131106,Densenet121_std0.1_90k_RMSELoss,RMSELoss,2026-08-03 13:11:06,77/200,2026-08-03 21:32:11,0.038593,0.081724,False,0.00001250,385.25,39682149,8,42
Densenet121_std0.1_90k_RMSELoss_20260803_131106,Densenet121_std0.1_90k_RMSELoss,RMSELoss,2026-08-03 13:11:06,78/200,2026-08-03 21:38:40,0.038376,0.082861,False,0.00001250,389.55,39682149,8,42
Densenet121_std0.1_90k_RMSELoss_20260803_131106,Densenet121_std0.1_90k_RMSELoss,RMSELoss,2026-08-03 13:11:06,79/200,2026-08-03 21:45:06,0.038342,0.081682,False,0.00001250,385.46,39682149,8,42
Densenet121_std0.1_90k_RMSELoss_20260803_131106,Densenet121_std0.1_90k_RMSELoss,RMSELoss,2026-08-03 13:11:06,80/200,2026-08-03 21:51:38,0.038172,0.080692,False,0.00000625,391.85,39682149,8,42
Densenet121_std0.1_90k_RMSELoss_20260803_131106,Densenet121_std0.1_90k_RMSELoss,RMSELoss,2026-08-03 13:11:06,81/200,2026-08-03 21:58:04,0.037320,0.081403,False,0.00000625,386.71,39682149,8,42
Densenet121_std0.1_90k_RMSELoss_20260803_131106,Densenet121_std0.1_90k_RMSELoss,RMSELoss,2026-08-03 13:11:06,82/200,2026-08-03 22:04:31,0.036982,0.080509,False,0.00000625,386.26,39682149,8,42
Densenet121_std0.1_90k_RMSELoss_20260803_131106,Densenet121_std0.1_90k_RMSELoss,RMSELoss,2026-08-03 13:11:06,83/200,2026-08-03 22:10:56,0.036922,0.080081,False,0.00000625,385.81,39682149,8,42
Densenet121_std0.1_90k_RMSELoss_20260803_131106,Densenet121_std0.1_90k_RMSELoss,RMSELoss,2026-08-03 13:11:06,84/200,2026-08-03 22:17:22,0.036733,0.081117,False,0.00000625,385.15,39682149,8,42
Densenet121_std0.1_90k_RMSELoss_20260803_131106,Densenet121_std0.1_90k_RMSELoss,RMSELoss,2026-08-03 13:11:06,85/200,2026-08-03 22:23:52,0.036552,0.084965,False,0.00000625,390.17,39682149,8,42
Densenet121_std0.1_90k_RMSELoss_20260803_131106,Densenet121_std0.1_90k_RMSELoss,RMSELoss,2026-08-03 13:11:06,86/200,2026-08-03 22:30:21,0.036495,0.080823,False,0.00000625,389.29,39682149,8,42
Densenet121_std0.1_90k_RMSELoss_20260803_131106,Densenet121_std0.1_90k_RMSELoss,RMSELoss,2026-08-03 13:11:06,87/200,2026-08-03 22:36:52,0.036402,0.081356,False,0.00000625,391.34,39682149,8,42
Densenet121_std0.1_90k_RMSELoss_20260803_131106,Densenet121_std0.1_90k_RMSELoss,RMSELoss,2026-08-03 13:11:06,88/200,2026-08-03 22:43:18,0.036287,0.079301,False,0.00000625,385.87,39682149,8,42
Densenet121_std0.1_90k_RMSELoss_20260803_131106,Densenet121_std0.1_90k_RMSELoss,RMSELoss,2026-08-03 13:11:06,89/200,2026-08-03 22:49:44,0.036259,0.082022,False,0.00000625,385.80,39682149,8,42
Densenet121_std0.1_90k_RMSELoss_20260803_131106,Densenet121_std0.1_90k_RMSELoss,RMSELoss,2026-08-03 13:11:06,90/200,2026-08-03 22:56:11,0.036112,0.080764,False,0.00000625,386.46,39682149,8,42
Densenet121_std0.1_90k_RMSELoss_20260803_131106,Densenet121_std0.1_90k_RMSELoss,RMSELoss,2026-08-03 13:11:06,91/200,2026-08-03 23:02:42,0.036034,0.079672,False,0.00000625,391.75,39682149,8,42
Densenet121_std0.1_90k_RMSELoss_20260803_131106,Densenet121_std0.1_90k_RMSELoss,RMSELoss,2026-08-03 13:11:06,92/200,2026-08-03 23:09:10,0.035993,0.080908,False,0.00000625,387.98,39682149,8,42
Densenet121_std0.1_90k_RMSELoss_20260803_131106,Densenet121_std0.1_90k_RMSELoss,RMSELoss,2026-08-03 13:11:06,93/200,2026-08-03 23:15:42,0.035871,0.079632,False,0.00000625,391.84,39682149,8,42
Densenet121_std0.1_90k_RMSELoss_20260803_131106,Densenet121_std0.1_90k_RMSELoss,RMSELoss,2026-08-03 13:11:06,94/200,2026-08-03 23:22:09,0.035805,0.080851,False,0.00000625,386.82,39682149,8,42
Densenet121_std0.1_90k_RMSELoss_20260803_131106,Densenet121_std0.1_90k_RMSELoss,RMSELoss,2026-08-03 13:11:06,95/200,2026-08-03 23:28:40,0.035743,0.081118,False,0.00000625,391.30,39682149,8,42
Densenet121_std0.1_90k_RMSELoss_20260803_131106,Densenet121_std0.1_90k_RMSELoss,RMSELoss,2026-08-03 13:11:06,96/200,2026-08-03 23:35:06,0.035722,0.079632,False,0.00000625,385.96,39682149,8,42
Densenet121_std0.1_90k_RMSELoss_20260803_131106,Densenet121_std0.1_90k_RMSELoss,RMSELoss,2026-08-03 13:11:06,97/200,2026-08-03 23:41:33,0.035621,0.080819,False,0.00000625,386.88,39682149,8,42
Densenet121_std0.1_90k_RMSELoss_20260803_131106,Densenet121_std0.1_90k_RMSELoss,RMSELoss,2026-08-03 13:11:06,98/200,2026-08-03 23:48:04,0.035478,0.081314,False,0.00000625,390.90,39682149,8,42
Densenet121_std0.1_90k_RMSELoss_20260803_131106,Densenet121_std0.1_90k_RMSELoss,RMSELoss,2026-08-03 13:11:06,99/200,2026-08-03 23:54:29,0.035426,0.080163,False,0.00000625,384.97,39682149,8,42
Densenet121_std0.1_90k_RMSELoss_20260803_131106,Densenet121_std0.1_90k_RMSELoss,RMSELoss,2026-08-03 13:11:06,100/200,2026-08-04 00:00:55,0.035413,0.080347,False,0.00000313,386.23,39682149,8,42
Densenet121_std0.1_90k_RMSELoss_20260803_131106,Densenet121_std0.1_90k_RMSELoss,RMSELoss,2026-08-03 13:11:06,101/200,2026-08-04 00:07:21,0.034924,0.081698,False,0.00000313,386.03,39682149,8,42
Densenet121_std0.1_90k_RMSELoss_20260803_131106,Densenet121_std0.1_90k_RMSELoss,RMSELoss,2026-08-03 13:11:06,102/200,2026-08-04 00:13:53,0.034869,0.079087,True,0.00000313,391.52,39682149,8,42
Densenet121_std0.1_90k_RMSELoss_20260803_131106,Densenet121_std0.1_90k_RMSELoss,RMSELoss,2026-08-03 13:11:06,103/200,2026-08-04 00:20:35,0.034761,0.083272,False,0.00000313,391.99,39682149,8,42
Densenet121_std0.1_90k_RMSELoss_20260803_131106,Densenet121_std0.1_90k_RMSELoss,RMSELoss,2026-08-03 13:11:06,104/200,2026-08-04 00:27:01,0.034629,0.079781,False,0.00000313,386.17,39682149,8,42
Densenet121_std0.1_90k_RMSELoss_20260803_131106,Densenet121_std0.1_90k_RMSELoss,RMSELoss,2026-08-03 13:11:06,105/200,2026-08-04 00:33:32,0.034520,0.081472,False,0.00000313,391.25,39682149,8,42
Densenet121_std0.1_90k_RMSELoss_20260803_131106,Densenet121_std0.1_90k_RMSELoss,RMSELoss,2026-08-03 13:11:06,106/200,2026-08-04 00:40:10,0.034531,0.081677,False,0.00000313,397.61,39682149,8,42
Densenet121_std0.1_90k_RMSELoss_20260803_131106,Densenet121_std0.1_90k_RMSELoss,RMSELoss,2026-08-03 13:11:06,107/200,2026-08-04 00:46:39,0.034574,0.082240,False,0.00000313,388.97,39682149,8,42
Densenet121_std0.1_90k_RMSELoss_20260803_131106,Densenet121_std0.1_90k_RMSELoss,RMSELoss,2026-08-03 13:11:06,108/200,2026-08-04 00:53:06,0.034436,0.082372,False,0.00000313,387.44,39682149,8,42
Densenet121_std0.1_90k_RMSELoss_20260803_131106,Densenet121_std0.1_90k_RMSELoss,RMSELoss,2026-08-03 13:11:06,109/200,2026-08-04 00:59:34,0.034332,0.083982,False,0.00000313,387.92,39682149,8,42
Densenet121_std0.1_90k_RMSELoss_20260803_131106,Densenet121_std0.1_90k_RMSELoss,RMSELoss,2026-08-03 13:11:06,110/200,2026-08-04 01:06:02,0.034354,0.081152,False,0.00000313,387.81,39682149,8,42
Densenet121_std0.1_90k_RMSELoss_20260803_131106,Densenet121_std0.1_90k_RMSELoss,RMSELoss,2026-08-03 13:11:06,111/200,2026-08-04 01:12:28,0.034272,0.082410,False,0.00000313,385.69,39682149,8,42
Densenet121_std0.1_90k_RMSELoss_20260803_131106,Densenet121_std0.1_90k_RMSELoss,RMSELoss,2026-08-03 13:11:06,112/200,2026-08-04 01:18:58,0.034267,0.081010,False,0.00000313,390.73,39682149,8,42
Densenet121_std0.1_90k_RMSELoss_20260803_131106,Densenet121_std0.1_90k_RMSELoss,RMSELoss,2026-08-03 13:11:06,113/200,2026-08-04 01:25:25,0.034283,0.080391,False,0.00000313,386.35,39682149,8,42
Densenet121_std0.1_90k_RMSELoss_20260803_131106,Densenet121_std0.1_90k_RMSELoss,RMSELoss,2026-08-03 13:11:06,114/200,2026-08-04 01:31:51,0.034229,0.083686,False,0.00000313,385.95,39682149,8,42
Densenet121_std0.1_90k_RMSELoss_20260803_131106,Densenet121_std0.1_90k_RMSELoss,RMSELoss,2026-08-03 13:11:06,115/200,2026-08-04 01:38:18,0.034225,0.084561,False,0.00000313,387.35,39682149,8,42
Densenet121_std0.1_90k_RMSELoss_20260803_131106,Densenet121_std0.1_90k_RMSELoss,RMSELoss,2026-08-03 13:11:06,116/200,2026-08-04 01:44:43,0.034111,0.083109,False,0.00000313,385.14,39682149,8,42
Densenet121_std0.1_90k_RMSELoss_20260803_131106,Densenet121_std0.1_90k_RMSELoss,RMSELoss,2026-08-03 13:11:06,117/200,2026-08-04 01:51:14,0.034090,0.080409,False,0.00000313,390.83,39682149,8,42
Densenet121_std0.1_90k_RMSELoss_20260803_131106,Densenet121_std0.1_90k_RMSELoss,RMSELoss,2026-08-03 13:11:06,118/200,2026-08-04 01:57:42,0.034051,0.081393,False,0.00000313,387.76,39682149,8,42
Densenet121_std0.1_90k_RMSELoss_20260803_131106,Densenet121_std0.1_90k_RMSELoss,RMSELoss,2026-08-03 13:11:06,119/200,2026-08-04 02:04:07,0.033973,0.081657,False,0.00000313,385.51,39682149,8,42
Densenet121_std0.1_90k_RMSELoss_20260803_131106,Densenet121_std0.1_90k_RMSELoss,RMSELoss,2026-08-03 13:11:06,120/200,2026-08-04 02:10:33,0.033990,0.086985,False,0.00000156,385.86,39682149,8,42
Densenet121_std0.1_90k_RMSELoss_20260803_131106,Densenet121_std0.1_90k_RMSELoss,RMSELoss,2026-08-03 13:11:06,121/200,2026-08-04 02:17:01,0.033829,0.084332,False,0.00000156,387.94,39682149,8,42
Densenet121_std0.1_90k_RMSELoss_20260803_131106,Densenet121_std0.1_90k_RMSELoss,RMSELoss,2026-08-03 13:11:06,122/200,2026-08-04 02:23:34,0.033637,0.083481,False,0.00000156,392.76,39682149,8,42
Densenet121_std0.1_90k_RMSELoss_20260803_131106,Densenet121_std0.1_90k_RMSELoss,RMSELoss,2026-08-03 13:11:06,123/200,2026-08-04 02:30:01,0.033641,0.081512,False,0.00000156,387.35,39682149,8,42
Densenet121_std0.1_90k_RMSELoss_20260803_131106,Densenet121_std0.1_90k_RMSELoss,RMSELoss,2026-08-03 13:11:06,124/200,2026-08-04 02:36:31,0.033646,0.094199,False,0.00000156,389.75,39682149,8,42
Densenet121_std0.1_90k_RMSELoss_20260803_131106,Densenet121_std0.1_90k_RMSELoss,RMSELoss,2026-08-03 13:11:06,125/200,2026-08-04 02:42:57,0.033551,0.082133,False,0.00000156,386.23,39682149,8,42
Densenet121_std0.1_90k_RMSELoss_20260803_131106,Densenet121_std0.1_90k_RMSELoss,RMSELoss,2026-08-03 13:11:06,126/200,2026-08-04 02:49:25,0.033549,0.082451,False,0.00000156,387.67,39682149,8,42
Densenet121_std0.1_90k_RMSELoss_20260803_131106,Densenet121_std0.1_90k_RMSELoss,RMSELoss,2026-08-03 13:11:06,127/200,2026-08-04 02:56:59,0.033493,0.080767,False,0.00000156,453.70,39682149,8,42
Densenet121_std0.1_90k_RMSELoss_20260803_131106,Densenet121_std0.1_90k_RMSELoss,RMSELoss,2026-08-03 13:11:06,128/200,2026-08-04 03:04:43,0.033511,0.091670,False,0.00000156,463.85,39682149,8,42
Densenet121_std0.1_90k_RMSELoss_20260803_131106,Densenet121_std0.1_90k_RMSELoss,RMSELoss,2026-08-03 13:11:06,129/200,2026-08-04 03:11:38,0.033468,0.082075,False,0.00000156,415.75,39682149,8,42
Densenet121_std0.1_90k_RMSELoss_20260803_131106,Densenet121_std0.1_90k_RMSELoss,RMSELoss,2026-08-03 13:11:06,130/200,2026-08-04 03:18:37,0.033430,0.082271,False,0.00000156,418.23,39682149,8,42
Densenet121_std0.1_90k_RMSELoss_20260803_131106,Densenet121_std0.1_90k_RMSELoss,RMSELoss,2026-08-03 13:11:06,131/200,2026-08-04 03:25:43,0.033316,0.082934,False,0.00000156,426.87,39682149,8,42
Densenet121_std0.1_90k_RMSELoss_20260803_131106,Densenet121_std0.1_90k_RMSELoss,RMSELoss,2026-08-03 13:11:06,132/200,2026-08-04 03:32:55,0.033468,0.082115,False,0.00000156,431.16,39682149,8,42
Densenet121_std0.1_90k_RMSELoss_20260803_131106,Densenet121_std0.1_90k_RMSELoss,RMSELoss,2026-08-03 13:11:06,133/200,2026-08-04 03:40:13,0.033422,0.082216,False,0.00000156,438.18,39682149,8,42
Densenet121_std0.1_90k_RMSELoss_20260803_131106,Densenet121_std0.1_90k_RMSELoss,RMSELoss,2026-08-03 13:11:06,134/200,2026-08-04 03:47:12,0.033409,0.087284,False,0.00000156,419.45,39682149,8,42
Densenet121_std0.1_90k_RMSELoss_20260803_131106,Densenet121_std0.1_90k_RMSELoss,RMSELoss,2026-08-03 13:11:06,135/200,2026-08-04 03:54:07,0.033332,0.085777,False,0.00000156,414.88,39682149,8,42
Densenet121_std0.1_90k_RMSELoss_20260803_131106,Densenet121_std0.1_90k_RMSELoss,RMSELoss,2026-08-03 13:11:06,136/200,2026-08-04 04:00:53,0.033251,0.084633,False,0.00000156,405.94,39682149,8,42
Densenet121_std0.1_90k_RMSELoss_20260803_131106,Densenet121_std0.1_90k_RMSELoss,RMSELoss,2026-08-03 13:11:06,137/200,2026-08-04 04:07:37,0.033251,0.092176,False,0.00000156,403.92,39682149,8,42
Densenet121_std0.1_90k_RMSELoss_20260803_131106,Densenet121_std0.1_90k_RMSELoss,RMSELoss,2026-08-03 13:11:06,138/200,2026-08-04 04:14:13,0.033297,0.082916,False,0.00000156,395.54,39682149,8,42
Densenet121_std0.1_90k_RMSELoss_20260803_131106,Densenet121_std0.1_90k_RMSELoss,RMSELoss,2026-08-03 13:11:06,139/200,2026-08-04 04:20:51,0.033254,0.082189,False,0.00000156,398.82,39682149,8,42
Densenet121_std0.1_90k_RMSELoss_20260803_131106,Densenet121_std0.1_90k_RMSELoss,RMSELoss,2026-08-03 13:11:06,140/200,2026-08-04 04:27:32,0.033231,0.082251,False,0.00000078,401.11,39682149,8,42
Densenet121_std0.1_90k_RMSELoss_20260803_131106,Densenet121_std0.1_90k_RMSELoss,RMSELoss,2026-08-03 13:11:06,141/200,2026-08-04 04:34:13,0.033218,0.081398,False,0.00000078,400.20,39682149,8,42
Densenet121_std0.1_90k_RMSELoss_20260803_131106,Densenet121_std0.1_90k_RMSELoss,RMSELoss,2026-08-03 13:11:06,142/200,2026-08-04 04:40:56,0.033052,0.080157,False,0.00000078,403.04,39682149,8,42
Densenet121_std0.1_90k_RMSELoss_20260803_131106,Densenet121_std0.1_90k_RMSELoss,RMSELoss,2026-08-03 13:11:06,143/200,2026-08-04 04:47:41,0.033051,0.081040,False,0.00000078,405.47,39682149,8,42
Densenet121_std0.1_90k_RMSELoss_20260803_131106,Densenet121_std0.1_90k_RMSELoss,RMSELoss,2026-08-03 13:11:06,144/200,2026-08-04 04:54:26,0.033127,0.087753,False,0.00000078,405.16,39682149,8,42
Densenet121_std0.1_90k_RMSELoss_20260803_131106,Densenet121_std0.1_90k_RMSELoss,RMSELoss,2026-08-03 13:11:06,145/200,2026-08-04 05:01:07,0.032975,0.082897,False,0.00000078,400.80,39682149,8,42
Densenet121_std0.1_90k_RMSELoss_20260803_131106,Densenet121_std0.1_90k_RMSELoss,RMSELoss,2026-08-03 13:11:06,146/200,2026-08-04 05:07:49,0.033050,0.083784,False,0.00000078,402.29,39682149,8,42
Densenet121_std0.1_90k_RMSELoss_20260803_131106,Densenet121_std0.1_90k_RMSELoss,RMSELoss,2026-08-03 13:11:06,147/200,2026-08-04 05:14:30,0.032943,0.081520,False,0.00000078,401.01,39682149,8,42
Densenet121_std0.02_90k_RMSELoss_20260728_102646,Densenet121_std0.02_90k_RMSELoss,RMSELoss,2026-07-28 10:26:46,1/200,2026-07-28 10:33:14,0.111217,0.096666,True,0.00010000,387.01,39682149,8,42
Densenet121_std0.02_90k_RMSELoss_20260728_102646,Densenet121_std0.02_90k_RMSELoss,RMSELoss,2026-07-28 10:26:46,2/200,2026-07-28 10:39:58,0.096236,0.089690,True,0.00010000,394.38,39682149,8,42
Densenet121_std0.02_90k_RMSELoss_20260728_102646,Densenet121_std0.02_90k_RMSELoss,RMSELoss,2026-07-28 10:26:46,3/200,2026-07-28 10:46:33,0.089907,0.085944,True,0.00010000,384.19,39682149,8,42
Densenet121_std0.02_90k_RMSELoss_20260728_102646,Densenet121_std0.02_90k_RMSELoss,RMSELoss,2026-07-28 10:26:46,4/200,2026-07-28 10:53:08,0.085724,0.082956,True,0.00010000,385.13,39682149,8,42
Densenet121_std0.02_90k_RMSELoss_20260728_102646,Densenet121_std0.02_90k_RMSELoss,RMSELoss,2026-07-28 10:26:46,5/200,2026-07-28 10:59:38,0.082830,0.080768,True,0.00010000,380.48,39682149,8,42
Densenet121_std0.02_90k_RMSELoss_20260728_102646,Densenet121_std0.02_90k_RMSELoss,RMSELoss,2026-07-28 10:26:46,6/200,2026-07-28 11:06:18,0.080065,0.079843,True,0.00010000,389.87,39682149,8,42
Densenet121_std0.02_90k_RMSELoss_20260728_102646,Densenet121_std0.02_90k_RMSELoss,RMSELoss,2026-07-28 10:26:46,7/200,2026-07-28 11:12:53,0.077908,0.077488,True,0.00010000,385.28,39682149,8,42
Densenet121_std0.02_90k_RMSELoss_20260728_102646,Densenet121_std0.02_90k_RMSELoss,RMSELoss,2026-07-28 10:26:46,8/200,2026-07-28 11:19:33,0.075983,0.076567,True,0.00010000,389.80,39682149,8,42
Densenet121_std0.02_90k_RMSELoss_20260728_102646,Densenet121_std0.02_90k_RMSELoss,RMSELoss,2026-07-28 10:26:46,9/200,2026-07-28 11:26:08,0.074229,0.077439,False,0.00010000,384.97,39682149,8,42
Densenet121_std0.02_90k_RMSELoss_20260728_102646,Densenet121_std0.02_90k_RMSELoss,RMSELoss,2026-07-28 10:26:46,10/200,2026-07-28 11:32:40,0.072361,0.073549,True,0.00010000,392.14,39682149,8,42
Densenet121_std0.02_90k_RMSELoss_20260728_102646,Densenet121_std0.02_90k_RMSELoss,RMSELoss,2026-07-28 10:26:46,11/200,2026-07-28 11:39:16,0.070740,0.075810,False,0.00010000,385.87,39682149,8,42
Densenet121_std0.02_90k_RMSELoss_20260728_102646,Densenet121_std0.02_90k_RMSELoss,RMSELoss,2026-07-28 10:26:46,12/200,2026-07-28 11:45:47,0.069505,0.073262,True,0.00010000,391.41,39682149,8,42
Densenet121_std0.02_90k_RMSELoss_20260728_102646,Densenet121_std0.02_90k_RMSELoss,RMSELoss,2026-07-28 10:26:46,13/200,2026-07-28 11:52:21,0.067688,0.073119,True,0.00010000,383.72,39682149,8,42
Densenet121_std0.02_90k_RMSELoss_20260728_102646,Densenet121_std0.02_90k_RMSELoss,RMSELoss,2026-07-28 10:26:46,14/200,2026-07-28 11:58:55,0.066546,0.073671,False,0.00010000,384.73,39682149,8,42
Densenet121_std0.02_90k_RMSELoss_20260728_102646,Densenet121_std0.02_90k_RMSELoss,RMSELoss,2026-07-28 10:26:46,15/200,2026-07-28 12:05:20,0.065242,0.071295,True,0.00010000,384.58,39682149,8,42
Densenet121_std0.02_90k_RMSELoss_20260728_102646,Densenet121_std0.02_90k_RMSELoss,RMSELoss,2026-07-28 10:26:46,16/200,2026-07-28 12:11:56,0.063803,0.071450,False,0.00010000,386.20,39682149,8,42
Densenet121_std0.02_90k_RMSELoss_20260728_102646,Densenet121_std0.02_90k_RMSELoss,RMSELoss,2026-07-28 10:26:46,17/200,2026-07-28 12:18:22,0.062792,0.071142,True,0.00010000,385.73,39682149,8,42
Densenet121_std0.02_90k_RMSELoss_20260728_102646,Densenet121_std0.02_90k_RMSELoss,RMSELoss,2026-07-28 10:26:46,18/200,2026-07-28 12:24:54,0.061778,0.070963,True,0.00010000,382.23,39682149,8,42
Densenet121_std0.02_90k_RMSELoss_20260728_102646,Densenet121_std0.02_90k_RMSELoss,RMSELoss,2026-07-28 10:26:46,19/200,2026-07-28 12:31:26,0.060441,0.070492,True,0.00010000,382.48,39682149,8,42
Densenet121_std0.02_90k_RMSELoss_20260728_102646,Densenet121_std0.02_90k_RMSELoss,RMSELoss,2026-07-28 10:26:46,20/200,2026-07-28 12:38:09,0.059453,0.068474,True,0.00005000,392.57,39682149,8,42
Densenet121_std0.02_90k_RMSELoss_20260728_102646,Densenet121_std0.02_90k_RMSELoss,RMSELoss,2026-07-28 10:26:46,21/200,2026-07-28 12:44:56,0.053931,0.066460,True,0.00005000,396.58,39682149,8,42
Densenet121_std0.02_90k_RMSELoss_20260728_102646,Densenet121_std0.02_90k_RMSELoss,RMSELoss,2026-07-28 10:26:46,22/200,2026-07-28 12:51:32,0.051720,0.066394,True,0.00005000,386.73,39682149,8,42
Densenet121_std0.02_90k_RMSELoss_20260728_102646,Densenet121_std0.02_90k_RMSELoss,RMSELoss,2026-07-28 10:26:46,23/200,2026-07-28 12:58:10,0.050522,0.065630,True,0.00005000,387.73,39682149,8,42
Densenet121_std0.02_90k_RMSELoss_20260728_102646,Densenet121_std0.02_90k_RMSELoss,RMSELoss,2026-07-28 10:26:46,24/200,2026-07-28 13:04:46,0.049201,0.065905,False,0.00005000,386.50,39682149,8,42
Densenet121_std0.02_90k_RMSELoss_20260728_102646,Densenet121_std0.02_90k_RMSELoss,RMSELoss,2026-07-28 10:26:46,25/200,2026-07-28 13:11:18,0.048377,0.065954,False,0.00005000,391.25,39682149,8,42
Densenet121_std0.02_90k_RMSELoss_20260728_102646,Densenet121_std0.02_90k_RMSELoss,RMSELoss,2026-07-28 10:26:46,26/200,2026-07-28 13:17:43,0.047523,0.065653,False,0.00005000,385.81,39682149,8,42
Densenet121_std0.02_90k_RMSELoss_20260728_102646,Densenet121_std0.02_90k_RMSELoss,RMSELoss,2026-07-28 10:26:46,27/200,2026-07-28 13:24:10,0.046785,0.066025,False,0.00005000,386.31,39682149,8,42
Densenet121_std0.02_90k_RMSELoss_20260728_102646,Densenet121_std0.02_90k_RMSELoss,RMSELoss,2026-07-28 10:26:46,28/200,2026-07-28 13:30:41,0.045947,0.065489,True,0.00005000,390.97,39682149,8,42
Densenet121_std0.02_90k_RMSELoss_20260728_102646,Densenet121_std0.02_90k_RMSELoss,RMSELoss,2026-07-28 10:26:46,29/200,2026-07-28 13:37:18,0.045161,0.065645,False,0.00005000,387.54,39682149,8,42
Densenet121_std0.02_90k_RMSELoss_20260728_102646,Densenet121_std0.02_90k_RMSELoss,RMSELoss,2026-07-28 10:26:46,30/200,2026-07-28 13:43:47,0.044675,0.065094,True,0.00005000,388.92,39682149,8,42
Densenet121_std0.02_90k_RMSELoss_20260728_102646,Densenet121_std0.02_90k_RMSELoss,RMSELoss,2026-07-28 10:26:46,31/200,2026-07-28 13:50:22,0.043948,0.065456,False,0.00005000,384.71,39682149,8,42
Densenet121_std0.02_90k_RMSELoss_20260728_102646,Densenet121_std0.02_90k_RMSELoss,RMSELoss,2026-07-28 10:26:46,32/200,2026-07-28 13:56:49,0.043418,0.065654,False,0.00005000,387.71,39682149,8,42
Densenet121_std0.02_90k_RMSELoss_20260728_102646,Densenet121_std0.02_90k_RMSELoss,RMSELoss,2026-07-28 10:26:46,33/200,2026-07-28 14:03:14,0.042863,0.065592,False,0.00005000,384.27,39682149,8,42
Densenet121_std0.02_90k_RMSELoss_20260728_102646,Densenet121_std0.02_90k_RMSELoss,RMSELoss,2026-07-28 10:26:46,34/200,2026-07-28 14:09:45,0.042438,0.065918,False,0.00005000,390.91,39682149,8,42
Densenet121_std0.02_90k_RMSELoss_20260728_102646,Densenet121_std0.02_90k_RMSELoss,RMSELoss,2026-07-28 10:26:46,35/200,2026-07-28 14:16:12,0.041767,0.065326,False,0.00005000,387.08,39682149,8,42
Densenet121_std0.02_90k_RMSELoss_20260728_102646,Densenet121_std0.02_90k_RMSELoss,RMSELoss,2026-07-28 10:26:46,36/200,2026-07-28 14:22:40,0.041381,0.065699,False,0.00005000,388.66,39682149,8,42
Densenet121_std0.02_90k_RMSELoss_20260728_102646,Densenet121_std0.02_90k_RMSELoss,RMSELoss,2026-07-28 10:26:46,37/200,2026-07-28 14:29:06,0.040915,0.065698,False,0.00005000,385.69,39682149,8,42
Densenet121_std0.02_90k_RMSELoss_20260728_102646,Densenet121_std0.02_90k_RMSELoss,RMSELoss,2026-07-28 10:26:46,38/200,2026-07-28 14:35:38,0.040452,0.065218,False,0.00005000,392.38,39682149,8,42
Densenet121_std0.02_90k_RMSELoss_20260728_102646,Densenet121_std0.02_90k_RMSELoss,RMSELoss,2026-07-28 10:26:46,39/200,2026-07-28 14:42:06,0.040062,0.064506,True,0.00005000,387.92,39682149,8,42
Densenet121_std0.02_90k_RMSELoss_20260728_102646,Densenet121_std0.02_90k_RMSELoss,RMSELoss,2026-07-28 10:26:46,40/200,2026-07-28 14:48:41,0.039556,0.065211,False,0.00002500,384.41,39682149,8,42
Densenet121_std0.02_90k_RMSELoss_20260728_102646,Densenet121_std0.02_90k_RMSELoss,RMSELoss,2026-07-28 10:26:46,41/200,2026-07-28 14:55:09,0.036506,0.063986,True,0.00002500,388.68,39682149,8,42
Densenet121_std0.02_90k_RMSELoss_20260728_102646,Densenet121_std0.02_90k_RMSELoss,RMSELoss,2026-07-28 10:26:46,42/200,2026-07-28 15:01:46,0.034972,0.064058,False,0.00002500,386.45,39682149,8,42
Densenet121_std0.02_90k_RMSELoss_20260728_102646,Densenet121_std0.02_90k_RMSELoss,RMSELoss,2026-07-28 10:26:46,43/200,2026-07-28 15:08:18,0.034246,0.063968,True,0.00002500,392.05,39682149,8,42
Densenet121_std0.02_90k_RMSELoss_20260728_102646,Densenet121_std0.02_90k_RMSELoss,RMSELoss,2026-07-28 10:26:46,44/200,2026-07-28 15:14:54,0.033808,0.064641,False,0.00002500,386.29,39682149,8,42
Densenet121_std0.02_90k_RMSELoss_20260728_102646,Densenet121_std0.02_90k_RMSELoss,RMSELoss,2026-07-28 10:26:46,45/200,2026-07-28 15:21:22,0.033314,0.064030,False,0.00002500,387.61,39682149,8,42
Densenet121_std0.02_90k_RMSELoss_20260728_102646,Densenet121_std0.02_90k_RMSELoss,RMSELoss,2026-07-28 10:26:46,46/200,2026-07-28 15:27:46,0.032972,0.064099,False,0.00002500,384.58,39682149,8,42
Densenet121_std0.02_90k_RMSELoss_20260728_102646,Densenet121_std0.02_90k_RMSELoss,RMSELoss,2026-07-28 10:26:46,47/200,2026-07-28 15:34:16,0.032618,0.063554,True,0.00002500,389.91,39682149,8,42
Densenet121_std0.02_90k_RMSELoss_20260728_102646,Densenet121_std0.02_90k_RMSELoss,RMSELoss,2026-07-28 10:26:46,48/200,2026-07-28 15:40:52,0.032259,0.064191,False,0.00002500,385.59,39682149,8,42
Densenet121_std0.02_90k_RMSELoss_20260728_102646,Densenet121_std0.02_90k_RMSELoss,RMSELoss,2026-07-28 10:26:46,49/200,2026-07-28 15:47:24,0.031969,0.064084,False,0.00002500,392.34,39682149,8,42
Densenet121_std0.02_90k_RMSELoss_20260728_102646,Densenet121_std0.02_90k_RMSELoss,RMSELoss,2026-07-28 10:26:46,50/200,2026-07-28 15:53:56,0.031698,0.064048,False,0.00002500,391.53,39682149,8,42
Densenet121_std0.02_90k_RMSELoss_20260728_102646,Densenet121_std0.02_90k_RMSELoss,RMSELoss,2026-07-28 10:26:46,51/200,2026-07-28 16:00:26,0.031310,0.064435,False,0.00002500,390.66,39682149,8,42
Densenet121_std0.02_90k_RMSELoss_20260728_102646,Densenet121_std0.02_90k_RMSELoss,RMSELoss,2026-07-28 10:26:46,52/200,2026-07-28 16:06:57,0.031044,0.063585,False,0.00002500,391.04,39682149,8,42
Densenet121_std0.02_90k_RMSELoss_20260728_102646,Densenet121_std0.02_90k_RMSELoss,RMSELoss,2026-07-28 10:26:46,53/200,2026-07-28 16:13:29,0.030839,0.064301,False,0.00002500,392.07,39682149,8,42
Densenet121_std0.02_90k_RMSELoss_20260728_102646,Densenet121_std0.02_90k_RMSELoss,RMSELoss,2026-07-28 10:26:46,54/200,2026-07-28 16:19:56,0.030529,0.063593,False,0.00002500,386.48,39682149,8,42
Densenet121_std0.02_90k_RMSELoss_20260728_102646,Densenet121_std0.02_90k_RMSELoss,RMSELoss,2026-07-28 10:26:46,55/200,2026-07-28 16:26:25,0.030351,0.063444,True,0.00002500,389.57,39682149,8,42
Densenet121_std0.02_90k_RMSELoss_20260728_102646,Densenet121_std0.02_90k_RMSELoss,RMSELoss,2026-07-28 10:26:46,56/200,2026-07-28 16:33:03,0.030098,0.064972,False,0.00002500,387.31,39682149,8,42
Densenet121_std0.02_90k_RMSELoss_20260728_102646,Densenet121_std0.02_90k_RMSELoss,RMSELoss,2026-07-28 10:26:46,57/200,2026-07-28 16:39:38,0.029928,0.064254,False,0.00002500,395.10,39682149,8,42
Densenet121_std0.02_90k_RMSELoss_20260728_102646,Densenet121_std0.02_90k_RMSELoss,RMSELoss,2026-07-28 10:26:46,58/200,2026-07-28 16:46:04,0.029688,0.086677,False,0.00002500,386.30,39682149,8,42
Densenet121_std0.02_90k_RMSELoss_20260728_102646,Densenet121_std0.02_90k_RMSELoss,RMSELoss,2026-07-28 10:26:46,59/200,2026-07-28 16:52:37,0.029399,0.063863,False,0.00002500,392.55,39682149,8,42
Densenet121_std0.02_90k_RMSELoss_20260728_102646,Densenet121_std0.02_90k_RMSELoss,RMSELoss,2026-07-28 10:26:46,60/200,2026-07-28 16:59:02,0.029196,0.063856,False,0.00001250,385.43,39682149,8,42
Densenet121_std0.02_90k_RMSELoss_20260728_102646,Densenet121_std0.02_90k_RMSELoss,RMSELoss,2026-07-28 10:26:46,61/200,2026-07-28 17:05:39,0.027604,0.063911,False,0.00001250,396.82,39682149,8,42
Densenet121_std0.02_90k_RMSELoss_20260728_102646,Densenet121_std0.02_90k_RMSELoss,RMSELoss,2026-07-28 10:26:46,62/200,2026-07-28 17:12:08,0.026904,0.063423,True,0.00001250,388.56,39682149,8,42
Densenet121_std0.02_90k_RMSELoss_20260728_102646,Densenet121_std0.02_90k_RMSELoss,RMSELoss,2026-07-28 10:26:46,63/200,2026-07-28 17:18:43,0.026500,0.065622,False,0.00001250,385.35,39682149,8,42
Densenet121_std0.02_90k_RMSELoss_20260728_102646,Densenet121_std0.02_90k_RMSELoss,RMSELoss,2026-07-28 10:26:46,64/200,2026-07-28 17:25:11,0.026275,0.063234,True,0.00001250,388.02,39682149,8,42
Densenet121_std0.02_90k_RMSELoss_20260728_102646,Densenet121_std0.02_90k_RMSELoss,RMSELoss,2026-07-28 10:26:46,65/200,2026-07-28 17:31:50,0.026065,0.064435,False,0.00001250,389.12,39682149,8,42
Densenet121_std0.02_90k_RMSELoss_20260728_102646,Densenet121_std0.02_90k_RMSELoss,RMSELoss,2026-07-28 10:26:46,66/200,2026-07-28 17:38:25,0.025864,0.069822,False,0.00001250,394.58,39682149,8,42
Densenet121_std0.02_90k_RMSELoss_20260728_102646,Densenet121_std0.02_90k_RMSELoss,RMSELoss,2026-07-28 10:26:46,67/200,2026-07-28 17:44:56,0.025698,0.063385,False,0.00001250,391.33,39682149,8,42
Densenet121_std0.02_90k_RMSELoss_20260728_102646,Densenet121_std0.02_90k_RMSELoss,RMSELoss,2026-07-28 10:26:46,68/200,2026-07-28 17:51:24,0.025475,0.063547,False,0.00001250,388.16,39682149,8,42
Densenet121_std0.02_90k_RMSELoss_20260728_102646,Densenet121_std0.02_90k_RMSELoss,RMSELoss,2026-07-28 10:26:46,69/200,2026-07-28 17:57:58,0.025356,0.066312,False,0.00001250,393.78,39682149,8,42
Densenet121_std0.02_90k_RMSELoss_20260728_102646,Densenet121_std0.02_90k_RMSELoss,RMSELoss,2026-07-28 10:26:46,70/200,2026-07-28 18:04:24,0.025251,0.063716,False,0.00001250,385.77,39682149,8,42
Densenet121_std0.02_90k_RMSELoss_20260728_102646,Densenet121_std0.02_90k_RMSELoss,RMSELoss,2026-07-28 10:26:46,71/200,2026-07-28 18:10:56,0.025105,0.067718,False,0.00001250,392.67,39682149,8,42
Densenet121_std0.02_90k_RMSELoss_20260728_102646,Densenet121_std0.02_90k_RMSELoss,RMSELoss,2026-07-28 10:26:46,72/200,2026-07-28 18:17:25,0.024996,0.074453,False,0.00001250,388.94,39682149,8,42
Densenet121_std0.02_90k_RMSELoss_20260728_102646,Densenet121_std0.02_90k_RMSELoss,RMSELoss,2026-07-28 10:26:46,73/200,2026-07-28 18:23:54,0.024847,0.064407,False,0.00001250,388.68,39682149,8,42
Densenet121_std0.02_90k_RMSELoss_20260728_102646,Densenet121_std0.02_90k_RMSELoss,RMSELoss,2026-07-28 10:26:46,74/200,2026-07-28 18:30:28,0.024697,0.063557,False,0.00001250,394.43,39682149,8,42
Densenet121_std0.02_90k_RMSELoss_20260728_102646,Densenet121_std0.02_90k_RMSELoss,RMSELoss,2026-07-28 10:26:46,75/200,2026-07-28 18:37:05,0.024589,0.063635,False,0.00001250,396.85,39682149,8,42
Densenet121_std0.02_90k_RMSELoss_20260728_102646,Densenet121_std0.02_90k_RMSELoss,RMSELoss,2026-07-28 10:26:46,76/200,2026-07-28 18:43:35,0.024384,0.063883,False,0.00001250,389.44,39682149,8,42
Densenet121_std0.02_90k_RMSELoss_20260728_102646,Densenet121_std0.02_90k_RMSELoss,RMSELoss,2026-07-28 10:26:46,77/200,2026-07-28 18:50:02,0.024306,0.066642,False,0.00001250,387.27,39682149,8,42
Densenet121_std0.02_90k_RMSELoss_20260728_102646,Densenet121_std0.02_90k_RMSELoss,RMSELoss,2026-07-28 10:26:46,78/200,2026-07-28 18:56:29,0.024180,0.063798,False,0.00001250,386.86,39682149,8,42
Densenet121_std0.02_90k_RMSELoss_20260728_102646,Densenet121_std0.02_90k_RMSELoss,RMSELoss,2026-07-28 10:26:46,79/200,2026-07-28 19:02:58,0.024012,0.063491,False,0.00001250,389.49,39682149,8,42
Densenet121_std0.02_90k_RMSELoss_20260728_102646,Densenet121_std0.02_90k_RMSELoss,RMSELoss,2026-07-28 10:26:46,80/200,2026-07-28 19:09:37,0.023957,0.063324,False,0.00000625,398.87,39682149,8,42
Densenet121_std0.02_90k_RMSELoss_20260728_102646,Densenet121_std0.02_90k_RMSELoss,RMSELoss,2026-07-28 10:26:46,81/200,2026-07-28 19:16:06,0.023160,0.064086,False,0.00000625,389.18,39682149,8,42
Densenet121_std0.02_90k_RMSELoss_20260728_102646,Densenet121_std0.02_90k_RMSELoss,RMSELoss,2026-07-28 10:26:46,82/200,2026-07-28 19:22:36,0.022859,0.063070,True,0.00000625,389.09,39682149,8,42
Densenet121_std0.02_90k_RMSELoss_20260728_102646,Densenet121_std0.02_90k_RMSELoss,RMSELoss,2026-07-28 10:26:46,83/200,2026-07-28 19:29:10,0.022724,0.063264,False,0.00000625,384.59,39682149,8,42
Densenet121_std0.02_90k_RMSELoss_20260728_102646,Densenet121_std0.02_90k_RMSELoss,RMSELoss,2026-07-28 10:26:46,84/200,2026-07-28 19:35:42,0.022581,0.065017,False,0.00000625,391.92,39682149,8,42
Densenet121_std0.02_90k_RMSELoss_20260728_102646,Densenet121_std0.02_90k_RMSELoss,RMSELoss,2026-07-28 10:26:46,85/200,2026-07-28 19:42:11,0.022497,0.080622,False,0.00000625,389.49,39682149,8,42
Densenet121_std0.02_90k_RMSELoss_20260728_102646,Densenet121_std0.02_90k_RMSELoss,RMSELoss,2026-07-28 10:26:46,86/200,2026-07-28 19:48:38,0.022322,0.062981,True,0.00000625,386.85,39682149,8,42
Densenet121_std0.02_90k_RMSELoss_20260728_102646,Densenet121_std0.02_90k_RMSELoss,RMSELoss,2026-07-28 10:26:46,87/200,2026-07-28 19:55:16,0.022355,0.063119,False,0.00000625,387.77,39682149,8,42
Densenet121_std0.02_90k_RMSELoss_20260728_102646,Densenet121_std0.02_90k_RMSELoss,RMSELoss,2026-07-28 10:26:46,88/200,2026-07-28 20:01:48,0.022248,0.063162,False,0.00000625,391.96,39682149,8,42
Densenet121_std0.02_90k_RMSELoss_20260728_102646,Densenet121_std0.02_90k_RMSELoss,RMSELoss,2026-07-28 10:26:46,89/200,2026-07-28 20:08:18,0.022185,0.076336,False,0.00000625,389.62,39682149,8,42
Densenet121_std0.02_90k_RMSELoss_20260728_102646,Densenet121_std0.02_90k_RMSELoss,RMSELoss,2026-07-28 10:26:46,90/200,2026-07-28 20:14:49,0.022085,0.064811,False,0.00000625,391.17,39682149,8,42
Densenet121_std0.02_90k_RMSELoss_20260728_102646,Densenet121_std0.02_90k_RMSELoss,RMSELoss,2026-07-28 10:26:46,91/200,2026-07-28 20:21:15,0.021999,0.063553,False,0.00000625,386.67,39682149,8,42
Densenet121_std0.02_90k_RMSELoss_20260728_102646,Densenet121_std0.02_90k_RMSELoss,RMSELoss,2026-07-28 10:26:46,92/200,2026-07-28 20:27:43,0.021917,0.063937,False,0.00000625,387.15,39682149,8,42
Densenet121_std0.02_90k_RMSELoss_20260728_102646,Densenet121_std0.02_90k_RMSELoss,RMSELoss,2026-07-28 10:26:46,93/200,2026-07-28 20:34:14,0.021818,0.063699,False,0.00000625,391.46,39682149,8,42
Densenet121_std0.02_90k_RMSELoss_20260728_102646,Densenet121_std0.02_90k_RMSELoss,RMSELoss,2026-07-28 10:26:46,94/200,2026-07-28 20:40:43,0.021763,0.065842,False,0.00000625,389.39,39682149,8,42
Densenet121_std0.02_90k_RMSELoss_20260728_102646,Densenet121_std0.02_90k_RMSELoss,RMSELoss,2026-07-28 10:26:46,95/200,2026-07-28 20:47:11,0.021712,0.064589,False,0.00000625,387.46,39682149,8,42
Densenet121_std0.02_90k_RMSELoss_20260728_102646,Densenet121_std0.02_90k_RMSELoss,RMSELoss,2026-07-28 10:26:46,96/200,2026-07-28 20:53:43,0.021654,0.063480,False,0.00000625,391.67,39682149,8,42
Densenet121_std0.02_90k_RMSELoss_20260728_102646,Densenet121_std0.02_90k_RMSELoss,RMSELoss,2026-07-28 10:26:46,97/200,2026-07-28 21:00:11,0.021588,0.069007,False,0.00000625,388.66,39682149,8,42
Densenet121_std0.02_90k_RMSELoss_20260728_102646,Densenet121_std0.02_90k_RMSELoss,RMSELoss,2026-07-28 10:26:46,98/200,2026-07-28 21:06:49,0.021570,0.064608,False,0.00000625,398.19,39682149,8,42
Densenet121_std0.02_90k_RMSELoss_20260728_102646,Densenet121_std0.02_90k_RMSELoss,RMSELoss,2026-07-28 10:26:46,99/200,2026-07-28 21:13:16,0.021494,0.063138,False,0.00000625,386.03,39682149,8,42
Densenet121_std0.02_90k_RMSELoss_20260728_102646,Densenet121_std0.02_90k_RMSELoss,RMSELoss,2026-07-28 10:26:46,100/200,2026-07-28 21:19:41,0.021366,0.063726,False,0.00000313,385.87,39682149,8,42
Densenet121_std0.02_90k_RMSELoss_20260728_102646,Densenet121_std0.02_90k_RMSELoss,RMSELoss,2026-07-28 10:26:46,101/200,2026-07-28 21:26:06,0.021041,0.071726,False,0.00000313,385.11,39682149,8,42
Densenet121_std0.02_90k_RMSELoss_20260728_102646,Densenet121_std0.02_90k_RMSELoss,RMSELoss,2026-07-28 10:26:46,102/200,2026-07-28 21:32:32,0.020915,0.064329,False,0.00000313,385.48,39682149,8,42
Densenet121_std0.02_90k_RMSELoss_20260728_102646,Densenet121_std0.02_90k_RMSELoss,RMSELoss,2026-07-28 10:26:46,103/200,2026-07-28 21:39:03,0.020778,0.095945,False,0.00000313,390.91,39682149,8,42
Densenet121_std0.02_90k_RMSELoss_20260728_102646,Densenet121_std0.02_90k_RMSELoss,RMSELoss,2026-07-28 10:26:46,104/200,2026-07-28 21:45:29,0.020780,0.064720,False,0.00000313,385.73,39682149,8,42
Densenet121_std0.02_90k_RMSELoss_20260728_102646,Densenet121_std0.02_90k_RMSELoss,RMSELoss,2026-07-28 10:26:46,105/200,2026-07-28 21:51:56,0.020734,0.069386,False,0.00000313,387.16,39682149,8,42
Densenet121_std0.02_90k_RMSELoss_20260728_102646,Densenet121_std0.02_90k_RMSELoss,RMSELoss,2026-07-28 10:26:46,106/200,2026-07-28 21:58:21,0.020655,0.065410,False,0.00000313,385.26,39682149,8,42
Densenet121_std0.02_90k_RMSELoss_20260728_102646,Densenet121_std0.02_90k_RMSELoss,RMSELoss,2026-07-28 10:26:46,107/200,2026-07-28 22:04:57,0.020626,0.069558,False,0.00000313,396.23,39682149,8,42
Densenet121_std0.02_90k_RMSELoss_20260728_102646,Densenet121_std0.02_90k_RMSELoss,RMSELoss,2026-07-28 10:26:46,108/200,2026-07-28 22:11:23,0.020605,0.064585,False,0.00000313,386.07,39682149,8,42
Densenet121_std0.02_90k_RMSELoss_20260728_102646,Densenet121_std0.02_90k_RMSELoss,RMSELoss,2026-07-28 10:26:46,109/200,2026-07-28 22:17:49,0.020505,0.079252,False,0.00000313,385.88,39682149,8,42
Densenet121_std0.02_90k_RMSELoss_20260728_102646,Densenet121_std0.02_90k_RMSELoss,RMSELoss,2026-07-28 10:26:46,110/200,2026-07-28 22:24:16,0.020478,0.066148,False,0.00000313,386.72,39682149,8,42
Densenet121_std0.02_90k_RMSELoss_20260728_102646,Densenet121_std0.02_90k_RMSELoss,RMSELoss,2026-07-28 10:26:46,111/200,2026-07-28 22:30:46,0.020459,0.063921,False,0.00000313,389.72,39682149,8,42
Densenet121_std0.02_90k_RMSELoss_20260728_102646,Densenet121_std0.02_90k_RMSELoss,RMSELoss,2026-07-28 10:26:46,112/200,2026-07-28 22:37:15,0.020333,0.065369,False,0.00000313,389.14,39682149,8,42
Densenet121_std0.02_90k_RMSELoss_20260728_102646,Densenet121_std0.02_90k_RMSELoss,RMSELoss,2026-07-28 10:26:46,113/200,2026-07-28 22:43:43,0.020400,0.064518,False,0.00000313,388.41,39682149,8,42
Densenet121_std0.02_90k_RMSELoss_20260728_102646,Densenet121_std0.02_90k_RMSELoss,RMSELoss,2026-07-28 10:26:46,114/200,2026-07-28 22:50:11,0.020361,0.068877,False,0.00000313,388.09,39682149,8,42
Densenet121_std0.02_90k_RMSELoss_20260728_102646,Densenet121_std0.02_90k_RMSELoss,RMSELoss,2026-07-28 10:26:46,115/200,2026-07-28 22:56:37,0.020307,0.064325,False,0.00000313,385.97,39682149,8,42
Densenet121_std0.02_90k_RMSELoss_20260728_102646,Densenet121_std0.02_90k_RMSELoss,RMSELoss,2026-07-28 10:26:46,116/200,2026-07-28 23:03:03,0.020286,0.064428,False,0.00000313,385.84,39682149,8,42
Densenet121_std0.02_90k_RMSELoss_20260728_102646,Densenet121_std0.02_90k_RMSELoss,RMSELoss,2026-07-28 10:26:46,117/200,2026-07-28 23:09:37,0.020223,0.063427,False,0.00000313,393.80,39682149,8,42
Densenet121_std0.02_90k_RMSELoss_20260728_102646,Densenet121_std0.02_90k_RMSELoss,RMSELoss,2026-07-28 10:26:46,118/200,2026-07-28 23:16:07,0.020284,0.064876,False,0.00000313,390.19,39682149,8,42
Densenet121_std0.02_90k_RMSELoss_20260728_102646,Densenet121_std0.02_90k_RMSELoss,RMSELoss,2026-07-28 10:26:46,119/200,2026-07-28 23:22:35,0.020185,0.064839,False,0.00000313,387.71,39682149,8,42
Densenet121_std0.02_90k_RMSELoss_20260728_102646,Densenet121_std0.02_90k_RMSELoss,RMSELoss,2026-07-28 10:26:46,120/200,2026-07-28 23:29:00,0.020151,0.072560,False,0.00000156,385.08,39682149,8,42
Densenet121_std0.02_90k_RMSELoss_20260728_102646,Densenet121_std0.02_90k_RMSELoss,RMSELoss,2026-07-28 10:26:46,121/200,2026-07-28 23:35:33,0.019971,0.076535,False,0.00000156,392.77,39682149,8,42
Densenet121_std0.02_90k_RMSELoss_20260728_102646,Densenet121_std0.02_90k_RMSELoss,RMSELoss,2026-07-28 10:26:46,122/200,2026-07-28 23:42:02,0.019924,0.065796,False,0.00000156,389.33,39682149,8,42
Densenet121_std0.02_90k_RMSELoss_20260728_102646,Densenet121_std0.02_90k_RMSELoss,RMSELoss,2026-07-28 10:26:46,123/200,2026-07-28 23:48:29,0.019885,0.067691,False,0.00000156,386.42,39682149,8,42
Densenet121_std0.02_90k_RMSELoss_20260728_102646,Densenet121_std0.02_90k_RMSELoss,RMSELoss,2026-07-28 10:26:46,124/200,2026-07-28 23:54:55,0.019893,0.072345,False,0.00000156,386.08,39682149,8,42
Densenet121_std0.02_90k_RMSELoss_20260728_102646,Densenet121_std0.02_90k_RMSELoss,RMSELoss,2026-07-28 10:26:46,125/200,2026-07-29 00:01:28,0.019857,0.065152,False,0.00000156,393.49,39682149,8,42
Densenet121_std0.02_90k_RMSELoss_20260728_102646,Densenet121_std0.02_90k_RMSELoss,RMSELoss,2026-07-28 10:26:46,126/200,2026-07-29 00:08:01,0.019805,0.063651,False,0.00000156,393.32,39682149,8,42
Densenet121_std0.02_90k_RMSELoss_20260728_102646,Densenet121_std0.02_90k_RMSELoss,RMSELoss,2026-07-28 10:26:46,127/200,2026-07-29 00:14:31,0.019774,0.063462,False,0.00000156,389.22,39682149,8,42
Densenet121_std0.02_90k_RMSELoss_20260728_102646,Densenet121_std0.02_90k_RMSELoss,RMSELoss,2026-07-28 10:26:46,128/200,2026-07-29 00:21:03,0.019734,0.070428,False,0.00000156,391.99,39682149,8,42
Densenet121_std0.02_90k_RMSELoss_20260728_102646,Densenet121_std0.02_90k_RMSELoss,RMSELoss,2026-07-28 10:26:46,129/200,2026-07-29 00:27:37,0.019741,0.064139,False,0.00000156,394.15,39682149,8,42
Densenet121_std0.02_90k_RMSELoss_20260728_102646,Densenet121_std0.02_90k_RMSELoss,RMSELoss,2026-07-28 10:26:46,130/200,2026-07-29 00:34:07,0.019733,0.063895,False,0.00000156,390.40,39682149,8,42
Densenet121_std0.02_90k_RMSELoss_20260728_102646,Densenet121_std0.02_90k_RMSELoss,RMSELoss,2026-07-28 10:26:46,131/200,2026-07-29 00:40:34,0.019760,0.074048,False,0.00000156,386.57,39682149,8,42
Densenet121_std0.05_90k_RMSELoss_20260731_093553,Densenet121_std0.05_90k_RMSELoss,RMSELoss,2026-07-31 09:35:53,1/200,2026-07-31 09:42:32,0.112477,0.098982,True,0.00010000,398.06,39682149,8,42
Densenet121_std0.05_90k_RMSELoss_20260731_093553,Densenet121_std0.05_90k_RMSELoss,RMSELoss,2026-07-31 09:35:53,2/200,2026-07-31 09:49:20,0.097277,0.094797,True,0.00010000,397.99,39682149,8,42
Densenet121_std0.05_90k_RMSELoss_20260731_093553,Densenet121_std0.05_90k_RMSELoss,RMSELoss,2026-07-31 09:35:53,3/200,2026-07-31 09:56:19,0.091386,0.090124,True,0.00010000,409.36,39682149,8,42
Densenet121_std0.05_90k_RMSELoss_20260731_093553,Densenet121_std0.05_90k_RMSELoss,RMSELoss,2026-07-31 09:35:53,4/200,2026-07-31 10:03:08,0.087447,0.082992,True,0.00010000,399.14,39682149,8,42
Densenet121_std0.05_90k_RMSELoss_20260731_093553,Densenet121_std0.05_90k_RMSELoss,RMSELoss,2026-07-31 09:35:53,5/200,2026-07-31 10:10:00,0.084996,0.086472,False,0.00010000,401.51,39682149,8,42
Densenet121_std0.05_90k_RMSELoss_20260731_093553,Densenet121_std0.05_90k_RMSELoss,RMSELoss,2026-07-31 09:35:53,6/200,2026-07-31 10:16:39,0.082378,0.081644,True,0.00010000,399.47,39682149,8,42
Densenet121_std0.05_90k_RMSELoss_20260731_093553,Densenet121_std0.05_90k_RMSELoss,RMSELoss,2026-07-31 09:35:53,7/200,2026-07-31 10:23:33,0.080532,0.079258,True,0.00010000,403.33,39682149,8,42
Densenet121_std0.05_90k_RMSELoss_20260731_093553,Densenet121_std0.05_90k_RMSELoss,RMSELoss,2026-07-31 09:35:53,8/200,2026-07-31 10:30:15,0.078892,0.079235,True,0.00010000,392.95,39682149,8,42
Densenet121_std0.05_90k_RMSELoss_20260731_093553,Densenet121_std0.05_90k_RMSELoss,RMSELoss,2026-07-31 09:35:53,9/200,2026-07-31 10:36:53,0.077278,0.077762,True,0.00010000,387.97,39682149,8,42
Densenet121_std0.05_90k_RMSELoss_20260731_093553,Densenet121_std0.05_90k_RMSELoss,RMSELoss,2026-07-31 09:35:53,10/200,2026-07-31 10:43:31,0.075565,0.075578,True,0.00010000,388.09,39682149,8,42
Densenet121_std0.05_90k_RMSELoss_20260731_093553,Densenet121_std0.05_90k_RMSELoss,RMSELoss,2026-07-31 09:35:53,11/200,2026-07-31 10:50:23,0.074114,0.075141,True,0.00010000,401.47,39682149,8,42
Densenet121_std0.05_90k_RMSELoss_20260731_093553,Densenet121_std0.05_90k_RMSELoss,RMSELoss,2026-07-31 09:35:53,12/200,2026-07-31 10:56:58,0.072911,0.077190,False,0.00010000,385.19,39682149,8,42
Densenet121_std0.05_90k_RMSELoss_20260731_093553,Densenet121_std0.05_90k_RMSELoss,RMSELoss,2026-07-31 09:35:53,13/200,2026-07-31 11:03:23,0.071435,0.075637,False,0.00010000,385.16,39682149,8,42
Densenet121_std0.05_90k_RMSELoss_20260731_093553,Densenet121_std0.05_90k_RMSELoss,RMSELoss,2026-07-31 09:35:53,14/200,2026-07-31 11:09:55,0.070629,0.075246,False,0.00010000,392.42,39682149,8,42
Densenet121_std0.05_90k_RMSELoss_20260731_093553,Densenet121_std0.05_90k_RMSELoss,RMSELoss,2026-07-31 09:35:53,15/200,2026-07-31 11:16:21,0.069382,0.073706,True,0.00010000,385.69,39682149,8,42
Densenet121_std0.05_90k_RMSELoss_20260731_093553,Densenet121_std0.05_90k_RMSELoss,RMSELoss,2026-07-31 09:35:53,16/200,2026-07-31 11:22:56,0.068091,0.073935,False,0.00010000,384.89,39682149,8,42
Densenet121_std0.05_90k_RMSELoss_20260731_093553,Densenet121_std0.05_90k_RMSELoss,RMSELoss,2026-07-31 09:35:53,17/200,2026-07-31 11:29:25,0.067363,0.074925,False,0.00010000,389.32,39682149,8,42
Densenet121_std0.05_90k_RMSELoss_20260731_093553,Densenet121_std0.05_90k_RMSELoss,RMSELoss,2026-07-31 09:35:53,18/200,2026-07-31 11:35:57,0.066153,0.072929,True,0.00010000,392.16,39682149,8,42
Densenet121_std0.05_90k_RMSELoss_20260731_093553,Densenet121_std0.05_90k_RMSELoss,RMSELoss,2026-07-31 09:35:53,19/200,2026-07-31 11:42:34,0.065423,0.072481,True,0.00010000,387.27,39682149,8,42
Densenet121_std0.05_90k_RMSELoss_20260731_093553,Densenet121_std0.05_90k_RMSELoss,RMSELoss,2026-07-31 09:35:53,20/200,2026-07-31 11:49:09,0.064335,0.073184,False,0.00005000,384.67,39682149,8,42
Densenet121_std0.05_90k_RMSELoss_20260731_093553,Densenet121_std0.05_90k_RMSELoss,RMSELoss,2026-07-31 09:35:53,21/200,2026-07-31 11:55:39,0.059294,0.069581,True,0.00005000,390.49,39682149,8,42
Densenet121_std0.05_90k_RMSELoss_20260731_093553,Densenet121_std0.05_90k_RMSELoss,RMSELoss,2026-07-31 09:35:53,22/200,2026-07-31 12:02:14,0.057382,0.069000,True,0.00005000,384.90,39682149,8,42
Densenet121_std0.05_90k_RMSELoss_20260731_093553,Densenet121_std0.05_90k_RMSELoss,RMSELoss,2026-07-31 09:35:53,23/200,2026-07-31 12:08:53,0.056313,0.068049,True,0.00005000,389.14,39682149,8,42
Densenet121_std0.05_90k_RMSELoss_20260731_093553,Densenet121_std0.05_90k_RMSELoss,RMSELoss,2026-07-31 09:35:53,24/200,2026-07-31 12:15:35,0.055218,0.068785,False,0.00005000,391.61,39682149,8,42
Densenet121_std0.05_90k_RMSELoss_20260731_093553,Densenet121_std0.05_90k_RMSELoss,RMSELoss,2026-07-31 09:35:53,25/200,2026-07-31 12:22:03,0.054517,0.068642,False,0.00005000,388.08,39682149,8,42
Densenet121_std0.05_90k_RMSELoss_20260731_093553,Densenet121_std0.05_90k_RMSELoss,RMSELoss,2026-07-31 09:35:53,26/200,2026-07-31 12:28:34,0.053645,0.069308,False,0.00005000,391.36,39682149,8,42
Densenet121_std0.05_90k_RMSELoss_20260731_093553,Densenet121_std0.05_90k_RMSELoss,RMSELoss,2026-07-31 09:35:53,27/200,2026-07-31 12:35:04,0.053006,0.068088,False,0.00005000,389.37,39682149,8,42
Densenet121_std0.05_90k_RMSELoss_20260731_093553,Densenet121_std0.05_90k_RMSELoss,RMSELoss,2026-07-31 09:35:53,28/200,2026-07-31 12:41:27,0.052213,0.067821,True,0.00005000,383.13,39682149,8,42
Densenet121_std0.05_90k_RMSELoss_20260731_093553,Densenet121_std0.05_90k_RMSELoss,RMSELoss,2026-07-31 09:35:53,29/200,2026-07-31 12:48:02,0.051485,0.068577,False,0.00005000,385.44,39682149,8,42
Densenet121_std0.05_90k_RMSELoss_20260731_093553,Densenet121_std0.05_90k_RMSELoss,RMSELoss,2026-07-31 09:35:53,30/200,2026-07-31 12:54:33,0.050953,0.067870,False,0.00005000,391.37,39682149,8,42
Densenet121_std0.05_90k_RMSELoss_20260731_093553,Densenet121_std0.05_90k_RMSELoss,RMSELoss,2026-07-31 09:35:53,31/200,2026-07-31 13:01:03,0.050371,0.068478,False,0.00005000,389.37,39682149,8,42
Densenet121_std0.05_90k_RMSELoss_20260731_093553,Densenet121_std0.05_90k_RMSELoss,RMSELoss,2026-07-31 09:35:53,32/200,2026-07-31 13:07:28,0.049849,0.067421,True,0.00005000,385.14,39682149,8,42
Densenet121_std0.05_90k_RMSELoss_20260731_093553,Densenet121_std0.05_90k_RMSELoss,RMSELoss,2026-07-31 09:35:53,33/200,2026-07-31 13:14:05,0.049342,0.067990,False,0.00005000,387.42,39682149,8,42
Densenet121_std0.05_90k_RMSELoss_20260731_093553,Densenet121_std0.05_90k_RMSELoss,RMSELoss,2026-07-31 09:35:53,34/200,2026-07-31 13:20:42,0.048764,0.068780,False,0.00005000,396.23,39682149,8,42
Densenet121_std0.05_90k_RMSELoss_20260731_093553,Densenet121_std0.05_90k_RMSELoss,RMSELoss,2026-07-31 09:35:53,35/200,2026-07-31 13:27:10,0.048195,0.068423,False,0.00005000,388.58,39682149,8,42
Densenet121_std0.05_90k_RMSELoss_20260731_093553,Densenet121_std0.05_90k_RMSELoss,RMSELoss,2026-07-31 09:35:53,36/200,2026-07-31 13:33:35,0.047890,0.068495,False,0.00005000,384.85,39682149,8,42
Densenet121_std0.05_90k_RMSELoss_20260731_093553,Densenet121_std0.05_90k_RMSELoss,RMSELoss,2026-07-31 09:35:53,37/200,2026-07-31 13:39:59,0.047459,0.068598,False,0.00005000,384.21,39682149,8,42
Densenet121_std0.05_90k_RMSELoss_20260731_093553,Densenet121_std0.05_90k_RMSELoss,RMSELoss,2026-07-31 09:35:53,38/200,2026-07-31 13:46:26,0.046941,0.067948,False,0.00005000,387.22,39682149,8,42
Densenet121_std0.05_90k_RMSELoss_20260731_093553,Densenet121_std0.05_90k_RMSELoss,RMSELoss,2026-07-31 09:35:53,39/200,2026-07-31 13:52:51,0.046539,0.068181,False,0.00005000,384.77,39682149,8,42
Densenet121_std0.05_90k_RMSELoss_20260731_093553,Densenet121_std0.05_90k_RMSELoss,RMSELoss,2026-07-31 09:35:53,40/200,2026-07-31 13:59:23,0.046066,0.067271,True,0.00002500,391.41,39682149,8,42
Densenet121_std0.05_90k_RMSELoss_20260731_093553,Densenet121_std0.05_90k_RMSELoss,RMSELoss,2026-07-31 09:35:53,41/200,2026-07-31 14:05:56,0.042965,0.066525,True,0.00002500,383.49,39682149,8,42
Densenet121_std0.05_90k_RMSELoss_20260731_093553,Densenet121_std0.05_90k_RMSELoss,RMSELoss,2026-07-31 09:35:53,42/200,2026-07-31 14:12:31,0.041843,0.066968,False,0.00002500,385.66,39682149,8,42
Densenet121_std0.05_90k_RMSELoss_20260731_093553,Densenet121_std0.05_90k_RMSELoss,RMSELoss,2026-07-31 09:35:53,43/200,2026-07-31 14:18:57,0.041173,0.066408,True,0.00002500,385.35,39682149,8,42
Densenet121_std0.05_90k_RMSELoss_20260731_093553,Densenet121_std0.05_90k_RMSELoss,RMSELoss,2026-07-31 09:35:53,44/200,2026-07-31 14:25:31,0.040633,0.067904,False,0.00002500,384.49,39682149,8,42
Densenet121_std0.05_90k_RMSELoss_20260731_093553,Densenet121_std0.05_90k_RMSELoss,RMSELoss,2026-07-31 09:35:53,45/200,2026-07-31 14:32:01,0.040179,0.066473,False,0.00002500,389.64,39682149,8,42
Densenet121_std0.05_90k_RMSELoss_20260731_093553,Densenet121_std0.05_90k_RMSELoss,RMSELoss,2026-07-31 09:35:53,46/200,2026-07-31 14:38:41,0.039895,0.066852,False,0.00002500,399.86,39682149,8,42
Densenet121_std0.05_90k_RMSELoss_20260731_093553,Densenet121_std0.05_90k_RMSELoss,RMSELoss,2026-07-31 09:35:53,47/200,2026-07-31 14:45:05,0.039436,0.066132,True,0.00002500,384.31,39682149,8,42
Densenet121_std0.05_90k_RMSELoss_20260731_093553,Densenet121_std0.05_90k_RMSELoss,RMSELoss,2026-07-31 09:35:53,48/200,2026-07-31 14:51:36,0.039120,0.066514,False,0.00002500,381.07,39682149,8,42
Densenet121_std0.05_90k_RMSELoss_20260731_093553,Densenet121_std0.05_90k_RMSELoss,RMSELoss,2026-07-31 09:35:53,49/200,2026-07-31 14:58:05,0.038891,0.066816,False,0.00002500,388.96,39682149,8,42
Densenet121_std0.05_90k_RMSELoss_20260731_093553,Densenet121_std0.05_90k_RMSELoss,RMSELoss,2026-07-31 09:35:53,50/200,2026-07-31 15:04:37,0.038528,0.067307,False,0.00002500,391.89,39682149,8,42
Densenet121_std0.05_90k_RMSELoss_20260731_093553,Densenet121_std0.05_90k_RMSELoss,RMSELoss,2026-07-31 09:35:53,51/200,2026-07-31 15:11:02,0.038134,0.066892,False,0.00002500,385.52,39682149,8,42
Densenet121_std0.05_90k_RMSELoss_20260731_093553,Densenet121_std0.05_90k_RMSELoss,RMSELoss,2026-07-31 09:35:53,52/200,2026-07-31 15:17:27,0.038020,0.067288,False,0.00002500,384.72,39682149,8,42
Densenet121_std0.05_90k_RMSELoss_20260731_093553,Densenet121_std0.05_90k_RMSELoss,RMSELoss,2026-07-31 09:35:53,53/200,2026-07-31 15:23:54,0.037645,0.067384,False,0.00002500,387.00,39682149,8,42
Densenet121_std0.05_90k_RMSELoss_20260731_093553,Densenet121_std0.05_90k_RMSELoss,RMSELoss,2026-07-31 09:35:53,54/200,2026-07-31 15:30:19,0.037372,0.066962,False,0.00002500,384.45,39682149,8,42
Densenet121_std0.05_90k_RMSELoss_20260731_093553,Densenet121_std0.05_90k_RMSELoss,RMSELoss,2026-07-31 09:35:53,55/200,2026-07-31 15:36:44,0.037191,0.066174,False,0.00002500,385.90,39682149,8,42
Densenet121_std0.05_90k_RMSELoss_20260731_093553,Densenet121_std0.05_90k_RMSELoss,RMSELoss,2026-07-31 09:35:53,56/200,2026-07-31 15:43:11,0.036929,0.066463,False,0.00002500,386.19,39682149,8,42
Densenet121_std0.05_90k_RMSELoss_20260731_093553,Densenet121_std0.05_90k_RMSELoss,RMSELoss,2026-07-31 09:35:53,57/200,2026-07-31 15:49:42,0.036633,0.066598,False,0.00002500,390.97,39682149,8,42
Densenet121_std0.05_90k_RMSELoss_20260731_093553,Densenet121_std0.05_90k_RMSELoss,RMSELoss,2026-07-31 09:35:53,58/200,2026-07-31 15:56:09,0.036320,0.075280,False,0.00002500,387.60,39682149,8,42
Densenet121_std0.05_90k_RMSELoss_20260731_093553,Densenet121_std0.05_90k_RMSELoss,RMSELoss,2026-07-31 09:35:53,59/200,2026-07-31 16:02:36,0.036191,0.066401,False,0.00002500,386.53,39682149,8,42
Densenet121_std0.05_90k_RMSELoss_20260731_093553,Densenet121_std0.05_90k_RMSELoss,RMSELoss,2026-07-31 09:35:53,60/200,2026-07-31 16:09:01,0.036004,0.066595,False,0.00001250,385.74,39682149,8,42
Densenet121_std0.05_90k_RMSELoss_20260731_093553,Densenet121_std0.05_90k_RMSELoss,RMSELoss,2026-07-31 09:35:53,61/200,2026-07-31 16:15:34,0.034347,0.066061,True,0.00001250,392.32,39682149,8,42
Densenet121_std0.05_90k_RMSELoss_20260731_093553,Densenet121_std0.05_90k_RMSELoss,RMSELoss,2026-07-31 09:35:53,62/200,2026-07-31 16:22:08,0.033686,0.066026,True,0.00001250,384.52,39682149,8,42
Densenet121_std0.05_90k_RMSELoss_20260731_093553,Densenet121_std0.05_90k_RMSELoss,RMSELoss,2026-07-31 09:35:53,63/200,2026-07-31 16:28:44,0.033404,0.067021,False,0.00001250,385.40,39682149,8,42
Densenet121_std0.05_90k_RMSELoss_20260731_093553,Densenet121_std0.05_90k_RMSELoss,RMSELoss,2026-07-31 09:35:53,64/200,2026-07-31 16:35:18,0.033129,0.067112,False,0.00001250,394.07,39682149,8,42
Densenet121_std0.05_90k_RMSELoss_20260731_093553,Densenet121_std0.05_90k_RMSELoss,RMSELoss,2026-07-31 09:35:53,65/200,2026-07-31 16:41:45,0.032835,0.066773,False,0.00001250,387.61,39682149,8,42
Densenet121_std0.05_90k_RMSELoss_20260731_093553,Densenet121_std0.05_90k_RMSELoss,RMSELoss,2026-07-31 09:35:53,66/200,2026-07-31 16:48:13,0.032706,0.067883,False,0.00001250,387.76,39682149,8,42
Densenet121_std0.05_90k_RMSELoss_20260731_093553,Densenet121_std0.05_90k_RMSELoss,RMSELoss,2026-07-31 09:35:53,67/200,2026-07-31 16:54:43,0.032517,0.066088,False,0.00001250,389.53,39682149,8,42
Densenet121_std0.05_90k_RMSELoss_20260731_093553,Densenet121_std0.05_90k_RMSELoss,RMSELoss,2026-07-31 09:35:53,68/200,2026-07-31 17:01:09,0.032328,0.069201,False,0.00001250,386.63,39682149,8,42
Densenet121_std0.05_90k_RMSELoss_20260731_093553,Densenet121_std0.05_90k_RMSELoss,RMSELoss,2026-07-31 09:35:53,69/200,2026-07-31 17:07:42,0.032181,0.075237,False,0.00001250,393.04,39682149,8,42
Densenet121_std0.05_90k_RMSELoss_20260731_093553,Densenet121_std0.05_90k_RMSELoss,RMSELoss,2026-07-31 09:35:53,70/200,2026-07-31 17:14:15,0.032054,0.067038,False,0.00001250,392.62,39682149,8,42
Densenet121_std0.05_90k_RMSELoss_20260731_093553,Densenet121_std0.05_90k_RMSELoss,RMSELoss,2026-07-31 09:35:53,71/200,2026-07-31 17:20:42,0.031841,0.066618,False,0.00001250,387.26,39682149,8,42
Densenet121_std0.05_90k_RMSELoss_20260731_093553,Densenet121_std0.05_90k_RMSELoss,RMSELoss,2026-07-31 09:35:53,72/200,2026-07-31 17:27:14,0.031791,0.067210,False,0.00001250,391.78,39682149,8,42
Densenet121_std0.05_90k_RMSELoss_20260731_093553,Densenet121_std0.05_90k_RMSELoss,RMSELoss,2026-07-31 09:35:53,73/200,2026-07-31 17:33:44,0.031620,0.067255,False,0.00001250,390.62,39682149,8,42
Densenet121_std0.05_90k_RMSELoss_20260731_093553,Densenet121_std0.05_90k_RMSELoss,RMSELoss,2026-07-31 09:35:53,74/200,2026-07-31 17:40:08,0.031375,0.066340,False,0.00001250,383.74,39682149,8,42
Densenet121_std0.05_90k_RMSELoss_20260731_093553,Densenet121_std0.05_90k_RMSELoss,RMSELoss,2026-07-31 09:35:53,75/200,2026-07-31 17:46:32,0.031315,0.066171,False,0.00001250,383.42,39682149,8,42
Densenet121_std0.05_90k_RMSELoss_20260731_093553,Densenet121_std0.05_90k_RMSELoss,RMSELoss,2026-07-31 09:35:53,76/200,2026-07-31 17:53:03,0.031147,0.066590,False,0.00001250,391.03,39682149,8,42
Densenet121_std0.05_90k_RMSELoss_20260731_093553,Densenet121_std0.05_90k_RMSELoss,RMSELoss,2026-07-31 09:35:53,77/200,2026-07-31 17:59:30,0.031049,0.068237,False,0.00001250,387.15,39682149,8,42
Densenet121_std0.05_90k_RMSELoss_20260731_093553,Densenet121_std0.05_90k_RMSELoss,RMSELoss,2026-07-31 09:35:53,78/200,2026-07-31 18:05:59,0.030780,0.066091,False,0.00001250,388.76,39682149,8,42
Densenet121_std0.05_90k_RMSELoss_20260731_093553,Densenet121_std0.05_90k_RMSELoss,RMSELoss,2026-07-31 09:35:53,79/200,2026-07-31 18:12:27,0.030787,0.066318,False,0.00001250,388.65,39682149,8,42
Densenet121_std0.05_90k_RMSELoss_20260731_093553,Densenet121_std0.05_90k_RMSELoss,RMSELoss,2026-07-31 09:35:53,80/200,2026-07-31 18:18:54,0.030663,0.065951,True,0.00000625,386.53,39682149,8,42
Densenet121_std0.05_90k_RMSELoss_20260731_093553,Densenet121_std0.05_90k_RMSELoss,RMSELoss,2026-07-31 09:35:53,81/200,2026-07-31 18:25:39,0.029795,0.066406,False,0.00000625,395.51,39682149,8,42
Densenet121_std0.05_90k_RMSELoss_20260731_093553,Densenet121_std0.05_90k_RMSELoss,RMSELoss,2026-07-31 09:35:53,82/200,2026-07-31 18:32:05,0.029613,0.066144,False,0.00000625,385.82,39682149,8,42
Densenet121_std0.05_90k_RMSELoss_20260731_093553,Densenet121_std0.05_90k_RMSELoss,RMSELoss,2026-07-31 09:35:53,83/200,2026-07-31 18:38:39,0.029429,0.065983,False,0.00000625,394.09,39682149,8,42
Densenet121_std0.05_90k_RMSELoss_20260731_093553,Densenet121_std0.05_90k_RMSELoss,RMSELoss,2026-07-31 09:35:53,84/200,2026-07-31 18:45:04,0.029258,0.066052,False,0.00000625,384.79,39682149,8,42
Densenet121_std0.05_90k_RMSELoss_20260731_093553,Densenet121_std0.05_90k_RMSELoss,RMSELoss,2026-07-31 09:35:53,85/200,2026-07-31 18:51:32,0.029095,0.077907,False,0.00000625,388.20,39682149,8,42
Densenet121_std0.05_90k_RMSELoss_20260731_093553,Densenet121_std0.05_90k_RMSELoss,RMSELoss,2026-07-31 09:35:53,86/200,2026-07-31 18:58:03,0.029014,0.065908,True,0.00000625,390.82,39682149,8,42
Densenet121_std0.05_90k_RMSELoss_20260731_093553,Densenet121_std0.05_90k_RMSELoss,RMSELoss,2026-07-31 09:35:53,87/200,2026-07-31 19:04:39,0.029026,0.066460,False,0.00000625,386.11,39682149,8,42
Densenet121_std0.05_90k_RMSELoss_20260731_093553,Densenet121_std0.05_90k_RMSELoss,RMSELoss,2026-07-31 09:35:53,88/200,2026-07-31 19:11:04,0.028873,0.065692,True,0.00000625,384.72,39682149,8,42
Densenet121_std0.05_90k_RMSELoss_20260731_093553,Densenet121_std0.05_90k_RMSELoss,RMSELoss,2026-07-31 09:35:53,89/200,2026-07-31 19:17:39,0.028764,0.067611,False,0.00000625,385.59,39682149,8,42
Densenet121_std0.05_90k_RMSELoss_20260731_093553,Densenet121_std0.05_90k_RMSELoss,RMSELoss,2026-07-31 09:35:53,90/200,2026-07-31 19:24:10,0.028665,0.068238,False,0.00000625,390.62,39682149,8,42
Densenet121_std0.05_90k_RMSELoss_20260731_093553,Densenet121_std0.05_90k_RMSELoss,RMSELoss,2026-07-31 09:35:53,91/200,2026-07-31 19:30:36,0.028585,0.066596,False,0.00000625,386.07,39682149,8,42
Densenet121_std0.05_90k_RMSELoss_20260731_093553,Densenet121_std0.05_90k_RMSELoss,RMSELoss,2026-07-31 09:35:53,92/200,2026-07-31 19:37:02,0.028596,0.068001,False,0.00000625,386.15,39682149,8,42
Densenet121_std0.05_90k_RMSELoss_20260731_093553,Densenet121_std0.05_90k_RMSELoss,RMSELoss,2026-07-31 09:35:53,93/200,2026-07-31 19:43:29,0.028445,0.066259,False,0.00000625,386.78,39682149,8,42
Densenet121_std0.05_90k_RMSELoss_20260731_093553,Densenet121_std0.05_90k_RMSELoss,RMSELoss,2026-07-31 09:35:53,94/200,2026-07-31 19:49:59,0.028394,0.070819,False,0.00000625,390.58,39682149,8,42
Densenet121_std0.05_90k_RMSELoss_20260731_093553,Densenet121_std0.05_90k_RMSELoss,RMSELoss,2026-07-31 09:35:53,95/200,2026-07-31 19:56:30,0.028345,0.068044,False,0.00000625,391.14,39682149,8,42
Densenet121_std0.05_90k_RMSELoss_20260731_093553,Densenet121_std0.05_90k_RMSELoss,RMSELoss,2026-07-31 09:35:53,96/200,2026-07-31 20:02:55,0.028257,0.066424,False,0.00000625,384.90,39682149,8,42
Densenet121_std0.05_90k_RMSELoss_20260731_093553,Densenet121_std0.05_90k_RMSELoss,RMSELoss,2026-07-31 09:35:53,97/200,2026-07-31 20:09:20,0.028244,0.073026,False,0.00000625,384.79,39682149,8,42
Densenet121_std0.05_90k_RMSELoss_20260731_093553,Densenet121_std0.05_90k_RMSELoss,RMSELoss,2026-07-31 09:35:53,98/200,2026-07-31 20:15:43,0.028146,0.071953,False,0.00000625,383.20,39682149,8,42
Densenet121_std0.05_90k_RMSELoss_20260731_093553,Densenet121_std0.05_90k_RMSELoss,RMSELoss,2026-07-31 09:35:53,99/200,2026-07-31 20:22:10,0.028118,0.066532,False,0.00000625,386.57,39682149,8,42
Densenet121_std0.05_90k_RMSELoss_20260731_093553,Densenet121_std0.05_90k_RMSELoss,RMSELoss,2026-07-31 09:35:53,100/200,2026-07-31 20:28:43,0.028022,0.070864,False,0.00000313,392.89,39682149,8,42
Densenet121_std0.05_90k_RMSELoss_20260731_093553,Densenet121_std0.05_90k_RMSELoss,RMSELoss,2026-07-31 09:35:53,101/200,2026-07-31 20:35:17,0.027591,0.072313,False,0.00000313,393.79,39682149,8,42
Densenet121_std0.05_90k_RMSELoss_20260731_093553,Densenet121_std0.05_90k_RMSELoss,RMSELoss,2026-07-31 09:35:53,102/200,2026-07-31 20:41:42,0.027418,0.068153,False,0.00000313,385.07,39682149,8,42
Densenet121_std0.05_90k_RMSELoss_20260731_093553,Densenet121_std0.05_90k_RMSELoss,RMSELoss,2026-07-31 09:35:53,103/200,2026-07-31 20:48:05,0.027372,0.110504,False,0.00000313,383.21,39682149,8,42
Densenet121_std0.05_90k_RMSELoss_20260731_093553,Densenet121_std0.05_90k_RMSELoss,RMSELoss,2026-07-31 09:35:53,104/200,2026-07-31 20:54:32,0.027362,0.072332,False,0.00000313,387.01,39682149,8,42
Densenet121_std0.05_90k_RMSELoss_20260731_093553,Densenet121_std0.05_90k_RMSELoss,RMSELoss,2026-07-31 09:35:53,105/200,2026-07-31 21:00:59,0.027218,0.076980,False,0.00000313,386.66,39682149,8,42
Densenet121_std0.05_90k_RMSELoss_20260731_093553,Densenet121_std0.05_90k_RMSELoss,RMSELoss,2026-07-31 09:35:53,106/200,2026-07-31 21:07:32,0.027196,0.073681,False,0.00000313,392.89,39682149,8,42
Densenet121_std0.05_90k_RMSELoss_20260731_093553,Densenet121_std0.05_90k_RMSELoss,RMSELoss,2026-07-31 09:35:53,107/200,2026-07-31 21:14:01,0.027207,0.073772,False,0.00000313,389.30,39682149,8,42
Densenet121_std0.05_90k_RMSELoss_20260731_093553,Densenet121_std0.05_90k_RMSELoss,RMSELoss,2026-07-31 09:35:53,108/200,2026-07-31 21:20:27,0.027128,0.069262,False,0.00000313,386.38,39682149,8,42
Densenet121_std0.05_90k_RMSELoss_20260731_093553,Densenet121_std0.05_90k_RMSELoss,RMSELoss,2026-07-31 09:35:53,109/200,2026-07-31 21:26:52,0.027046,0.094667,False,0.00000313,384.98,39682149,8,42
Densenet121_std0.05_90k_RMSELoss_20260731_093553,Densenet121_std0.05_90k_RMSELoss,RMSELoss,2026-07-31 09:35:53,110/200,2026-07-31 21:33:25,0.027051,0.069587,False,0.00000313,393.13,39682149,8,42
Densenet121_std0.05_90k_RMSELoss_20260731_093553,Densenet121_std0.05_90k_RMSELoss,RMSELoss,2026-07-31 09:35:53,111/200,2026-07-31 21:39:51,0.026959,0.067724,False,0.00000313,386.00,39682149,8,42
Densenet121_std0.05_90k_RMSELoss_20260731_093553,Densenet121_std0.05_90k_RMSELoss,RMSELoss,2026-07-31 09:35:53,112/200,2026-07-31 21:46:18,0.026976,0.067802,False,0.00000313,386.81,39682149,8,42
Densenet121_std0.05_90k_RMSELoss_20260731_093553,Densenet121_std0.05_90k_RMSELoss,RMSELoss,2026-07-31 09:35:53,113/200,2026-07-31 21:52:44,0.026926,0.070690,False,0.00000313,385.78,39682149,8,42
Densenet121_std0.05_90k_RMSELoss_20260731_093553,Densenet121_std0.05_90k_RMSELoss,RMSELoss,2026-07-31 09:35:53,114/200,2026-07-31 21:59:09,0.026948,0.077918,False,0.00000313,384.90,39682149,8,42
Densenet121_std0.05_90k_RMSELoss_20260731_093553,Densenet121_std0.05_90k_RMSELoss,RMSELoss,2026-07-31 09:35:53,115/200,2026-07-31 22:05:35,0.026823,0.069749,False,0.00000313,386.09,39682149,8,42
Densenet121_std0.05_90k_RMSELoss_20260731_093553,Densenet121_std0.05_90k_RMSELoss,RMSELoss,2026-07-31 09:35:53,116/200,2026-07-31 22:12:03,0.026764,0.068609,False,0.00000313,388.11,39682149,8,42
Densenet121_std0.05_90k_RMSELoss_20260731_093553,Densenet121_std0.05_90k_RMSELoss,RMSELoss,2026-07-31 09:35:53,117/200,2026-07-31 22:18:33,0.026778,0.066916,False,0.00000313,389.46,39682149,8,42
Densenet121_std0.05_90k_RMSELoss_20260731_093553,Densenet121_std0.05_90k_RMSELoss,RMSELoss,2026-07-31 09:35:53,118/200,2026-07-31 22:25:00,0.026752,0.069025,False,0.00000313,387.16,39682149,8,42
Densenet121_std0.05_90k_RMSELoss_20260731_093553,Densenet121_std0.05_90k_RMSELoss,RMSELoss,2026-07-31 09:35:53,119/200,2026-07-31 22:31:31,0.026709,0.071423,False,0.00000313,391.26,39682149,8,42
Densenet121_std0.05_90k_RMSELoss_20260731_093553,Densenet121_std0.05_90k_RMSELoss,RMSELoss,2026-07-31 09:35:53,120/200,2026-07-31 22:38:01,0.026667,0.086213,False,0.00000156,389.88,39682149,8,42
Densenet121_std0.05_90k_RMSELoss_20260731_093553,Densenet121_std0.05_90k_RMSELoss,RMSELoss,2026-07-31 09:35:53,121/200,2026-07-31 22:44:27,0.026439,0.083947,False,0.00000156,386.23,39682149,8,42
Densenet121_std0.05_90k_RMSELoss_20260731_093553,Densenet121_std0.05_90k_RMSELoss,RMSELoss,2026-07-31 09:35:53,122/200,2026-07-31 22:50:57,0.026369,0.075598,False,0.00000156,390.26,39682149,8,42
Densenet121_std0.05_90k_RMSELoss_20260731_093553,Densenet121_std0.05_90k_RMSELoss,RMSELoss,2026-07-31 09:35:53,123/200,2026-07-31 22:57:29,0.026390,0.077822,False,0.00000156,391.53,39682149,8,42
Densenet121_std0.05_90k_RMSELoss_20260731_093553,Densenet121_std0.05_90k_RMSELoss,RMSELoss,2026-07-31 09:35:53,124/200,2026-07-31 23:04:02,0.026357,0.090646,False,0.00000156,392.95,39682149,8,42
Densenet121_std0.05_90k_RMSELoss_20260731_093553,Densenet121_std0.05_90k_RMSELoss,RMSELoss,2026-07-31 09:35:53,125/200,2026-07-31 23:10:34,0.026330,0.069449,False,0.00000156,391.92,39682149,8,42
Densenet121_std0.05_90k_RMSELoss_20260731_093553,Densenet121_std0.05_90k_RMSELoss,RMSELoss,2026-07-31 09:35:53,126/200,2026-07-31 23:17:05,0.026304,0.069750,False,0.00000156,391.39,39682149,8,42
Densenet121_std0.05_90k_RMSELoss_20260731_093553,Densenet121_std0.05_90k_RMSELoss,RMSELoss,2026-07-31 09:35:53,127/200,2026-07-31 23:23:28,0.026283,0.066776,False,0.00000156,383.07,39682149,8,42
Densenet121_std0.05_90k_RMSELoss_20260731_093553,Densenet121_std0.05_90k_RMSELoss,RMSELoss,2026-07-31 09:35:53,128/200,2026-07-31 23:29:57,0.026185,0.086392,False,0.00000156,388.54,39682149,8,42
Densenet121_std0.05_90k_RMSELoss_20260731_093553,Densenet121_std0.05_90k_RMSELoss,RMSELoss,2026-07-31 09:35:53,129/200,2026-07-31 23:36:28,0.026237,0.069728,False,0.00000156,391.03,39682149,8,42
Densenet121_std0.05_90k_RMSELoss_20260731_093553,Densenet121_std0.05_90k_RMSELoss,RMSELoss,2026-07-31 09:35:53,130/200,2026-07-31 23:43:00,0.026206,0.069650,False,0.00000156,392.11,39682149,8,42
Densenet121_std0.05_90k_RMSELoss_20260731_093553,Densenet121_std0.05_90k_RMSELoss,RMSELoss,2026-07-31 09:35:53,131/200,2026-07-31 23:49:29,0.026204,0.090588,False,0.00000156,389.41,39682149,8,42
Densenet121_std0.05_90k_RMSELoss_20260731_093553,Densenet121_std0.05_90k_RMSELoss,RMSELoss,2026-07-31 09:35:53,132/200,2026-07-31 23:56:03,0.026170,0.073211,False,0.00000156,393.69,39682149,8,42
Densenet121_std0.05_90k_RMSELoss_20260731_093553,Densenet121_std0.05_90k_RMSELoss,RMSELoss,2026-07-31 09:35:53,133/200,2026-08-01 00:02:28,0.026104,0.075448,False,0.00000156,384.94,39682149,8,42
Densenet121_std0.08_90k_RMSELoss_20260806_070252,Densenet121_std0.08_90k_RMSELoss,RMSELoss,2026-08-06 07:02:52,1/200,2026-08-06 07:09:21,0.112290,0.102573,True,0.00010000,387.89,39682149,8,42
Densenet121_std0.08_90k_RMSELoss_20260806_070252,Densenet121_std0.08_90k_RMSELoss,RMSELoss,2026-08-06 07:02:52,2/200,2026-08-06 07:15:56,0.098125,0.100101,True,0.00010000,385.00,39682149,8,42
Densenet121_std0.08_90k_RMSELoss_20260806_070252,Densenet121_std0.08_90k_RMSELoss,RMSELoss,2026-08-06 07:02:52,3/200,2026-08-06 07:22:39,0.092624,0.106801,False,0.00010000,393.06,39682149,8,42
Densenet121_std0.08_90k_RMSELoss_20260806_070252,Densenet121_std0.08_90k_RMSELoss,RMSELoss,2026-08-06 07:02:52,4/200,2026-08-06 07:29:07,0.088805,0.090816,True,0.00010000,388.02,39682149,8,42
Densenet121_std0.08_90k_RMSELoss_20260806_070252,Densenet121_std0.08_90k_RMSELoss,RMSELoss,2026-08-06 07:02:52,5/200,2026-08-06 07:35:43,0.086449,0.090930,False,0.00010000,386.20,39682149,8,42
Densenet121_std0.08_90k_RMSELoss_20260806_070252,Densenet121_std0.08_90k_RMSELoss,RMSELoss,2026-08-06 07:02:52,6/200,2026-08-06 07:42:12,0.084127,0.086123,True,0.00010000,388.55,39682149,8,42
Densenet121_std0.08_90k_RMSELoss_20260806_070252,Densenet121_std0.08_90k_RMSELoss,RMSELoss,2026-08-06 07:02:52,7/200,2026-08-06 07:48:47,0.082374,0.086410,False,0.00010000,385.09,39682149,8,42
Densenet121_std0.08_90k_RMSELoss_20260806_070252,Densenet121_std0.08_90k_RMSELoss,RMSELoss,2026-08-06 07:02:52,8/200,2026-08-06 07:55:11,0.080784,0.086725,False,0.00010000,384.85,39682149,8,42
Densenet121_std0.08_90k_RMSELoss_20260806_070252,Densenet121_std0.08_90k_RMSELoss,RMSELoss,2026-08-06 07:02:52,9/200,2026-08-06 08:01:44,0.079308,0.085497,True,0.00010000,392.56,39682149,8,42
Densenet121_std0.08_90k_RMSELoss_20260806_070252,Densenet121_std0.08_90k_RMSELoss,RMSELoss,2026-08-06 07:02:52,10/200,2026-08-06 08:08:21,0.077925,0.083274,True,0.00010000,386.81,39682149,8,42
Densenet121_std0.08_90k_RMSELoss_20260806_070252,Densenet121_std0.08_90k_RMSELoss,RMSELoss,2026-08-06 07:02:52,11/200,2026-08-06 08:14:57,0.076543,0.080851,True,0.00010000,386.73,39682149,8,42
Densenet121_std0.08_90k_RMSELoss_20260806_070252,Densenet121_std0.08_90k_RMSELoss,RMSELoss,2026-08-06 07:02:52,12/200,2026-08-06 08:21:33,0.075494,0.080440,True,0.00010000,385.78,39682149,8,42
Densenet121_std0.08_90k_RMSELoss_20260806_070252,Densenet121_std0.08_90k_RMSELoss,RMSELoss,2026-08-06 07:02:52,13/200,2026-08-06 08:28:12,0.074227,0.083701,False,0.00010000,388.85,39682149,8,42
Densenet121_std0.08_90k_RMSELoss_20260806_070252,Densenet121_std0.08_90k_RMSELoss,RMSELoss,2026-08-06 07:02:52,14/200,2026-08-06 08:34:43,0.073292,0.078683,True,0.00010000,391.43,39682149,8,42
Densenet121_std0.08_90k_RMSELoss_20260806_070252,Densenet121_std0.08_90k_RMSELoss,RMSELoss,2026-08-06 07:02:52,15/200,2026-08-06 08:41:20,0.072374,0.083724,False,0.00010000,386.39,39682149,8,42
Densenet121_std0.08_90k_RMSELoss_20260806_070252,Densenet121_std0.08_90k_RMSELoss,RMSELoss,2026-08-06 07:02:52,16/200,2026-08-06 08:47:46,0.071195,0.081428,False,0.00010000,386.57,39682149,8,42
Densenet121_std0.08_90k_RMSELoss_20260806_070252,Densenet121_std0.08_90k_RMSELoss,RMSELoss,2026-08-06 07:02:52,17/200,2026-08-06 08:54:18,0.070595,0.085701,False,0.00010000,391.37,39682149,8,42
Densenet121_std0.08_90k_RMSELoss_20260806_070252,Densenet121_std0.08_90k_RMSELoss,RMSELoss,2026-08-06 07:02:52,18/200,2026-08-06 09:00:48,0.069304,0.080475,False,0.00010000,390.91,39682149,8,42
Densenet121_std0.08_90k_RMSELoss_20260806_070252,Densenet121_std0.08_90k_RMSELoss,RMSELoss,2026-08-06 07:02:52,19/200,2026-08-06 09:07:17,0.068693,0.078806,False,0.00010000,388.49,39682149,8,42
Densenet121_std0.08_90k_RMSELoss_20260806_070252,Densenet121_std0.08_90k_RMSELoss,RMSELoss,2026-08-06 07:02:52,20/200,2026-08-06 09:13:49,0.067752,0.077852,True,0.00005000,392.34,39682149,8,42
Densenet121_std0.08_90k_RMSELoss_20260806_070252,Densenet121_std0.08_90k_RMSELoss,RMSELoss,2026-08-06 07:02:52,21/200,2026-08-06 09:20:24,0.062939,0.076818,True,0.00005000,385.18,39682149,8,42
Densenet121_std0.08_90k_RMSELoss_20260806_070252,Densenet121_std0.08_90k_RMSELoss,RMSELoss,2026-08-06 07:02:52,22/200,2026-08-06 09:27:00,0.061212,0.075456,True,0.00005000,385.54,39682149,8,42
Densenet121_std0.08_90k_RMSELoss_20260806_070252,Densenet121_std0.08_90k_RMSELoss,RMSELoss,2026-08-06 07:02:52,23/200,2026-08-06 09:33:35,0.060002,0.076613,False,0.00005000,385.17,39682149,8,42
Densenet121_std0.08_90k_RMSELoss_20260806_070252,Densenet121_std0.08_90k_RMSELoss,RMSELoss,2026-08-06 07:02:52,24/200,2026-08-06 09:40:07,0.059008,0.075443,True,0.00005000,392.04,39682149,8,42
Densenet121_std0.08_90k_RMSELoss_20260806_070252,Densenet121_std0.08_90k_RMSELoss,RMSELoss,2026-08-06 07:02:52,25/200,2026-08-06 09:46:43,0.058458,0.075831,False,0.00005000,385.88,39682149,8,42
Densenet121_std0.08_90k_RMSELoss_20260806_070252,Densenet121_std0.08_90k_RMSELoss,RMSELoss,2026-08-06 07:02:52,26/200,2026-08-06 09:53:15,0.057551,0.075850,False,0.00005000,392.56,39682149,8,42
Densenet121_std0.08_90k_RMSELoss_20260806_070252,Densenet121_std0.08_90k_RMSELoss,RMSELoss,2026-08-06 07:02:52,27/200,2026-08-06 09:59:43,0.056935,0.074420,True,0.00005000,387.31,39682149,8,42
Densenet121_std0.08_90k_RMSELoss_20260806_070252,Densenet121_std0.08_90k_RMSELoss,RMSELoss,2026-08-06 07:02:52,28/200,2026-08-06 10:06:26,0.056169,0.075847,False,0.00005000,393.13,39682149,8,42
Densenet121_std0.08_90k_RMSELoss_20260806_070252,Densenet121_std0.08_90k_RMSELoss,RMSELoss,2026-08-06 07:02:52,29/200,2026-08-06 10:12:58,0.055609,0.077482,False,0.00005000,391.91,39682149,8,42
Densenet121_std0.08_90k_RMSELoss_20260806_070252,Densenet121_std0.08_90k_RMSELoss,RMSELoss,2026-08-06 07:02:52,30/200,2026-08-06 10:19:27,0.055084,0.073367,True,0.00005000,389.19,39682149,8,42
Densenet121_std0.08_90k_RMSELoss_20260806_070252,Densenet121_std0.08_90k_RMSELoss,RMSELoss,2026-08-06 07:02:52,31/200,2026-08-06 10:26:02,0.054501,0.076544,False,0.00005000,385.35,39682149,8,42
Densenet121_std0.08_90k_RMSELoss_20260806_070252,Densenet121_std0.08_90k_RMSELoss,RMSELoss,2026-08-06 07:02:52,32/200,2026-08-06 10:32:30,0.053912,0.073586,False,0.00005000,388.15,39682149,8,42
Densenet121_std0.08_90k_RMSELoss_20260806_070252,Densenet121_std0.08_90k_RMSELoss,RMSELoss,2026-08-06 07:02:52,33/200,2026-08-06 10:39:03,0.053335,0.076969,False,0.00005000,392.60,39682149,8,42
Densenet121_std0.08_90k_RMSELoss_20260806_070252,Densenet121_std0.08_90k_RMSELoss,RMSELoss,2026-08-06 07:02:52,34/200,2026-08-06 10:45:28,0.052936,0.076334,False,0.00005000,385.49,39682149,8,42
Densenet121_std0.08_90k_RMSELoss_20260806_070252,Densenet121_std0.08_90k_RMSELoss,RMSELoss,2026-08-06 07:02:52,35/200,2026-08-06 10:51:55,0.052451,0.074945,False,0.00005000,386.48,39682149,8,42
Densenet121_std0.08_90k_RMSELoss_20260806_070252,Densenet121_std0.08_90k_RMSELoss,RMSELoss,2026-08-06 07:02:52,36/200,2026-08-06 10:58:21,0.052011,0.073798,False,0.00005000,385.94,39682149,8,42
Densenet121_std0.08_90k_RMSELoss_20260806_070252,Densenet121_std0.08_90k_RMSELoss,RMSELoss,2026-08-06 07:02:52,37/200,2026-08-06 11:04:51,0.051605,0.077535,False,0.00005000,390.09,39682149,8,42
Densenet121_std0.08_90k_RMSELoss_20260806_070252,Densenet121_std0.08_90k_RMSELoss,RMSELoss,2026-08-06 07:02:52,38/200,2026-08-06 11:11:16,0.051124,0.073359,True,0.00005000,385.34,39682149,8,42
Densenet121_std0.08_90k_RMSELoss_20260806_070252,Densenet121_std0.08_90k_RMSELoss,RMSELoss,2026-08-06 07:02:52,39/200,2026-08-06 11:17:52,0.050693,0.074001,False,0.00005000,385.89,39682149,8,42
Densenet121_std0.08_90k_RMSELoss_20260806_070252,Densenet121_std0.08_90k_RMSELoss,RMSELoss,2026-08-06 07:02:52,40/200,2026-08-06 11:24:17,0.050294,0.075589,False,0.00002500,384.72,39682149,8,42
Densenet121_std0.08_90k_RMSELoss_20260806_070252,Densenet121_std0.08_90k_RMSELoss,RMSELoss,2026-08-06 07:02:52,41/200,2026-08-06 11:30:46,0.047240,0.072671,True,0.00002500,389.69,39682149,8,42
Densenet121_std0.08_90k_RMSELoss_20260806_070252,Densenet121_std0.08_90k_RMSELoss,RMSELoss,2026-08-06 07:02:52,42/200,2026-08-06 11:37:25,0.046016,0.073981,False,0.00002500,388.96,39682149,8,42
Densenet121_std0.08_90k_RMSELoss_20260806_070252,Densenet121_std0.08_90k_RMSELoss,RMSELoss,2026-08-06 07:02:52,43/200,2026-08-06 11:43:55,0.045483,0.073544,False,0.00002500,390.08,39682149,8,42
Densenet121_std0.08_90k_RMSELoss_20260806_070252,Densenet121_std0.08_90k_RMSELoss,RMSELoss,2026-08-06 07:02:52,44/200,2026-08-06 11:50:28,0.045040,0.074951,False,0.00002500,392.49,39682149,8,42
Densenet121_std0.08_90k_RMSELoss_20260806_070252,Densenet121_std0.08_90k_RMSELoss,RMSELoss,2026-08-06 07:02:52,45/200,2026-08-06 11:56:54,0.044728,0.074063,False,0.00002500,385.94,39682149,8,42
Densenet121_std0.08_90k_RMSELoss_20260806_070252,Densenet121_std0.08_90k_RMSELoss,RMSELoss,2026-08-06 07:02:52,46/200,2026-08-06 12:03:21,0.044154,0.073983,False,0.00002500,387.43,39682149,8,42
Densenet121_std0.08_90k_RMSELoss_20260806_070252,Densenet121_std0.08_90k_RMSELoss,RMSELoss,2026-08-06 07:02:52,47/200,2026-08-06 12:09:46,0.043800,0.072955,False,0.00002500,385.22,39682149,8,42
Densenet121_std0.08_90k_RMSELoss_20260806_070252,Densenet121_std0.08_90k_RMSELoss,RMSELoss,2026-08-06 07:02:52,48/200,2026-08-06 12:16:18,0.043478,0.073721,False,0.00002500,391.11,39682149,8,42
Densenet121_std0.08_90k_RMSELoss_20260806_070252,Densenet121_std0.08_90k_RMSELoss,RMSELoss,2026-08-06 07:02:52,49/200,2026-08-06 12:22:48,0.043227,0.075352,False,0.00002500,390.74,39682149,8,42
Densenet121_std0.08_90k_RMSELoss_20260806_070252,Densenet121_std0.08_90k_RMSELoss,RMSELoss,2026-08-06 07:02:52,50/200,2026-08-06 12:29:14,0.042951,0.074810,False,0.00002500,385.23,39682149,8,42
Densenet121_std0.08_90k_RMSELoss_20260806_070252,Densenet121_std0.08_90k_RMSELoss,RMSELoss,2026-08-06 07:02:52,51/200,2026-08-06 12:35:45,0.042533,0.074052,False,0.00002500,391.93,39682149,8,42
Densenet121_std0.08_90k_RMSELoss_20260806_070252,Densenet121_std0.08_90k_RMSELoss,RMSELoss,2026-08-06 07:02:52,52/200,2026-08-06 12:42:14,0.042384,0.073392,False,0.00002500,388.64,39682149,8,42
Densenet121_std0.08_90k_RMSELoss_20260806_070252,Densenet121_std0.08_90k_RMSELoss,RMSELoss,2026-08-06 07:02:52,53/200,2026-08-06 12:48:47,0.041966,0.072694,False,0.00002500,393.18,39682149,8,42
Densenet121_std0.08_90k_RMSELoss_20260806_070252,Densenet121_std0.08_90k_RMSELoss,RMSELoss,2026-08-06 07:02:52,54/200,2026-08-06 12:55:20,0.041817,0.072889,False,0.00002500,392.33,39682149,8,42
Densenet121_std0.08_90k_RMSELoss_20260806_070252,Densenet121_std0.08_90k_RMSELoss,RMSELoss,2026-08-06 07:02:52,55/200,2026-08-06 13:01:45,0.041526,0.072209,True,0.00002500,385.82,39682149,8,42
Densenet121_std0.08_90k_RMSELoss_20260806_070252,Densenet121_std0.08_90k_RMSELoss,RMSELoss,2026-08-06 07:02:52,56/200,2026-08-06 13:08:26,0.041298,0.072267,False,0.00002500,390.90,39682149,8,42
Densenet121_std0.08_90k_RMSELoss_20260806_070252,Densenet121_std0.08_90k_RMSELoss,RMSELoss,2026-08-06 07:02:52,57/200,2026-08-06 13:15:08,0.041080,0.073703,False,0.00002500,401.54,39682149,8,42
Densenet121_std0.08_90k_RMSELoss_20260806_070252,Densenet121_std0.08_90k_RMSELoss,RMSELoss,2026-08-06 07:02:52,58/200,2026-08-06 13:21:35,0.040722,0.073929,False,0.00002500,387.04,39682149,8,42
Densenet121_std0.08_90k_RMSELoss_20260806_070252,Densenet121_std0.08_90k_RMSELoss,RMSELoss,2026-08-06 07:02:52,59/200,2026-08-06 13:28:06,0.040559,0.073319,False,0.00002500,391.45,39682149,8,42
Densenet121_std0.08_90k_RMSELoss_20260806_070252,Densenet121_std0.08_90k_RMSELoss,RMSELoss,2026-08-06 07:02:52,60/200,2026-08-06 13:34:32,0.040217,0.073205,False,0.00001250,385.41,39682149,8,42
Densenet121_std0.08_90k_RMSELoss_20260806_070252,Densenet121_std0.08_90k_RMSELoss,RMSELoss,2026-08-06 07:02:52,61/200,2026-08-06 13:41:04,0.038660,0.071989,True,0.00001250,392.73,39682149,8,42
Densenet121_std0.08_90k_RMSELoss_20260806_070252,Densenet121_std0.08_90k_RMSELoss,RMSELoss,2026-08-06 07:02:52,62/200,2026-08-06 13:47:41,0.038070,0.072242,False,0.00001250,387.07,39682149,8,42
Densenet121_std0.08_90k_RMSELoss_20260806_070252,Densenet121_std0.08_90k_RMSELoss,RMSELoss,2026-08-06 07:02:52,63/200,2026-08-06 13:54:10,0.037724,0.071734,True,0.00001250,388.90,39682149,8,42
Densenet121_std0.08_90k_RMSELoss_20260806_070252,Densenet121_std0.08_90k_RMSELoss,RMSELoss,2026-08-06 07:02:52,64/200,2026-08-06 14:00:50,0.037517,0.071890,False,0.00001250,389.45,39682149,8,42
Densenet121_std0.08_90k_RMSELoss_20260806_070252,Densenet121_std0.08_90k_RMSELoss,RMSELoss,2026-08-06 07:02:52,65/200,2026-08-06 14:07:16,0.037280,0.072398,False,0.00001250,386.13,39682149,8,42
Densenet121_std0.08_90k_RMSELoss_20260806_070252,Densenet121_std0.08_90k_RMSELoss,RMSELoss,2026-08-06 07:02:52,66/200,2026-08-06 14:13:45,0.037059,0.071971,False,0.00001250,389.08,39682149,8,42
Densenet121_std0.08_90k_RMSELoss_20260806_070252,Densenet121_std0.08_90k_RMSELoss,RMSELoss,2026-08-06 07:02:52,67/200,2026-08-06 14:20:15,0.037106,0.072434,False,0.00001250,389.73,39682149,8,42
Densenet121_std0.08_90k_RMSELoss_20260806_070252,Densenet121_std0.08_90k_RMSELoss,RMSELoss,2026-08-06 07:02:52,68/200,2026-08-06 14:26:41,0.036720,0.072120,False,0.00001250,386.24,39682149,8,42
Densenet121_std0.08_90k_RMSELoss_20260806_070252,Densenet121_std0.08_90k_RMSELoss,RMSELoss,2026-08-06 07:02:52,69/200,2026-08-06 14:33:09,0.036567,0.075170,False,0.00001250,388.52,39682149,8,42
Densenet121_std0.08_90k_RMSELoss_20260806_070252,Densenet121_std0.08_90k_RMSELoss,RMSELoss,2026-08-06 07:02:52,70/200,2026-08-06 14:39:34,0.036487,0.070996,True,0.00001250,384.16,39682149,8,42
Densenet121_std0.08_90k_RMSELoss_20260806_070252,Densenet121_std0.08_90k_RMSELoss,RMSELoss,2026-08-06 07:02:52,71/200,2026-08-06 14:46:11,0.036272,0.071531,False,0.00001250,387.21,39682149,8,42
Densenet121_std0.08_90k_RMSELoss_20260806_070252,Densenet121_std0.08_90k_RMSELoss,RMSELoss,2026-08-06 07:02:52,72/200,2026-08-06 14:52:38,0.036077,0.072941,False,0.00001250,387.10,39682149,8,42
Densenet121_std0.08_90k_RMSELoss_20260806_070252,Densenet121_std0.08_90k_RMSELoss,RMSELoss,2026-08-06 07:02:52,73/200,2026-08-06 14:59:04,0.035984,0.072373,False,0.00001250,386.35,39682149,8,42
Densenet121_std0.08_90k_RMSELoss_20260806_070252,Densenet121_std0.08_90k_RMSELoss,RMSELoss,2026-08-06 07:02:52,74/200,2026-08-06 15:05:31,0.035782,0.072751,False,0.00001250,386.94,39682149,8,42
Densenet121_std0.08_90k_RMSELoss_20260806_070252,Densenet121_std0.08_90k_RMSELoss,RMSELoss,2026-08-06 07:02:52,75/200,2026-08-06 15:12:03,0.035701,0.071357,False,0.00001250,392.02,39682149,8,42
Densenet121_std0.08_90k_RMSELoss_20260806_070252,Densenet121_std0.08_90k_RMSELoss,RMSELoss,2026-08-06 07:02:52,76/200,2026-08-06 15:18:36,0.035532,0.072387,False,0.00001250,392.87,39682149,8,42
Densenet121_std0.08_90k_RMSELoss_20260806_070252,Densenet121_std0.08_90k_RMSELoss,RMSELoss,2026-08-06 07:02:52,77/200,2026-08-06 15:25:01,0.035407,0.072574,False,0.00001250,385.47,39682149,8,42
Densenet121_std0.08_90k_RMSELoss_20260806_070252,Densenet121_std0.08_90k_RMSELoss,RMSELoss,2026-08-06 07:02:52,78/200,2026-08-06 15:31:37,0.035216,0.072035,False,0.00001250,395.25,39682149,8,42
Densenet121_std0.08_90k_RMSELoss_20260806_070252,Densenet121_std0.08_90k_RMSELoss,RMSELoss,2026-08-06 07:02:52,79/200,2026-08-06 15:38:06,0.035162,0.072233,False,0.00001250,389.27,39682149,8,42
Densenet121_std0.08_90k_RMSELoss_20260806_070252,Densenet121_std0.08_90k_RMSELoss,RMSELoss,2026-08-06 07:02:52,80/200,2026-08-06 15:44:33,0.035026,0.071891,False,0.00000625,387.39,39682149,8,42
Densenet121_std0.08_90k_RMSELoss_20260806_070252,Densenet121_std0.08_90k_RMSELoss,RMSELoss,2026-08-06 07:02:52,81/200,2026-08-06 15:51:00,0.034150,0.072394,False,0.00000625,386.72,39682149,8,42
Densenet121_std0.08_90k_RMSELoss_20260806_070252,Densenet121_std0.08_90k_RMSELoss,RMSELoss,2026-08-06 07:02:52,82/200,2026-08-06 15:57:32,0.033846,0.072397,False,0.00000625,392.30,39682149,8,42
Densenet121_std0.08_90k_RMSELoss_20260806_070252,Densenet121_std0.08_90k_RMSELoss,RMSELoss,2026-08-06 07:02:52,83/200,2026-08-06 16:03:58,0.033851,0.072132,False,0.00000625,385.20,39682149,8,42
Densenet121_std0.08_90k_RMSELoss_20260806_070252,Densenet121_std0.08_90k_RMSELoss,RMSELoss,2026-08-06 07:02:52,84/200,2026-08-06 16:10:26,0.033540,0.072068,False,0.00000625,388.10,39682149,8,42
Densenet121_std0.08_90k_RMSELoss_20260806_070252,Densenet121_std0.08_90k_RMSELoss,RMSELoss,2026-08-06 07:02:52,85/200,2026-08-06 16:16:54,0.033462,0.081174,False,0.00000625,388.71,39682149,8,42
Densenet121_std0.08_90k_RMSELoss_20260806_070252,Densenet121_std0.08_90k_RMSELoss,RMSELoss,2026-08-06 07:02:52,86/200,2026-08-06 16:23:29,0.033357,0.071619,False,0.00000625,394.89,39682149,8,42
Densenet121_std0.08_90k_RMSELoss_20260806_070252,Densenet121_std0.08_90k_RMSELoss,RMSELoss,2026-08-06 07:02:52,87/200,2026-08-06 16:29:58,0.033302,0.071863,False,0.00000625,388.82,39682149,8,42
Densenet121_std0.08_90k_RMSELoss_20260806_070252,Densenet121_std0.08_90k_RMSELoss,RMSELoss,2026-08-06 07:02:52,88/200,2026-08-06 16:36:25,0.033142,0.073969,False,0.00000625,386.79,39682149,8,42
Densenet121_std0.08_90k_RMSELoss_20260806_070252,Densenet121_std0.08_90k_RMSELoss,RMSELoss,2026-08-06 07:02:52,89/200,2026-08-06 16:42:54,0.033122,0.080393,False,0.00000625,388.89,39682149,8,42
Densenet121_std0.08_90k_RMSELoss_20260806_070252,Densenet121_std0.08_90k_RMSELoss,RMSELoss,2026-08-06 07:02:52,90/200,2026-08-06 16:49:23,0.032937,0.075785,False,0.00000625,388.69,39682149,8,42
Densenet121_std0.08_90k_RMSELoss_20260806_070252,Densenet121_std0.08_90k_RMSELoss,RMSELoss,2026-08-06 07:02:52,91/200,2026-08-06 16:55:58,0.032890,0.076248,False,0.00000625,395.68,39682149,8,42
Densenet121_std0.08_90k_RMSELoss_20260806_070252,Densenet121_std0.08_90k_RMSELoss,RMSELoss,2026-08-06 07:02:52,92/200,2026-08-06 17:02:25,0.032916,0.074814,False,0.00000625,386.85,39682149,8,42
Densenet121_std0.08_90k_RMSELoss_20260806_070252,Densenet121_std0.08_90k_RMSELoss,RMSELoss,2026-08-06 07:02:52,93/200,2026-08-06 17:08:56,0.032786,0.075423,False,0.00000625,390.75,39682149,8,42
Densenet121_std0.08_90k_RMSELoss_20260806_070252,Densenet121_std0.08_90k_RMSELoss,RMSELoss,2026-08-06 07:02:52,94/200,2026-08-06 17:15:29,0.032679,0.080299,False,0.00000625,393.08,39682149,8,42
Densenet121_std0.08_90k_RMSELoss_20260806_070252,Densenet121_std0.08_90k_RMSELoss,RMSELoss,2026-08-06 07:02:52,95/200,2026-08-06 17:22:12,0.032572,0.076548,False,0.00000625,403.02,39682149,8,42
Densenet121_std0.08_90k_RMSELoss_20260806_070252,Densenet121_std0.08_90k_RMSELoss,RMSELoss,2026-08-06 07:02:52,96/200,2026-08-06 17:28:41,0.032542,0.073748,False,0.00000625,388.62,39682149,8,42
Densenet121_std0.08_90k_RMSELoss_20260806_070252,Densenet121_std0.08_90k_RMSELoss,RMSELoss,2026-08-06 07:02:52,97/200,2026-08-06 17:35:09,0.032394,0.090322,False,0.00000625,388.84,39682149,8,42
Densenet121_std0.08_90k_RMSELoss_20260806_070252,Densenet121_std0.08_90k_RMSELoss,RMSELoss,2026-08-06 07:02:52,98/200,2026-08-06 17:41:35,0.032342,0.077754,False,0.00000625,385.64,39682149,8,42
Densenet121_std0.08_90k_RMSELoss_20260806_070252,Densenet121_std0.08_90k_RMSELoss,RMSELoss,2026-08-06 07:02:52,99/200,2026-08-06 17:48:07,0.032324,0.073823,False,0.00000625,392.16,39682149,8,42
Densenet121_std0.08_90k_RMSELoss_20260806_070252,Densenet121_std0.08_90k_RMSELoss,RMSELoss,2026-08-06 07:02:52,100/200,2026-08-06 17:54:39,0.032233,0.078740,False,0.00000313,391.98,39682149,8,42
Densenet121_std0.08_90k_RMSELoss_20260806_070252,Densenet121_std0.08_90k_RMSELoss,RMSELoss,2026-08-06 07:02:52,101/200,2026-08-06 18:01:07,0.031848,0.087361,False,0.00000313,387.86,39682149,8,42
Densenet121_std0.08_90k_RMSELoss_20260806_070252,Densenet121_std0.08_90k_RMSELoss,RMSELoss,2026-08-06 07:02:52,102/200,2026-08-06 18:07:43,0.031760,0.076435,False,0.00000313,395.51,39682149,8,42
Densenet121_std0.08_90k_RMSELoss_20260806_070252,Densenet121_std0.08_90k_RMSELoss,RMSELoss,2026-08-06 07:02:52,103/200,2026-08-06 18:14:10,0.031602,0.109106,False,0.00000313,387.68,39682149,8,42
Densenet121_std0.08_90k_RMSELoss_20260806_070252,Densenet121_std0.08_90k_RMSELoss,RMSELoss,2026-08-06 07:02:52,104/200,2026-08-06 18:20:39,0.031532,0.076746,False,0.00000313,388.85,39682149,8,42
Densenet121_std0.08_90k_RMSELoss_20260806_070252,Densenet121_std0.08_90k_RMSELoss,RMSELoss,2026-08-06 07:02:52,105/200,2026-08-06 18:27:06,0.031370,0.080516,False,0.00000313,386.89,39682149,8,42
Densenet121_std0.08_90k_RMSELoss_20260806_070252,Densenet121_std0.08_90k_RMSELoss,RMSELoss,2026-08-06 07:02:52,106/200,2026-08-06 18:33:38,0.031427,0.075399,False,0.00000313,391.64,39682149,8,42
Densenet121_std0.08_90k_RMSELoss_20260806_070252,Densenet121_std0.08_90k_RMSELoss,RMSELoss,2026-08-06 07:02:52,107/200,2026-08-06 18:40:09,0.031462,0.096069,False,0.00000313,390.95,39682149,8,42
Densenet121_std0.08_90k_RMSELoss_20260806_070252,Densenet121_std0.08_90k_RMSELoss,RMSELoss,2026-08-06 07:02:52,108/200,2026-08-06 18:46:41,0.031326,0.081098,False,0.00000313,392.17,39682149,8,42
Densenet121_std0.08_90k_RMSELoss_20260806_070252,Densenet121_std0.08_90k_RMSELoss,RMSELoss,2026-08-06 07:02:52,109/200,2026-08-06 18:53:06,0.031265,0.113484,False,0.00000313,385.35,39682149,8,42
Densenet121_std0.08_90k_RMSELoss_20260806_070252,Densenet121_std0.08_90k_RMSELoss,RMSELoss,2026-08-06 07:02:52,110/200,2026-08-06 18:59:33,0.031180,0.081090,False,0.00000313,386.47,39682149,8,42
Densenet121_std0.08_90k_RMSELoss_20260806_070252,Densenet121_std0.08_90k_RMSELoss,RMSELoss,2026-08-06 07:02:52,111/200,2026-08-06 19:06:05,0.031090,0.076380,False,0.00000313,392.16,39682149,8,42
Densenet121_std0.08_90k_RMSELoss_20260806_070252,Densenet121_std0.08_90k_RMSELoss,RMSELoss,2026-08-06 07:02:52,112/200,2026-08-06 19:12:30,0.031127,0.091930,False,0.00000313,384.71,39682149,8,42
Densenet121_std0.08_90k_RMSELoss_20260806_070252,Densenet121_std0.08_90k_RMSELoss,RMSELoss,2026-08-06 07:02:52,113/200,2026-08-06 19:18:57,0.031109,0.089803,False,0.00000313,386.99,39682149,8,42
Densenet121_std0.08_90k_RMSELoss_20260806_070252,Densenet121_std0.08_90k_RMSELoss,RMSELoss,2026-08-06 07:02:52,114/200,2026-08-06 19:25:32,0.031143,0.103891,False,0.00000313,395.13,39682149,8,42
Densenet121_std0.08_90k_RMSELoss_20260806_070252,Densenet121_std0.08_90k_RMSELoss,RMSELoss,2026-08-06 07:02:52,115/200,2026-08-06 19:32:00,0.031034,0.100408,False,0.00000313,388.07,39682149,8,42