run_id,model_name,criterion,run_started_at,epoch,epoch_timestamp,train_loss,val_loss,is_best,learning_rate,epoch_duration_sec,num_params,batch_size,seed
ModelCNN_fvs_No_Noise_90k_RMSELoss_20260717_155940,ModelCNN_fvs_No_Noise_90k_RMSELoss,RMSELoss,2026-07-17 15:59:40,1/200,2026-07-17 16:03:55,0.111272,0.096930,True,0.00010000,254.53,58260749,8,42
ModelCNN_fvs_No_Noise_90k_RMSELoss_20260717_155940,ModelCNN_fvs_No_Noise_90k_RMSELoss,RMSELoss,2026-07-17 15:59:40,2/200,2026-07-17 16:08:11,0.095595,0.089653,True,0.00010000,245.08,58260749,8,42
ModelCNN_fvs_No_Noise_90k_RMSELoss_20260717_155940,ModelCNN_fvs_No_Noise_90k_RMSELoss,RMSELoss,2026-07-17 15:59:40,3/200,2026-07-17 16:12:33,0.088768,0.088457,True,0.00010000,252.55,58260749,8,42
ModelCNN_fvs_No_Noise_90k_RMSELoss_20260717_155940,ModelCNN_fvs_No_Noise_90k_RMSELoss,RMSELoss,2026-07-17 15:59:40,4/200,2026-07-17 16:16:56,0.083671,0.081772,True,0.00010000,252.04,58260749,8,42
ModelCNN_fvs_No_Noise_90k_RMSELoss_20260717_155940,ModelCNN_fvs_No_Noise_90k_RMSELoss,RMSELoss,2026-07-17 15:59:40,5/200,2026-07-17 16:21:13,0.080189,0.081086,True,0.00010000,246.89,58260749,8,42
ModelCNN_fvs_No_Noise_90k_RMSELoss_20260717_155940,ModelCNN_fvs_No_Noise_90k_RMSELoss,RMSELoss,2026-07-17 15:59:40,6/200,2026-07-17 16:25:26,0.076736,0.078450,True,0.00010000,243.43,58260749,8,42
ModelCNN_fvs_No_Noise_90k_RMSELoss_20260717_155940,ModelCNN_fvs_No_Noise_90k_RMSELoss,RMSELoss,2026-07-17 15:59:40,7/200,2026-07-17 16:29:41,0.073677,0.076335,True,0.00010000,244.47,58260749,8,42
ModelCNN_fvs_No_Noise_90k_RMSELoss_20260717_155940,ModelCNN_fvs_No_Noise_90k_RMSELoss,RMSELoss,2026-07-17 15:59:40,8/200,2026-07-17 16:33:55,0.070812,0.076048,True,0.00010000,244.13,58260749,8,42
ModelCNN_fvs_No_Noise_90k_RMSELoss_20260717_155940,ModelCNN_fvs_No_Noise_90k_RMSELoss,RMSELoss,2026-07-17 15:59:40,9/200,2026-07-17 16:38:07,0.067909,0.075363,True,0.00010000,242.22,58260749,8,42
ModelCNN_fvs_No_Noise_90k_RMSELoss_20260717_155940,ModelCNN_fvs_No_Noise_90k_RMSELoss,RMSELoss,2026-07-17 15:59:40,10/200,2026-07-17 16:42:20,0.065486,0.075440,False,0.00010000,242.39,58260749,8,42
ModelCNN_fvs_No_Noise_90k_RMSELoss_20260717_155940,ModelCNN_fvs_No_Noise_90k_RMSELoss,RMSELoss,2026-07-17 15:59:40,11/200,2026-07-17 16:46:22,0.062924,0.073239,True,0.00010000,242.40,58260749,8,42
ModelCNN_fvs_No_Noise_90k_RMSELoss_20260717_155940,ModelCNN_fvs_No_Noise_90k_RMSELoss,RMSELoss,2026-07-17 15:59:40,12/200,2026-07-17 16:50:34,0.060918,0.074695,False,0.00010000,241.84,58260749,8,42
ModelCNN_fvs_No_Noise_90k_RMSELoss_20260717_155940,ModelCNN_fvs_No_Noise_90k_RMSELoss,RMSELoss,2026-07-17 15:59:40,13/200,2026-07-17 16:54:34,0.058828,0.074461,False,0.00010000,239.74,58260749,8,42
ModelCNN_fvs_No_Noise_90k_RMSELoss_20260717_155940,ModelCNN_fvs_No_Noise_90k_RMSELoss,RMSELoss,2026-07-17 15:59:40,14/200,2026-07-17 16:58:36,0.057035,0.072264,True,0.00010000,242.51,58260749,8,42
ModelCNN_fvs_No_Noise_90k_RMSELoss_20260717_155940,ModelCNN_fvs_No_Noise_90k_RMSELoss,RMSELoss,2026-07-17 15:59:40,15/200,2026-07-17 17:02:48,0.055319,0.073695,False,0.00010000,241.37,58260749,8,42
ModelCNN_fvs_No_Noise_90k_RMSELoss_20260717_155940,ModelCNN_fvs_No_Noise_90k_RMSELoss,RMSELoss,2026-07-17 15:59:40,16/200,2026-07-17 17:06:52,0.053606,0.071052,True,0.00010000,244.35,58260749,8,42
ModelCNN_fvs_No_Noise_90k_RMSELoss_20260717_155940,ModelCNN_fvs_No_Noise_90k_RMSELoss,RMSELoss,2026-07-17 15:59:40,17/200,2026-07-17 17:11:04,0.052129,0.071860,False,0.00010000,241.58,58260749,8,42
ModelCNN_fvs_No_Noise_90k_RMSELoss_20260717_155940,ModelCNN_fvs_No_Noise_90k_RMSELoss,RMSELoss,2026-07-17 15:59:40,18/200,2026-07-17 17:15:06,0.050864,0.070649,True,0.00010000,242.61,58260749,8,42
ModelCNN_fvs_No_Noise_90k_RMSELoss_20260717_155940,ModelCNN_fvs_No_Noise_90k_RMSELoss,RMSELoss,2026-07-17 15:59:40,19/200,2026-07-17 17:19:18,0.049525,0.071257,False,0.00010000,241.46,58260749,8,42
ModelCNN_fvs_No_Noise_90k_RMSELoss_20260717_155940,ModelCNN_fvs_No_Noise_90k_RMSELoss,RMSELoss,2026-07-17 15:59:40,20/200,2026-07-17 17:23:20,0.048320,0.069724,True,0.00005000,241.82,58260749,8,42
ModelCNN_fvs_No_Noise_90k_RMSELoss_20260717_155940,ModelCNN_fvs_No_Noise_90k_RMSELoss,RMSELoss,2026-07-17 15:59:40,21/200,2026-07-17 17:27:29,0.042603,0.067219,True,0.00005000,239.83,58260749,8,42
ModelCNN_fvs_No_Noise_90k_RMSELoss_20260717_155940,ModelCNN_fvs_No_Noise_90k_RMSELoss,RMSELoss,2026-07-17 15:59:40,22/200,2026-07-17 17:31:43,0.038897,0.067174,True,0.00005000,243.32,58260749,8,42
ModelCNN_fvs_No_Noise_90k_RMSELoss_20260717_155940,ModelCNN_fvs_No_Noise_90k_RMSELoss,RMSELoss,2026-07-17 15:59:40,23/200,2026-07-17 17:35:55,0.037290,0.066766,True,0.00005000,242.32,58260749,8,42
ModelCNN_fvs_No_Noise_90k_RMSELoss_20260717_155940,ModelCNN_fvs_No_Noise_90k_RMSELoss,RMSELoss,2026-07-17 15:59:40,24/200,2026-07-17 17:40:06,0.036055,0.066809,False,0.00005000,241.03,58260749,8,42
ModelCNN_fvs_No_Noise_90k_RMSELoss_20260717_155940,ModelCNN_fvs_No_Noise_90k_RMSELoss,RMSELoss,2026-07-17 15:59:40,25/200,2026-07-17 17:44:07,0.034848,0.066572,True,0.00005000,241.15,58260749,8,42
ModelCNN_fvs_No_Noise_90k_RMSELoss_20260717_155940,ModelCNN_fvs_No_Noise_90k_RMSELoss,RMSELoss,2026-07-17 15:59:40,26/200,2026-07-17 17:48:18,0.033848,0.066890,False,0.00005000,240.62,58260749,8,42
ModelCNN_fvs_No_Noise_90k_RMSELoss_20260717_155940,ModelCNN_fvs_No_Noise_90k_RMSELoss,RMSELoss,2026-07-17 15:59:40,27/200,2026-07-17 17:52:19,0.032911,0.066656,False,0.00005000,241.62,58260749,8,42
ModelCNN_fvs_No_Noise_90k_RMSELoss_20260717_155940,ModelCNN_fvs_No_Noise_90k_RMSELoss,RMSELoss,2026-07-17 15:59:40,28/200,2026-07-17 17:56:22,0.032121,0.066816,False,0.00005000,242.05,58260749,8,42
ModelCNN_fvs_No_Noise_90k_RMSELoss_20260717_155940,ModelCNN_fvs_No_Noise_90k_RMSELoss,RMSELoss,2026-07-17 15:59:40,29/200,2026-07-17 18:00:23,0.031319,0.066649,False,0.00005000,241.87,58260749,8,42
ModelCNN_fvs_No_Noise_90k_RMSELoss_20260717_155940,ModelCNN_fvs_No_Noise_90k_RMSELoss,RMSELoss,2026-07-17 15:59:40,30/200,2026-07-17 18:04:27,0.030492,0.066377,True,0.00005000,244.07,58260749,8,42
ModelCNN_fvs_No_Noise_90k_RMSELoss_20260717_155940,ModelCNN_fvs_No_Noise_90k_RMSELoss,RMSELoss,2026-07-17 15:59:40,31/200,2026-07-17 18:08:39,0.029744,0.066544,False,0.00005000,241.32,58260749,8,42
ModelCNN_fvs_No_Noise_90k_RMSELoss_20260717_155940,ModelCNN_fvs_No_Noise_90k_RMSELoss,RMSELoss,2026-07-17 15:59:40,32/200,2026-07-17 18:12:44,0.029149,0.066062,True,0.00005000,244.95,58260749,8,42
ModelCNN_fvs_No_Noise_90k_RMSELoss_20260717_155940,ModelCNN_fvs_No_Noise_90k_RMSELoss,RMSELoss,2026-07-17 15:59:40,33/200,2026-07-17 18:16:57,0.028483,0.066305,False,0.00005000,243.07,58260749,8,42
ModelCNN_fvs_No_Noise_90k_RMSELoss_20260717_155940,ModelCNN_fvs_No_Noise_90k_RMSELoss,RMSELoss,2026-07-17 15:59:40,34/200,2026-07-17 18:21:00,0.027923,0.066110,False,0.00005000,243.28,58260749,8,42
ModelCNN_fvs_No_Noise_90k_RMSELoss_20260717_155940,ModelCNN_fvs_No_Noise_90k_RMSELoss,RMSELoss,2026-07-17 15:59:40,35/200,2026-07-17 18:25:04,0.027214,0.066248,False,0.00005000,243.82,58260749,8,42
ModelCNN_fvs_No_Noise_90k_RMSELoss_20260717_155940,ModelCNN_fvs_No_Noise_90k_RMSELoss,RMSELoss,2026-07-17 15:59:40,36/200,2026-07-17 18:29:07,0.026696,0.066214,False,0.00005000,243.42,58260749,8,42
ModelCNN_fvs_No_Noise_90k_RMSELoss_20260717_155940,ModelCNN_fvs_No_Noise_90k_RMSELoss,RMSELoss,2026-07-17 15:59:40,37/200,2026-07-17 18:33:11,0.026182,0.066302,False,0.00005000,243.33,58260749,8,42
ModelCNN_fvs_No_Noise_90k_RMSELoss_20260717_155940,ModelCNN_fvs_No_Noise_90k_RMSELoss,RMSELoss,2026-07-17 15:59:40,38/200,2026-07-17 18:37:13,0.025615,0.065724,True,0.00005000,242.18,58260749,8,42
ModelCNN_fvs_No_Noise_90k_RMSELoss_20260717_155940,ModelCNN_fvs_No_Noise_90k_RMSELoss,RMSELoss,2026-07-17 15:59:40,39/200,2026-07-17 18:41:28,0.025147,0.065822,False,0.00005000,245.34,58260749,8,42
ModelCNN_fvs_No_Noise_90k_RMSELoss_20260717_155940,ModelCNN_fvs_No_Noise_90k_RMSELoss,RMSELoss,2026-07-17 15:59:40,40/200,2026-07-17 18:45:31,0.024618,0.066044,False,0.00002500,243.00,58260749,8,42
ModelCNN_fvs_No_Noise_90k_RMSELoss_20260717_155940,ModelCNN_fvs_No_Noise_90k_RMSELoss,RMSELoss,2026-07-17 15:59:40,41/200,2026-07-17 18:49:33,0.021966,0.064866,True,0.00002500,241.70,58260749,8,42
ModelCNN_fvs_No_Noise_90k_RMSELoss_20260717_155940,ModelCNN_fvs_No_Noise_90k_RMSELoss,RMSELoss,2026-07-17 15:59:40,42/200,2026-07-17 18:53:44,0.019788,0.064767,True,0.00002500,240.91,58260749,8,42
ModelCNN_fvs_No_Noise_90k_RMSELoss_20260717_155940,ModelCNN_fvs_No_Noise_90k_RMSELoss,RMSELoss,2026-07-17 15:59:40,43/200,2026-07-17 18:57:56,0.019093,0.064753,True,0.00002500,241.47,58260749,8,42
ModelCNN_fvs_No_Noise_90k_RMSELoss_20260717_155940,ModelCNN_fvs_No_Noise_90k_RMSELoss,RMSELoss,2026-07-17 15:59:40,44/200,2026-07-17 19:02:07,0.018591,0.064372,True,0.00002500,241.95,58260749,8,42
ModelCNN_fvs_No_Noise_90k_RMSELoss_20260717_155940,ModelCNN_fvs_No_Noise_90k_RMSELoss,RMSELoss,2026-07-17 15:59:40,45/200,2026-07-17 19:06:19,0.018138,0.064617,False,0.00002500,241.11,58260749,8,42
ModelCNN_fvs_No_Noise_90k_RMSELoss_20260717_155940,ModelCNN_fvs_No_Noise_90k_RMSELoss,RMSELoss,2026-07-17 15:59:40,46/200,2026-07-17 19:10:20,0.017791,0.064412,False,0.00002500,241.19,58260749,8,42
ModelCNN_fvs_No_Noise_90k_RMSELoss_20260717_155940,ModelCNN_fvs_No_Noise_90k_RMSELoss,RMSELoss,2026-07-17 15:59:40,47/200,2026-07-17 19:14:21,0.017421,0.064337,True,0.00002500,241.54,58260749,8,42
ModelCNN_fvs_No_Noise_90k_RMSELoss_20260717_155940,ModelCNN_fvs_No_Noise_90k_RMSELoss,RMSELoss,2026-07-17 15:59:40,48/200,2026-07-17 19:18:31,0.017116,0.064740,False,0.00002500,240.06,58260749,8,42
ModelCNN_fvs_No_Noise_90k_RMSELoss_20260717_155940,ModelCNN_fvs_No_Noise_90k_RMSELoss,RMSELoss,2026-07-17 15:59:40,49/200,2026-07-17 19:22:32,0.016766,0.064524,False,0.00002500,240.65,58260749,8,42
ModelCNN_fvs_No_Noise_90k_RMSELoss_20260717_155940,ModelCNN_fvs_No_Noise_90k_RMSELoss,RMSELoss,2026-07-17 15:59:40,50/200,2026-07-17 19:26:32,0.016502,0.064598,False,0.00002500,239.66,58260749,8,42
ModelCNN_fvs_No_Noise_90k_RMSELoss_20260717_155940,ModelCNN_fvs_No_Noise_90k_RMSELoss,RMSELoss,2026-07-17 15:59:40,51/200,2026-07-17 19:30:33,0.016253,0.064599,False,0.00002500,241.02,58260749,8,42
ModelCNN_fvs_No_Noise_90k_RMSELoss_20260717_155940,ModelCNN_fvs_No_Noise_90k_RMSELoss,RMSELoss,2026-07-17 15:59:40,52/200,2026-07-17 19:34:34,0.015952,0.064546,False,0.00002500,240.98,58260749,8,42
ModelCNN_fvs_No_Noise_90k_RMSELoss_20260717_155940,ModelCNN_fvs_No_Noise_90k_RMSELoss,RMSELoss,2026-07-17 15:59:40,53/200,2026-07-17 19:38:35,0.015691,0.064528,False,0.00002500,240.93,58260749,8,42
ModelCNN_fvs_No_Noise_90k_RMSELoss_20260717_155940,ModelCNN_fvs_No_Noise_90k_RMSELoss,RMSELoss,2026-07-17 15:59:40,54/200,2026-07-17 19:42:37,0.015518,0.064322,True,0.00002500,242.15,58260749,8,42
ModelCNN_fvs_No_Noise_90k_RMSELoss_20260717_155940,ModelCNN_fvs_No_Noise_90k_RMSELoss,RMSELoss,2026-07-17 15:59:40,55/200,2026-07-17 19:46:49,0.015232,0.064523,False,0.00002500,242.29,58260749,8,42
ModelCNN_fvs_No_Noise_90k_RMSELoss_20260717_155940,ModelCNN_fvs_No_Noise_90k_RMSELoss,RMSELoss,2026-07-17 15:59:40,56/200,2026-07-17 19:50:54,0.015032,0.064583,False,0.00002500,244.58,58260749,8,42
ModelCNN_fvs_No_Noise_90k_RMSELoss_20260717_155940,ModelCNN_fvs_No_Noise_90k_RMSELoss,RMSELoss,2026-07-17 15:59:40,57/200,2026-07-17 19:54:56,0.014872,0.064293,True,0.00002500,242.09,58260749,8,42
ModelCNN_fvs_No_Noise_90k_RMSELoss_20260717_155940,ModelCNN_fvs_No_Noise_90k_RMSELoss,RMSELoss,2026-07-17 15:59:40,58/200,2026-07-17 19:59:07,0.014630,0.064392,False,0.00002500,240.63,58260749,8,42
ModelCNN_fvs_No_Noise_90k_RMSELoss_20260717_155940,ModelCNN_fvs_No_Noise_90k_RMSELoss,RMSELoss,2026-07-17 15:59:40,59/200,2026-07-17 20:03:08,0.014457,0.064428,False,0.00002500,241.41,58260749,8,42
ModelCNN_fvs_No_Noise_90k_RMSELoss_20260717_155940,ModelCNN_fvs_No_Noise_90k_RMSELoss,RMSELoss,2026-07-17 15:59:40,60/200,2026-07-17 20:07:09,0.014251,0.064318,False,0.00001250,241.40,58260749,8,42
ModelCNN_fvs_No_Noise_90k_RMSELoss_20260717_155940,ModelCNN_fvs_No_Noise_90k_RMSELoss,RMSELoss,2026-07-17 15:59:40,61/200,2026-07-17 20:11:11,0.013129,0.064087,True,0.00001250,242.02,58260749,8,42
ModelCNN_fvs_No_Noise_90k_RMSELoss_20260717_155940,ModelCNN_fvs_No_Noise_90k_RMSELoss,RMSELoss,2026-07-17 15:59:40,62/200,2026-07-17 20:15:24,0.012210,0.064167,False,0.00001250,242.21,58260749,8,42
ModelCNN_fvs_No_Noise_90k_RMSELoss_20260717_155940,ModelCNN_fvs_No_Noise_90k_RMSELoss,RMSELoss,2026-07-17 15:59:40,63/200,2026-07-17 20:19:26,0.011924,0.064126,False,0.00001250,241.91,58260749,8,42
ModelCNN_fvs_No_Noise_90k_RMSELoss_20260717_155940,ModelCNN_fvs_No_Noise_90k_RMSELoss,RMSELoss,2026-07-17 15:59:40,64/200,2026-07-17 20:23:27,0.011746,0.064128,False,0.00001250,241.76,58260749,8,42
ModelCNN_fvs_No_Noise_90k_RMSELoss_20260717_155940,ModelCNN_fvs_No_Noise_90k_RMSELoss,RMSELoss,2026-07-17 15:59:40,65/200,2026-07-17 20:27:27,0.011562,0.064098,False,0.00001250,240.11,58260749,8,42
ModelCNN_fvs_No_Noise_90k_RMSELoss_20260717_155940,ModelCNN_fvs_No_Noise_90k_RMSELoss,RMSELoss,2026-07-17 15:59:40,66/200,2026-07-17 20:31:29,0.011431,0.063955,True,0.00001250,241.42,58260749,8,42
ModelCNN_fvs_No_Noise_90k_RMSELoss_20260717_155940,ModelCNN_fvs_No_Noise_90k_RMSELoss,RMSELoss,2026-07-17 15:59:40,67/200,2026-07-17 20:35:47,0.011266,0.064021,False,0.00001250,248.52,58260749,8,42
ModelCNN_fvs_No_Noise_90k_RMSELoss_20260717_155940,ModelCNN_fvs_No_Noise_90k_RMSELoss,RMSELoss,2026-07-17 15:59:40,68/200,2026-07-17 20:39:48,0.011166,0.063857,True,0.00001250,240.67,58260749,8,42
ModelCNN_fvs_No_Noise_90k_RMSELoss_20260717_155940,ModelCNN_fvs_No_Noise_90k_RMSELoss,RMSELoss,2026-07-17 15:59:40,69/200,2026-07-17 20:43:59,0.011058,0.064065,False,0.00001250,240.79,58260749,8,42
ModelCNN_fvs_No_Noise_90k_RMSELoss_20260717_155940,ModelCNN_fvs_No_Noise_90k_RMSELoss,RMSELoss,2026-07-17 15:59:40,70/200,2026-07-17 20:47:59,0.010936,0.063860,False,0.00001250,240.49,58260749,8,42
ModelCNN_fvs_No_Noise_90k_RMSELoss_20260717_155940,ModelCNN_fvs_No_Noise_90k_RMSELoss,RMSELoss,2026-07-17 15:59:40,71/200,2026-07-17 20:52:01,0.010815,0.064044,False,0.00001250,241.28,58260749,8,42
ModelCNN_fvs_No_Noise_90k_RMSELoss_20260717_155940,ModelCNN_fvs_No_Noise_90k_RMSELoss,RMSELoss,2026-07-17 15:59:40,72/200,2026-07-17 20:56:00,0.010685,0.063941,False,0.00001250,239.58,58260749,8,42
ModelCNN_fvs_No_Noise_90k_RMSELoss_20260717_155940,ModelCNN_fvs_No_Noise_90k_RMSELoss,RMSELoss,2026-07-17 15:59:40,73/200,2026-07-17 21:00:00,0.010617,0.063952,False,0.00001250,239.91,58260749,8,42
ModelCNN_fvs_No_Noise_90k_RMSELoss_20260717_155940,ModelCNN_fvs_No_Noise_90k_RMSELoss,RMSELoss,2026-07-17 15:59:40,74/200,2026-07-17 21:04:01,0.010521,0.063913,False,0.00001250,240.40,58260749,8,42
ModelCNN_fvs_No_Noise_90k_RMSELoss_20260717_155940,ModelCNN_fvs_No_Noise_90k_RMSELoss,RMSELoss,2026-07-17 15:59:40,75/200,2026-07-17 21:08:01,0.010422,0.064147,False,0.00001250,240.67,58260749,8,42
ModelCNN_fvs_No_Noise_90k_RMSELoss_20260717_155940,ModelCNN_fvs_No_Noise_90k_RMSELoss,RMSELoss,2026-07-17 15:59:40,76/200,2026-07-17 21:12:03,0.010370,0.063869,False,0.00001250,241.32,58260749,8,42
ModelCNN_fvs_No_Noise_90k_RMSELoss_20260717_155940,ModelCNN_fvs_No_Noise_90k_RMSELoss,RMSELoss,2026-07-17 15:59:40,77/200,2026-07-17 21:16:03,0.010253,0.064038,False,0.00001250,240.13,58260749,8,42
ModelCNN_fvs_No_Noise_90k_RMSELoss_20260717_155940,ModelCNN_fvs_No_Noise_90k_RMSELoss,RMSELoss,2026-07-17 15:59:40,78/200,2026-07-17 21:20:03,0.010166,0.063930,False,0.00001250,240.03,58260749,8,42
ModelCNN_fvs_No_Noise_90k_RMSELoss_20260717_155940,ModelCNN_fvs_No_Noise_90k_RMSELoss,RMSELoss,2026-07-17 15:59:40,79/200,2026-07-17 21:24:04,0.010104,0.064138,False,0.00001250,241.08,58260749,8,42
ModelCNN_fvs_No_Noise_90k_RMSELoss_20260717_155940,ModelCNN_fvs_No_Noise_90k_RMSELoss,RMSELoss,2026-07-17 15:59:40,80/200,2026-07-17 21:28:05,0.009999,0.063920,False,0.00000625,241.09,58260749,8,42
ModelCNN_fvs_No_Noise_90k_RMSELoss_20260717_155940,ModelCNN_fvs_No_Noise_90k_RMSELoss,RMSELoss,2026-07-17 15:59:40,81/200,2026-07-17 21:32:06,0.009516,0.063894,False,0.00000625,240.64,58260749,8,42
ModelCNN_fvs_No_Noise_90k_RMSELoss_20260717_155940,ModelCNN_fvs_No_Noise_90k_RMSELoss,RMSELoss,2026-07-17 15:59:40,82/200,2026-07-17 21:36:06,0.009142,0.063819,True,0.00000625,240.58,58260749,8,42
ModelCNN_fvs_No_Noise_90k_RMSELoss_20260717_155940,ModelCNN_fvs_No_Noise_90k_RMSELoss,RMSELoss,2026-07-17 15:59:40,83/200,2026-07-17 21:40:16,0.009025,0.063970,False,0.00000625,240.01,58260749,8,42
ModelCNN_fvs_No_Noise_90k_RMSELoss_20260717_155940,ModelCNN_fvs_No_Noise_90k_RMSELoss,RMSELoss,2026-07-17 15:59:40,84/200,2026-07-17 21:44:17,0.008917,0.063895,False,0.00000625,240.29,58260749,8,42
ModelCNN_fvs_No_Noise_90k_RMSELoss_20260717_155940,ModelCNN_fvs_No_Noise_90k_RMSELoss,RMSELoss,2026-07-17 15:59:40,85/200,2026-07-17 21:48:16,0.008860,0.063834,False,0.00000625,239.37,58260749,8,42
ModelCNN_fvs_No_Noise_90k_RMSELoss_20260717_155940,ModelCNN_fvs_No_Noise_90k_RMSELoss,RMSELoss,2026-07-17 15:59:40,86/200,2026-07-17 21:52:17,0.008759,0.063895,False,0.00000625,240.64,58260749,8,42
ModelCNN_fvs_No_Noise_90k_RMSELoss_20260717_155940,ModelCNN_fvs_No_Noise_90k_RMSELoss,RMSELoss,2026-07-17 15:59:40,87/200,2026-07-17 21:56:20,0.008722,0.063887,False,0.00000625,243.46,58260749,8,42
ModelCNN_fvs_No_Noise_90k_RMSELoss_20260717_155940,ModelCNN_fvs_No_Noise_90k_RMSELoss,RMSELoss,2026-07-17 15:59:40,88/200,2026-07-17 22:00:20,0.008671,0.063779,True,0.00000625,240.06,58260749,8,42
ModelCNN_fvs_No_Noise_90k_RMSELoss_20260717_155940,ModelCNN_fvs_No_Noise_90k_RMSELoss,RMSELoss,2026-07-17 15:59:40,89/200,2026-07-17 22:04:31,0.008622,0.063794,False,0.00000625,240.45,58260749,8,42
ModelCNN_fvs_No_Noise_90k_RMSELoss_20260717_155940,ModelCNN_fvs_No_Noise_90k_RMSELoss,RMSELoss,2026-07-17 15:59:40,90/200,2026-07-17 22:08:31,0.008575,0.063827,False,0.00000625,240.84,58260749,8,42
ModelCNN_fvs_No_Noise_90k_RMSELoss_20260717_155940,ModelCNN_fvs_No_Noise_90k_RMSELoss,RMSELoss,2026-07-17 15:59:40,91/200,2026-07-17 22:12:33,0.008515,0.063882,False,0.00000625,241.15,58260749,8,42
ModelCNN_fvs_No_Noise_90k_RMSELoss_20260717_155940,ModelCNN_fvs_No_Noise_90k_RMSELoss,RMSELoss,2026-07-17 15:59:40,92/200,2026-07-17 22:16:34,0.008475,0.063862,False,0.00000625,241.41,58260749,8,42
ModelCNN_fvs_No_Noise_90k_RMSELoss_20260717_155940,ModelCNN_fvs_No_Noise_90k_RMSELoss,RMSELoss,2026-07-17 15:59:40,93/200,2026-07-17 22:20:35,0.008433,0.063767,True,0.00000625,241.34,58260749,8,42
ModelCNN_fvs_No_Noise_90k_RMSELoss_20260717_155940,ModelCNN_fvs_No_Noise_90k_RMSELoss,RMSELoss,2026-07-17 15:59:40,94/200,2026-07-17 22:24:45,0.008403,0.063823,False,0.00000625,239.11,58260749,8,42
ModelCNN_fvs_No_Noise_90k_RMSELoss_20260717_155940,ModelCNN_fvs_No_Noise_90k_RMSELoss,RMSELoss,2026-07-17 15:59:40,95/200,2026-07-17 22:28:46,0.008333,0.063900,False,0.00000625,241.04,58260749,8,42
ModelCNN_fvs_No_Noise_90k_RMSELoss_20260717_155940,ModelCNN_fvs_No_Noise_90k_RMSELoss,RMSELoss,2026-07-17 15:59:40,96/200,2026-07-17 22:32:46,0.008291,0.063942,False,0.00000625,240.90,58260749,8,42
ModelCNN_fvs_No_Noise_90k_RMSELoss_20260717_155940,ModelCNN_fvs_No_Noise_90k_RMSELoss,RMSELoss,2026-07-17 15:59:40,97/200,2026-07-17 22:36:48,0.008274,0.063839,False,0.00000625,241.71,58260749,8,42
ModelCNN_fvs_No_Noise_90k_RMSELoss_20260717_155940,ModelCNN_fvs_No_Noise_90k_RMSELoss,RMSELoss,2026-07-17 15:59:40,98/200,2026-07-17 22:40:50,0.008232,0.063744,True,0.00000625,241.71,58260749,8,42
ModelCNN_fvs_No_Noise_90k_RMSELoss_20260717_155940,ModelCNN_fvs_No_Noise_90k_RMSELoss,RMSELoss,2026-07-17 15:59:40,99/200,2026-07-17 22:45:02,0.008194,0.063855,False,0.00000625,241.57,58260749,8,42
ModelCNN_fvs_No_Noise_90k_RMSELoss_20260717_155940,ModelCNN_fvs_No_Noise_90k_RMSELoss,RMSELoss,2026-07-17 15:59:40,100/200,2026-07-17 22:49:05,0.008148,0.063834,False,0.00000313,243.77,58260749,8,42
ModelCNN_fvs_No_Noise_90k_RMSELoss_20260717_155940,ModelCNN_fvs_No_Noise_90k_RMSELoss,RMSELoss,2026-07-17 15:59:40,101/200,2026-07-17 22:53:08,0.007933,0.063719,True,0.00000313,242.34,58260749,8,42
ModelCNN_fvs_No_Noise_90k_RMSELoss_20260717_155940,ModelCNN_fvs_No_Noise_90k_RMSELoss,RMSELoss,2026-07-17 15:59:40,102/200,2026-07-17 22:57:21,0.007788,0.063796,False,0.00000313,243.04,58260749,8,42
ModelCNN_fvs_No_Noise_90k_RMSELoss_20260717_155940,ModelCNN_fvs_No_Noise_90k_RMSELoss,RMSELoss,2026-07-17 15:59:40,103/200,2026-07-17 23:01:22,0.007715,0.063814,False,0.00000313,241.61,58260749,8,42
ModelCNN_fvs_No_Noise_90k_RMSELoss_20260717_155940,ModelCNN_fvs_No_Noise_90k_RMSELoss,RMSELoss,2026-07-17 15:59:40,104/200,2026-07-17 23:05:23,0.007673,0.063721,False,0.00000313,240.50,58260749,8,42
ModelCNN_fvs_No_Noise_90k_RMSELoss_20260717_155940,ModelCNN_fvs_No_Noise_90k_RMSELoss,RMSELoss,2026-07-17 15:59:40,105/200,2026-07-17 23:09:25,0.007632,0.063795,False,0.00000313,241.72,58260749,8,42
ModelCNN_fvs_No_Noise_90k_RMSELoss_20260717_155940,ModelCNN_fvs_No_Noise_90k_RMSELoss,RMSELoss,2026-07-17 15:59:40,106/200,2026-07-17 23:13:25,0.007616,0.063798,False,0.00000313,240.36,58260749,8,42
ModelCNN_fvs_No_Noise_90k_RMSELoss_20260717_155940,ModelCNN_fvs_No_Noise_90k_RMSELoss,RMSELoss,2026-07-17 15:59:40,107/200,2026-07-17 23:17:27,0.007598,0.063756,False,0.00000313,242.06,58260749,8,42
ModelCNN_fvs_No_Noise_90k_RMSELoss_20260717_155940,ModelCNN_fvs_No_Noise_90k_RMSELoss,RMSELoss,2026-07-17 15:59:40,108/200,2026-07-17 23:21:28,0.007557,0.063749,False,0.00000313,241.35,58260749,8,42
ModelCNN_fvs_No_Noise_90k_RMSELoss_20260717_155940,ModelCNN_fvs_No_Noise_90k_RMSELoss,RMSELoss,2026-07-17 15:59:40,109/200,2026-07-17 23:25:30,0.007536,0.063736,False,0.00000313,241.73,58260749,8,42
ModelCNN_fvs_No_Noise_90k_RMSELoss_20260717_155940,ModelCNN_fvs_No_Noise_90k_RMSELoss,RMSELoss,2026-07-17 15:59:40,110/200,2026-07-17 23:29:33,0.007520,0.063756,False,0.00000313,242.44,58260749,8,42
ModelCNN_fvs_No_Noise_90k_RMSELoss_20260717_155940,ModelCNN_fvs_No_Noise_90k_RMSELoss,RMSELoss,2026-07-17 15:59:40,111/200,2026-07-17 23:33:37,0.007499,0.063773,False,0.00000313,244.19,58260749,8,42
ModelCNN_fvs_No_Noise_90k_RMSELoss_20260717_155940,ModelCNN_fvs_No_Noise_90k_RMSELoss,RMSELoss,2026-07-17 15:59:40,112/200,2026-07-17 23:37:33,0.007466,0.063796,False,0.00000313,236.72,58260749,8,42
ModelCNN_fvs_No_Noise_90k_RMSELoss_20260717_155940,ModelCNN_fvs_No_Noise_90k_RMSELoss,RMSELoss,2026-07-17 15:59:40,113/200,2026-07-17 23:41:28,0.007464,0.063860,False,0.00000313,234.93,58260749,8,42
ModelCNN_fvs_No_Noise_90k_RMSELoss_20260717_155940,ModelCNN_fvs_No_Noise_90k_RMSELoss,RMSELoss,2026-07-17 15:59:40,114/200,2026-07-17 23:45:22,0.007437,0.063843,False,0.00000313,233.79,58260749,8,42
ModelCNN_fvs_No_Noise_90k_RMSELoss_20260717_155940,ModelCNN_fvs_No_Noise_90k_RMSELoss,RMSELoss,2026-07-17 15:59:40,115/200,2026-07-17 23:49:17,0.007421,0.063808,False,0.00000313,234.83,58260749,8,42
ModelCNN_fvs_No_Noise_90k_RMSELoss_20260717_155940,ModelCNN_fvs_No_Noise_90k_RMSELoss,RMSELoss,2026-07-17 15:59:40,116/200,2026-07-17 23:53:12,0.007384,0.063783,False,0.00000313,234.67,58260749,8,42
ModelCNN_fvs_No_Noise_90k_RMSELoss_20260717_155940,ModelCNN_fvs_No_Noise_90k_RMSELoss,RMSELoss,2026-07-17 15:59:40,117/200,2026-07-17 23:57:05,0.007360,0.063817,False,0.00000313,233.09,58260749,8,42
ModelCNN_fvs_No_Noise_90k_RMSELoss_20260717_155940,ModelCNN_fvs_No_Noise_90k_RMSELoss,RMSELoss,2026-07-17 15:59:40,118/200,2026-07-18 00:01:00,0.007355,0.063782,False,0.00000313,235.47,58260749,8,42
ModelCNN_fvs_No_Noise_90k_RMSELoss_20260717_155940,ModelCNN_fvs_No_Noise_90k_RMSELoss,RMSELoss,2026-07-17 15:59:40,119/200,2026-07-18 00:04:56,0.007325,0.063769,False,0.00000313,236.17,58260749,8,42
ModelCNN_fvs_No_Noise_90k_RMSELoss_20260717_155940,ModelCNN_fvs_No_Noise_90k_RMSELoss,RMSELoss,2026-07-17 15:59:40,120/200,2026-07-18 00:08:50,0.007317,0.063725,False,0.00000156,234.01,58260749,8,42
ModelCNN_fvs_No_Noise_90k_RMSELoss_20260717_155940,ModelCNN_fvs_No_Noise_90k_RMSELoss,RMSELoss,2026-07-17 15:59:40,121/200,2026-07-18 00:12:44,0.007197,0.063767,False,0.00000156,233.03,58260749,8,42
ModelCNN_fvs_No_Noise_90k_RMSELoss_20260717_155940,ModelCNN_fvs_No_Noise_90k_RMSELoss,RMSELoss,2026-07-17 15:59:40,122/200,2026-07-18 00:16:37,0.007151,0.063748,False,0.00000156,233.70,58260749,8,42
ModelCNN_fvs_No_Noise_90k_RMSELoss_20260717_155940,ModelCNN_fvs_No_Noise_90k_RMSELoss,RMSELoss,2026-07-17 15:59:40,123/200,2026-07-18 00:20:32,0.007126,0.063788,False,0.00000156,234.89,58260749,8,42
ModelCNN_fvs_No_Noise_90k_RMSELoss_20260717_155940,ModelCNN_fvs_No_Noise_90k_RMSELoss,RMSELoss,2026-07-17 15:59:40,124/200,2026-07-18 00:24:25,0.007112,0.063806,False,0.00000156,232.61,58260749,8,42
ModelCNN_fvs_No_Noise_90k_RMSELoss_20260717_155940,ModelCNN_fvs_No_Noise_90k_RMSELoss,RMSELoss,2026-07-17 15:59:40,125/200,2026-07-18 00:28:17,0.007071,0.063787,False,0.00000156,232.37,58260749,8,42
ModelCNN_fvs_No_Noise_90k_RMSELoss_20260717_155940,ModelCNN_fvs_No_Noise_90k_RMSELoss,RMSELoss,2026-07-17 15:59:40,126/200,2026-07-18 00:32:10,0.007074,0.063822,False,0.00000156,233.11,58260749,8,42
ModelCNN_fvs_No_Noise_90k_RMSELoss_20260717_155940,ModelCNN_fvs_No_Noise_90k_RMSELoss,RMSELoss,2026-07-17 15:59:40,127/200,2026-07-18 00:36:03,0.007065,0.063764,False,0.00000156,232.84,58260749,8,42
ModelCNN_fvs_No_Noise_90k_RMSELoss_20260717_155940,ModelCNN_fvs_No_Noise_90k_RMSELoss,RMSELoss,2026-07-17 15:59:40,128/200,2026-07-18 00:39:56,0.007042,0.063790,False,0.00000156,233.08,58260749,8,42
ModelCNN_fvs_No_Noise_90k_RMSELoss_20260717_155940,ModelCNN_fvs_No_Noise_90k_RMSELoss,RMSELoss,2026-07-17 15:59:40,129/200,2026-07-18 00:43:50,0.007027,0.063761,False,0.00000156,233.35,58260749,8,42
ModelCNN_fvs_No_Noise_90k_RMSELoss_20260717_155940,ModelCNN_fvs_No_Noise_90k_RMSELoss,RMSELoss,2026-07-17 15:59:40,130/200,2026-07-18 00:47:41,0.007012,0.063781,False,0.00000156,231.33,58260749,8,42
ModelCNN_fvs_No_Noise_90k_RMSELoss_20260717_155940,ModelCNN_fvs_No_Noise_90k_RMSELoss,RMSELoss,2026-07-17 15:59:40,131/200,2026-07-18 00:51:33,0.007000,0.063771,False,0.00000156,232.38,58260749,8,42
ModelCNN_fvs_No_Noise_90k_RMSELoss_20260717_155940,ModelCNN_fvs_No_Noise_90k_RMSELoss,RMSELoss,2026-07-17 15:59:40,132/200,2026-07-18 00:55:26,0.006992,0.063726,False,0.00000156,233.21,58260749,8,42
ModelCNN_fvs_No_Noise_90k_RMSELoss_20260717_155940,ModelCNN_fvs_No_Noise_90k_RMSELoss,RMSELoss,2026-07-17 15:59:40,133/200,2026-07-18 00:59:19,0.006980,0.063764,False,0.00000156,232.55,58260749,8,42
ModelCNN_fvs_No_Noise_90k_RMSELoss_20260717_155940,ModelCNN_fvs_No_Noise_90k_RMSELoss,RMSELoss,2026-07-17 15:59:40,134/200,2026-07-18 01:03:13,0.006963,0.063800,False,0.00000156,233.71,58260749,8,42
ModelCNN_fvs_No_Noise_90k_RMSELoss_20260717_155940,ModelCNN_fvs_No_Noise_90k_RMSELoss,RMSELoss,2026-07-17 15:59:40,135/200,2026-07-18 01:07:06,0.006959,0.063850,False,0.00000156,233.44,58260749,8,42
ModelCNN_fvs_No_Noise_90k_RMSELoss_20260717_155940,ModelCNN_fvs_No_Noise_90k_RMSELoss,RMSELoss,2026-07-17 15:59:40,136/200,2026-07-18 01:10:58,0.006956,0.063709,True,0.00000156,232.26,58260749,8,42
ModelCNN_fvs_No_Noise_90k_RMSELoss_20260717_155940,ModelCNN_fvs_No_Noise_90k_RMSELoss,RMSELoss,2026-07-17 15:59:40,137/200,2026-07-18 01:15:02,0.006958,0.063790,False,0.00000156,233.36,58260749,8,42
ModelCNN_fvs_No_Noise_90k_RMSELoss_20260717_155940,ModelCNN_fvs_No_Noise_90k_RMSELoss,RMSELoss,2026-07-17 15:59:40,138/200,2026-07-18 01:18:56,0.006923,0.063713,False,0.00000156,234.21,58260749,8,42
ModelCNN_fvs_No_Noise_90k_RMSELoss_20260717_155940,ModelCNN_fvs_No_Noise_90k_RMSELoss,RMSELoss,2026-07-17 15:59:40,139/200,2026-07-18 01:22:50,0.006913,0.063744,False,0.00000156,233.84,58260749,8,42
ModelCNN_fvs_No_Noise_90k_RMSELoss_20260717_155940,ModelCNN_fvs_No_Noise_90k_RMSELoss,RMSELoss,2026-07-17 15:59:40,140/200,2026-07-18 01:26:43,0.006920,0.063715,False,0.00000078,233.14,58260749,8,42
ModelCNN_fvs_No_Noise_90k_RMSELoss_20260717_155940,ModelCNN_fvs_No_Noise_90k_RMSELoss,RMSELoss,2026-07-17 15:59:40,141/200,2026-07-18 01:30:35,0.006872,0.063794,False,0.00000078,232.37,58260749,8,42
ModelCNN_fvs_No_Noise_90k_RMSELoss_20260717_155940,ModelCNN_fvs_No_Noise_90k_RMSELoss,RMSELoss,2026-07-17 15:59:40,142/200,2026-07-18 01:34:29,0.006852,0.063743,False,0.00000078,233.47,58260749,8,42
ModelCNN_fvs_No_Noise_90k_RMSELoss_20260717_155940,ModelCNN_fvs_No_Noise_90k_RMSELoss,RMSELoss,2026-07-17 15:59:40,143/200,2026-07-18 01:38:22,0.006824,0.063761,False,0.00000078,232.79,58260749,8,42
ModelCNN_fvs_No_Noise_90k_RMSELoss_20260717_155940,ModelCNN_fvs_No_Noise_90k_RMSELoss,RMSELoss,2026-07-17 15:59:40,144/200,2026-07-18 01:42:15,0.006818,0.063816,False,0.00000078,233.19,58260749,8,42
ModelCNN_fvs_No_Noise_90k_RMSELoss_20260717_155940,ModelCNN_fvs_No_Noise_90k_RMSELoss,RMSELoss,2026-07-17 15:59:40,145/200,2026-07-18 01:46:08,0.006816,0.063753,False,0.00000078,233.53,58260749,8,42
ModelCNN_fvs_No_Noise_90k_RMSELoss_20260717_155940,ModelCNN_fvs_No_Noise_90k_RMSELoss,RMSELoss,2026-07-17 15:59:40,146/200,2026-07-18 01:50:01,0.006806,0.063752,False,0.00000078,232.68,58260749,8,42
ModelCNN_fvs_No_Noise_90k_RMSELoss_20260717_155940,ModelCNN_fvs_No_Noise_90k_RMSELoss,RMSELoss,2026-07-17 15:59:40,147/200,2026-07-18 01:53:54,0.006798,0.063725,False,0.00000078,233.26,58260749,8,42
ModelCNN_fvs_No_Noise_90k_RMSELoss_20260717_155940,ModelCNN_fvs_No_Noise_90k_RMSELoss,RMSELoss,2026-07-17 15:59:40,148/200,2026-07-18 01:57:46,0.006787,0.063769,False,0.00000078,231.41,58260749,8,42
ModelCNN_fvs_No_Noise_90k_RMSELoss_20260717_155940,ModelCNN_fvs_No_Noise_90k_RMSELoss,RMSELoss,2026-07-17 15:59:40,149/200,2026-07-18 02:01:39,0.006785,0.063791,False,0.00000078,233.40,58260749,8,42
ModelCNN_fvs_No_Noise_90k_RMSELoss_20260717_155940,ModelCNN_fvs_No_Noise_90k_RMSELoss,RMSELoss,2026-07-17 15:59:40,150/200,2026-07-18 02:05:33,0.006781,0.063784,False,0.00000078,233.71,58260749,8,42
ModelCNN_fvs_No_Noise_90k_RMSELoss_20260717_155940,ModelCNN_fvs_No_Noise_90k_RMSELoss,RMSELoss,2026-07-17 15:59:40,151/200,2026-07-18 02:09:25,0.006772,0.063758,False,0.00000078,231.97,58260749,8,42
ModelCNN_fvs_No_Noise_90k_RMSELoss_20260717_155940,ModelCNN_fvs_No_Noise_90k_RMSELoss,RMSELoss,2026-07-17 15:59:40,152/200,2026-07-18 02:13:18,0.006768,0.063723,False,0.00000078,233.43,58260749,8,42
ModelCNN_fvs_No_Noise_90k_RMSELoss_20260717_155940,ModelCNN_fvs_No_Noise_90k_RMSELoss,RMSELoss,2026-07-17 15:59:40,153/200,2026-07-18 02:17:11,0.006761,0.063757,False,0.00000078,232.91,58260749,8,42
ModelCNN_fvs_No_Noise_90k_RMSELoss_20260717_155940,ModelCNN_fvs_No_Noise_90k_RMSELoss,RMSELoss,2026-07-17 15:59:40,154/200,2026-07-18 02:21:06,0.006753,0.063779,False,0.00000078,234.95,58260749,8,42
ModelCNN_fvs_No_Noise_90k_RMSELoss_20260717_155940,ModelCNN_fvs_No_Noise_90k_RMSELoss,RMSELoss,2026-07-17 15:59:40,155/200,2026-07-18 02:24:59,0.006755,0.063746,False,0.00000078,232.43,58260749,8,42
ModelCNN_fvs_No_Noise_90k_RMSELoss_20260717_155940,ModelCNN_fvs_No_Noise_90k_RMSELoss,RMSELoss,2026-07-17 15:59:40,156/200,2026-07-18 02:28:52,0.006736,0.063770,False,0.00000078,232.99,58260749,8,42
ModelCNN_fvs_No_Noise_90k_RMSELoss_20260717_155940,ModelCNN_fvs_No_Noise_90k_RMSELoss,RMSELoss,2026-07-17 15:59:40,157/200,2026-07-18 02:32:45,0.006736,0.063753,False,0.00000078,233.11,58260749,8,42
ModelCNN_fvs_No_Noise_90k_RMSELoss_20260717_155940,ModelCNN_fvs_No_Noise_90k_RMSELoss,RMSELoss,2026-07-17 15:59:40,158/200,2026-07-18 02:36:37,0.006738,0.063801,False,0.00000078,232.78,58260749,8,42
ModelCNN_fvs_No_Noise_90k_RMSELoss_20260717_155940,ModelCNN_fvs_No_Noise_90k_RMSELoss,RMSELoss,2026-07-17 15:59:40,159/200,2026-07-18 02:40:31,0.006726,0.063716,False,0.00000078,233.55,58260749,8,42
ModelCNN_fvs_No_Noise_90k_RMSELoss_20260717_155940,ModelCNN_fvs_No_Noise_90k_RMSELoss,RMSELoss,2026-07-17 15:59:40,160/200,2026-07-18 02:44:25,0.006713,0.063769,False,0.00000039,234.31,58260749,8,42
ModelCNN_fvs_No_Noise_90k_RMSELoss_20260717_155940,ModelCNN_fvs_No_Noise_90k_RMSELoss,RMSELoss,2026-07-17 15:59:40,161/200,2026-07-18 02:48:21,0.006690,0.063772,False,0.00000039,236.19,58260749,8,42
ModelCNN_fvs_No_Noise_90k_RMSELoss_20260717_155940,ModelCNN_fvs_No_Noise_90k_RMSELoss,RMSELoss,2026-07-17 15:59:40,162/200,2026-07-18 02:52:15,0.006683,0.063739,False,0.00000039,233.25,58260749,8,42
ModelCNN_fvs_No_Noise_90k_RMSELoss_20260717_155940,ModelCNN_fvs_No_Noise_90k_RMSELoss,RMSELoss,2026-07-17 15:59:40,163/200,2026-07-18 02:56:08,0.006689,0.063755,False,0.00000039,233.64,58260749,8,42
ModelCNN_fvs_No_Noise_90k_RMSELoss_20260717_155940,ModelCNN_fvs_No_Noise_90k_RMSELoss,RMSELoss,2026-07-17 15:59:40,164/200,2026-07-18 03:00:02,0.006673,0.063776,False,0.00000039,233.22,58260749,8,42
ModelCNN_fvs_No_Noise_90k_RMSELoss_20260717_155940,ModelCNN_fvs_No_Noise_90k_RMSELoss,RMSELoss,2026-07-17 15:59:40,165/200,2026-07-18 03:03:56,0.006657,0.063701,True,0.00000039,234.13,58260749,8,42
ModelCNN_fvs_No_Noise_90k_RMSELoss_20260717_155940,ModelCNN_fvs_No_Noise_90k_RMSELoss,RMSELoss,2026-07-17 15:59:40,166/200,2026-07-18 03:07:59,0.006674,0.063731,False,0.00000039,233.74,58260749,8,42
ModelCNN_fvs_No_Noise_90k_RMSELoss_20260717_155940,ModelCNN_fvs_No_Noise_90k_RMSELoss,RMSELoss,2026-07-17 15:59:40,167/200,2026-07-18 03:11:54,0.006662,0.063753,False,0.00000039,234.49,58260749,8,42
ModelCNN_fvs_No_Noise_90k_RMSELoss_20260717_155940,ModelCNN_fvs_No_Noise_90k_RMSELoss,RMSELoss,2026-07-17 15:59:40,168/200,2026-07-18 03:15:49,0.006671,0.063765,False,0.00000039,234.85,58260749,8,42
ModelCNN_fvs_No_Noise_90k_RMSELoss_20260717_155940,ModelCNN_fvs_No_Noise_90k_RMSELoss,RMSELoss,2026-07-17 15:59:40,169/200,2026-07-18 03:19:42,0.006662,0.063756,False,0.00000039,233.07,58260749,8,42
ModelCNN_fvs_No_Noise_90k_RMSELoss_20260717_155940,ModelCNN_fvs_No_Noise_90k_RMSELoss,RMSELoss,2026-07-17 15:59:40,170/200,2026-07-18 03:23:36,0.006651,0.063789,False,0.00000039,233.91,58260749,8,42
ModelCNN_fvs_No_Noise_90k_RMSELoss_20260717_155940,ModelCNN_fvs_No_Noise_90k_RMSELoss,RMSELoss,2026-07-17 15:59:40,171/200,2026-07-18 03:27:29,0.006647,0.063772,False,0.00000039,232.91,58260749,8,42
ModelCNN_fvs_No_Noise_90k_RMSELoss_20260717_155940,ModelCNN_fvs_No_Noise_90k_RMSELoss,RMSELoss,2026-07-17 15:59:40,172/200,2026-07-18 03:31:23,0.006650,0.063730,False,0.00000039,234.31,58260749,8,42
ModelCNN_fvs_No_Noise_90k_RMSELoss_20260717_155940,ModelCNN_fvs_No_Noise_90k_RMSELoss,RMSELoss,2026-07-17 15:59:40,173/200,2026-07-18 03:35:18,0.006631,0.063790,False,0.00000039,234.74,58260749,8,42
ModelCNN_fvs_No_Noise_90k_RMSELoss_20260717_155940,ModelCNN_fvs_No_Noise_90k_RMSELoss,RMSELoss,2026-07-17 15:59:40,174/200,2026-07-18 03:39:12,0.006648,0.063780,False,0.00000039,234.47,58260749,8,42
ModelCNN_fvs_No_Noise_90k_RMSELoss_20260717_155940,ModelCNN_fvs_No_Noise_90k_RMSELoss,RMSELoss,2026-07-17 15:59:40,175/200,2026-07-18 03:43:06,0.006642,0.063713,False,0.00000039,233.72,58260749,8,42
ModelCNN_fvs_No_Noise_90k_RMSELoss_20260717_155940,ModelCNN_fvs_No_Noise_90k_RMSELoss,RMSELoss,2026-07-17 15:59:40,176/200,2026-07-18 03:47:02,0.006628,0.063731,False,0.00000039,236.28,58260749,8,42
ModelCNN_fvs_No_Noise_90k_RMSELoss_20260717_155940,ModelCNN_fvs_No_Noise_90k_RMSELoss,RMSELoss,2026-07-17 15:59:40,177/200,2026-07-18 03:50:57,0.006614,0.063732,False,0.00000039,234.70,58260749,8,42
ModelCNN_fvs_No_Noise_90k_RMSELoss_20260717_155940,ModelCNN_fvs_No_Noise_90k_RMSELoss,RMSELoss,2026-07-17 15:59:40,178/200,2026-07-18 03:54:51,0.006631,0.063788,False,0.00000039,234.34,58260749,8,42
ModelCNN_fvs_No_Noise_90k_RMSELoss_20260717_155940,ModelCNN_fvs_No_Noise_90k_RMSELoss,RMSELoss,2026-07-17 15:59:40,179/200,2026-07-18 03:58:44,0.006620,0.063791,False,0.00000039,232.90,58260749,8,42
ModelCNN_fvs_No_Noise_90k_RMSELoss_20260717_155940,ModelCNN_fvs_No_Noise_90k_RMSELoss,RMSELoss,2026-07-17 15:59:40,180/200,2026-07-18 04:02:37,0.006644,0.063747,False,0.00000020,233.17,58260749,8,42
ModelCNN_fvs_No_Noise_90k_RMSELoss_20260717_155940,ModelCNN_fvs_No_Noise_90k_RMSELoss,RMSELoss,2026-07-17 15:59:40,181/200,2026-07-18 04:06:30,0.006617,0.063819,False,0.00000020,232.95,58260749,8,42
ModelCNN_fvs_No_Noise_90k_RMSELoss_20260717_155940,ModelCNN_fvs_No_Noise_90k_RMSELoss,RMSELoss,2026-07-17 15:59:40,182/200,2026-07-18 04:10:24,0.006616,0.063756,False,0.00000020,233.57,58260749,8,42
ModelCNN_fvs_No_Noise_90k_RMSELoss_20260717_155940,ModelCNN_fvs_No_Noise_90k_RMSELoss,RMSELoss,2026-07-17 15:59:40,183/200,2026-07-18 04:14:17,0.006602,0.063771,False,0.00000020,233.44,58260749,8,42
ModelCNN_fvs_No_Noise_90k_RMSELoss_20260717_155940,ModelCNN_fvs_No_Noise_90k_RMSELoss,RMSELoss,2026-07-17 15:59:40,184/200,2026-07-18 04:18:11,0.006607,0.063746,False,0.00000020,233.30,58260749,8,42
ModelCNN_fvs_No_Noise_90k_RMSELoss_20260717_155940,ModelCNN_fvs_No_Noise_90k_RMSELoss,RMSELoss,2026-07-17 15:59:40,185/200,2026-07-18 04:22:06,0.006612,0.063786,False,0.00000020,235.15,58260749,8,42
ModelCNN_fvs_No_Noise_90k_RMSELoss_20260717_155940,ModelCNN_fvs_No_Noise_90k_RMSELoss,RMSELoss,2026-07-17 15:59:40,186/200,2026-07-18 04:26:01,0.006595,0.063774,False,0.00000020,234.92,58260749,8,42
ModelCNN_fvs_No_Noise_90k_RMSELoss_20260717_155940,ModelCNN_fvs_No_Noise_90k_RMSELoss,RMSELoss,2026-07-17 15:59:40,187/200,2026-07-18 04:29:57,0.006598,0.063761,False,0.00000020,236.57,58260749,8,42
ModelCNN_fvs_No_Noise_90k_RMSELoss_20260717_155940,ModelCNN_fvs_No_Noise_90k_RMSELoss,RMSELoss,2026-07-17 15:59:40,188/200,2026-07-18 04:33:57,0.006592,0.063752,False,0.00000020,239.56,58260749,8,42
ModelCNN_fvs_No_Noise_90k_RMSELoss_20260717_155940,ModelCNN_fvs_No_Noise_90k_RMSELoss,RMSELoss,2026-07-17 15:59:40,189/200,2026-07-18 04:37:54,0.006598,0.063750,False,0.00000020,237.08,58260749,8,42
ModelCNN_fvs_No_Noise_90k_RMSELoss_20260717_155940,ModelCNN_fvs_No_Noise_90k_RMSELoss,RMSELoss,2026-07-17 15:59:40,190/200,2026-07-18 04:41:50,0.006591,0.063802,False,0.00000020,235.59,58260749,8,42
ModelCNN_fvs_No_Noise_90k_RMSELoss_20260717_155940,ModelCNN_fvs_No_Noise_90k_RMSELoss,RMSELoss,2026-07-17 15:59:40,191/200,2026-07-18 04:45:46,0.006591,0.063778,False,0.00000020,236.11,58260749,8,42
ModelCNN_fvs_No_Noise_90k_RMSELoss_20260717_155940,ModelCNN_fvs_No_Noise_90k_RMSELoss,RMSELoss,2026-07-17 15:59:40,192/200,2026-07-18 04:49:42,0.006590,0.063764,False,0.00000020,236.20,58260749,8,42
ModelCNN_fvs_No_Noise_90k_RMSELoss_20260717_155940,ModelCNN_fvs_No_Noise_90k_RMSELoss,RMSELoss,2026-07-17 15:59:40,193/200,2026-07-18 04:53:39,0.006592,0.063768,False,0.00000020,236.71,58260749,8,42
ModelCNN_fvs_No_Noise_90k_RMSELoss_20260717_155940,ModelCNN_fvs_No_Noise_90k_RMSELoss,RMSELoss,2026-07-17 15:59:40,194/200,2026-07-18 04:57:34,0.006588,0.063747,False,0.00000020,235.63,58260749,8,42
ModelCNN_fvs_No_Noise_90k_RMSELoss_20260717_155940,ModelCNN_fvs_No_Noise_90k_RMSELoss,RMSELoss,2026-07-17 15:59:40,195/200,2026-07-18 05:01:29,0.006591,0.063759,False,0.00000020,235.04,58260749,8,42
ModelCNN_fvs_No_Noise_90k_RMSELoss_20260717_155940,ModelCNN_fvs_No_Noise_90k_RMSELoss,RMSELoss,2026-07-17 15:59:40,196/200,2026-07-18 05:05:25,0.006586,0.063784,False,0.00000020,235.62,58260749,8,42
ModelCNN_fvs_No_Noise_90k_RMSELoss_20260717_155940,ModelCNN_fvs_No_Noise_90k_RMSELoss,RMSELoss,2026-07-17 15:59:40,197/200,2026-07-18 05:09:19,0.006600,0.063754,False,0.00000020,233.66,58260749,8,42
ModelCNN_fvs_No_Noise_90k_RMSELoss_20260717_155940,ModelCNN_fvs_No_Noise_90k_RMSELoss,RMSELoss,2026-07-17 15:59:40,198/200,2026-07-18 05:13:13,0.006577,0.063779,False,0.00000020,234.15,58260749,8,42
ModelCNN_fvs_No_Noise_90k_RMSELoss_20260717_155940,ModelCNN_fvs_No_Noise_90k_RMSELoss,RMSELoss,2026-07-17 15:59:40,199/200,2026-07-18 05:17:07,0.006593,0.063813,False,0.00000020,233.97,58260749,8,42
ModelCNN_fvs_No_Noise_90k_RMSELoss_20260717_155940,ModelCNN_fvs_No_Noise_90k_RMSELoss,RMSELoss,2026-07-17 15:59:40,200/200,2026-07-18 05:21:00,0.006587,0.063764,False,0.00000010,233.26,58260749,8,42
ModelCNN_fvs_std0.1_90k_RMSELoss_20260802_151638,ModelCNN_fvs_std0.1_90k_RMSELoss,RMSELoss,2026-08-02 15:16:38,1/200,2026-08-02 15:20:46,0.112557,0.109151,True,0.00010000,246.95,58260749,8,42
ModelCNN_fvs_std0.1_90k_RMSELoss_20260802_151638,ModelCNN_fvs_std0.1_90k_RMSELoss,RMSELoss,2026-08-02 15:16:38,2/200,2026-08-02 15:25:08,0.098482,0.101956,True,0.00010000,251.16,58260749,8,42
ModelCNN_fvs_std0.1_90k_RMSELoss_20260802_151638,ModelCNN_fvs_std0.1_90k_RMSELoss,RMSELoss,2026-08-02 15:16:38,3/200,2026-08-02 15:29:27,0.092825,0.118750,False,0.00010000,249.99,58260749,8,42
ModelCNN_fvs_std0.1_90k_RMSELoss_20260802_151638,ModelCNN_fvs_std0.1_90k_RMSELoss,RMSELoss,2026-08-02 15:16:38,4/200,2026-08-02 15:33:38,0.088747,0.099241,True,0.00010000,250.67,58260749,8,42
ModelCNN_fvs_std0.1_90k_RMSELoss_20260802_151638,ModelCNN_fvs_std0.1_90k_RMSELoss,RMSELoss,2026-08-02 15:16:38,5/200,2026-08-02 15:37:58,0.086054,0.102046,False,0.00010000,250.07,58260749,8,42
ModelCNN_fvs_std0.1_90k_RMSELoss_20260802_151638,ModelCNN_fvs_std0.1_90k_RMSELoss,RMSELoss,2026-08-02 15:16:38,6/200,2026-08-02 15:42:09,0.083599,0.096206,True,0.00010000,251.24,58260749,8,42
ModelCNN_fvs_std0.1_90k_RMSELoss_20260802_151638,ModelCNN_fvs_std0.1_90k_RMSELoss,RMSELoss,2026-08-02 15:16:38,7/200,2026-08-02 15:46:29,0.081447,0.090509,True,0.00010000,250.38,58260749,8,42
ModelCNN_fvs_std0.1_90k_RMSELoss_20260802_151638,ModelCNN_fvs_std0.1_90k_RMSELoss,RMSELoss,2026-08-02 15:16:38,8/200,2026-08-02 15:50:50,0.079771,0.100631,False,0.00010000,250.34,58260749,8,42
ModelCNN_fvs_std0.1_90k_RMSELoss_20260802_151638,ModelCNN_fvs_std0.1_90k_RMSELoss,RMSELoss,2026-08-02 15:16:38,9/200,2026-08-02 15:55:00,0.078097,0.089658,True,0.00010000,250.13,58260749,8,42
ModelCNN_fvs_std0.1_90k_RMSELoss_20260802_151638,ModelCNN_fvs_std0.1_90k_RMSELoss,RMSELoss,2026-08-02 15:16:38,10/200,2026-08-02 15:59:18,0.076308,0.091208,False,0.00010000,248.71,58260749,8,42
ModelCNN_fvs_std0.1_90k_RMSELoss_20260802_151638,ModelCNN_fvs_std0.1_90k_RMSELoss,RMSELoss,2026-08-02 15:16:38,11/200,2026-08-02 16:03:27,0.074650,0.089052,True,0.00010000,249.24,58260749,8,42
ModelCNN_fvs_std0.1_90k_RMSELoss_20260802_151638,ModelCNN_fvs_std0.1_90k_RMSELoss,RMSELoss,2026-08-02 15:16:38,12/200,2026-08-02 16:07:46,0.073029,0.096990,False,0.00010000,248.87,58260749,8,42
ModelCNN_fvs_std0.1_90k_RMSELoss_20260802_151638,ModelCNN_fvs_std0.1_90k_RMSELoss,RMSELoss,2026-08-02 15:16:38,13/200,2026-08-02 16:11:56,0.071582,0.097597,False,0.00010000,249.58,58260749,8,42
ModelCNN_fvs_std0.1_90k_RMSELoss_20260802_151638,ModelCNN_fvs_std0.1_90k_RMSELoss,RMSELoss,2026-08-02 15:16:38,14/200,2026-08-02 16:16:08,0.070341,0.088813,True,0.00010000,252.50,58260749,8,42
ModelCNN_fvs_std0.1_90k_RMSELoss_20260802_151638,ModelCNN_fvs_std0.1_90k_RMSELoss,RMSELoss,2026-08-02 15:16:38,15/200,2026-08-02 16:20:28,0.069274,0.096224,False,0.00010000,249.90,58260749,8,42
ModelCNN_fvs_std0.1_90k_RMSELoss_20260802_151638,ModelCNN_fvs_std0.1_90k_RMSELoss,RMSELoss,2026-08-02 15:16:38,16/200,2026-08-02 16:24:37,0.067709,0.165903,False,0.00010000,249.09,58260749,8,42
ModelCNN_fvs_std0.1_90k_RMSELoss_20260802_151638,ModelCNN_fvs_std0.1_90k_RMSELoss,RMSELoss,2026-08-02 15:16:38,17/200,2026-08-02 16:28:46,0.066683,0.094101,False,0.00010000,249.46,58260749,8,42
ModelCNN_fvs_std0.1_90k_RMSELoss_20260802_151638,ModelCNN_fvs_std0.1_90k_RMSELoss,RMSELoss,2026-08-02 15:16:38,18/200,2026-08-02 16:32:56,0.065385,0.099389,False,0.00010000,249.41,58260749,8,42
ModelCNN_fvs_std0.1_90k_RMSELoss_20260802_151638,ModelCNN_fvs_std0.1_90k_RMSELoss,RMSELoss,2026-08-02 15:16:38,19/200,2026-08-02 16:37:05,0.064356,0.108606,False,0.00010000,248.64,58260749,8,42
ModelCNN_fvs_std0.1_90k_RMSELoss_20260802_151638,ModelCNN_fvs_std0.1_90k_RMSELoss,RMSELoss,2026-08-02 15:16:38,20/200,2026-08-02 16:41:14,0.063347,0.093563,False,0.00005000,249.33,58260749,8,42
ModelCNN_fvs_std0.1_90k_RMSELoss_20260802_151638,ModelCNN_fvs_std0.1_90k_RMSELoss,RMSELoss,2026-08-02 15:16:38,21/200,2026-08-02 16:45:23,0.058016,0.095570,False,0.00005000,249.20,58260749,8,42
ModelCNN_fvs_std0.1_90k_RMSELoss_20260802_151638,ModelCNN_fvs_std0.1_90k_RMSELoss,RMSELoss,2026-08-02 15:16:38,22/200,2026-08-02 16:49:31,0.055885,0.145638,False,0.00005000,248.09,58260749,8,42
ModelCNN_fvs_std0.1_90k_RMSELoss_20260802_151638,ModelCNN_fvs_std0.1_90k_RMSELoss,RMSELoss,2026-08-02 15:16:38,23/200,2026-08-02 16:53:39,0.054506,0.184654,False,0.00005000,247.79,58260749,8,42
ModelCNN_fvs_std0.1_90k_RMSELoss_20260802_151638,ModelCNN_fvs_std0.1_90k_RMSELoss,RMSELoss,2026-08-02 15:16:38,24/200,2026-08-02 16:57:48,0.053315,0.111989,False,0.00005000,248.57,58260749,8,42
ModelCNN_fvs_std0.1_90k_RMSELoss_20260802_151638,ModelCNN_fvs_std0.1_90k_RMSELoss,RMSELoss,2026-08-02 15:16:38,25/200,2026-08-02 17:01:56,0.052545,0.150617,False,0.00005000,248.54,58260749,8,42
ModelCNN_fvs_std0.1_90k_RMSELoss_20260802_151638,ModelCNN_fvs_std0.1_90k_RMSELoss,RMSELoss,2026-08-02 15:16:38,26/200,2026-08-02 17:06:06,0.051513,0.101332,False,0.00005000,250.10,58260749,8,42
ModelCNN_fvs_std0.1_90k_RMSELoss_20260802_151638,ModelCNN_fvs_std0.1_90k_RMSELoss,RMSELoss,2026-08-02 15:16:38,27/200,2026-08-02 17:10:14,0.050811,0.105225,False,0.00005000,248.20,58260749,8,42
ModelCNN_fvs_std0.1_90k_RMSELoss_20260802_151638,ModelCNN_fvs_std0.1_90k_RMSELoss,RMSELoss,2026-08-02 15:16:38,28/200,2026-08-02 17:14:26,0.049945,0.100253,False,0.00005000,251.44,58260749,8,42
ModelCNN_fvs_std0.1_90k_RMSELoss_20260802_151638,ModelCNN_fvs_std0.1_90k_RMSELoss,RMSELoss,2026-08-02 15:16:38,29/200,2026-08-02 17:18:34,0.049306,0.100865,False,0.00005000,248.21,58260749,8,42
ModelCNN_fvs_std0.1_90k_RMSELoss_20260802_151638,ModelCNN_fvs_std0.1_90k_RMSELoss,RMSELoss,2026-08-02 15:16:38,30/200,2026-08-02 17:22:43,0.048827,0.087397,True,0.00005000,249.34,58260749,8,42
ModelCNN_fvs_std0.1_90k_RMSELoss_20260802_151638,ModelCNN_fvs_std0.1_90k_RMSELoss,RMSELoss,2026-08-02 15:16:38,31/200,2026-08-02 17:27:03,0.048099,0.096596,False,0.00005000,249.57,58260749,8,42
ModelCNN_fvs_std0.1_90k_RMSELoss_20260802_151638,ModelCNN_fvs_std0.1_90k_RMSELoss,RMSELoss,2026-08-02 15:16:38,32/200,2026-08-02 17:31:13,0.047354,0.092339,False,0.00005000,250.07,58260749,8,42
ModelCNN_fvs_std0.1_90k_RMSELoss_20260802_151638,ModelCNN_fvs_std0.1_90k_RMSELoss,RMSELoss,2026-08-02 15:16:38,33/200,2026-08-02 17:35:21,0.046805,0.092779,False,0.00005000,248.63,58260749,8,42
ModelCNN_fvs_std0.1_90k_RMSELoss_20260802_151638,ModelCNN_fvs_std0.1_90k_RMSELoss,RMSELoss,2026-08-02 15:16:38,34/200,2026-08-02 17:39:30,0.046122,0.104668,False,0.00005000,248.53,58260749,8,42
ModelCNN_fvs_std0.1_90k_RMSELoss_20260802_151638,ModelCNN_fvs_std0.1_90k_RMSELoss,RMSELoss,2026-08-02 15:16:38,35/200,2026-08-02 17:43:39,0.045668,0.094029,False,0.00005000,248.63,58260749,8,42
ModelCNN_fvs_std0.1_90k_RMSELoss_20260802_151638,ModelCNN_fvs_std0.1_90k_RMSELoss,RMSELoss,2026-08-02 15:16:38,36/200,2026-08-02 17:47:48,0.045096,0.089754,False,0.00005000,249.21,58260749,8,42
ModelCNN_fvs_std0.1_90k_RMSELoss_20260802_151638,ModelCNN_fvs_std0.1_90k_RMSELoss,RMSELoss,2026-08-02 15:16:38,37/200,2026-08-02 17:51:58,0.044691,0.088856,False,0.00005000,250.53,58260749,8,42
ModelCNN_fvs_std0.1_90k_RMSELoss_20260802_151638,ModelCNN_fvs_std0.1_90k_RMSELoss,RMSELoss,2026-08-02 15:16:38,38/200,2026-08-02 17:56:09,0.044049,0.087769,False,0.00005000,250.47,58260749,8,42
ModelCNN_fvs_std0.1_90k_RMSELoss_20260802_151638,ModelCNN_fvs_std0.1_90k_RMSELoss,RMSELoss,2026-08-02 15:16:38,39/200,2026-08-02 18:00:18,0.043550,0.084594,True,0.00005000,248.71,58260749,8,42
ModelCNN_fvs_std0.1_90k_RMSELoss_20260802_151638,ModelCNN_fvs_std0.1_90k_RMSELoss,RMSELoss,2026-08-02 15:16:38,40/200,2026-08-02 18:04:37,0.043015,0.090806,False,0.00002500,249.37,58260749,8,42
ModelCNN_fvs_std0.1_90k_RMSELoss_20260802_151638,ModelCNN_fvs_std0.1_90k_RMSELoss,RMSELoss,2026-08-02 15:16:38,41/200,2026-08-02 18:08:46,0.040097,0.088341,False,0.00002500,249.66,58260749,8,42
ModelCNN_fvs_std0.1_90k_RMSELoss_20260802_151638,ModelCNN_fvs_std0.1_90k_RMSELoss,RMSELoss,2026-08-02 15:16:38,42/200,2026-08-02 18:12:56,0.038703,0.097136,False,0.00002500,250.06,58260749,8,42
ModelCNN_fvs_std0.1_90k_RMSELoss_20260802_151638,ModelCNN_fvs_std0.1_90k_RMSELoss,RMSELoss,2026-08-02 15:16:38,43/200,2026-08-02 18:17:07,0.037935,0.100836,False,0.00002500,250.46,58260749,8,42
ModelCNN_fvs_std0.1_90k_RMSELoss_20260802_151638,ModelCNN_fvs_std0.1_90k_RMSELoss,RMSELoss,2026-08-02 15:16:38,44/200,2026-08-02 18:21:16,0.037585,0.092577,False,0.00002500,248.83,58260749,8,42
ModelCNN_fvs_std0.1_90k_RMSELoss_20260802_151638,ModelCNN_fvs_std0.1_90k_RMSELoss,RMSELoss,2026-08-02 15:16:38,45/200,2026-08-02 18:25:28,0.037046,0.083531,True,0.00002500,252.69,58260749,8,42
ModelCNN_fvs_std0.1_90k_RMSELoss_20260802_151638,ModelCNN_fvs_std0.1_90k_RMSELoss,RMSELoss,2026-08-02 15:16:38,46/200,2026-08-02 18:29:48,0.036631,0.084089,False,0.00002500,249.81,58260749,8,42
ModelCNN_fvs_std0.1_90k_RMSELoss_20260802_151638,ModelCNN_fvs_std0.1_90k_RMSELoss,RMSELoss,2026-08-02 15:16:38,47/200,2026-08-02 18:33:56,0.036325,0.084355,False,0.00002500,248.19,58260749,8,42
ModelCNN_fvs_std0.1_90k_RMSELoss_20260802_151638,ModelCNN_fvs_std0.1_90k_RMSELoss,RMSELoss,2026-08-02 15:16:38,48/200,2026-08-02 18:38:06,0.035774,0.083229,True,0.00002500,249.32,58260749,8,42
ModelCNN_fvs_std0.1_90k_RMSELoss_20260802_151638,ModelCNN_fvs_std0.1_90k_RMSELoss,RMSELoss,2026-08-02 15:16:38,49/200,2026-08-02 18:42:25,0.035519,0.084580,False,0.00002500,249.92,58260749,8,42
ModelCNN_fvs_std0.1_90k_RMSELoss_20260802_151638,ModelCNN_fvs_std0.1_90k_RMSELoss,RMSELoss,2026-08-02 15:16:38,50/200,2026-08-02 18:46:34,0.035149,0.085865,False,0.00002500,249.10,58260749,8,42
ModelCNN_fvs_std0.1_90k_RMSELoss_20260802_151638,ModelCNN_fvs_std0.1_90k_RMSELoss,RMSELoss,2026-08-02 15:16:38,51/200,2026-08-02 18:50:43,0.034910,0.083558,False,0.00002500,248.79,58260749,8,42
ModelCNN_fvs_std0.1_90k_RMSELoss_20260802_151638,ModelCNN_fvs_std0.1_90k_RMSELoss,RMSELoss,2026-08-02 15:16:38,52/200,2026-08-02 18:54:52,0.034701,0.084006,False,0.00002500,248.95,58260749,8,42
ModelCNN_fvs_std0.1_90k_RMSELoss_20260802_151638,ModelCNN_fvs_std0.1_90k_RMSELoss,RMSELoss,2026-08-02 15:16:38,53/200,2026-08-02 18:59:01,0.034197,0.084683,False,0.00002500,248.41,58260749,8,42
ModelCNN_fvs_std0.1_90k_RMSELoss_20260802_151638,ModelCNN_fvs_std0.1_90k_RMSELoss,RMSELoss,2026-08-02 15:16:38,54/200,2026-08-02 19:03:11,0.034007,0.082496,True,0.00002500,250.06,58260749,8,42
ModelCNN_fvs_std0.1_90k_RMSELoss_20260802_151638,ModelCNN_fvs_std0.1_90k_RMSELoss,RMSELoss,2026-08-02 15:16:38,55/200,2026-08-02 19:07:30,0.033701,0.081646,True,0.00002500,249.60,58260749,8,42
ModelCNN_fvs_std0.1_90k_RMSELoss_20260802_151638,ModelCNN_fvs_std0.1_90k_RMSELoss,RMSELoss,2026-08-02 15:16:38,56/200,2026-08-02 19:11:48,0.033425,0.084395,False,0.00002500,247.97,58260749,8,42
ModelCNN_fvs_std0.1_90k_RMSELoss_20260802_151638,ModelCNN_fvs_std0.1_90k_RMSELoss,RMSELoss,2026-08-02 15:16:38,57/200,2026-08-02 19:16:00,0.033238,0.082311,False,0.00002500,252.66,58260749,8,42
ModelCNN_fvs_std0.1_90k_RMSELoss_20260802_151638,ModelCNN_fvs_std0.1_90k_RMSELoss,RMSELoss,2026-08-02 15:16:38,58/200,2026-08-02 19:20:09,0.032837,0.082798,False,0.00002500,248.69,58260749,8,42
ModelCNN_fvs_std0.1_90k_RMSELoss_20260802_151638,ModelCNN_fvs_std0.1_90k_RMSELoss,RMSELoss,2026-08-02 15:16:38,59/200,2026-08-02 19:24:19,0.032552,0.086906,False,0.00002500,249.67,58260749,8,42
ModelCNN_fvs_std0.1_90k_RMSELoss_20260802_151638,ModelCNN_fvs_std0.1_90k_RMSELoss,RMSELoss,2026-08-02 15:16:38,60/200,2026-08-02 19:28:30,0.032287,0.081877,False,0.00001250,251.65,58260749,8,42
ModelCNN_fvs_std0.1_90k_RMSELoss_20260802_151638,ModelCNN_fvs_std0.1_90k_RMSELoss,RMSELoss,2026-08-02 15:16:38,61/200,2026-08-02 19:32:42,0.030852,0.082212,False,0.00001250,251.62,58260749,8,42
ModelCNN_fvs_std0.1_90k_RMSELoss_20260802_151638,ModelCNN_fvs_std0.1_90k_RMSELoss,RMSELoss,2026-08-02 15:16:38,62/200,2026-08-02 19:36:50,0.030077,0.083725,False,0.00001250,247.84,58260749,8,42
ModelCNN_fvs_std0.1_90k_RMSELoss_20260802_151638,ModelCNN_fvs_std0.1_90k_RMSELoss,RMSELoss,2026-08-02 15:16:38,63/200,2026-08-02 19:40:59,0.029830,0.083475,False,0.00001250,249.06,58260749,8,42
ModelCNN_fvs_std0.1_90k_RMSELoss_20260802_151638,ModelCNN_fvs_std0.1_90k_RMSELoss,RMSELoss,2026-08-02 15:16:38,64/200,2026-08-02 19:45:09,0.029559,0.083466,False,0.00001250,250.38,58260749,8,42
ModelCNN_fvs_std0.1_90k_RMSELoss_20260802_151638,ModelCNN_fvs_std0.1_90k_RMSELoss,RMSELoss,2026-08-02 15:16:38,65/200,2026-08-02 19:49:19,0.029345,0.082605,False,0.00001250,249.68,58260749,8,42
ModelCNN_fvs_std0.1_90k_RMSELoss_20260802_151638,ModelCNN_fvs_std0.1_90k_RMSELoss,RMSELoss,2026-08-02 15:16:38,66/200,2026-08-02 19:53:29,0.029140,0.081397,True,0.00001250,249.80,58260749,8,42
ModelCNN_fvs_std0.1_90k_RMSELoss_20260802_151638,ModelCNN_fvs_std0.1_90k_RMSELoss,RMSELoss,2026-08-02 15:16:38,67/200,2026-08-02 19:57:48,0.028958,0.083611,False,0.00001250,249.26,58260749,8,42
ModelCNN_fvs_std0.1_90k_RMSELoss_20260802_151638,ModelCNN_fvs_std0.1_90k_RMSELoss,RMSELoss,2026-08-02 15:16:38,68/200,2026-08-02 20:01:57,0.028798,0.081877,False,0.00001250,249.11,58260749,8,42
ModelCNN_fvs_std0.1_90k_RMSELoss_20260802_151638,ModelCNN_fvs_std0.1_90k_RMSELoss,RMSELoss,2026-08-02 15:16:38,69/200,2026-08-02 20:06:07,0.028569,0.082378,False,0.00001250,249.70,58260749,8,42
ModelCNN_fvs_std0.1_90k_RMSELoss_20260802_151638,ModelCNN_fvs_std0.1_90k_RMSELoss,RMSELoss,2026-08-02 15:16:38,70/200,2026-08-02 20:10:16,0.028437,0.080489,True,0.00001250,249.09,58260749,8,42
ModelCNN_fvs_std0.1_90k_RMSELoss_20260802_151638,ModelCNN_fvs_std0.1_90k_RMSELoss,RMSELoss,2026-08-02 15:16:38,71/200,2026-08-02 20:14:35,0.028328,0.082505,False,0.00001250,249.27,58260749,8,42
ModelCNN_fvs_std0.1_90k_RMSELoss_20260802_151638,ModelCNN_fvs_std0.1_90k_RMSELoss,RMSELoss,2026-08-02 15:16:38,72/200,2026-08-02 20:18:44,0.028154,0.081614,False,0.00001250,248.99,58260749,8,42
ModelCNN_fvs_std0.1_90k_RMSELoss_20260802_151638,ModelCNN_fvs_std0.1_90k_RMSELoss,RMSELoss,2026-08-02 15:16:38,73/200,2026-08-02 20:22:53,0.028003,0.082647,False,0.00001250,248.84,58260749,8,42
ModelCNN_fvs_std0.1_90k_RMSELoss_20260802_151638,ModelCNN_fvs_std0.1_90k_RMSELoss,RMSELoss,2026-08-02 15:16:38,74/200,2026-08-02 20:27:02,0.027823,0.081183,False,0.00001250,249.30,58260749,8,42
ModelCNN_fvs_std0.1_90k_RMSELoss_20260802_151638,ModelCNN_fvs_std0.1_90k_RMSELoss,RMSELoss,2026-08-02 15:16:38,75/200,2026-08-02 20:31:11,0.027739,0.080604,False,0.00001250,249.24,58260749,8,42
ModelCNN_fvs_std0.1_90k_RMSELoss_20260802_151638,ModelCNN_fvs_std0.1_90k_RMSELoss,RMSELoss,2026-08-02 15:16:38,76/200,2026-08-02 20:35:24,0.027441,0.082559,False,0.00001250,252.87,58260749,8,42
ModelCNN_fvs_std0.1_90k_RMSELoss_20260802_151638,ModelCNN_fvs_std0.1_90k_RMSELoss,RMSELoss,2026-08-02 15:16:38,77/200,2026-08-02 20:39:35,0.027399,0.082427,False,0.00001250,250.42,58260749,8,42
ModelCNN_fvs_std0.1_90k_RMSELoss_20260802_151638,ModelCNN_fvs_std0.1_90k_RMSELoss,RMSELoss,2026-08-02 15:16:38,78/200,2026-08-02 20:43:45,0.027148,0.082215,False,0.00001250,250.01,58260749,8,42
ModelCNN_fvs_std0.1_90k_RMSELoss_20260802_151638,ModelCNN_fvs_std0.1_90k_RMSELoss,RMSELoss,2026-08-02 15:16:38,79/200,2026-08-02 20:47:55,0.027213,0.083242,False,0.00001250,250.05,58260749,8,42
ModelCNN_fvs_std0.1_90k_RMSELoss_20260802_151638,ModelCNN_fvs_std0.1_90k_RMSELoss,RMSELoss,2026-08-02 15:16:38,80/200,2026-08-02 20:52:04,0.026985,0.081129,False,0.00000625,249.36,58260749,8,42
ModelCNN_fvs_std0.1_90k_RMSELoss_20260802_151638,ModelCNN_fvs_std0.1_90k_RMSELoss,RMSELoss,2026-08-02 15:16:38,81/200,2026-08-02 20:56:14,0.026201,0.081287,False,0.00000625,249.59,58260749,8,42
ModelCNN_fvs_std0.1_90k_RMSELoss_20260802_151638,ModelCNN_fvs_std0.1_90k_RMSELoss,RMSELoss,2026-08-02 15:16:38,82/200,2026-08-02 21:00:23,0.025832,0.080186,True,0.00000625,249.75,58260749,8,42
ModelCNN_fvs_std0.1_90k_RMSELoss_20260802_151638,ModelCNN_fvs_std0.1_90k_RMSELoss,RMSELoss,2026-08-02 15:16:38,83/200,2026-08-02 21:04:43,0.025709,0.081955,False,0.00000625,249.43,58260749,8,42
ModelCNN_fvs_std0.1_90k_RMSELoss_20260802_151638,ModelCNN_fvs_std0.1_90k_RMSELoss,RMSELoss,2026-08-02 15:16:38,84/200,2026-08-02 21:08:51,0.025527,0.080947,False,0.00000625,248.65,58260749,8,42
ModelCNN_fvs_std0.1_90k_RMSELoss_20260802_151638,ModelCNN_fvs_std0.1_90k_RMSELoss,RMSELoss,2026-08-02 15:16:38,85/200,2026-08-02 21:13:00,0.025478,0.081127,False,0.00000625,248.61,58260749,8,42
ModelCNN_fvs_std0.1_90k_RMSELoss_20260802_151638,ModelCNN_fvs_std0.1_90k_RMSELoss,RMSELoss,2026-08-02 15:16:38,86/200,2026-08-02 21:17:10,0.025348,0.079940,True,0.00000625,249.62,58260749,8,42
ModelCNN_fvs_std0.1_90k_RMSELoss_20260802_151638,ModelCNN_fvs_std0.1_90k_RMSELoss,RMSELoss,2026-08-02 15:16:38,87/200,2026-08-02 21:21:29,0.025313,0.081343,False,0.00000625,249.25,58260749,8,42
ModelCNN_fvs_std0.1_90k_RMSELoss_20260802_151638,ModelCNN_fvs_std0.1_90k_RMSELoss,RMSELoss,2026-08-02 15:16:38,88/200,2026-08-02 21:25:38,0.025134,0.080168,False,0.00000625,248.80,58260749,8,42
ModelCNN_fvs_std0.1_90k_RMSELoss_20260802_151638,ModelCNN_fvs_std0.1_90k_RMSELoss,RMSELoss,2026-08-02 15:16:38,89/200,2026-08-02 21:29:47,0.025152,0.080332,False,0.00000625,249.09,58260749,8,42
ModelCNN_fvs_std0.1_90k_RMSELoss_20260802_151638,ModelCNN_fvs_std0.1_90k_RMSELoss,RMSELoss,2026-08-02 15:16:38,90/200,2026-08-02 21:33:55,0.024953,0.080256,False,0.00000625,248.61,58260749,8,42
ModelCNN_fvs_std0.1_90k_RMSELoss_20260802_151638,ModelCNN_fvs_std0.1_90k_RMSELoss,RMSELoss,2026-08-02 15:16:38,91/200,2026-08-02 21:38:09,0.024912,0.079812,True,0.00000625,253.91,58260749,8,42
ModelCNN_fvs_std0.1_90k_RMSELoss_20260802_151638,ModelCNN_fvs_std0.1_90k_RMSELoss,RMSELoss,2026-08-02 15:16:38,92/200,2026-08-02 21:42:28,0.024842,0.080299,False,0.00000625,248.94,58260749,8,42
ModelCNN_fvs_std0.1_90k_RMSELoss_20260802_151638,ModelCNN_fvs_std0.1_90k_RMSELoss,RMSELoss,2026-08-02 15:16:38,93/200,2026-08-02 21:46:38,0.024770,0.079784,True,0.00000625,249.73,58260749,8,42
ModelCNN_fvs_std0.1_90k_RMSELoss_20260802_151638,ModelCNN_fvs_std0.1_90k_RMSELoss,RMSELoss,2026-08-02 15:16:38,94/200,2026-08-02 21:50:55,0.024677,0.079900,False,0.00000625,248.03,58260749,8,42
ModelCNN_fvs_std0.1_90k_RMSELoss_20260802_151638,ModelCNN_fvs_std0.1_90k_RMSELoss,RMSELoss,2026-08-02 15:16:38,95/200,2026-08-02 21:55:06,0.024573,0.080602,False,0.00000625,250.09,58260749,8,42
ModelCNN_fvs_std0.1_90k_RMSELoss_20260802_151638,ModelCNN_fvs_std0.1_90k_RMSELoss,RMSELoss,2026-08-02 15:16:38,96/200,2026-08-02 21:59:15,0.024497,0.078998,True,0.00000625,249.22,58260749,8,42
ModelCNN_fvs_std0.1_90k_RMSELoss_20260802_151638,ModelCNN_fvs_std0.1_90k_RMSELoss,RMSELoss,2026-08-02 15:16:38,97/200,2026-08-02 22:03:34,0.024406,0.078917,True,0.00000625,249.01,58260749,8,42
ModelCNN_fvs_std0.1_90k_RMSELoss_20260802_151638,ModelCNN_fvs_std0.1_90k_RMSELoss,RMSELoss,2026-08-02 15:16:38,98/200,2026-08-02 22:07:51,0.024385,0.079697,False,0.00000625,247.99,58260749,8,42
ModelCNN_fvs_std0.1_90k_RMSELoss_20260802_151638,ModelCNN_fvs_std0.1_90k_RMSELoss,RMSELoss,2026-08-02 15:16:38,99/200,2026-08-02 22:12:02,0.024308,0.079874,False,0.00000625,250.20,58260749,8,42
ModelCNN_fvs_std0.1_90k_RMSELoss_20260802_151638,ModelCNN_fvs_std0.1_90k_RMSELoss,RMSELoss,2026-08-02 15:16:38,100/200,2026-08-02 22:16:11,0.024231,0.079226,False,0.00000313,249.08,58260749,8,42
ModelCNN_fvs_std0.1_90k_RMSELoss_20260802_151638,ModelCNN_fvs_std0.1_90k_RMSELoss,RMSELoss,2026-08-02 15:16:38,101/200,2026-08-02 22:20:19,0.023838,0.079873,False,0.00000313,248.27,58260749,8,42
ModelCNN_fvs_std0.1_90k_RMSELoss_20260802_151638,ModelCNN_fvs_std0.1_90k_RMSELoss,RMSELoss,2026-08-02 15:16:38,102/200,2026-08-02 22:24:30,0.023646,0.079647,False,0.00000313,251.33,58260749,8,42
ModelCNN_fvs_std0.1_90k_RMSELoss_20260802_151638,ModelCNN_fvs_std0.1_90k_RMSELoss,RMSELoss,2026-08-02 15:16:38,103/200,2026-08-02 22:28:39,0.023609,0.080715,False,0.00000313,248.96,58260749,8,42
ModelCNN_fvs_std0.1_90k_RMSELoss_20260802_151638,ModelCNN_fvs_std0.1_90k_RMSELoss,RMSELoss,2026-08-02 15:16:38,104/200,2026-08-02 22:32:48,0.023511,0.079626,False,0.00000313,248.98,58260749,8,42
ModelCNN_fvs_std0.1_90k_RMSELoss_20260802_151638,ModelCNN_fvs_std0.1_90k_RMSELoss,RMSELoss,2026-08-02 15:16:38,105/200,2026-08-02 22:36:57,0.023366,0.079580,False,0.00000313,249.13,58260749,8,42
ModelCNN_fvs_std0.1_90k_RMSELoss_20260802_151638,ModelCNN_fvs_std0.1_90k_RMSELoss,RMSELoss,2026-08-02 15:16:38,106/200,2026-08-02 22:41:07,0.023440,0.079556,False,0.00000313,250.04,58260749,8,42
ModelCNN_fvs_std0.1_90k_RMSELoss_20260802_151638,ModelCNN_fvs_std0.1_90k_RMSELoss,RMSELoss,2026-08-02 15:16:38,107/200,2026-08-02 22:45:16,0.023475,0.080126,False,0.00000313,248.94,58260749,8,42
ModelCNN_fvs_std0.1_90k_RMSELoss_20260802_151638,ModelCNN_fvs_std0.1_90k_RMSELoss,RMSELoss,2026-08-02 15:16:38,108/200,2026-08-02 22:49:25,0.023288,0.079676,False,0.00000313,248.90,58260749,8,42
ModelCNN_fvs_std0.1_90k_RMSELoss_20260802_151638,ModelCNN_fvs_std0.1_90k_RMSELoss,RMSELoss,2026-08-02 15:16:38,109/200,2026-08-02 22:53:33,0.023319,0.079466,False,0.00000313,248.22,58260749,8,42
ModelCNN_fvs_std0.1_90k_RMSELoss_20260802_151638,ModelCNN_fvs_std0.1_90k_RMSELoss,RMSELoss,2026-08-02 15:16:38,110/200,2026-08-02 22:57:42,0.023256,0.080476,False,0.00000313,248.97,58260749,8,42
ModelCNN_fvs_std0.1_90k_RMSELoss_20260802_151638,ModelCNN_fvs_std0.1_90k_RMSELoss,RMSELoss,2026-08-02 15:16:38,111/200,2026-08-02 23:01:50,0.023127,0.079763,False,0.00000313,247.59,58260749,8,42
ModelCNN_fvs_std0.1_90k_RMSELoss_20260802_151638,ModelCNN_fvs_std0.1_90k_RMSELoss,RMSELoss,2026-08-02 15:16:38,112/200,2026-08-02 23:05:58,0.023182,0.080528,False,0.00000313,248.28,58260749,8,42
ModelCNN_fvs_std0.1_90k_RMSELoss_20260802_151638,ModelCNN_fvs_std0.1_90k_RMSELoss,RMSELoss,2026-08-02 15:16:38,113/200,2026-08-02 23:10:07,0.023140,0.080601,False,0.00000313,248.55,58260749,8,42
ModelCNN_fvs_std0.1_90k_RMSELoss_20260802_151638,ModelCNN_fvs_std0.1_90k_RMSELoss,RMSELoss,2026-08-02 15:16:38,114/200,2026-08-02 23:14:16,0.023143,0.079454,False,0.00000313,249.00,58260749,8,42
ModelCNN_fvs_std0.1_90k_RMSELoss_20260802_151638,ModelCNN_fvs_std0.1_90k_RMSELoss,RMSELoss,2026-08-02 15:16:38,115/200,2026-08-02 23:18:24,0.023035,0.080017,False,0.00000313,248.10,58260749,8,42
ModelCNN_fvs_std0.1_90k_RMSELoss_20260802_151638,ModelCNN_fvs_std0.1_90k_RMSELoss,RMSELoss,2026-08-02 15:16:38,116/200,2026-08-02 23:22:36,0.022964,0.079524,False,0.00000313,251.61,58260749,8,42
ModelCNN_fvs_std0.1_90k_RMSELoss_20260802_151638,ModelCNN_fvs_std0.1_90k_RMSELoss,RMSELoss,2026-08-02 15:16:38,117/200,2026-08-02 23:26:44,0.022968,0.080339,False,0.00000313,248.79,58260749,8,42
ModelCNN_fvs_std0.1_90k_RMSELoss_20260802_151638,ModelCNN_fvs_std0.1_90k_RMSELoss,RMSELoss,2026-08-02 15:16:38,118/200,2026-08-02 23:30:53,0.022892,0.079386,False,0.00000313,249.03,58260749,8,42
ModelCNN_fvs_std0.1_90k_RMSELoss_20260802_151638,ModelCNN_fvs_std0.1_90k_RMSELoss,RMSELoss,2026-08-02 15:16:38,119/200,2026-08-02 23:35:03,0.022850,0.079246,False,0.00000313,249.65,58260749,8,42
ModelCNN_fvs_std0.1_90k_RMSELoss_20260802_151638,ModelCNN_fvs_std0.1_90k_RMSELoss,RMSELoss,2026-08-02 15:16:38,120/200,2026-08-02 23:39:12,0.022886,0.079785,False,0.00000156,249.19,58260749,8,42
ModelCNN_fvs_std0.1_90k_RMSELoss_20260802_151638,ModelCNN_fvs_std0.1_90k_RMSELoss,RMSELoss,2026-08-02 15:16:38,121/200,2026-08-02 23:43:19,0.022601,0.079211,False,0.00000156,247.11,58260749,8,42
ModelCNN_fvs_std0.1_90k_RMSELoss_20260802_151638,ModelCNN_fvs_std0.1_90k_RMSELoss,RMSELoss,2026-08-02 15:16:38,122/200,2026-08-02 23:47:27,0.022569,0.079199,False,0.00000156,248.06,58260749,8,42
ModelCNN_fvs_std0.1_90k_RMSELoss_20260802_151638,ModelCNN_fvs_std0.1_90k_RMSELoss,RMSELoss,2026-08-02 15:16:38,123/200,2026-08-02 23:51:36,0.022599,0.078436,True,0.00000156,248.98,58260749,8,42
ModelCNN_fvs_std0.1_90k_RMSELoss_20260802_151638,ModelCNN_fvs_std0.1_90k_RMSELoss,RMSELoss,2026-08-02 15:16:38,124/200,2026-08-02 23:55:55,0.022502,0.079646,False,0.00000156,248.94,58260749,8,42
ModelCNN_fvs_std0.1_90k_RMSELoss_20260802_151638,ModelCNN_fvs_std0.1_90k_RMSELoss,RMSELoss,2026-08-02 15:16:38,125/200,2026-08-03 00:00:03,0.022422,0.079118,False,0.00000156,247.92,58260749,8,42
ModelCNN_fvs_std0.1_90k_RMSELoss_20260802_151638,ModelCNN_fvs_std0.1_90k_RMSELoss,RMSELoss,2026-08-02 15:16:38,126/200,2026-08-03 00:04:12,0.022500,0.079449,False,0.00000156,249.08,58260749,8,42
ModelCNN_fvs_std0.1_90k_RMSELoss_20260802_151638,ModelCNN_fvs_std0.1_90k_RMSELoss,RMSELoss,2026-08-02 15:16:38,127/200,2026-08-03 00:08:20,0.022434,0.079357,False,0.00000156,248.18,58260749,8,42
ModelCNN_fvs_std0.1_90k_RMSELoss_20260802_151638,ModelCNN_fvs_std0.1_90k_RMSELoss,RMSELoss,2026-08-02 15:16:38,128/200,2026-08-03 00:12:29,0.022404,0.079496,False,0.00000156,248.57,58260749,8,42
ModelCNN_fvs_std0.1_90k_RMSELoss_20260802_151638,ModelCNN_fvs_std0.1_90k_RMSELoss,RMSELoss,2026-08-02 15:16:38,129/200,2026-08-03 00:16:38,0.022278,0.079253,False,0.00000156,248.94,58260749,8,42
ModelCNN_fvs_std0.1_90k_RMSELoss_20260802_151638,ModelCNN_fvs_std0.1_90k_RMSELoss,RMSELoss,2026-08-02 15:16:38,130/200,2026-08-03 00:20:47,0.022459,0.079155,False,0.00000156,248.97,58260749,8,42
ModelCNN_fvs_std0.1_90k_RMSELoss_20260802_151638,ModelCNN_fvs_std0.1_90k_RMSELoss,RMSELoss,2026-08-02 15:16:38,131/200,2026-08-03 00:24:58,0.022303,0.079527,False,0.00000156,250.59,58260749,8,42
ModelCNN_fvs_std0.1_90k_RMSELoss_20260802_151638,ModelCNN_fvs_std0.1_90k_RMSELoss,RMSELoss,2026-08-02 15:16:38,132/200,2026-08-03 00:29:07,0.022326,0.078896,False,0.00000156,249.18,58260749,8,42
ModelCNN_fvs_std0.1_90k_RMSELoss_20260802_151638,ModelCNN_fvs_std0.1_90k_RMSELoss,RMSELoss,2026-08-02 15:16:38,133/200,2026-08-03 00:33:15,0.022245,0.078878,False,0.00000156,248.63,58260749,8,42
ModelCNN_fvs_std0.1_90k_RMSELoss_20260802_151638,ModelCNN_fvs_std0.1_90k_RMSELoss,RMSELoss,2026-08-02 15:16:38,134/200,2026-08-03 00:37:25,0.022336,0.079611,False,0.00000156,249.32,58260749,8,42
ModelCNN_fvs_std0.1_90k_RMSELoss_20260802_151638,ModelCNN_fvs_std0.1_90k_RMSELoss,RMSELoss,2026-08-02 15:16:38,135/200,2026-08-03 00:41:34,0.022234,0.079394,False,0.00000156,249.20,58260749,8,42
ModelCNN_fvs_std0.1_90k_RMSELoss_20260802_151638,ModelCNN_fvs_std0.1_90k_RMSELoss,RMSELoss,2026-08-02 15:16:38,136/200,2026-08-03 00:45:44,0.022257,0.078732,False,0.00000156,249.92,58260749,8,42
ModelCNN_fvs_std0.1_90k_RMSELoss_20260802_151638,ModelCNN_fvs_std0.1_90k_RMSELoss,RMSELoss,2026-08-02 15:16:38,137/200,2026-08-03 00:49:53,0.022175,0.079344,False,0.00000156,248.99,58260749,8,42
ModelCNN_fvs_std0.1_90k_RMSELoss_20260802_151638,ModelCNN_fvs_std0.1_90k_RMSELoss,RMSELoss,2026-08-02 15:16:38,138/200,2026-08-03 00:54:01,0.022138,0.079096,False,0.00000156,248.56,58260749,8,42
ModelCNN_fvs_std0.1_90k_RMSELoss_20260802_151638,ModelCNN_fvs_std0.1_90k_RMSELoss,RMSELoss,2026-08-02 15:16:38,139/200,2026-08-03 00:58:11,0.022210,0.078823,False,0.00000156,249.17,58260749,8,42
ModelCNN_fvs_std0.1_90k_RMSELoss_20260802_151638,ModelCNN_fvs_std0.1_90k_RMSELoss,RMSELoss,2026-08-02 15:16:38,140/200,2026-08-03 01:02:19,0.022113,0.078993,False,0.00000078,248.30,58260749,8,42
ModelCNN_fvs_std0.1_90k_RMSELoss_20260802_151638,ModelCNN_fvs_std0.1_90k_RMSELoss,RMSELoss,2026-08-02 15:16:38,141/200,2026-08-03 01:06:27,0.022089,0.078687,False,0.00000078,248.25,58260749,8,42
ModelCNN_fvs_std0.1_90k_RMSELoss_20260802_151638,ModelCNN_fvs_std0.1_90k_RMSELoss,RMSELoss,2026-08-02 15:16:38,142/200,2026-08-03 01:10:35,0.022028,0.079430,False,0.00000078,248.18,58260749,8,42
ModelCNN_fvs_std0.1_90k_RMSELoss_20260802_151638,ModelCNN_fvs_std0.1_90k_RMSELoss,RMSELoss,2026-08-02 15:16:38,143/200,2026-08-03 01:14:44,0.021972,0.078843,False,0.00000078,249.14,58260749,8,42
ModelCNN_fvs_std0.1_90k_RMSELoss_20260802_151638,ModelCNN_fvs_std0.1_90k_RMSELoss,RMSELoss,2026-08-02 15:16:38,144/200,2026-08-03 01:18:53,0.022013,0.079547,False,0.00000078,248.46,58260749,8,42
ModelCNN_fvs_std0.1_90k_RMSELoss_20260802_151638,ModelCNN_fvs_std0.1_90k_RMSELoss,RMSELoss,2026-08-02 15:16:38,145/200,2026-08-03 01:23:06,0.021984,0.078963,False,0.00000078,253.06,58260749,8,42
ModelCNN_fvs_std0.1_90k_RMSELoss_20260802_151638,ModelCNN_fvs_std0.1_90k_RMSELoss,RMSELoss,2026-08-02 15:16:38,146/200,2026-08-03 01:27:15,0.021962,0.079233,False,0.00000078,248.58,58260749,8,42
ModelCNN_fvs_std0.1_90k_RMSELoss_20260802_151638,ModelCNN_fvs_std0.1_90k_RMSELoss,RMSELoss,2026-08-02 15:16:38,147/200,2026-08-03 01:31:24,0.021933,0.078778,False,0.00000078,249.12,58260749,8,42
ModelCNN_fvs_std0.1_90k_RMSELoss_20260802_151638,ModelCNN_fvs_std0.1_90k_RMSELoss,RMSELoss,2026-08-02 15:16:38,148/200,2026-08-03 01:35:32,0.021907,0.079324,False,0.00000078,248.56,58260749,8,42
ModelCNN_fvs_std0.1_90k_RMSELoss_20260802_151638,ModelCNN_fvs_std0.1_90k_RMSELoss,RMSELoss,2026-08-02 15:16:38,149/200,2026-08-03 01:39:40,0.021923,0.078907,False,0.00000078,248.25,58260749,8,42
ModelCNN_fvs_std0.1_90k_RMSELoss_20260802_151638,ModelCNN_fvs_std0.1_90k_RMSELoss,RMSELoss,2026-08-02 15:16:38,150/200,2026-08-03 01:43:49,0.021877,0.079090,False,0.00000078,248.73,58260749,8,42
ModelCNN_fvs_std0.1_90k_RMSELoss_20260802_151638,ModelCNN_fvs_std0.1_90k_RMSELoss,RMSELoss,2026-08-02 15:16:38,151/200,2026-08-03 01:47:59,0.021860,0.078890,False,0.00000078,250.00,58260749,8,42
ModelCNN_fvs_std0.1_90k_RMSELoss_20260802_151638,ModelCNN_fvs_std0.1_90k_RMSELoss,RMSELoss,2026-08-02 15:16:38,152/200,2026-08-03 01:52:07,0.021869,0.078413,True,0.00000078,247.73,58260749,8,42
ModelCNN_fvs_std0.1_90k_RMSELoss_20260802_151638,ModelCNN_fvs_std0.1_90k_RMSELoss,RMSELoss,2026-08-02 15:16:38,153/200,2026-08-03 01:56:26,0.021877,0.078550,False,0.00000078,249.19,58260749,8,42
ModelCNN_fvs_std0.1_90k_RMSELoss_20260802_151638,ModelCNN_fvs_std0.1_90k_RMSELoss,RMSELoss,2026-08-02 15:16:38,154/200,2026-08-03 02:00:35,0.021881,0.079114,False,0.00000078,249.06,58260749,8,42
ModelCNN_fvs_std0.1_90k_RMSELoss_20260802_151638,ModelCNN_fvs_std0.1_90k_RMSELoss,RMSELoss,2026-08-02 15:16:38,155/200,2026-08-03 02:04:44,0.021898,0.079122,False,0.00000078,248.96,58260749,8,42
ModelCNN_fvs_std0.1_90k_RMSELoss_20260802_151638,ModelCNN_fvs_std0.1_90k_RMSELoss,RMSELoss,2026-08-02 15:16:38,156/200,2026-08-03 02:08:54,0.021787,0.079054,False,0.00000078,249.51,58260749,8,42
ModelCNN_fvs_std0.1_90k_RMSELoss_20260802_151638,ModelCNN_fvs_std0.1_90k_RMSELoss,RMSELoss,2026-08-02 15:16:38,157/200,2026-08-03 02:13:03,0.021787,0.078308,True,0.00000078,249.60,58260749,8,42
ModelCNN_fvs_std0.1_90k_RMSELoss_20260802_151638,ModelCNN_fvs_std0.1_90k_RMSELoss,RMSELoss,2026-08-02 15:16:38,158/200,2026-08-03 02:17:24,0.021773,0.078870,False,0.00000078,250.63,58260749,8,42
ModelCNN_fvs_std0.1_90k_RMSELoss_20260802_151638,ModelCNN_fvs_std0.1_90k_RMSELoss,RMSELoss,2026-08-02 15:16:38,159/200,2026-08-03 02:21:36,0.021906,0.078617,False,0.00000078,252.49,58260749,8,42
ModelCNN_fvs_std0.1_90k_RMSELoss_20260802_151638,ModelCNN_fvs_std0.1_90k_RMSELoss,RMSELoss,2026-08-02 15:16:38,160/200,2026-08-03 02:25:46,0.021784,0.078643,False,0.00000039,249.84,58260749,8,42
ModelCNN_fvs_std0.1_90k_RMSELoss_20260802_151638,ModelCNN_fvs_std0.1_90k_RMSELoss,RMSELoss,2026-08-02 15:16:38,161/200,2026-08-03 02:29:54,0.021733,0.079016,False,0.00000039,248.30,58260749,8,42
ModelCNN_fvs_std0.1_90k_RMSELoss_20260802_151638,ModelCNN_fvs_std0.1_90k_RMSELoss,RMSELoss,2026-08-02 15:16:38,162/200,2026-08-03 02:34:03,0.021725,0.078956,False,0.00000039,248.90,58260749,8,42
ModelCNN_fvs_std0.1_90k_RMSELoss_20260802_151638,ModelCNN_fvs_std0.1_90k_RMSELoss,RMSELoss,2026-08-02 15:16:38,163/200,2026-08-03 02:38:11,0.021801,0.078941,False,0.00000039,248.15,58260749,8,42
ModelCNN_fvs_std0.1_90k_RMSELoss_20260802_151638,ModelCNN_fvs_std0.1_90k_RMSELoss,RMSELoss,2026-08-02 15:16:38,164/200,2026-08-03 02:42:20,0.021720,0.079594,False,0.00000039,249.13,58260749,8,42
ModelCNN_fvs_std0.1_90k_RMSELoss_20260802_151638,ModelCNN_fvs_std0.1_90k_RMSELoss,RMSELoss,2026-08-02 15:16:38,165/200,2026-08-03 02:46:29,0.021641,0.078250,True,0.00000039,248.81,58260749,8,42
ModelCNN_fvs_std0.1_90k_RMSELoss_20260802_151638,ModelCNN_fvs_std0.1_90k_RMSELoss,RMSELoss,2026-08-02 15:16:38,166/200,2026-08-03 02:50:48,0.021704,0.079620,False,0.00000039,248.99,58260749,8,42
ModelCNN_fvs_std0.1_90k_RMSELoss_20260802_151638,ModelCNN_fvs_std0.1_90k_RMSELoss,RMSELoss,2026-08-02 15:16:38,167/200,2026-08-03 02:54:57,0.021714,0.078951,False,0.00000039,249.00,58260749,8,42
ModelCNN_fvs_std0.1_90k_RMSELoss_20260802_151638,ModelCNN_fvs_std0.1_90k_RMSELoss,RMSELoss,2026-08-02 15:16:38,168/200,2026-08-03 02:59:04,0.021641,0.078335,False,0.00000039,247.34,58260749,8,42
ModelCNN_fvs_std0.1_90k_RMSELoss_20260802_151638,ModelCNN_fvs_std0.1_90k_RMSELoss,RMSELoss,2026-08-02 15:16:38,169/200,2026-08-03 03:03:13,0.021654,0.079345,False,0.00000039,248.53,58260749,8,42
ModelCNN_fvs_std0.1_90k_RMSELoss_20260802_151638,ModelCNN_fvs_std0.1_90k_RMSELoss,RMSELoss,2026-08-02 15:16:38,170/200,2026-08-03 03:07:21,0.021709,0.078925,False,0.00000039,247.93,58260749,8,42
ModelCNN_fvs_std0.1_90k_RMSELoss_20260802_151638,ModelCNN_fvs_std0.1_90k_RMSELoss,RMSELoss,2026-08-02 15:16:38,171/200,2026-08-03 03:11:28,0.021678,0.078751,False,0.00000039,247.44,58260749,8,42
ModelCNN_fvs_std0.1_90k_RMSELoss_20260802_151638,ModelCNN_fvs_std0.1_90k_RMSELoss,RMSELoss,2026-08-02 15:16:38,172/200,2026-08-03 03:15:38,0.021675,0.079122,False,0.00000039,249.99,58260749,8,42
ModelCNN_fvs_std0.1_90k_RMSELoss_20260802_151638,ModelCNN_fvs_std0.1_90k_RMSELoss,RMSELoss,2026-08-02 15:16:38,173/200,2026-08-03 03:19:46,0.021650,0.078703,False,0.00000039,248.16,58260749,8,42
ModelCNN_fvs_std0.1_90k_RMSELoss_20260802_151638,ModelCNN_fvs_std0.1_90k_RMSELoss,RMSELoss,2026-08-02 15:16:38,174/200,2026-08-03 03:23:59,0.021598,0.078865,False,0.00000039,252.09,58260749,8,42
ModelCNN_fvs_std0.1_90k_RMSELoss_20260802_151638,ModelCNN_fvs_std0.1_90k_RMSELoss,RMSELoss,2026-08-02 15:16:38,175/200,2026-08-03 03:28:07,0.021632,0.078853,False,0.00000039,248.55,58260749,8,42
ModelCNN_fvs_std0.1_90k_RMSELoss_20260802_151638,ModelCNN_fvs_std0.1_90k_RMSELoss,RMSELoss,2026-08-02 15:16:38,176/200,2026-08-03 03:32:17,0.021601,0.078867,False,0.00000039,249.81,58260749,8,42
ModelCNN_fvs_std0.1_90k_RMSELoss_20260802_151638,ModelCNN_fvs_std0.1_90k_RMSELoss,RMSELoss,2026-08-02 15:16:38,177/200,2026-08-03 03:36:24,0.021614,0.078830,False,0.00000039,247.55,58260749,8,42
ModelCNN_fvs_std0.1_90k_RMSELoss_20260802_151638,ModelCNN_fvs_std0.1_90k_RMSELoss,RMSELoss,2026-08-02 15:16:38,178/200,2026-08-03 03:40:34,0.021651,0.078450,False,0.00000039,249.13,58260749,8,42
ModelCNN_fvs_std0.1_90k_RMSELoss_20260802_151638,ModelCNN_fvs_std0.1_90k_RMSELoss,RMSELoss,2026-08-02 15:16:38,179/200,2026-08-03 03:44:42,0.021610,0.078660,False,0.00000039,248.44,58260749,8,42
ModelCNN_fvs_std0.1_90k_RMSELoss_20260802_151638,ModelCNN_fvs_std0.1_90k_RMSELoss,RMSELoss,2026-08-02 15:16:38,180/200,2026-08-03 03:48:51,0.021684,0.078658,False,0.00000020,249.32,58260749,8,42
ModelCNN_fvs_std0.1_90k_RMSELoss_20260802_151638,ModelCNN_fvs_std0.1_90k_RMSELoss,RMSELoss,2026-08-02 15:16:38,181/200,2026-08-03 03:53:01,0.021597,0.078021,True,0.00000020,249.69,58260749,8,42
ModelCNN_fvs_std0.1_90k_RMSELoss_20260802_151638,ModelCNN_fvs_std0.1_90k_RMSELoss,RMSELoss,2026-08-02 15:16:38,182/200,2026-08-03 03:57:20,0.021618,0.078497,False,0.00000020,249.29,58260749,8,42
ModelCNN_fvs_std0.1_90k_RMSELoss_20260802_151638,ModelCNN_fvs_std0.1_90k_RMSELoss,RMSELoss,2026-08-02 15:16:38,183/200,2026-08-03 04:01:35,0.021584,0.078976,False,0.00000020,255.34,58260749,8,42
ModelCNN_fvs_std0.1_90k_RMSELoss_20260802_151638,ModelCNN_fvs_std0.1_90k_RMSELoss,RMSELoss,2026-08-02 15:16:38,184/200,2026-08-03 04:05:44,0.021590,0.078755,False,0.00000020,248.92,58260749,8,42
ModelCNN_fvs_std0.1_90k_RMSELoss_20260802_151638,ModelCNN_fvs_std0.1_90k_RMSELoss,RMSELoss,2026-08-02 15:16:38,185/200,2026-08-03 04:09:53,0.021593,0.079042,False,0.00000020,248.97,58260749,8,42
ModelCNN_fvs_std0.1_90k_RMSELoss_20260802_151638,ModelCNN_fvs_std0.1_90k_RMSELoss,RMSELoss,2026-08-02 15:16:38,186/200,2026-08-03 04:14:06,0.021576,0.079165,False,0.00000020,252.34,58260749,8,42
ModelCNN_fvs_std0.1_90k_RMSELoss_20260802_151638,ModelCNN_fvs_std0.1_90k_RMSELoss,RMSELoss,2026-08-02 15:16:38,187/200,2026-08-03 04:18:15,0.021582,0.079212,False,0.00000020,249.31,58260749,8,42
ModelCNN_fvs_std0.1_90k_RMSELoss_20260802_151638,ModelCNN_fvs_std0.1_90k_RMSELoss,RMSELoss,2026-08-02 15:16:38,188/200,2026-08-03 04:22:24,0.021499,0.078567,False,0.00000020,248.61,58260749,8,42
ModelCNN_fvs_std0.1_90k_RMSELoss_20260802_151638,ModelCNN_fvs_std0.1_90k_RMSELoss,RMSELoss,2026-08-02 15:16:38,189/200,2026-08-03 04:26:33,0.021580,0.078596,False,0.00000020,249.23,58260749,8,42
ModelCNN_fvs_std0.1_90k_RMSELoss_20260802_151638,ModelCNN_fvs_std0.1_90k_RMSELoss,RMSELoss,2026-08-02 15:16:38,190/200,2026-08-03 04:30:42,0.021623,0.077839,True,0.00000020,248.83,58260749,8,42
ModelCNN_fvs_std0.1_90k_RMSELoss_20260802_151638,ModelCNN_fvs_std0.1_90k_RMSELoss,RMSELoss,2026-08-02 15:16:38,191/200,2026-08-03 04:35:07,0.021653,0.079661,False,0.00000020,255.85,58260749,8,42
ModelCNN_fvs_std0.1_90k_RMSELoss_20260802_151638,ModelCNN_fvs_std0.1_90k_RMSELoss,RMSELoss,2026-08-02 15:16:38,192/200,2026-08-03 04:39:10,0.021593,0.078782,False,0.00000020,242.24,58260749,8,42
ModelCNN_fvs_std0.1_90k_RMSELoss_20260802_151638,ModelCNN_fvs_std0.1_90k_RMSELoss,RMSELoss,2026-08-02 15:16:38,193/200,2026-08-03 04:43:08,0.021573,0.078979,False,0.00000020,237.99,58260749,8,42
ModelCNN_fvs_std0.1_90k_RMSELoss_20260802_151638,ModelCNN_fvs_std0.1_90k_RMSELoss,RMSELoss,2026-08-02 15:16:38,194/200,2026-08-03 04:47:07,0.021584,0.078229,False,0.00000020,239.15,58260749,8,42
ModelCNN_fvs_std0.1_90k_RMSELoss_20260802_151638,ModelCNN_fvs_std0.1_90k_RMSELoss,RMSELoss,2026-08-02 15:16:38,195/200,2026-08-03 04:51:06,0.021572,0.078620,False,0.00000020,239.04,58260749,8,42
ModelCNN_fvs_std0.1_90k_RMSELoss_20260802_151638,ModelCNN_fvs_std0.1_90k_RMSELoss,RMSELoss,2026-08-02 15:16:38,196/200,2026-08-03 04:55:10,0.021612,0.078602,False,0.00000020,243.97,58260749,8,42
ModelCNN_fvs_std0.1_90k_RMSELoss_20260802_151638,ModelCNN_fvs_std0.1_90k_RMSELoss,RMSELoss,2026-08-02 15:16:38,197/200,2026-08-03 04:59:22,0.021505,0.078328,False,0.00000020,252.41,58260749,8,42
ModelCNN_fvs_std0.1_90k_RMSELoss_20260802_151638,ModelCNN_fvs_std0.1_90k_RMSELoss,RMSELoss,2026-08-02 15:16:38,198/200,2026-08-03 05:03:33,0.021530,0.078245,False,0.00000020,250.26,58260749,8,42
ModelCNN_fvs_std0.1_90k_RMSELoss_20260802_151638,ModelCNN_fvs_std0.1_90k_RMSELoss,RMSELoss,2026-08-02 15:16:38,199/200,2026-08-03 05:07:43,0.021536,0.079031,False,0.00000020,250.41,58260749,8,42
ModelCNN_fvs_std0.1_90k_RMSELoss_20260802_151638,ModelCNN_fvs_std0.1_90k_RMSELoss,RMSELoss,2026-08-02 15:16:38,200/200,2026-08-03 05:11:51,0.021545,0.078802,False,0.00000010,248.36,58260749,8,42
ModelCNN_fvs_std0.02_90k_RMSELoss_20260727_173236,ModelCNN_fvs_std0.02_90k_RMSELoss,RMSELoss,2026-07-27 17:32:36,1/200,2026-07-27 17:36:34,0.110632,0.097183,True,0.00010000,236.83,58260749,8,42
ModelCNN_fvs_std0.02_90k_RMSELoss_20260727_173236,ModelCNN_fvs_std0.02_90k_RMSELoss,RMSELoss,2026-07-27 17:32:36,2/200,2026-07-27 17:40:48,0.095461,0.092121,True,0.00010000,244.32,58260749,8,42
ModelCNN_fvs_std0.02_90k_RMSELoss_20260727_173236,ModelCNN_fvs_std0.02_90k_RMSELoss,RMSELoss,2026-07-27 17:32:36,3/200,2026-07-27 17:45:10,0.088893,0.087205,True,0.00010000,252.20,58260749,8,42
ModelCNN_fvs_std0.02_90k_RMSELoss_20260727_173236,ModelCNN_fvs_std0.02_90k_RMSELoss,RMSELoss,2026-07-27 17:32:36,4/200,2026-07-27 17:49:31,0.084227,0.082037,True,0.00010000,250.93,58260749,8,42
ModelCNN_fvs_std0.02_90k_RMSELoss_20260727_173236,ModelCNN_fvs_std0.02_90k_RMSELoss,RMSELoss,2026-07-27 17:32:36,5/200,2026-07-27 17:53:52,0.080778,0.083601,False,0.00010000,250.92,58260749,8,42
ModelCNN_fvs_std0.02_90k_RMSELoss_20260727_173236,ModelCNN_fvs_std0.02_90k_RMSELoss,RMSELoss,2026-07-27 17:32:36,6/200,2026-07-27 17:58:02,0.077694,0.078154,True,0.00010000,250.57,58260749,8,42
ModelCNN_fvs_std0.02_90k_RMSELoss_20260727_173236,ModelCNN_fvs_std0.02_90k_RMSELoss,RMSELoss,2026-07-27 17:32:36,7/200,2026-07-27 18:02:24,0.075040,0.078798,False,0.00010000,251.97,58260749,8,42
ModelCNN_fvs_std0.02_90k_RMSELoss_20260727_173236,ModelCNN_fvs_std0.02_90k_RMSELoss,RMSELoss,2026-07-27 17:32:36,8/200,2026-07-27 18:06:35,0.072586,0.076908,True,0.00010000,251.13,58260749,8,42
ModelCNN_fvs_std0.02_90k_RMSELoss_20260727_173236,ModelCNN_fvs_std0.02_90k_RMSELoss,RMSELoss,2026-07-27 17:32:36,9/200,2026-07-27 18:10:56,0.069981,0.076093,True,0.00010000,250.89,58260749,8,42
ModelCNN_fvs_std0.02_90k_RMSELoss_20260727_173236,ModelCNN_fvs_std0.02_90k_RMSELoss,RMSELoss,2026-07-27 17:32:36,10/200,2026-07-27 18:15:14,0.067586,0.075163,True,0.00010000,248.23,58260749,8,42
ModelCNN_fvs_std0.02_90k_RMSELoss_20260727_173236,ModelCNN_fvs_std0.02_90k_RMSELoss,RMSELoss,2026-07-27 17:32:36,11/200,2026-07-27 18:19:34,0.065333,0.073409,True,0.00010000,250.05,58260749,8,42
ModelCNN_fvs_std0.02_90k_RMSELoss_20260727_173236,ModelCNN_fvs_std0.02_90k_RMSELoss,RMSELoss,2026-07-27 17:32:36,12/200,2026-07-27 18:23:53,0.063423,0.073195,True,0.00010000,248.65,58260749,8,42
ModelCNN_fvs_std0.02_90k_RMSELoss_20260727_173236,ModelCNN_fvs_std0.02_90k_RMSELoss,RMSELoss,2026-07-27 17:32:36,13/200,2026-07-27 18:28:12,0.061580,0.073420,False,0.00010000,249.32,58260749,8,42
ModelCNN_fvs_std0.02_90k_RMSELoss_20260727_173236,ModelCNN_fvs_std0.02_90k_RMSELoss,RMSELoss,2026-07-27 17:32:36,14/200,2026-07-27 18:32:21,0.059822,0.073406,False,0.00010000,248.82,58260749,8,42
ModelCNN_fvs_std0.02_90k_RMSELoss_20260727_173236,ModelCNN_fvs_std0.02_90k_RMSELoss,RMSELoss,2026-07-27 17:32:36,15/200,2026-07-27 18:36:32,0.058124,0.071953,True,0.00010000,251.03,58260749,8,42
ModelCNN_fvs_std0.02_90k_RMSELoss_20260727_173236,ModelCNN_fvs_std0.02_90k_RMSELoss,RMSELoss,2026-07-27 17:32:36,16/200,2026-07-27 18:40:55,0.056538,0.072423,False,0.00010000,253.30,58260749,8,42
ModelCNN_fvs_std0.02_90k_RMSELoss_20260727_173236,ModelCNN_fvs_std0.02_90k_RMSELoss,RMSELoss,2026-07-27 17:32:36,17/200,2026-07-27 18:45:04,0.055209,0.072036,False,0.00010000,249.30,58260749,8,42
ModelCNN_fvs_std0.02_90k_RMSELoss_20260727_173236,ModelCNN_fvs_std0.02_90k_RMSELoss,RMSELoss,2026-07-27 17:32:36,18/200,2026-07-27 18:49:14,0.053878,0.071920,True,0.00010000,249.48,58260749,8,42
ModelCNN_fvs_std0.02_90k_RMSELoss_20260727_173236,ModelCNN_fvs_std0.02_90k_RMSELoss,RMSELoss,2026-07-27 17:32:36,19/200,2026-07-27 18:53:34,0.052610,0.071611,True,0.00010000,250.73,58260749,8,42
ModelCNN_fvs_std0.02_90k_RMSELoss_20260727_173236,ModelCNN_fvs_std0.02_90k_RMSELoss,RMSELoss,2026-07-27 17:32:36,20/200,2026-07-27 18:57:55,0.051397,0.070299,True,0.00005000,250.41,58260749,8,42
ModelCNN_fvs_std0.02_90k_RMSELoss_20260727_173236,ModelCNN_fvs_std0.02_90k_RMSELoss,RMSELoss,2026-07-27 17:32:36,21/200,2026-07-27 19:02:13,0.045803,0.068001,True,0.00005000,248.99,58260749,8,42
ModelCNN_fvs_std0.02_90k_RMSELoss_20260727_173236,ModelCNN_fvs_std0.02_90k_RMSELoss,RMSELoss,2026-07-27 17:32:36,22/200,2026-07-27 19:06:33,0.042658,0.067854,True,0.00005000,249.63,58260749,8,42
ModelCNN_fvs_std0.02_90k_RMSELoss_20260727_173236,ModelCNN_fvs_std0.02_90k_RMSELoss,RMSELoss,2026-07-27 17:32:36,23/200,2026-07-27 19:10:52,0.041071,0.067473,True,0.00005000,249.41,58260749,8,42
ModelCNN_fvs_std0.02_90k_RMSELoss_20260727_173236,ModelCNN_fvs_std0.02_90k_RMSELoss,RMSELoss,2026-07-27 17:32:36,24/200,2026-07-27 19:15:11,0.039818,0.067516,False,0.00005000,248.70,58260749,8,42
ModelCNN_fvs_std0.02_90k_RMSELoss_20260727_173236,ModelCNN_fvs_std0.02_90k_RMSELoss,RMSELoss,2026-07-27 17:32:36,25/200,2026-07-27 19:19:20,0.038753,0.067351,True,0.00005000,249.26,58260749,8,42
ModelCNN_fvs_std0.02_90k_RMSELoss_20260727_173236,ModelCNN_fvs_std0.02_90k_RMSELoss,RMSELoss,2026-07-27 17:32:36,26/200,2026-07-27 19:23:39,0.037750,0.067357,False,0.00005000,249.24,58260749,8,42
ModelCNN_fvs_std0.02_90k_RMSELoss_20260727_173236,ModelCNN_fvs_std0.02_90k_RMSELoss,RMSELoss,2026-07-27 17:32:36,27/200,2026-07-27 19:27:47,0.036917,0.067960,False,0.00005000,248.17,58260749,8,42
ModelCNN_fvs_std0.02_90k_RMSELoss_20260727_173236,ModelCNN_fvs_std0.02_90k_RMSELoss,RMSELoss,2026-07-27 17:32:36,28/200,2026-07-27 19:31:59,0.036091,0.067471,False,0.00005000,251.16,58260749,8,42
ModelCNN_fvs_std0.02_90k_RMSELoss_20260727_173236,ModelCNN_fvs_std0.02_90k_RMSELoss,RMSELoss,2026-07-27 17:32:36,29/200,2026-07-27 19:36:08,0.035345,0.067461,False,0.00005000,249.07,58260749,8,42
ModelCNN_fvs_std0.02_90k_RMSELoss_20260727_173236,ModelCNN_fvs_std0.02_90k_RMSELoss,RMSELoss,2026-07-27 17:32:36,30/200,2026-07-27 19:40:21,0.034678,0.067677,False,0.00005000,253.14,58260749,8,42
ModelCNN_fvs_std0.02_90k_RMSELoss_20260727_173236,ModelCNN_fvs_std0.02_90k_RMSELoss,RMSELoss,2026-07-27 17:32:36,31/200,2026-07-27 19:44:32,0.033904,0.067001,True,0.00005000,251.38,58260749,8,42
ModelCNN_fvs_std0.02_90k_RMSELoss_20260727_173236,ModelCNN_fvs_std0.02_90k_RMSELoss,RMSELoss,2026-07-27 17:32:36,32/200,2026-07-27 19:48:52,0.033357,0.066797,True,0.00005000,249.76,58260749,8,42
ModelCNN_fvs_std0.02_90k_RMSELoss_20260727_173236,ModelCNN_fvs_std0.02_90k_RMSELoss,RMSELoss,2026-07-27 17:32:36,33/200,2026-07-27 19:53:11,0.032737,0.067361,False,0.00005000,249.00,58260749,8,42
ModelCNN_fvs_std0.02_90k_RMSELoss_20260727_173236,ModelCNN_fvs_std0.02_90k_RMSELoss,RMSELoss,2026-07-27 17:32:36,34/200,2026-07-27 19:57:20,0.032041,0.067679,False,0.00005000,249.71,58260749,8,42
ModelCNN_fvs_std0.02_90k_RMSELoss_20260727_173236,ModelCNN_fvs_std0.02_90k_RMSELoss,RMSELoss,2026-07-27 17:32:36,35/200,2026-07-27 20:01:29,0.031515,0.067059,False,0.00005000,248.85,58260749,8,42
ModelCNN_fvs_std0.02_90k_RMSELoss_20260727_173236,ModelCNN_fvs_std0.02_90k_RMSELoss,RMSELoss,2026-07-27 17:32:36,36/200,2026-07-27 20:05:38,0.031031,0.067312,False,0.00005000,249.15,58260749,8,42
ModelCNN_fvs_std0.02_90k_RMSELoss_20260727_173236,ModelCNN_fvs_std0.02_90k_RMSELoss,RMSELoss,2026-07-27 17:32:36,37/200,2026-07-27 20:09:47,0.030459,0.067517,False,0.00005000,248.29,58260749,8,42
ModelCNN_fvs_std0.02_90k_RMSELoss_20260727_173236,ModelCNN_fvs_std0.02_90k_RMSELoss,RMSELoss,2026-07-27 17:32:36,38/200,2026-07-27 20:13:56,0.029906,0.067226,False,0.00005000,249.36,58260749,8,42
ModelCNN_fvs_std0.02_90k_RMSELoss_20260727_173236,ModelCNN_fvs_std0.02_90k_RMSELoss,RMSELoss,2026-07-27 17:32:36,39/200,2026-07-27 20:18:08,0.029529,0.066895,False,0.00005000,252.40,58260749,8,42
ModelCNN_fvs_std0.02_90k_RMSELoss_20260727_173236,ModelCNN_fvs_std0.02_90k_RMSELoss,RMSELoss,2026-07-27 17:32:36,40/200,2026-07-27 20:22:17,0.029012,0.066830,False,0.00002500,248.59,58260749,8,42
ModelCNN_fvs_std0.02_90k_RMSELoss_20260727_173236,ModelCNN_fvs_std0.02_90k_RMSELoss,RMSELoss,2026-07-27 17:32:36,41/200,2026-07-27 20:26:27,0.026151,0.065903,True,0.00002500,249.65,58260749,8,42
ModelCNN_fvs_std0.02_90k_RMSELoss_20260727_173236,ModelCNN_fvs_std0.02_90k_RMSELoss,RMSELoss,2026-07-27 17:32:36,42/200,2026-07-27 20:30:46,0.024378,0.065847,True,0.00002500,249.82,58260749,8,42
ModelCNN_fvs_std0.02_90k_RMSELoss_20260727_173236,ModelCNN_fvs_std0.02_90k_RMSELoss,RMSELoss,2026-07-27 17:32:36,43/200,2026-07-27 20:35:06,0.023659,0.065520,True,0.00002500,249.73,58260749,8,42
ModelCNN_fvs_std0.02_90k_RMSELoss_20260727_173236,ModelCNN_fvs_std0.02_90k_RMSELoss,RMSELoss,2026-07-27 17:32:36,44/200,2026-07-27 20:39:25,0.023119,0.065741,False,0.00002500,248.96,58260749,8,42
ModelCNN_fvs_std0.02_90k_RMSELoss_20260727_173236,ModelCNN_fvs_std0.02_90k_RMSELoss,RMSELoss,2026-07-27 17:32:36,45/200,2026-07-27 20:43:34,0.022697,0.065847,False,0.00002500,248.87,58260749,8,42
ModelCNN_fvs_std0.02_90k_RMSELoss_20260727_173236,ModelCNN_fvs_std0.02_90k_RMSELoss,RMSELoss,2026-07-27 17:32:36,46/200,2026-07-27 20:47:44,0.022238,0.065667,False,0.00002500,249.90,58260749,8,42
ModelCNN_fvs_std0.02_90k_RMSELoss_20260727_173236,ModelCNN_fvs_std0.02_90k_RMSELoss,RMSELoss,2026-07-27 17:32:36,47/200,2026-07-27 20:51:54,0.021934,0.065831,False,0.00002500,250.24,58260749,8,42
ModelCNN_fvs_std0.02_90k_RMSELoss_20260727_173236,ModelCNN_fvs_std0.02_90k_RMSELoss,RMSELoss,2026-07-27 17:32:36,48/200,2026-07-27 20:56:03,0.021626,0.065824,False,0.00002500,249.47,58260749,8,42
ModelCNN_fvs_std0.02_90k_RMSELoss_20260727_173236,ModelCNN_fvs_std0.02_90k_RMSELoss,RMSELoss,2026-07-27 17:32:36,49/200,2026-07-27 21:00:13,0.021211,0.065661,False,0.00002500,249.67,58260749,8,42
ModelCNN_fvs_std0.02_90k_RMSELoss_20260727_173236,ModelCNN_fvs_std0.02_90k_RMSELoss,RMSELoss,2026-07-27 17:32:36,50/200,2026-07-27 21:04:23,0.020972,0.065879,False,0.00002500,250.22,58260749,8,42
ModelCNN_fvs_std0.02_90k_RMSELoss_20260727_173236,ModelCNN_fvs_std0.02_90k_RMSELoss,RMSELoss,2026-07-27 17:32:36,51/200,2026-07-27 21:08:33,0.020699,0.065857,False,0.00002500,249.49,58260749,8,42
ModelCNN_fvs_std0.02_90k_RMSELoss_20260727_173236,ModelCNN_fvs_std0.02_90k_RMSELoss,RMSELoss,2026-07-27 17:32:36,52/200,2026-07-27 21:12:41,0.020501,0.065987,False,0.00002500,248.37,58260749,8,42
ModelCNN_fvs_std0.02_90k_RMSELoss_20260727_173236,ModelCNN_fvs_std0.02_90k_RMSELoss,RMSELoss,2026-07-27 17:32:36,53/200,2026-07-27 21:16:50,0.020220,0.065813,False,0.00002500,248.58,58260749,8,42
ModelCNN_fvs_std0.02_90k_RMSELoss_20260727_173236,ModelCNN_fvs_std0.02_90k_RMSELoss,RMSELoss,2026-07-27 17:32:36,54/200,2026-07-27 21:20:58,0.019962,0.065827,False,0.00002500,248.65,58260749,8,42
ModelCNN_fvs_std0.02_90k_RMSELoss_20260727_173236,ModelCNN_fvs_std0.02_90k_RMSELoss,RMSELoss,2026-07-27 17:32:36,55/200,2026-07-27 21:25:07,0.019759,0.065809,False,0.00002500,248.82,58260749,8,42
ModelCNN_fvs_std0.02_90k_RMSELoss_20260727_173236,ModelCNN_fvs_std0.02_90k_RMSELoss,RMSELoss,2026-07-27 17:32:36,56/200,2026-07-27 21:29:16,0.019454,0.065786,False,0.00002500,248.86,58260749,8,42
ModelCNN_fvs_std0.02_90k_RMSELoss_20260727_173236,ModelCNN_fvs_std0.02_90k_RMSELoss,RMSELoss,2026-07-27 17:32:36,57/200,2026-07-27 21:33:30,0.019300,0.065631,False,0.00002500,253.83,58260749,8,42
ModelCNN_fvs_std0.02_90k_RMSELoss_20260727_173236,ModelCNN_fvs_std0.02_90k_RMSELoss,RMSELoss,2026-07-27 17:32:36,58/200,2026-07-27 21:37:40,0.019140,0.065497,True,0.00002500,249.89,58260749,8,42
ModelCNN_fvs_std0.02_90k_RMSELoss_20260727_173236,ModelCNN_fvs_std0.02_90k_RMSELoss,RMSELoss,2026-07-27 17:32:36,59/200,2026-07-27 21:41:58,0.018881,0.065763,False,0.00002500,248.93,58260749,8,42
ModelCNN_fvs_std0.02_90k_RMSELoss_20260727_173236,ModelCNN_fvs_std0.02_90k_RMSELoss,RMSELoss,2026-07-27 17:32:36,60/200,2026-07-27 21:46:08,0.018678,0.065773,False,0.00001250,249.16,58260749,8,42
ModelCNN_fvs_std0.02_90k_RMSELoss_20260727_173236,ModelCNN_fvs_std0.02_90k_RMSELoss,RMSELoss,2026-07-27 17:32:36,61/200,2026-07-27 21:50:17,0.017364,0.065256,True,0.00001250,249.52,58260749,8,42
ModelCNN_fvs_std0.02_90k_RMSELoss_20260727_173236,ModelCNN_fvs_std0.02_90k_RMSELoss,RMSELoss,2026-07-27 17:32:36,62/200,2026-07-27 21:54:36,0.016606,0.065586,False,0.00001250,249.20,58260749,8,42
ModelCNN_fvs_std0.02_90k_RMSELoss_20260727_173236,ModelCNN_fvs_std0.02_90k_RMSELoss,RMSELoss,2026-07-27 17:32:36,63/200,2026-07-27 21:58:45,0.016236,0.065440,False,0.00001250,248.97,58260749,8,42
ModelCNN_fvs_std0.02_90k_RMSELoss_20260727_173236,ModelCNN_fvs_std0.02_90k_RMSELoss,RMSELoss,2026-07-27 17:32:36,64/200,2026-07-27 22:02:55,0.016133,0.065331,False,0.00001250,249.78,58260749,8,42
ModelCNN_fvs_std0.02_90k_RMSELoss_20260727_173236,ModelCNN_fvs_std0.02_90k_RMSELoss,RMSELoss,2026-07-27 17:32:36,65/200,2026-07-27 22:07:04,0.015940,0.065445,False,0.00001250,249.04,58260749,8,42
ModelCNN_fvs_std0.02_90k_RMSELoss_20260727_173236,ModelCNN_fvs_std0.02_90k_RMSELoss,RMSELoss,2026-07-27 17:32:36,66/200,2026-07-27 22:11:12,0.015717,0.065275,False,0.00001250,248.10,58260749,8,42
ModelCNN_fvs_std0.02_90k_RMSELoss_20260727_173236,ModelCNN_fvs_std0.02_90k_RMSELoss,RMSELoss,2026-07-27 17:32:36,67/200,2026-07-27 22:15:21,0.015648,0.065440,False,0.00001250,248.33,58260749,8,42
ModelCNN_fvs_std0.02_90k_RMSELoss_20260727_173236,ModelCNN_fvs_std0.02_90k_RMSELoss,RMSELoss,2026-07-27 17:32:36,68/200,2026-07-27 22:19:30,0.015437,0.065376,False,0.00001250,249.32,58260749,8,42
ModelCNN_fvs_std0.02_90k_RMSELoss_20260727_173236,ModelCNN_fvs_std0.02_90k_RMSELoss,RMSELoss,2026-07-27 17:32:36,69/200,2026-07-27 22:23:39,0.015322,0.065520,False,0.00001250,248.72,58260749,8,42
ModelCNN_fvs_std0.02_90k_RMSELoss_20260727_173236,ModelCNN_fvs_std0.02_90k_RMSELoss,RMSELoss,2026-07-27 17:32:36,70/200,2026-07-27 22:27:49,0.015180,0.065552,False,0.00001250,250.16,58260749,8,42
ModelCNN_fvs_std0.02_90k_RMSELoss_20260727_173236,ModelCNN_fvs_std0.02_90k_RMSELoss,RMSELoss,2026-07-27 17:32:36,71/200,2026-07-27 22:31:58,0.015071,0.065468,False,0.00001250,249.19,58260749,8,42
ModelCNN_fvs_std0.02_90k_RMSELoss_20260727_173236,ModelCNN_fvs_std0.02_90k_RMSELoss,RMSELoss,2026-07-27 17:32:36,72/200,2026-07-27 22:36:11,0.014937,0.065565,False,0.00001250,253.37,58260749,8,42
ModelCNN_fvs_std0.02_90k_RMSELoss_20260727_173236,ModelCNN_fvs_std0.02_90k_RMSELoss,RMSELoss,2026-07-27 17:32:36,73/200,2026-07-27 22:40:21,0.014868,0.065477,False,0.00001250,249.28,58260749,8,42
ModelCNN_fvs_std0.02_90k_RMSELoss_20260727_173236,ModelCNN_fvs_std0.02_90k_RMSELoss,RMSELoss,2026-07-27 17:32:36,74/200,2026-07-27 22:44:30,0.014687,0.065566,False,0.00001250,249.63,58260749,8,42
ModelCNN_fvs_std0.02_90k_RMSELoss_20260727_173236,ModelCNN_fvs_std0.02_90k_RMSELoss,RMSELoss,2026-07-27 17:32:36,75/200,2026-07-27 22:48:40,0.014612,0.065456,False,0.00001250,250.09,58260749,8,42
ModelCNN_fvs_std0.02_90k_RMSELoss_20260727_173236,ModelCNN_fvs_std0.02_90k_RMSELoss,RMSELoss,2026-07-27 17:32:36,76/200,2026-07-27 22:52:52,0.014534,0.065323,False,0.00001250,251.21,58260749,8,42
ModelCNN_fvs_std0.02_90k_RMSELoss_20260727_173236,ModelCNN_fvs_std0.02_90k_RMSELoss,RMSELoss,2026-07-27 17:32:36,77/200,2026-07-27 22:57:01,0.014439,0.065494,False,0.00001250,249.24,58260749,8,42
ModelCNN_fvs_std0.02_90k_RMSELoss_20260727_173236,ModelCNN_fvs_std0.02_90k_RMSELoss,RMSELoss,2026-07-27 17:32:36,78/200,2026-07-27 23:01:10,0.014320,0.065405,False,0.00001250,248.91,58260749,8,42
ModelCNN_fvs_std0.02_90k_RMSELoss_20260727_173236,ModelCNN_fvs_std0.02_90k_RMSELoss,RMSELoss,2026-07-27 17:32:36,79/200,2026-07-27 23:05:20,0.014204,0.065420,False,0.00001250,250.16,58260749,8,42
ModelCNN_fvs_std0.02_90k_RMSELoss_20260727_173236,ModelCNN_fvs_std0.02_90k_RMSELoss,RMSELoss,2026-07-27 17:32:36,80/200,2026-07-27 23:09:30,0.014091,0.065545,False,0.00000625,249.83,58260749,8,42
ModelCNN_fvs_std0.02_90k_RMSELoss_20260727_173236,ModelCNN_fvs_std0.02_90k_RMSELoss,RMSELoss,2026-07-27 17:32:36,81/200,2026-07-27 23:13:45,0.013589,0.065535,False,0.00000625,254.94,58260749,8,42
ModelCNN_fvs_std0.02_90k_RMSELoss_20260727_173236,ModelCNN_fvs_std0.02_90k_RMSELoss,RMSELoss,2026-07-27 17:32:36,82/200,2026-07-27 23:17:54,0.013232,0.065341,False,0.00000625,249.65,58260749,8,42
ModelCNN_fvs_std0.02_90k_RMSELoss_20260727_173236,ModelCNN_fvs_std0.02_90k_RMSELoss,RMSELoss,2026-07-27 17:32:36,83/200,2026-07-27 23:22:03,0.013048,0.065416,False,0.00000625,248.84,58260749,8,42
ModelCNN_fvs_std0.02_90k_RMSELoss_20260727_173236,ModelCNN_fvs_std0.02_90k_RMSELoss,RMSELoss,2026-07-27 17:32:36,84/200,2026-07-27 23:26:12,0.012972,0.065384,False,0.00000625,248.48,58260749,8,42
ModelCNN_fvs_std0.02_90k_RMSELoss_20260727_173236,ModelCNN_fvs_std0.02_90k_RMSELoss,RMSELoss,2026-07-27 17:32:36,85/200,2026-07-27 23:30:21,0.012878,0.065444,False,0.00000625,249.11,58260749,8,42
ModelCNN_fvs_std0.02_90k_RMSELoss_20260727_173236,ModelCNN_fvs_std0.02_90k_RMSELoss,RMSELoss,2026-07-27 17:32:36,86/200,2026-07-27 23:34:31,0.012801,0.065370,False,0.00000625,250.23,58260749,8,42
ModelCNN_fvs_std0.02_90k_RMSELoss_20260727_173236,ModelCNN_fvs_std0.02_90k_RMSELoss,RMSELoss,2026-07-27 17:32:36,87/200,2026-07-27 23:38:41,0.012768,0.065416,False,0.00000625,250.41,58260749,8,42
ModelCNN_fvs_std0.02_90k_RMSELoss_20260727_173236,ModelCNN_fvs_std0.02_90k_RMSELoss,RMSELoss,2026-07-27 17:32:36,88/200,2026-07-27 23:42:51,0.012654,0.065381,False,0.00000625,249.29,58260749,8,42
ModelCNN_fvs_std0.02_90k_RMSELoss_20260727_173236,ModelCNN_fvs_std0.02_90k_RMSELoss,RMSELoss,2026-07-27 17:32:36,89/200,2026-07-27 23:47:02,0.012622,0.065384,False,0.00000625,250.95,58260749,8,42
ModelCNN_fvs_std0.02_90k_RMSELoss_20260727_173236,ModelCNN_fvs_std0.02_90k_RMSELoss,RMSELoss,2026-07-27 17:32:36,90/200,2026-07-27 23:51:11,0.012518,0.065481,False,0.00000625,249.17,58260749,8,42
ModelCNN_fvs_std0.02_90k_RMSELoss_20260727_173236,ModelCNN_fvs_std0.02_90k_RMSELoss,RMSELoss,2026-07-27 17:32:36,91/200,2026-07-27 23:55:21,0.012542,0.065427,False,0.00000625,250.48,58260749,8,42
ModelCNN_fvs_std0.02_90k_RMSELoss_20260727_173236,ModelCNN_fvs_std0.02_90k_RMSELoss,RMSELoss,2026-07-27 17:32:36,92/200,2026-07-27 23:59:30,0.012496,0.065535,False,0.00000625,248.94,58260749,8,42
ModelCNN_fvs_std0.02_90k_RMSELoss_20260727_173236,ModelCNN_fvs_std0.02_90k_RMSELoss,RMSELoss,2026-07-27 17:32:36,93/200,2026-07-28 00:03:39,0.012421,0.065395,False,0.00000625,249.06,58260749,8,42
ModelCNN_fvs_std0.02_90k_RMSELoss_20260727_173236,ModelCNN_fvs_std0.02_90k_RMSELoss,RMSELoss,2026-07-27 17:32:36,94/200,2026-07-28 00:07:49,0.012353,0.065368,False,0.00000625,249.29,58260749,8,42
ModelCNN_fvs_std0.02_90k_RMSELoss_20260727_173236,ModelCNN_fvs_std0.02_90k_RMSELoss,RMSELoss,2026-07-27 17:32:36,95/200,2026-07-28 00:11:59,0.012308,0.065384,False,0.00000625,250.36,58260749,8,42
ModelCNN_fvs_std0.02_90k_RMSELoss_20260727_173236,ModelCNN_fvs_std0.02_90k_RMSELoss,RMSELoss,2026-07-27 17:32:36,96/200,2026-07-28 00:16:08,0.012203,0.065385,False,0.00000625,248.63,58260749,8,42
ModelCNN_fvs_std0.02_90k_RMSELoss_20260727_173236,ModelCNN_fvs_std0.02_90k_RMSELoss,RMSELoss,2026-07-27 17:32:36,97/200,2026-07-28 00:20:17,0.012197,0.065485,False,0.00000625,249.36,58260749,8,42
ModelCNN_fvs_std0.02_90k_RMSELoss_20260727_173236,ModelCNN_fvs_std0.02_90k_RMSELoss,RMSELoss,2026-07-27 17:32:36,98/200,2026-07-28 00:24:26,0.012146,0.065474,False,0.00000625,248.85,58260749,8,42
ModelCNN_fvs_std0.02_90k_RMSELoss_20260727_173236,ModelCNN_fvs_std0.02_90k_RMSELoss,RMSELoss,2026-07-27 17:32:36,99/200,2026-07-28 00:28:36,0.012059,0.065520,False,0.00000625,250.60,58260749,8,42
ModelCNN_fvs_std0.02_90k_RMSELoss_20260727_173236,ModelCNN_fvs_std0.02_90k_RMSELoss,RMSELoss,2026-07-27 17:32:36,100/200,2026-07-28 00:32:45,0.012066,0.065426,False,0.00000313,248.95,58260749,8,42
ModelCNN_fvs_std0.02_90k_RMSELoss_20260727_173236,ModelCNN_fvs_std0.02_90k_RMSELoss,RMSELoss,2026-07-27 17:32:36,101/200,2026-07-28 00:36:54,0.011762,0.065412,False,0.00000313,248.88,58260749,8,42
ModelCNN_fvs_std0.02_90k_RMSELoss_20260727_173236,ModelCNN_fvs_std0.02_90k_RMSELoss,RMSELoss,2026-07-27 17:32:36,102/200,2026-07-28 00:41:03,0.011642,0.065448,False,0.00000313,248.96,58260749,8,42
ModelCNN_fvs_std0.02_90k_RMSELoss_20260727_173236,ModelCNN_fvs_std0.02_90k_RMSELoss,RMSELoss,2026-07-27 17:32:36,103/200,2026-07-28 00:45:16,0.011606,0.065328,False,0.00000313,252.37,58260749,8,42
ModelCNN_fvs_std0.02_90k_RMSELoss_20260727_173236,ModelCNN_fvs_std0.02_90k_RMSELoss,RMSELoss,2026-07-27 17:32:36,104/200,2026-07-28 00:49:25,0.011496,0.065382,False,0.00000313,249.21,58260749,8,42
ModelCNN_fvs_std0.02_90k_RMSELoss_20260727_173236,ModelCNN_fvs_std0.02_90k_RMSELoss,RMSELoss,2026-07-27 17:32:36,105/200,2026-07-28 00:53:34,0.011487,0.065427,False,0.00000313,249.62,58260749,8,42
ModelCNN_fvs_std0.02_90k_RMSELoss_20260727_173236,ModelCNN_fvs_std0.02_90k_RMSELoss,RMSELoss,2026-07-27 17:32:36,106/200,2026-07-28 00:57:45,0.011442,0.065551,False,0.00000313,250.10,58260749,8,42
ModelCNN_fvs_std0.05_90k_RMSELoss_20260730_175142,ModelCNN_fvs_std0.05_90k_RMSELoss,RMSELoss,2026-07-30 17:51:42,1/200,2026-07-30 17:55:49,0.112153,0.103067,True,0.00010000,245.28,58260749,8,42
ModelCNN_fvs_std0.05_90k_RMSELoss_20260730_175142,ModelCNN_fvs_std0.05_90k_RMSELoss,RMSELoss,2026-07-30 17:51:42,2/200,2026-07-30 18:00:12,0.097492,0.093774,True,0.00010000,253.57,58260749,8,42
ModelCNN_fvs_std0.05_90k_RMSELoss_20260730_175142,ModelCNN_fvs_std0.05_90k_RMSELoss,RMSELoss,2026-07-30 17:51:42,3/200,2026-07-30 18:04:38,0.091346,0.094055,False,0.00010000,256.05,58260749,8,42
ModelCNN_fvs_std0.05_90k_RMSELoss_20260730_175142,ModelCNN_fvs_std0.05_90k_RMSELoss,RMSELoss,2026-07-30 17:51:42,4/200,2026-07-30 18:08:53,0.086891,0.087363,True,0.00010000,254.58,58260749,8,42
ModelCNN_fvs_std0.05_90k_RMSELoss_20260730_175142,ModelCNN_fvs_std0.05_90k_RMSELoss,RMSELoss,2026-07-30 17:51:42,5/200,2026-07-30 18:13:18,0.083899,0.086150,True,0.00010000,255.17,58260749,8,42
ModelCNN_fvs_std0.05_90k_RMSELoss_20260730_175142,ModelCNN_fvs_std0.05_90k_RMSELoss,RMSELoss,2026-07-30 17:51:42,6/200,2026-07-30 18:17:43,0.080919,0.083569,True,0.00010000,254.96,58260749,8,42
ModelCNN_fvs_std0.05_90k_RMSELoss_20260730_175142,ModelCNN_fvs_std0.05_90k_RMSELoss,RMSELoss,2026-07-30 17:51:42,7/200,2026-07-30 18:22:09,0.078430,0.081379,True,0.00010000,256.62,58260749,8,42
ModelCNN_fvs_std0.05_90k_RMSELoss_20260730_175142,ModelCNN_fvs_std0.05_90k_RMSELoss,RMSELoss,2026-07-30 17:51:42,8/200,2026-07-30 18:26:34,0.076383,0.080548,True,0.00010000,255.43,58260749,8,42
ModelCNN_fvs_std0.05_90k_RMSELoss_20260730_175142,ModelCNN_fvs_std0.05_90k_RMSELoss,RMSELoss,2026-07-30 17:51:42,9/200,2026-07-30 18:31:01,0.074172,0.080740,False,0.00010000,257.15,58260749,8,42
ModelCNN_fvs_std0.05_90k_RMSELoss_20260730_175142,ModelCNN_fvs_std0.05_90k_RMSELoss,RMSELoss,2026-07-30 17:51:42,10/200,2026-07-30 18:35:11,0.072238,0.079614,True,0.00010000,249.45,58260749,8,42
ModelCNN_fvs_std0.05_90k_RMSELoss_20260730_175142,ModelCNN_fvs_std0.05_90k_RMSELoss,RMSELoss,2026-07-30 17:51:42,11/200,2026-07-30 18:39:30,0.070172,0.076764,True,0.00010000,249.64,58260749,8,42
ModelCNN_fvs_std0.05_90k_RMSELoss_20260730_175142,ModelCNN_fvs_std0.05_90k_RMSELoss,RMSELoss,2026-07-30 17:51:42,12/200,2026-07-30 18:43:49,0.068466,0.077789,False,0.00010000,248.91,58260749,8,42
ModelCNN_fvs_std0.05_90k_RMSELoss_20260730_175142,ModelCNN_fvs_std0.05_90k_RMSELoss,RMSELoss,2026-07-30 17:51:42,13/200,2026-07-30 18:47:58,0.066637,0.076206,True,0.00010000,248.71,58260749,8,42
ModelCNN_fvs_std0.05_90k_RMSELoss_20260730_175142,ModelCNN_fvs_std0.05_90k_RMSELoss,RMSELoss,2026-07-30 17:51:42,14/200,2026-07-30 18:52:18,0.065517,0.075395,True,0.00010000,250.24,58260749,8,42
ModelCNN_fvs_std0.05_90k_RMSELoss_20260730_175142,ModelCNN_fvs_std0.05_90k_RMSELoss,RMSELoss,2026-07-30 17:51:42,15/200,2026-07-30 18:56:36,0.063878,0.076984,False,0.00010000,248.79,58260749,8,42
ModelCNN_fvs_std0.05_90k_RMSELoss_20260730_175142,ModelCNN_fvs_std0.05_90k_RMSELoss,RMSELoss,2026-07-30 17:51:42,16/200,2026-07-30 19:00:46,0.062364,0.075052,True,0.00010000,249.75,58260749,8,42
ModelCNN_fvs_std0.05_90k_RMSELoss_20260730_175142,ModelCNN_fvs_std0.05_90k_RMSELoss,RMSELoss,2026-07-30 17:51:42,17/200,2026-07-30 19:05:06,0.061239,0.075488,False,0.00010000,250.10,58260749,8,42
ModelCNN_fvs_std0.05_90k_RMSELoss_20260730_175142,ModelCNN_fvs_std0.05_90k_RMSELoss,RMSELoss,2026-07-30 17:51:42,18/200,2026-07-30 19:09:15,0.059794,0.074306,True,0.00010000,248.71,58260749,8,42
ModelCNN_fvs_std0.05_90k_RMSELoss_20260730_175142,ModelCNN_fvs_std0.05_90k_RMSELoss,RMSELoss,2026-07-30 17:51:42,19/200,2026-07-30 19:13:39,0.058741,0.074761,False,0.00010000,254.87,58260749,8,42
ModelCNN_fvs_std0.05_90k_RMSELoss_20260730_175142,ModelCNN_fvs_std0.05_90k_RMSELoss,RMSELoss,2026-07-30 17:51:42,20/200,2026-07-30 19:17:48,0.057654,0.073377,True,0.00005000,249.00,58260749,8,42
ModelCNN_fvs_std0.05_90k_RMSELoss_20260730_175142,ModelCNN_fvs_std0.05_90k_RMSELoss,RMSELoss,2026-07-30 17:51:42,21/200,2026-07-30 19:22:09,0.051988,0.071188,True,0.00005000,250.51,58260749,8,42
ModelCNN_fvs_std0.05_90k_RMSELoss_20260730_175142,ModelCNN_fvs_std0.05_90k_RMSELoss,RMSELoss,2026-07-30 17:51:42,22/200,2026-07-30 19:26:27,0.049370,0.070839,True,0.00005000,248.41,58260749,8,42
ModelCNN_fvs_std0.05_90k_RMSELoss_20260730_175142,ModelCNN_fvs_std0.05_90k_RMSELoss,RMSELoss,2026-07-30 17:51:42,23/200,2026-07-30 19:30:47,0.047938,0.070313,True,0.00005000,249.97,58260749,8,42
ModelCNN_fvs_std0.05_90k_RMSELoss_20260730_175142,ModelCNN_fvs_std0.05_90k_RMSELoss,RMSELoss,2026-07-30 17:51:42,24/200,2026-07-30 19:35:06,0.046687,0.071406,False,0.00005000,249.50,58260749,8,42
ModelCNN_fvs_std0.05_90k_RMSELoss_20260730_175142,ModelCNN_fvs_std0.05_90k_RMSELoss,RMSELoss,2026-07-30 17:51:42,25/200,2026-07-30 19:39:14,0.045794,0.071163,False,0.00005000,248.33,58260749,8,42
ModelCNN_fvs_std0.05_90k_RMSELoss_20260730_175142,ModelCNN_fvs_std0.05_90k_RMSELoss,RMSELoss,2026-07-30 17:51:42,26/200,2026-07-30 19:43:24,0.044792,0.071537,False,0.00005000,249.05,58260749,8,42
ModelCNN_fvs_std0.05_90k_RMSELoss_20260730_175142,ModelCNN_fvs_std0.05_90k_RMSELoss,RMSELoss,2026-07-30 17:51:42,27/200,2026-07-30 19:47:32,0.043958,0.070612,False,0.00005000,248.48,58260749,8,42
ModelCNN_fvs_std0.05_90k_RMSELoss_20260730_175142,ModelCNN_fvs_std0.05_90k_RMSELoss,RMSELoss,2026-07-30 17:51:42,28/200,2026-07-30 19:51:41,0.043153,0.070981,False,0.00005000,249.14,58260749,8,42
ModelCNN_fvs_std0.05_90k_RMSELoss_20260730_175142,ModelCNN_fvs_std0.05_90k_RMSELoss,RMSELoss,2026-07-30 17:51:42,29/200,2026-07-30 19:55:51,0.042412,0.070710,False,0.00005000,250.02,58260749,8,42
ModelCNN_fvs_std0.05_90k_RMSELoss_20260730_175142,ModelCNN_fvs_std0.05_90k_RMSELoss,RMSELoss,2026-07-30 17:51:42,30/200,2026-07-30 20:00:02,0.041778,0.070200,True,0.00005000,250.40,58260749,8,42
ModelCNN_fvs_std0.05_90k_RMSELoss_20260730_175142,ModelCNN_fvs_std0.05_90k_RMSELoss,RMSELoss,2026-07-30 17:51:42,31/200,2026-07-30 20:04:22,0.040907,0.070829,False,0.00005000,250.34,58260749,8,42
ModelCNN_fvs_std0.05_90k_RMSELoss_20260730_175142,ModelCNN_fvs_std0.05_90k_RMSELoss,RMSELoss,2026-07-30 17:51:42,32/200,2026-07-30 20:08:32,0.040305,0.070556,False,0.00005000,249.78,58260749,8,42
ModelCNN_fvs_std0.05_90k_RMSELoss_20260730_175142,ModelCNN_fvs_std0.05_90k_RMSELoss,RMSELoss,2026-07-30 17:51:42,33/200,2026-07-30 20:12:42,0.039725,0.071015,False,0.00005000,250.19,58260749,8,42
ModelCNN_fvs_std0.05_90k_RMSELoss_20260730_175142,ModelCNN_fvs_std0.05_90k_RMSELoss,RMSELoss,2026-07-30 17:51:42,34/200,2026-07-30 20:16:51,0.039024,0.070725,False,0.00005000,249.19,58260749,8,42
ModelCNN_fvs_std0.05_90k_RMSELoss_20260730_175142,ModelCNN_fvs_std0.05_90k_RMSELoss,RMSELoss,2026-07-30 17:51:42,35/200,2026-07-30 20:21:03,0.038518,0.070476,False,0.00005000,252.44,58260749,8,42
ModelCNN_fvs_std0.05_90k_RMSELoss_20260730_175142,ModelCNN_fvs_std0.05_90k_RMSELoss,RMSELoss,2026-07-30 17:51:42,36/200,2026-07-30 20:25:12,0.037908,0.070874,False,0.00005000,248.85,58260749,8,42
ModelCNN_fvs_std0.05_90k_RMSELoss_20260730_175142,ModelCNN_fvs_std0.05_90k_RMSELoss,RMSELoss,2026-07-30 17:51:42,37/200,2026-07-30 20:29:22,0.037407,0.070756,False,0.00005000,249.51,58260749,8,42
ModelCNN_fvs_std0.05_90k_RMSELoss_20260730_175142,ModelCNN_fvs_std0.05_90k_RMSELoss,RMSELoss,2026-07-30 17:51:42,38/200,2026-07-30 20:33:32,0.036907,0.070184,True,0.00005000,250.06,58260749,8,42
ModelCNN_fvs_std0.05_90k_RMSELoss_20260730_175142,ModelCNN_fvs_std0.05_90k_RMSELoss,RMSELoss,2026-07-30 17:51:42,39/200,2026-07-30 20:37:51,0.036302,0.070403,False,0.00005000,249.89,58260749,8,42
ModelCNN_fvs_std0.05_90k_RMSELoss_20260730_175142,ModelCNN_fvs_std0.05_90k_RMSELoss,RMSELoss,2026-07-30 17:51:42,40/200,2026-07-30 20:42:02,0.035871,0.069940,True,0.00002500,250.80,58260749,8,42
ModelCNN_fvs_std0.05_90k_RMSELoss_20260730_175142,ModelCNN_fvs_std0.05_90k_RMSELoss,RMSELoss,2026-07-30 17:51:42,41/200,2026-07-30 20:46:21,0.032929,0.069158,True,0.00002500,248.96,58260749,8,42
ModelCNN_fvs_std0.05_90k_RMSELoss_20260730_175142,ModelCNN_fvs_std0.05_90k_RMSELoss,RMSELoss,2026-07-30 17:51:42,42/200,2026-07-30 20:50:40,0.031210,0.069170,False,0.00002500,248.81,58260749,8,42
ModelCNN_fvs_std0.05_90k_RMSELoss_20260730_175142,ModelCNN_fvs_std0.05_90k_RMSELoss,RMSELoss,2026-07-30 17:51:42,43/200,2026-07-30 20:54:49,0.030519,0.069425,False,0.00002500,249.02,58260749,8,42
ModelCNN_fvs_std0.05_90k_RMSELoss_20260730_175142,ModelCNN_fvs_std0.05_90k_RMSELoss,RMSELoss,2026-07-30 17:51:42,44/200,2026-07-30 20:58:57,0.029940,0.069476,False,0.00002500,248.19,58260749,8,42
ModelCNN_fvs_std0.05_90k_RMSELoss_20260730_175142,ModelCNN_fvs_std0.05_90k_RMSELoss,RMSELoss,2026-07-30 17:51:42,45/200,2026-07-30 21:03:07,0.029494,0.069404,False,0.00002500,249.69,58260749,8,42
ModelCNN_fvs_std0.05_90k_RMSELoss_20260730_175142,ModelCNN_fvs_std0.05_90k_RMSELoss,RMSELoss,2026-07-30 17:51:42,46/200,2026-07-30 21:07:17,0.029132,0.069111,True,0.00002500,250.09,58260749,8,42
ModelCNN_fvs_std0.05_90k_RMSELoss_20260730_175142,ModelCNN_fvs_std0.05_90k_RMSELoss,RMSELoss,2026-07-30 17:51:42,47/200,2026-07-30 21:11:35,0.028752,0.069193,False,0.00002500,248.82,58260749,8,42
ModelCNN_fvs_std0.05_90k_RMSELoss_20260730_175142,ModelCNN_fvs_std0.05_90k_RMSELoss,RMSELoss,2026-07-30 17:51:42,48/200,2026-07-30 21:15:44,0.028346,0.069035,True,0.00002500,248.45,58260749,8,42
ModelCNN_fvs_std0.05_90k_RMSELoss_20260730_175142,ModelCNN_fvs_std0.05_90k_RMSELoss,RMSELoss,2026-07-30 17:51:42,49/200,2026-07-30 21:20:04,0.028007,0.069421,False,0.00002500,250.37,58260749,8,42
ModelCNN_fvs_std0.05_90k_RMSELoss_20260730_175142,ModelCNN_fvs_std0.05_90k_RMSELoss,RMSELoss,2026-07-30 17:51:42,50/200,2026-07-30 21:24:14,0.027690,0.069540,False,0.00002500,249.66,58260749,8,42
ModelCNN_fvs_std0.05_90k_RMSELoss_20260730_175142,ModelCNN_fvs_std0.05_90k_RMSELoss,RMSELoss,2026-07-30 17:51:42,51/200,2026-07-30 21:28:22,0.027370,0.069576,False,0.00002500,247.92,58260749,8,42
ModelCNN_fvs_std0.05_90k_RMSELoss_20260730_175142,ModelCNN_fvs_std0.05_90k_RMSELoss,RMSELoss,2026-07-30 17:51:42,52/200,2026-07-30 21:32:31,0.027119,0.069490,False,0.00002500,249.72,58260749,8,42
ModelCNN_fvs_std0.05_90k_RMSELoss_20260730_175142,ModelCNN_fvs_std0.05_90k_RMSELoss,RMSELoss,2026-07-30 17:51:42,53/200,2026-07-30 21:36:41,0.026779,0.069167,False,0.00002500,249.72,58260749,8,42
ModelCNN_fvs_std0.05_90k_RMSELoss_20260730_175142,ModelCNN_fvs_std0.05_90k_RMSELoss,RMSELoss,2026-07-30 17:51:42,54/200,2026-07-30 21:40:51,0.026602,0.069217,False,0.00002500,250.43,58260749,8,42
ModelCNN_fvs_std0.05_90k_RMSELoss_20260730_175142,ModelCNN_fvs_std0.05_90k_RMSELoss,RMSELoss,2026-07-30 17:51:42,55/200,2026-07-30 21:45:00,0.026365,0.069112,False,0.00002500,248.61,58260749,8,42
ModelCNN_fvs_std0.05_90k_RMSELoss_20260730_175142,ModelCNN_fvs_std0.05_90k_RMSELoss,RMSELoss,2026-07-30 17:51:42,56/200,2026-07-30 21:49:10,0.026041,0.069248,False,0.00002500,249.98,58260749,8,42
ModelCNN_fvs_std0.05_90k_RMSELoss_20260730_175142,ModelCNN_fvs_std0.05_90k_RMSELoss,RMSELoss,2026-07-30 17:51:42,57/200,2026-07-30 21:53:21,0.025819,0.068929,True,0.00002500,250.60,58260749,8,42
ModelCNN_fvs_std0.05_90k_RMSELoss_20260730_175142,ModelCNN_fvs_std0.05_90k_RMSELoss,RMSELoss,2026-07-30 17:51:42,58/200,2026-07-30 21:57:40,0.025534,0.069131,False,0.00002500,249.58,58260749,8,42
ModelCNN_fvs_std0.05_90k_RMSELoss_20260730_175142,ModelCNN_fvs_std0.05_90k_RMSELoss,RMSELoss,2026-07-30 17:51:42,59/200,2026-07-30 22:01:50,0.025327,0.069039,False,0.00002500,249.57,58260749,8,42
ModelCNN_fvs_std0.05_90k_RMSELoss_20260730_175142,ModelCNN_fvs_std0.05_90k_RMSELoss,RMSELoss,2026-07-30 17:51:42,60/200,2026-07-30 22:05:59,0.025077,0.069537,False,0.00001250,249.63,58260749,8,42
ModelCNN_fvs_std0.05_90k_RMSELoss_20260730_175142,ModelCNN_fvs_std0.05_90k_RMSELoss,RMSELoss,2026-07-30 17:51:42,61/200,2026-07-30 22:10:09,0.023606,0.069180,False,0.00001250,249.85,58260749,8,42
ModelCNN_fvs_std0.05_90k_RMSELoss_20260730_175142,ModelCNN_fvs_std0.05_90k_RMSELoss,RMSELoss,2026-07-30 17:51:42,62/200,2026-07-30 22:14:19,0.022986,0.068927,True,0.00001250,250.06,58260749,8,42
ModelCNN_fvs_std0.05_90k_RMSELoss_20260730_175142,ModelCNN_fvs_std0.05_90k_RMSELoss,RMSELoss,2026-07-30 17:51:42,63/200,2026-07-30 22:18:42,0.022579,0.069122,False,0.00001250,252.83,58260749,8,42
ModelCNN_fvs_std0.05_90k_RMSELoss_20260730_175142,ModelCNN_fvs_std0.05_90k_RMSELoss,RMSELoss,2026-07-30 17:51:42,64/200,2026-07-30 22:22:41,0.022355,0.069212,False,0.00001250,239.46,58260749,8,42
ModelCNN_fvs_std0.05_90k_RMSELoss_20260730_175142,ModelCNN_fvs_std0.05_90k_RMSELoss,RMSELoss,2026-07-30 17:51:42,65/200,2026-07-30 22:26:39,0.022132,0.069048,False,0.00001250,237.84,58260749,8,42
ModelCNN_fvs_std0.05_90k_RMSELoss_20260730_175142,ModelCNN_fvs_std0.05_90k_RMSELoss,RMSELoss,2026-07-30 17:51:42,66/200,2026-07-30 22:30:47,0.022006,0.068956,False,0.00001250,247.42,58260749,8,42
ModelCNN_fvs_std0.05_90k_RMSELoss_20260730_175142,ModelCNN_fvs_std0.05_90k_RMSELoss,RMSELoss,2026-07-30 17:51:42,67/200,2026-07-30 22:34:57,0.021914,0.069429,False,0.00001250,249.99,58260749,8,42
ModelCNN_fvs_std0.05_90k_RMSELoss_20260730_175142,ModelCNN_fvs_std0.05_90k_RMSELoss,RMSELoss,2026-07-30 17:51:42,68/200,2026-07-30 22:39:04,0.021623,0.068967,False,0.00001250,247.44,58260749,8,42
ModelCNN_fvs_std0.05_90k_RMSELoss_20260730_175142,ModelCNN_fvs_std0.05_90k_RMSELoss,RMSELoss,2026-07-30 17:51:42,69/200,2026-07-30 22:43:12,0.021439,0.068883,True,0.00001250,248.51,58260749,8,42
ModelCNN_fvs_std0.05_90k_RMSELoss_20260730_175142,ModelCNN_fvs_std0.05_90k_RMSELoss,RMSELoss,2026-07-30 17:51:42,70/200,2026-07-30 22:47:30,0.021317,0.068753,True,0.00001250,247.71,58260749,8,42
ModelCNN_fvs_std0.05_90k_RMSELoss_20260730_175142,ModelCNN_fvs_std0.05_90k_RMSELoss,RMSELoss,2026-07-30 17:51:42,71/200,2026-07-30 22:51:57,0.021139,0.068889,False,0.00001250,256.51,58260749,8,42
ModelCNN_fvs_std0.05_90k_RMSELoss_20260730_175142,ModelCNN_fvs_std0.05_90k_RMSELoss,RMSELoss,2026-07-30 17:51:42,72/200,2026-07-30 22:56:13,0.021050,0.069060,False,0.00001250,255.75,58260749,8,42
ModelCNN_fvs_std0.05_90k_RMSELoss_20260730_175142,ModelCNN_fvs_std0.05_90k_RMSELoss,RMSELoss,2026-07-30 17:51:42,73/200,2026-07-30 23:00:31,0.020953,0.069282,False,0.00001250,258.92,58260749,8,42
ModelCNN_fvs_std0.05_90k_RMSELoss_20260730_175142,ModelCNN_fvs_std0.05_90k_RMSELoss,RMSELoss,2026-07-30 17:51:42,74/200,2026-07-30 23:04:50,0.020721,0.069252,False,0.00001250,258.11,58260749,8,42
ModelCNN_fvs_std0.05_90k_RMSELoss_20260730_175142,ModelCNN_fvs_std0.05_90k_RMSELoss,RMSELoss,2026-07-30 17:51:42,75/200,2026-07-30 23:09:08,0.020650,0.069065,False,0.00001250,258.04,58260749,8,42
ModelCNN_fvs_std0.05_90k_RMSELoss_20260730_175142,ModelCNN_fvs_std0.05_90k_RMSELoss,RMSELoss,2026-07-30 17:51:42,76/200,2026-07-30 23:13:25,0.020464,0.069228,False,0.00001250,257.52,58260749,8,42
ModelCNN_fvs_std0.05_90k_RMSELoss_20260730_175142,ModelCNN_fvs_std0.05_90k_RMSELoss,RMSELoss,2026-07-30 17:51:42,77/200,2026-07-30 23:17:42,0.020332,0.069002,False,0.00001250,257.14,58260749,8,42
ModelCNN_fvs_std0.05_90k_RMSELoss_20260730_175142,ModelCNN_fvs_std0.05_90k_RMSELoss,RMSELoss,2026-07-30 17:51:42,78/200,2026-07-30 23:21:58,0.020280,0.069192,False,0.00001250,255.59,58260749,8,42
ModelCNN_fvs_std0.05_90k_RMSELoss_20260730_175142,ModelCNN_fvs_std0.05_90k_RMSELoss,RMSELoss,2026-07-30 17:51:42,79/200,2026-07-30 23:26:13,0.020147,0.068949,False,0.00001250,254.82,58260749,8,42
ModelCNN_fvs_std0.05_90k_RMSELoss_20260730_175142,ModelCNN_fvs_std0.05_90k_RMSELoss,RMSELoss,2026-07-30 17:51:42,80/200,2026-07-30 23:30:29,0.020037,0.068958,False,0.00000625,256.03,58260749,8,42
ModelCNN_fvs_std0.05_90k_RMSELoss_20260730_175142,ModelCNN_fvs_std0.05_90k_RMSELoss,RMSELoss,2026-07-30 17:51:42,81/200,2026-07-30 23:34:45,0.019353,0.069060,False,0.00000625,255.89,58260749,8,42
ModelCNN_fvs_std0.05_90k_RMSELoss_20260730_175142,ModelCNN_fvs_std0.05_90k_RMSELoss,RMSELoss,2026-07-30 17:51:42,82/200,2026-07-30 23:39:05,0.019026,0.069118,False,0.00000625,260.18,58260749,8,42
ModelCNN_fvs_std0.05_90k_RMSELoss_20260730_175142,ModelCNN_fvs_std0.05_90k_RMSELoss,RMSELoss,2026-07-30 17:51:42,83/200,2026-07-30 23:43:21,0.018874,0.069075,False,0.00000625,256.63,58260749,8,42
ModelCNN_fvs_std0.05_90k_RMSELoss_20260730_175142,ModelCNN_fvs_std0.05_90k_RMSELoss,RMSELoss,2026-07-30 17:51:42,84/200,2026-07-30 23:47:37,0.018779,0.068951,False,0.00000625,255.96,58260749,8,42
ModelCNN_fvs_std0.05_90k_RMSELoss_20260730_175142,ModelCNN_fvs_std0.05_90k_RMSELoss,RMSELoss,2026-07-30 17:51:42,85/200,2026-07-30 23:51:52,0.018723,0.068980,False,0.00000625,255.03,58260749,8,42
ModelCNN_fvs_std0.05_90k_RMSELoss_20260730_175142,ModelCNN_fvs_std0.05_90k_RMSELoss,RMSELoss,2026-07-30 17:51:42,86/200,2026-07-30 23:56:10,0.018510,0.069043,False,0.00000625,257.36,58260749,8,42
ModelCNN_fvs_std0.05_90k_RMSELoss_20260730_175142,ModelCNN_fvs_std0.05_90k_RMSELoss,RMSELoss,2026-07-30 17:51:42,87/200,2026-07-31 00:00:24,0.018463,0.069080,False,0.00000625,254.50,58260749,8,42
ModelCNN_fvs_std0.05_90k_RMSELoss_20260730_175142,ModelCNN_fvs_std0.05_90k_RMSELoss,RMSELoss,2026-07-30 17:51:42,88/200,2026-07-31 00:04:43,0.018335,0.068947,False,0.00000625,258.34,58260749,8,42
ModelCNN_fvs_std0.05_90k_RMSELoss_20260730_175142,ModelCNN_fvs_std0.05_90k_RMSELoss,RMSELoss,2026-07-30 17:51:42,89/200,2026-07-31 00:08:58,0.018328,0.068952,False,0.00000625,255.11,58260749,8,42
ModelCNN_fvs_std0.05_90k_RMSELoss_20260730_175142,ModelCNN_fvs_std0.05_90k_RMSELoss,RMSELoss,2026-07-30 17:51:42,90/200,2026-07-31 00:13:15,0.018195,0.069081,False,0.00000625,257.28,58260749,8,42
ModelCNN_fvs_std0.05_90k_RMSELoss_20260730_175142,ModelCNN_fvs_std0.05_90k_RMSELoss,RMSELoss,2026-07-30 17:51:42,91/200,2026-07-31 00:17:30,0.018196,0.069004,False,0.00000625,255.25,58260749,8,42
ModelCNN_fvs_std0.05_90k_RMSELoss_20260730_175142,ModelCNN_fvs_std0.05_90k_RMSELoss,RMSELoss,2026-07-30 17:51:42,92/200,2026-07-31 00:21:48,0.018113,0.069153,False,0.00000625,257.95,58260749,8,42
ModelCNN_fvs_std0.05_90k_RMSELoss_20260730_175142,ModelCNN_fvs_std0.05_90k_RMSELoss,RMSELoss,2026-07-30 17:51:42,93/200,2026-07-31 00:26:04,0.018047,0.069033,False,0.00000625,255.74,58260749,8,42
ModelCNN_fvs_std0.05_90k_RMSELoss_20260730_175142,ModelCNN_fvs_std0.05_90k_RMSELoss,RMSELoss,2026-07-30 17:51:42,94/200,2026-07-31 00:30:21,0.017969,0.068951,False,0.00000625,256.55,58260749,8,42
ModelCNN_fvs_std0.05_90k_RMSELoss_20260730_175142,ModelCNN_fvs_std0.05_90k_RMSELoss,RMSELoss,2026-07-30 17:51:42,95/200,2026-07-31 00:34:36,0.017925,0.069148,False,0.00000625,255.60,58260749,8,42
ModelCNN_fvs_std0.05_90k_RMSELoss_20260730_175142,ModelCNN_fvs_std0.05_90k_RMSELoss,RMSELoss,2026-07-30 17:51:42,96/200,2026-07-31 00:38:52,0.017833,0.068998,False,0.00000625,255.80,58260749,8,42
ModelCNN_fvs_std0.05_90k_RMSELoss_20260730_175142,ModelCNN_fvs_std0.05_90k_RMSELoss,RMSELoss,2026-07-30 17:51:42,97/200,2026-07-31 00:43:10,0.017788,0.069053,False,0.00000625,258.00,58260749,8,42
ModelCNN_fvs_std0.05_90k_RMSELoss_20260730_175142,ModelCNN_fvs_std0.05_90k_RMSELoss,RMSELoss,2026-07-30 17:51:42,98/200,2026-07-31 00:47:24,0.017712,0.069162,False,0.00000625,254.13,58260749,8,42
ModelCNN_fvs_std0.05_90k_RMSELoss_20260730_175142,ModelCNN_fvs_std0.05_90k_RMSELoss,RMSELoss,2026-07-30 17:51:42,99/200,2026-07-31 00:51:40,0.017676,0.069146,False,0.00000625,256.20,58260749,8,42
ModelCNN_fvs_std0.05_90k_RMSELoss_20260730_175142,ModelCNN_fvs_std0.05_90k_RMSELoss,RMSELoss,2026-07-30 17:51:42,100/200,2026-07-31 00:55:55,0.017628,0.069024,False,0.00000313,254.23,58260749,8,42
ModelCNN_fvs_std0.05_90k_RMSELoss_20260730_175142,ModelCNN_fvs_std0.05_90k_RMSELoss,RMSELoss,2026-07-30 17:51:42,101/200,2026-07-31 01:00:10,0.017246,0.069027,False,0.00000313,255.49,58260749,8,42
ModelCNN_fvs_std0.05_90k_RMSELoss_20260730_175142,ModelCNN_fvs_std0.05_90k_RMSELoss,RMSELoss,2026-07-30 17:51:42,102/200,2026-07-31 01:04:27,0.017143,0.069145,False,0.00000313,256.65,58260749,8,42
ModelCNN_fvs_std0.05_90k_RMSELoss_20260730_175142,ModelCNN_fvs_std0.05_90k_RMSELoss,RMSELoss,2026-07-30 17:51:42,103/200,2026-07-31 01:08:43,0.017112,0.069225,False,0.00000313,256.18,58260749,8,42
ModelCNN_fvs_std0.05_90k_RMSELoss_20260730_175142,ModelCNN_fvs_std0.05_90k_RMSELoss,RMSELoss,2026-07-30 17:51:42,104/200,2026-07-31 01:12:59,0.017030,0.068985,False,0.00000313,255.60,58260749,8,42
ModelCNN_fvs_std0.05_90k_RMSELoss_20260730_175142,ModelCNN_fvs_std0.05_90k_RMSELoss,RMSELoss,2026-07-30 17:51:42,105/200,2026-07-31 01:17:15,0.016942,0.069010,False,0.00000313,256.27,58260749,8,42
ModelCNN_fvs_std0.05_90k_RMSELoss_20260730_175142,ModelCNN_fvs_std0.05_90k_RMSELoss,RMSELoss,2026-07-30 17:51:42,106/200,2026-07-31 01:21:28,0.016891,0.069104,False,0.00000313,253.32,58260749,8,42
ModelCNN_fvs_std0.05_90k_RMSELoss_20260730_175142,ModelCNN_fvs_std0.05_90k_RMSELoss,RMSELoss,2026-07-30 17:51:42,107/200,2026-07-31 01:25:48,0.016880,0.069188,False,0.00000313,259.56,58260749,8,42
ModelCNN_fvs_std0.05_90k_RMSELoss_20260730_175142,ModelCNN_fvs_std0.05_90k_RMSELoss,RMSELoss,2026-07-30 17:51:42,108/200,2026-07-31 01:30:04,0.016790,0.069073,False,0.00000313,256.33,58260749,8,42
ModelCNN_fvs_std0.05_90k_RMSELoss_20260730_175142,ModelCNN_fvs_std0.05_90k_RMSELoss,RMSELoss,2026-07-30 17:51:42,109/200,2026-07-31 01:34:19,0.016756,0.069128,False,0.00000313,255.33,58260749,8,42
ModelCNN_fvs_std0.05_90k_RMSELoss_20260730_175142,ModelCNN_fvs_std0.05_90k_RMSELoss,RMSELoss,2026-07-30 17:51:42,110/200,2026-07-31 01:38:35,0.016787,0.068950,False,0.00000313,255.43,58260749,8,42
ModelCNN_fvs_std0.05_90k_RMSELoss_20260730_175142,ModelCNN_fvs_std0.05_90k_RMSELoss,RMSELoss,2026-07-30 17:51:42,111/200,2026-07-31 01:42:52,0.016706,0.069150,False,0.00000313,256.75,58260749,8,42
ModelCNN_fvs_std0.05_90k_RMSELoss_20260730_175142,ModelCNN_fvs_std0.05_90k_RMSELoss,RMSELoss,2026-07-30 17:51:42,112/200,2026-07-31 01:47:08,0.016704,0.069206,False,0.00000313,256.09,58260749,8,42
ModelCNN_fvs_std0.05_90k_RMSELoss_20260730_175142,ModelCNN_fvs_std0.05_90k_RMSELoss,RMSELoss,2026-07-30 17:51:42,113/200,2026-07-31 01:51:23,0.016611,0.069144,False,0.00000313,255.19,58260749,8,42
ModelCNN_fvs_std0.05_90k_RMSELoss_20260730_175142,ModelCNN_fvs_std0.05_90k_RMSELoss,RMSELoss,2026-07-30 17:51:42,114/200,2026-07-31 01:55:39,0.016624,0.069035,False,0.00000313,256.18,58260749,8,42
ModelCNN_fvs_std0.05_90k_RMSELoss_20260730_175142,ModelCNN_fvs_std0.05_90k_RMSELoss,RMSELoss,2026-07-30 17:51:42,115/200,2026-07-31 01:59:55,0.016540,0.069274,False,0.00000313,255.86,58260749,8,42
ModelCNN_fvs_std0.08_90k_RMSELoss_20260805_125228,ModelCNN_fvs_std0.08_90k_RMSELoss,RMSELoss,2026-08-05 12:52:28,1/200,2026-08-05 12:56:40,0.112189,0.109264,True,0.00010000,250.32,58260749,8,42
ModelCNN_fvs_std0.08_90k_RMSELoss_20260805_125228,ModelCNN_fvs_std0.08_90k_RMSELoss,RMSELoss,2026-08-05 12:52:28,2/200,2026-08-05 13:01:01,0.097793,0.099207,True,0.00010000,251.45,58260749,8,42
ModelCNN_fvs_std0.08_90k_RMSELoss_20260805_125228,ModelCNN_fvs_std0.08_90k_RMSELoss,RMSELoss,2026-08-05 12:52:28,3/200,2026-08-05 13:05:21,0.091740,0.097230,True,0.00010000,250.53,58260749,8,42
ModelCNN_fvs_std0.08_90k_RMSELoss_20260805_125228,ModelCNN_fvs_std0.08_90k_RMSELoss,RMSELoss,2026-08-05 12:52:28,4/200,2026-08-05 13:09:44,0.087612,0.092829,True,0.00010000,252.51,58260749,8,42
ModelCNN_fvs_std0.08_90k_RMSELoss_20260805_125228,ModelCNN_fvs_std0.08_90k_RMSELoss,RMSELoss,2026-08-05 12:52:28,5/200,2026-08-05 13:14:05,0.084904,0.103254,False,0.00010000,251.00,58260749,8,42
ModelCNN_fvs_std0.08_90k_RMSELoss_20260805_125228,ModelCNN_fvs_std0.08_90k_RMSELoss,RMSELoss,2026-08-05 12:52:28,6/200,2026-08-05 13:18:15,0.082318,0.090032,True,0.00010000,250.06,58260749,8,42
ModelCNN_fvs_std0.08_90k_RMSELoss_20260805_125228,ModelCNN_fvs_std0.08_90k_RMSELoss,RMSELoss,2026-08-05 12:52:28,7/200,2026-08-05 13:22:35,0.080217,0.086130,True,0.00010000,250.57,58260749,8,42
ModelCNN_fvs_std0.08_90k_RMSELoss_20260805_125228,ModelCNN_fvs_std0.08_90k_RMSELoss,RMSELoss,2026-08-05 12:52:28,8/200,2026-08-05 13:26:57,0.078281,0.096846,False,0.00010000,251.89,58260749,8,42
ModelCNN_fvs_std0.08_90k_RMSELoss_20260805_125228,ModelCNN_fvs_std0.08_90k_RMSELoss,RMSELoss,2026-08-05 12:52:28,9/200,2026-08-05 13:31:06,0.076403,0.089874,False,0.00010000,248.76,58260749,8,42
ModelCNN_fvs_std0.08_90k_RMSELoss_20260805_125228,ModelCNN_fvs_std0.08_90k_RMSELoss,RMSELoss,2026-08-05 12:52:28,10/200,2026-08-05 13:35:15,0.074641,0.086649,False,0.00010000,248.92,58260749,8,42
ModelCNN_fvs_std0.08_90k_RMSELoss_20260805_125228,ModelCNN_fvs_std0.08_90k_RMSELoss,RMSELoss,2026-08-05 12:52:28,11/200,2026-08-05 13:39:24,0.072705,0.085468,True,0.00010000,249.69,58260749,8,42
ModelCNN_fvs_std0.08_90k_RMSELoss_20260805_125228,ModelCNN_fvs_std0.08_90k_RMSELoss,RMSELoss,2026-08-05 12:52:28,12/200,2026-08-05 13:43:43,0.071199,0.087471,False,0.00010000,249.16,58260749,8,42
ModelCNN_fvs_std0.08_90k_RMSELoss_20260805_125228,ModelCNN_fvs_std0.08_90k_RMSELoss,RMSELoss,2026-08-05 12:52:28,13/200,2026-08-05 13:47:53,0.069586,0.087188,False,0.00010000,249.63,58260749,8,42
ModelCNN_fvs_std0.08_90k_RMSELoss_20260805_125228,ModelCNN_fvs_std0.08_90k_RMSELoss,RMSELoss,2026-08-05 12:52:28,14/200,2026-08-05 13:52:03,0.068324,0.080800,True,0.00010000,250.14,58260749,8,42
ModelCNN_fvs_std0.08_90k_RMSELoss_20260805_125228,ModelCNN_fvs_std0.08_90k_RMSELoss,RMSELoss,2026-08-05 12:52:28,15/200,2026-08-05 13:56:21,0.066974,0.087593,False,0.00010000,248.30,58260749,8,42
ModelCNN_fvs_std0.08_90k_RMSELoss_20260805_125228,ModelCNN_fvs_std0.08_90k_RMSELoss,RMSELoss,2026-08-05 12:52:28,16/200,2026-08-05 14:00:32,0.065642,0.078413,True,0.00010000,250.93,58260749,8,42
ModelCNN_fvs_std0.08_90k_RMSELoss_20260805_125228,ModelCNN_fvs_std0.08_90k_RMSELoss,RMSELoss,2026-08-05 12:52:28,17/200,2026-08-05 14:04:53,0.064617,0.093039,False,0.00010000,250.90,58260749,8,42
ModelCNN_fvs_std0.08_90k_RMSELoss_20260805_125228,ModelCNN_fvs_std0.08_90k_RMSELoss,RMSELoss,2026-08-05 12:52:28,18/200,2026-08-05 14:09:03,0.063334,0.079850,False,0.00010000,249.76,58260749,8,42
ModelCNN_fvs_std0.08_90k_RMSELoss_20260805_125228,ModelCNN_fvs_std0.08_90k_RMSELoss,RMSELoss,2026-08-05 12:52:28,19/200,2026-08-05 14:13:13,0.062259,0.083073,False,0.00010000,250.01,58260749,8,42
ModelCNN_fvs_std0.08_90k_RMSELoss_20260805_125228,ModelCNN_fvs_std0.08_90k_RMSELoss,RMSELoss,2026-08-05 12:52:28,20/200,2026-08-05 14:17:22,0.061171,0.086966,False,0.00005000,249.25,58260749,8,42
ModelCNN_fvs_std0.08_90k_RMSELoss_20260805_125228,ModelCNN_fvs_std0.08_90k_RMSELoss,RMSELoss,2026-08-05 12:52:28,21/200,2026-08-05 14:21:34,0.055829,0.080514,False,0.00005000,251.68,58260749,8,42
ModelCNN_fvs_std0.08_90k_RMSELoss_20260805_125228,ModelCNN_fvs_std0.08_90k_RMSELoss,RMSELoss,2026-08-05 12:52:28,22/200,2026-08-05 14:25:44,0.053465,0.075471,True,0.00005000,250.31,58260749,8,42
ModelCNN_fvs_std0.08_90k_RMSELoss_20260805_125228,ModelCNN_fvs_std0.08_90k_RMSELoss,RMSELoss,2026-08-05 12:52:28,23/200,2026-08-05 14:30:03,0.052105,0.079848,False,0.00005000,249.14,58260749,8,42
ModelCNN_fvs_std0.08_90k_RMSELoss_20260805_125228,ModelCNN_fvs_std0.08_90k_RMSELoss,RMSELoss,2026-08-05 12:52:28,24/200,2026-08-05 14:34:12,0.050965,0.077442,False,0.00005000,249.51,58260749,8,42
ModelCNN_fvs_std0.08_90k_RMSELoss_20260805_125228,ModelCNN_fvs_std0.08_90k_RMSELoss,RMSELoss,2026-08-05 12:52:28,25/200,2026-08-05 14:38:21,0.050056,0.078031,False,0.00005000,248.46,58260749,8,42
ModelCNN_fvs_std0.08_90k_RMSELoss_20260805_125228,ModelCNN_fvs_std0.08_90k_RMSELoss,RMSELoss,2026-08-05 12:52:28,26/200,2026-08-05 14:42:30,0.049186,0.079778,False,0.00005000,249.36,58260749,8,42
ModelCNN_fvs_std0.08_90k_RMSELoss_20260805_125228,ModelCNN_fvs_std0.08_90k_RMSELoss,RMSELoss,2026-08-05 12:52:28,27/200,2026-08-05 14:46:39,0.048382,0.077800,False,0.00005000,248.96,58260749,8,42
ModelCNN_fvs_std0.08_90k_RMSELoss_20260805_125228,ModelCNN_fvs_std0.08_90k_RMSELoss,RMSELoss,2026-08-05 12:52:28,28/200,2026-08-05 14:50:49,0.047626,0.077779,False,0.00005000,249.52,58260749,8,42
ModelCNN_fvs_std0.08_90k_RMSELoss_20260805_125228,ModelCNN_fvs_std0.08_90k_RMSELoss,RMSELoss,2026-08-05 12:52:28,29/200,2026-08-05 14:54:59,0.047007,0.078140,False,0.00005000,249.85,58260749,8,42
ModelCNN_fvs_std0.08_90k_RMSELoss_20260805_125228,ModelCNN_fvs_std0.08_90k_RMSELoss,RMSELoss,2026-08-05 12:52:28,30/200,2026-08-05 14:59:08,0.046271,0.079631,False,0.00005000,249.39,58260749,8,42
ModelCNN_fvs_std0.08_90k_RMSELoss_20260805_125228,ModelCNN_fvs_std0.08_90k_RMSELoss,RMSELoss,2026-08-05 12:52:28,31/200,2026-08-05 15:03:17,0.045587,0.080974,False,0.00005000,248.76,58260749,8,42
ModelCNN_fvs_std0.08_90k_RMSELoss_20260805_125228,ModelCNN_fvs_std0.08_90k_RMSELoss,RMSELoss,2026-08-05 12:52:28,32/200,2026-08-05 15:07:26,0.045000,0.081597,False,0.00005000,249.25,58260749,8,42
ModelCNN_fvs_std0.08_90k_RMSELoss_20260805_125228,ModelCNN_fvs_std0.08_90k_RMSELoss,RMSELoss,2026-08-05 12:52:28,33/200,2026-08-05 15:11:35,0.044402,0.078673,False,0.00005000,249.23,58260749,8,42
ModelCNN_fvs_std0.08_90k_RMSELoss_20260805_125228,ModelCNN_fvs_std0.08_90k_RMSELoss,RMSELoss,2026-08-05 12:52:28,34/200,2026-08-05 15:15:44,0.043904,0.077489,False,0.00005000,249.09,58260749,8,42
ModelCNN_fvs_std0.08_90k_RMSELoss_20260805_125228,ModelCNN_fvs_std0.08_90k_RMSELoss,RMSELoss,2026-08-05 12:52:28,35/200,2026-08-05 15:19:54,0.043289,0.077711,False,0.00005000,249.78,58260749,8,42
ModelCNN_fvs_std0.08_90k_RMSELoss_20260805_125228,ModelCNN_fvs_std0.08_90k_RMSELoss,RMSELoss,2026-08-05 12:52:28,36/200,2026-08-05 15:24:03,0.042758,0.076770,False,0.00005000,248.92,58260749,8,42
ModelCNN_fvs_std0.08_90k_RMSELoss_20260805_125228,ModelCNN_fvs_std0.08_90k_RMSELoss,RMSELoss,2026-08-05 12:52:28,37/200,2026-08-05 15:28:14,0.042226,0.077605,False,0.00005000,251.51,58260749,8,42
ModelCNN_fvs_std0.08_90k_RMSELoss_20260805_125228,ModelCNN_fvs_std0.08_90k_RMSELoss,RMSELoss,2026-08-05 12:52:28,38/200,2026-08-05 15:32:24,0.041742,0.077958,False,0.00005000,249.58,58260749,8,42
ModelCNN_fvs_std0.08_90k_RMSELoss_20260805_125228,ModelCNN_fvs_std0.08_90k_RMSELoss,RMSELoss,2026-08-05 12:52:28,39/200,2026-08-05 15:36:33,0.041143,0.086539,False,0.00005000,248.75,58260749,8,42
ModelCNN_fvs_std0.08_90k_RMSELoss_20260805_125228,ModelCNN_fvs_std0.08_90k_RMSELoss,RMSELoss,2026-08-05 12:52:28,40/200,2026-08-05 15:40:41,0.040730,0.082738,False,0.00002500,248.66,58260749,8,42
ModelCNN_fvs_std0.08_90k_RMSELoss_20260805_125228,ModelCNN_fvs_std0.08_90k_RMSELoss,RMSELoss,2026-08-05 12:52:28,41/200,2026-08-05 15:44:52,0.037721,0.073891,True,0.00002500,250.20,58260749,8,42
ModelCNN_fvs_std0.08_90k_RMSELoss_20260805_125228,ModelCNN_fvs_std0.08_90k_RMSELoss,RMSELoss,2026-08-05 12:52:28,42/200,2026-08-05 15:49:11,0.036228,0.074739,False,0.00002500,249.49,58260749,8,42
ModelCNN_fvs_std0.08_90k_RMSELoss_20260805_125228,ModelCNN_fvs_std0.08_90k_RMSELoss,RMSELoss,2026-08-05 12:52:28,43/200,2026-08-05 15:53:21,0.035547,0.076475,False,0.00002500,249.59,58260749,8,42
ModelCNN_fvs_std0.08_90k_RMSELoss_20260805_125228,ModelCNN_fvs_std0.08_90k_RMSELoss,RMSELoss,2026-08-05 12:52:28,44/200,2026-08-05 15:57:30,0.035057,0.075579,False,0.00002500,249.29,58260749,8,42
ModelCNN_fvs_std0.08_90k_RMSELoss_20260805_125228,ModelCNN_fvs_std0.08_90k_RMSELoss,RMSELoss,2026-08-05 12:52:28,45/200,2026-08-05 16:01:39,0.034524,0.074061,False,0.00002500,248.93,58260749,8,42
ModelCNN_fvs_std0.08_90k_RMSELoss_20260805_125228,ModelCNN_fvs_std0.08_90k_RMSELoss,RMSELoss,2026-08-05 12:52:28,46/200,2026-08-05 16:05:48,0.034052,0.074446,False,0.00002500,249.36,58260749,8,42
ModelCNN_fvs_std0.08_90k_RMSELoss_20260805_125228,ModelCNN_fvs_std0.08_90k_RMSELoss,RMSELoss,2026-08-05 12:52:28,47/200,2026-08-05 16:09:59,0.033800,0.073634,True,0.00002500,250.18,58260749,8,42
ModelCNN_fvs_std0.08_90k_RMSELoss_20260805_125228,ModelCNN_fvs_std0.08_90k_RMSELoss,RMSELoss,2026-08-05 12:52:28,48/200,2026-08-05 16:14:17,0.033364,0.075323,False,0.00002500,248.75,58260749,8,42
ModelCNN_fvs_std0.08_90k_RMSELoss_20260805_125228,ModelCNN_fvs_std0.08_90k_RMSELoss,RMSELoss,2026-08-05 12:52:28,49/200,2026-08-05 16:18:27,0.033092,0.075416,False,0.00002500,249.82,58260749,8,42
ModelCNN_fvs_std0.08_90k_RMSELoss_20260805_125228,ModelCNN_fvs_std0.08_90k_RMSELoss,RMSELoss,2026-08-05 12:52:28,50/200,2026-08-05 16:22:36,0.032619,0.074719,False,0.00002500,249.33,58260749,8,42
ModelCNN_fvs_std0.08_90k_RMSELoss_20260805_125228,ModelCNN_fvs_std0.08_90k_RMSELoss,RMSELoss,2026-08-05 12:52:28,51/200,2026-08-05 16:26:46,0.032412,0.073330,True,0.00002500,249.54,58260749,8,42
ModelCNN_fvs_std0.08_90k_RMSELoss_20260805_125228,ModelCNN_fvs_std0.08_90k_RMSELoss,RMSELoss,2026-08-05 12:52:28,52/200,2026-08-05 16:31:05,0.032132,0.074250,False,0.00002500,249.75,58260749,8,42
ModelCNN_fvs_std0.08_90k_RMSELoss_20260805_125228,ModelCNN_fvs_std0.08_90k_RMSELoss,RMSELoss,2026-08-05 12:52:28,53/200,2026-08-05 16:35:14,0.031712,0.073046,True,0.00002500,248.87,58260749,8,42
ModelCNN_fvs_std0.08_90k_RMSELoss_20260805_125228,ModelCNN_fvs_std0.08_90k_RMSELoss,RMSELoss,2026-08-05 12:52:28,54/200,2026-08-05 16:39:32,0.031439,0.074344,False,0.00002500,248.09,58260749,8,42
ModelCNN_fvs_std0.08_90k_RMSELoss_20260805_125228,ModelCNN_fvs_std0.08_90k_RMSELoss,RMSELoss,2026-08-05 12:52:28,55/200,2026-08-05 16:43:45,0.031193,0.072700,True,0.00002500,252.51,58260749,8,42
ModelCNN_fvs_std0.08_90k_RMSELoss_20260805_125228,ModelCNN_fvs_std0.08_90k_RMSELoss,RMSELoss,2026-08-05 12:52:28,56/200,2026-08-05 16:48:04,0.030909,0.073758,False,0.00002500,249.57,58260749,8,42
ModelCNN_fvs_std0.08_90k_RMSELoss_20260805_125228,ModelCNN_fvs_std0.08_90k_RMSELoss,RMSELoss,2026-08-05 12:52:28,57/200,2026-08-05 16:52:14,0.030646,0.072562,True,0.00002500,250.06,58260749,8,42
ModelCNN_fvs_std0.08_90k_RMSELoss_20260805_125228,ModelCNN_fvs_std0.08_90k_RMSELoss,RMSELoss,2026-08-05 12:52:28,58/200,2026-08-05 16:56:33,0.030392,0.073443,False,0.00002500,249.17,58260749,8,42
ModelCNN_fvs_std0.08_90k_RMSELoss_20260805_125228,ModelCNN_fvs_std0.08_90k_RMSELoss,RMSELoss,2026-08-05 12:52:28,59/200,2026-08-05 17:00:43,0.030115,0.074773,False,0.00002500,250.11,58260749,8,42
ModelCNN_fvs_std0.08_90k_RMSELoss_20260805_125228,ModelCNN_fvs_std0.08_90k_RMSELoss,RMSELoss,2026-08-05 12:52:28,60/200,2026-08-05 17:04:54,0.029885,0.073025,False,0.00001250,250.55,58260749,8,42
ModelCNN_fvs_std0.08_90k_RMSELoss_20260805_125228,ModelCNN_fvs_std0.08_90k_RMSELoss,RMSELoss,2026-08-05 12:52:28,61/200,2026-08-05 17:09:04,0.028428,0.073240,False,0.00001250,249.64,58260749,8,42
ModelCNN_fvs_std0.08_90k_RMSELoss_20260805_125228,ModelCNN_fvs_std0.08_90k_RMSELoss,RMSELoss,2026-08-05 12:52:28,62/200,2026-08-05 17:13:13,0.027690,0.073017,False,0.00001250,249.67,58260749,8,42
ModelCNN_fvs_std0.08_90k_RMSELoss_20260805_125228,ModelCNN_fvs_std0.08_90k_RMSELoss,RMSELoss,2026-08-05 12:52:28,63/200,2026-08-05 17:17:23,0.027318,0.073195,False,0.00001250,249.29,58260749,8,42
ModelCNN_fvs_std0.08_90k_RMSELoss_20260805_125228,ModelCNN_fvs_std0.08_90k_RMSELoss,RMSELoss,2026-08-05 12:52:28,64/200,2026-08-05 17:21:32,0.027089,0.073762,False,0.00001250,249.42,58260749,8,42
ModelCNN_fvs_std0.08_90k_RMSELoss_20260805_125228,ModelCNN_fvs_std0.08_90k_RMSELoss,RMSELoss,2026-08-05 12:52:28,65/200,2026-08-05 17:25:40,0.026873,0.073328,False,0.00001250,247.95,58260749,8,42
ModelCNN_fvs_std0.08_90k_RMSELoss_20260805_125228,ModelCNN_fvs_std0.08_90k_RMSELoss,RMSELoss,2026-08-05 12:52:28,66/200,2026-08-05 17:29:53,0.026636,0.073175,False,0.00001250,253.25,58260749,8,42
ModelCNN_fvs_std0.08_90k_RMSELoss_20260805_125228,ModelCNN_fvs_std0.08_90k_RMSELoss,RMSELoss,2026-08-05 12:52:28,67/200,2026-08-05 17:34:02,0.026552,0.073057,False,0.00001250,248.77,58260749,8,42
ModelCNN_fvs_std0.08_90k_RMSELoss_20260805_125228,ModelCNN_fvs_std0.08_90k_RMSELoss,RMSELoss,2026-08-05 12:52:28,68/200,2026-08-05 17:38:10,0.026355,0.073087,False,0.00001250,248.42,58260749,8,42
ModelCNN_fvs_std0.08_90k_RMSELoss_20260805_125228,ModelCNN_fvs_std0.08_90k_RMSELoss,RMSELoss,2026-08-05 12:52:28,69/200,2026-08-05 17:42:19,0.026098,0.074259,False,0.00001250,248.99,58260749,8,42
ModelCNN_fvs_std0.08_90k_RMSELoss_20260805_125228,ModelCNN_fvs_std0.08_90k_RMSELoss,RMSELoss,2026-08-05 12:52:28,70/200,2026-08-05 17:46:28,0.025962,0.072652,False,0.00001250,248.14,58260749,8,42
ModelCNN_fvs_std0.08_90k_RMSELoss_20260805_125228,ModelCNN_fvs_std0.08_90k_RMSELoss,RMSELoss,2026-08-05 12:52:28,71/200,2026-08-05 17:50:37,0.025789,0.073191,False,0.00001250,249.04,58260749,8,42
ModelCNN_fvs_std0.08_90k_RMSELoss_20260805_125228,ModelCNN_fvs_std0.08_90k_RMSELoss,RMSELoss,2026-08-05 12:52:28,72/200,2026-08-05 17:54:45,0.025723,0.073080,False,0.00001250,248.86,58260749,8,42
ModelCNN_fvs_std0.08_90k_RMSELoss_20260805_125228,ModelCNN_fvs_std0.08_90k_RMSELoss,RMSELoss,2026-08-05 12:52:28,73/200,2026-08-05 17:58:55,0.025577,0.073274,False,0.00001250,249.14,58260749,8,42
ModelCNN_fvs_std0.08_90k_RMSELoss_20260805_125228,ModelCNN_fvs_std0.08_90k_RMSELoss,RMSELoss,2026-08-05 12:52:28,74/200,2026-08-05 18:03:09,0.025417,0.072948,False,0.00001250,254.51,58260749,8,42
ModelCNN_fvs_std0.08_90k_RMSELoss_20260805_125228,ModelCNN_fvs_std0.08_90k_RMSELoss,RMSELoss,2026-08-05 12:52:28,75/200,2026-08-05 18:07:18,0.025281,0.073217,False,0.00001250,248.90,58260749,8,42
ModelCNN_fvs_std0.08_90k_RMSELoss_20260805_125228,ModelCNN_fvs_std0.08_90k_RMSELoss,RMSELoss,2026-08-05 12:52:28,76/200,2026-08-05 18:11:27,0.025035,0.072786,False,0.00001250,249.30,58260749,8,42
ModelCNN_fvs_std0.08_90k_RMSELoss_20260805_125228,ModelCNN_fvs_std0.08_90k_RMSELoss,RMSELoss,2026-08-05 12:52:28,77/200,2026-08-05 18:15:35,0.024913,0.073253,False,0.00001250,248.08,58260749,8,42
ModelCNN_fvs_std0.08_90k_RMSELoss_20260805_125228,ModelCNN_fvs_std0.08_90k_RMSELoss,RMSELoss,2026-08-05 12:52:28,78/200,2026-08-05 18:19:44,0.024833,0.073696,False,0.00001250,249.09,58260749,8,42
ModelCNN_fvs_std0.08_90k_RMSELoss_20260805_125228,ModelCNN_fvs_std0.08_90k_RMSELoss,RMSELoss,2026-08-05 12:52:28,79/200,2026-08-05 18:23:53,0.024722,0.073104,False,0.00001250,248.88,58260749,8,42
ModelCNN_fvs_std0.08_90k_RMSELoss_20260805_125228,ModelCNN_fvs_std0.08_90k_RMSELoss,RMSELoss,2026-08-05 12:52:28,80/200,2026-08-05 18:28:06,0.024552,0.073082,False,0.00000625,252.44,58260749,8,42
ModelCNN_fvs_std0.08_90k_RMSELoss_20260805_125228,ModelCNN_fvs_std0.08_90k_RMSELoss,RMSELoss,2026-08-05 12:52:28,81/200,2026-08-05 18:32:14,0.023888,0.073147,False,0.00000625,248.46,58260749,8,42
ModelCNN_fvs_std0.08_90k_RMSELoss_20260805_125228,ModelCNN_fvs_std0.08_90k_RMSELoss,RMSELoss,2026-08-05 12:52:28,82/200,2026-08-05 18:36:24,0.023523,0.072848,False,0.00000625,249.94,58260749,8,42
ModelCNN_fvs_std0.08_90k_RMSELoss_20260805_125228,ModelCNN_fvs_std0.08_90k_RMSELoss,RMSELoss,2026-08-05 12:52:28,83/200,2026-08-05 18:40:32,0.023363,0.072869,False,0.00000625,247.77,58260749,8,42
ModelCNN_fvs_std0.08_90k_RMSELoss_20260805_125228,ModelCNN_fvs_std0.08_90k_RMSELoss,RMSELoss,2026-08-05 12:52:28,84/200,2026-08-05 18:44:41,0.023194,0.072564,False,0.00000625,249.32,58260749,8,42
ModelCNN_fvs_std0.08_90k_RMSELoss_20260805_125228,ModelCNN_fvs_std0.08_90k_RMSELoss,RMSELoss,2026-08-05 12:52:28,85/200,2026-08-05 18:48:50,0.023078,0.072909,False,0.00000625,248.60,58260749,8,42
ModelCNN_fvs_std0.08_90k_RMSELoss_20260805_125228,ModelCNN_fvs_std0.08_90k_RMSELoss,RMSELoss,2026-08-05 12:52:28,86/200,2026-08-05 18:53:00,0.022958,0.072467,True,0.00000625,250.13,58260749,8,42
ModelCNN_fvs_std0.08_90k_RMSELoss_20260805_125228,ModelCNN_fvs_std0.08_90k_RMSELoss,RMSELoss,2026-08-05 12:52:28,87/200,2026-08-05 18:57:19,0.022932,0.072886,False,0.00000625,248.73,58260749,8,42
ModelCNN_fvs_std0.08_90k_RMSELoss_20260805_125228,ModelCNN_fvs_std0.08_90k_RMSELoss,RMSELoss,2026-08-05 12:52:28,88/200,2026-08-05 19:01:29,0.022850,0.072343,True,0.00000625,250.62,58260749,8,42
ModelCNN_fvs_std0.08_90k_RMSELoss_20260805_125228,ModelCNN_fvs_std0.08_90k_RMSELoss,RMSELoss,2026-08-05 12:52:28,89/200,2026-08-05 19:05:48,0.022744,0.072798,False,0.00000625,249.36,58260749,8,42
ModelCNN_fvs_std0.08_90k_RMSELoss_20260805_125228,ModelCNN_fvs_std0.08_90k_RMSELoss,RMSELoss,2026-08-05 12:52:28,90/200,2026-08-05 19:09:58,0.022683,0.072571,False,0.00000625,249.85,58260749,8,42
ModelCNN_fvs_std0.08_90k_RMSELoss_20260805_125228,ModelCNN_fvs_std0.08_90k_RMSELoss,RMSELoss,2026-08-05 12:52:28,91/200,2026-08-05 19:14:08,0.022605,0.072410,False,0.00000625,249.61,58260749,8,42
ModelCNN_fvs_std0.08_90k_RMSELoss_20260805_125228,ModelCNN_fvs_std0.08_90k_RMSELoss,RMSELoss,2026-08-05 12:52:28,92/200,2026-08-05 19:18:16,0.022547,0.072668,False,0.00000625,247.96,58260749,8,42
ModelCNN_fvs_std0.08_90k_RMSELoss_20260805_125228,ModelCNN_fvs_std0.08_90k_RMSELoss,RMSELoss,2026-08-05 12:52:28,93/200,2026-08-05 19:22:25,0.022443,0.072838,False,0.00000625,248.70,58260749,8,42
ModelCNN_fvs_std0.08_90k_RMSELoss_20260805_125228,ModelCNN_fvs_std0.08_90k_RMSELoss,RMSELoss,2026-08-05 12:52:28,94/200,2026-08-05 19:26:34,0.022305,0.072585,False,0.00000625,249.25,58260749,8,42
ModelCNN_fvs_std0.08_90k_RMSELoss_20260805_125228,ModelCNN_fvs_std0.08_90k_RMSELoss,RMSELoss,2026-08-05 12:52:28,95/200,2026-08-05 19:30:43,0.022277,0.072998,False,0.00000625,248.63,58260749,8,42
ModelCNN_fvs_std0.08_90k_RMSELoss_20260805_125228,ModelCNN_fvs_std0.08_90k_RMSELoss,RMSELoss,2026-08-05 12:52:28,96/200,2026-08-05 19:34:51,0.022184,0.072412,False,0.00000625,248.58,58260749,8,42
ModelCNN_fvs_std0.08_90k_RMSELoss_20260805_125228,ModelCNN_fvs_std0.08_90k_RMSELoss,RMSELoss,2026-08-05 12:52:28,97/200,2026-08-05 19:39:00,0.022106,0.072472,False,0.00000625,249.26,58260749,8,42
ModelCNN_fvs_std0.08_90k_RMSELoss_20260805_125228,ModelCNN_fvs_std0.08_90k_RMSELoss,RMSELoss,2026-08-05 12:52:28,98/200,2026-08-05 19:43:12,0.022060,0.072827,False,0.00000625,251.69,58260749,8,42
ModelCNN_fvs_std0.08_90k_RMSELoss_20260805_125228,ModelCNN_fvs_std0.08_90k_RMSELoss,RMSELoss,2026-08-05 12:52:28,99/200,2026-08-05 19:47:22,0.021941,0.072601,False,0.00000625,249.50,58260749,8,42
ModelCNN_fvs_std0.08_90k_RMSELoss_20260805_125228,ModelCNN_fvs_std0.08_90k_RMSELoss,RMSELoss,2026-08-05 12:52:28,100/200,2026-08-05 19:51:31,0.021925,0.072507,False,0.00000313,249.53,58260749,8,42
ModelCNN_fvs_std0.08_90k_RMSELoss_20260805_125228,ModelCNN_fvs_std0.08_90k_RMSELoss,RMSELoss,2026-08-05 12:52:28,101/200,2026-08-05 19:55:41,0.021503,0.072156,True,0.00000313,249.75,58260749,8,42
ModelCNN_fvs_std0.08_90k_RMSELoss_20260805_125228,ModelCNN_fvs_std0.08_90k_RMSELoss,RMSELoss,2026-08-05 12:52:28,102/200,2026-08-05 20:00:01,0.021459,0.072212,False,0.00000313,249.89,58260749,8,42
ModelCNN_fvs_std0.08_90k_RMSELoss_20260805_125228,ModelCNN_fvs_std0.08_90k_RMSELoss,RMSELoss,2026-08-05 12:52:28,103/200,2026-08-05 20:04:10,0.021319,0.072899,False,0.00000313,249.20,58260749,8,42
ModelCNN_fvs_std0.08_90k_RMSELoss_20260805_125228,ModelCNN_fvs_std0.08_90k_RMSELoss,RMSELoss,2026-08-05 12:52:28,104/200,2026-08-05 20:08:19,0.021313,0.072422,False,0.00000313,248.82,58260749,8,42
ModelCNN_fvs_std0.08_90k_RMSELoss_20260805_125228,ModelCNN_fvs_std0.08_90k_RMSELoss,RMSELoss,2026-08-05 12:52:28,105/200,2026-08-05 20:12:28,0.021153,0.072311,False,0.00000313,249.47,58260749,8,42
ModelCNN_fvs_std0.08_90k_RMSELoss_20260805_125228,ModelCNN_fvs_std0.08_90k_RMSELoss,RMSELoss,2026-08-05 12:52:28,106/200,2026-08-05 20:16:38,0.021191,0.072574,False,0.00000313,250.13,58260749,8,42
ModelCNN_fvs_std0.08_90k_RMSELoss_20260805_125228,ModelCNN_fvs_std0.08_90k_RMSELoss,RMSELoss,2026-08-05 12:52:28,107/200,2026-08-05 20:20:48,0.021141,0.072694,False,0.00000313,249.84,58260749,8,42
ModelCNN_fvs_std0.08_90k_RMSELoss_20260805_125228,ModelCNN_fvs_std0.08_90k_RMSELoss,RMSELoss,2026-08-05 12:52:28,108/200,2026-08-05 20:24:57,0.021043,0.072224,False,0.00000313,249.32,58260749,8,42
ModelCNN_fvs_std0.08_90k_RMSELoss_20260805_125228,ModelCNN_fvs_std0.08_90k_RMSELoss,RMSELoss,2026-08-05 12:52:28,109/200,2026-08-05 20:29:07,0.021015,0.072408,False,0.00000313,249.21,58260749,8,42
ModelCNN_fvs_std0.08_90k_RMSELoss_20260805_125228,ModelCNN_fvs_std0.08_90k_RMSELoss,RMSELoss,2026-08-05 12:52:28,110/200,2026-08-05 20:33:16,0.021006,0.072278,False,0.00000313,249.53,58260749,8,42
ModelCNN_fvs_std0.08_90k_RMSELoss_20260805_125228,ModelCNN_fvs_std0.08_90k_RMSELoss,RMSELoss,2026-08-05 12:52:28,111/200,2026-08-05 20:37:26,0.020851,0.072552,False,0.00000313,249.61,58260749,8,42
ModelCNN_fvs_std0.08_90k_RMSELoss_20260805_125228,ModelCNN_fvs_std0.08_90k_RMSELoss,RMSELoss,2026-08-05 12:52:28,112/200,2026-08-05 20:41:39,0.020912,0.072923,False,0.00000313,252.82,58260749,8,42
ModelCNN_fvs_std0.08_90k_RMSELoss_20260805_125228,ModelCNN_fvs_std0.08_90k_RMSELoss,RMSELoss,2026-08-05 12:52:28,113/200,2026-08-05 20:45:48,0.020817,0.072612,False,0.00000313,249.20,58260749,8,42
ModelCNN_fvs_std0.08_90k_RMSELoss_20260805_125228,ModelCNN_fvs_std0.08_90k_RMSELoss,RMSELoss,2026-08-05 12:52:28,114/200,2026-08-05 20:49:56,0.020874,0.072444,False,0.00000313,248.16,58260749,8,42
ModelCNN_fvs_std0.08_90k_RMSELoss_20260805_125228,ModelCNN_fvs_std0.08_90k_RMSELoss,RMSELoss,2026-08-05 12:52:28,115/200,2026-08-05 20:54:05,0.020784,0.072803,False,0.00000313,248.66,58260749,8,42
ModelCNN_fvs_std0.08_90k_RMSELoss_20260805_125228,ModelCNN_fvs_std0.08_90k_RMSELoss,RMSELoss,2026-08-05 12:52:28,116/200,2026-08-05 20:58:14,0.020670,0.072467,False,0.00000313,249.56,58260749,8,42
ModelCNN_fvs_std0.08_90k_RMSELoss_20260805_125228,ModelCNN_fvs_std0.08_90k_RMSELoss,RMSELoss,2026-08-05 12:52:28,117/200,2026-08-05 21:02:23,0.020762,0.072668,False,0.00000313,248.97,58260749,8,42
ModelCNN_fvs_std0.08_90k_RMSELoss_20260805_125228,ModelCNN_fvs_std0.08_90k_RMSELoss,RMSELoss,2026-08-05 12:52:28,118/200,2026-08-05 21:06:32,0.020600,0.072439,False,0.00000313,249.06,58260749,8,42
ModelCNN_fvs_std0.08_90k_RMSELoss_20260805_125228,ModelCNN_fvs_std0.08_90k_RMSELoss,RMSELoss,2026-08-05 12:52:28,119/200,2026-08-05 21:10:42,0.020640,0.072405,False,0.00000313,249.52,58260749,8,42
ModelCNN_fvs_std0.08_90k_RMSELoss_20260805_125228,ModelCNN_fvs_std0.08_90k_RMSELoss,RMSELoss,2026-08-05 12:52:28,120/200,2026-08-05 21:14:50,0.020585,0.072860,False,0.00000156,248.49,58260749,8,42
ModelCNN_fvs_std0.08_90k_RMSELoss_20260805_125228,ModelCNN_fvs_std0.08_90k_RMSELoss,RMSELoss,2026-08-05 12:52:28,121/200,2026-08-05 21:19:07,0.020445,0.072822,False,0.00000156,256.68,58260749,8,42
ModelCNN_fvs_std0.08_90k_RMSELoss_20260805_125228,ModelCNN_fvs_std0.08_90k_RMSELoss,RMSELoss,2026-08-05 12:52:28,122/200,2026-08-05 21:23:15,0.020318,0.072575,False,0.00000156,248.43,58260749,8,42
ModelCNN_fvs_std0.08_90k_RMSELoss_20260805_125228,ModelCNN_fvs_std0.08_90k_RMSELoss,RMSELoss,2026-08-05 12:52:28,123/200,2026-08-05 21:27:26,0.020363,0.072312,False,0.00000156,250.13,58260749,8,42
ModelCNN_fvs_std0.08_90k_RMSELoss_20260805_125228,ModelCNN_fvs_std0.08_90k_RMSELoss,RMSELoss,2026-08-05 12:52:28,124/200,2026-08-05 21:31:35,0.020259,0.072856,False,0.00000156,249.44,58260749,8,42
ModelCNN_fvs_std0.08_90k_RMSELoss_20260805_125228,ModelCNN_fvs_std0.08_90k_RMSELoss,RMSELoss,2026-08-05 12:52:28,125/200,2026-08-05 21:35:44,0.020175,0.072318,False,0.00000156,249.44,58260749,8,42
ModelCNN_fvs_std0.08_90k_RMSELoss_20260805_125228,ModelCNN_fvs_std0.08_90k_RMSELoss,RMSELoss,2026-08-05 12:52:28,126/200,2026-08-05 21:39:58,0.020221,0.072747,False,0.00000156,253.73,58260749,8,42
ModelCNN_fvs_std0.08_90k_RMSELoss_20260805_125228,ModelCNN_fvs_std0.08_90k_RMSELoss,RMSELoss,2026-08-05 12:52:28,127/200,2026-08-05 21:44:07,0.020260,0.072814,False,0.00000156,248.70,58260749,8,42
ModelCNN_fvs_std0.08_90k_RMSELoss_20260805_125228,ModelCNN_fvs_std0.08_90k_RMSELoss,RMSELoss,2026-08-05 12:52:28,128/200,2026-08-05 21:48:16,0.020225,0.072770,False,0.00000156,249.34,58260749,8,42
ModelCNN_fvs_std0.08_90k_RMSELoss_20260805_125228,ModelCNN_fvs_std0.08_90k_RMSELoss,RMSELoss,2026-08-05 12:52:28,129/200,2026-08-05 21:52:25,0.020061,0.072594,False,0.00000156,249.05,58260749,8,42
ModelCNN_fvs_std0.08_90k_RMSELoss_20260805_125228,ModelCNN_fvs_std0.08_90k_RMSELoss,RMSELoss,2026-08-05 12:52:28,130/200,2026-08-05 21:56:35,0.020125,0.072407,False,0.00000156,249.46,58260749,8,42
ModelCNN_fvs_std0.08_90k_RMSELoss_20260805_125228,ModelCNN_fvs_std0.08_90k_RMSELoss,RMSELoss,2026-08-05 12:52:28,131/200,2026-08-05 22:00:43,0.020110,0.072515,False,0.00000156,248.58,58260749,8,42
ModelCNN_fvs_std0.08_90k_RMSELoss_20260805_125228,ModelCNN_fvs_std0.08_90k_RMSELoss,RMSELoss,2026-08-05 12:52:28,132/200,2026-08-05 22:04:53,0.020143,0.072474,False,0.00000156,249.42,58260749,8,42
ModelCNN_fvs_std0.08_90k_RMSELoss_20260805_125228,ModelCNN_fvs_std0.08_90k_RMSELoss,RMSELoss,2026-08-05 12:52:28,133/200,2026-08-05 22:09:02,0.020031,0.072572,False,0.00000156,249.34,58260749,8,42
ModelCNN_fvs_std0.08_90k_RMSELoss_20260805_125228,ModelCNN_fvs_std0.08_90k_RMSELoss,RMSELoss,2026-08-05 12:52:28,134/200,2026-08-05 22:13:11,0.020073,0.072589,False,0.00000156,249.31,58260749,8,42
ModelCNN_fvs_std0.08_90k_RMSELoss_20260805_125228,ModelCNN_fvs_std0.08_90k_RMSELoss,RMSELoss,2026-08-05 12:52:28,135/200,2026-08-05 22:17:20,0.020037,0.072741,False,0.00000156,248.69,58260749,8,42
ModelCNN_fvs_std0.08_90k_RMSELoss_20260805_125228,ModelCNN_fvs_std0.08_90k_RMSELoss,RMSELoss,2026-08-05 12:52:28,136/200,2026-08-05 22:21:31,0.020030,0.072620,False,0.00000156,250.49,58260749,8,42
ModelCNN_fvs_std0.08_90k_RMSELoss_20260805_125228,ModelCNN_fvs_std0.08_90k_RMSELoss,RMSELoss,2026-08-05 12:52:28,137/200,2026-08-05 22:25:39,0.019964,0.072692,False,0.00000156,247.98,58260749,8,42
ModelCNN_fvs_std0.08_90k_RMSELoss_20260805_125228,ModelCNN_fvs_std0.08_90k_RMSELoss,RMSELoss,2026-08-05 12:52:28,138/200,2026-08-05 22:29:47,0.019915,0.072578,False,0.00000156,248.74,58260749,8,42
ModelCNN_fvs_std0.08_90k_RMSELoss_20260805_125228,ModelCNN_fvs_std0.08_90k_RMSELoss,RMSELoss,2026-08-05 12:52:28,139/200,2026-08-05 22:33:56,0.019938,0.072505,False,0.00000156,248.30,58260749,8,42
ModelCNN_fvs_std0.08_90k_RMSELoss_20260805_125228,ModelCNN_fvs_std0.08_90k_RMSELoss,RMSELoss,2026-08-05 12:52:28,140/200,2026-08-05 22:38:04,0.019932,0.072536,False,0.00000078,248.81,58260749,8,42
ModelCNN_fvs_std0.08_90k_RMSELoss_20260805_125228,ModelCNN_fvs_std0.08_90k_RMSELoss,RMSELoss,2026-08-05 12:52:28,141/200,2026-08-05 22:42:13,0.019823,0.072359,False,0.00000078,248.87,58260749,8,42
ModelCNN_fvs_std0.08_90k_RMSELoss_20260805_125228,ModelCNN_fvs_std0.08_90k_RMSELoss,RMSELoss,2026-08-05 12:52:28,142/200,2026-08-05 22:46:22,0.019808,0.072296,False,0.00000078,249.08,58260749,8,42
ModelCNN_fvs_std0.08_90k_RMSELoss_20260805_125228,ModelCNN_fvs_std0.08_90k_RMSELoss,RMSELoss,2026-08-05 12:52:28,143/200,2026-08-05 22:50:32,0.019744,0.072397,False,0.00000078,249.27,58260749,8,42
ModelCNN_fvs_std0.08_90k_RMSELoss_20260805_125228,ModelCNN_fvs_std0.08_90k_RMSELoss,RMSELoss,2026-08-05 12:52:28,144/200,2026-08-05 22:54:45,0.019847,0.072586,False,0.00000078,253.02,58260749,8,42
ModelCNN_fvs_std0.08_90k_RMSELoss_20260805_125228,ModelCNN_fvs_std0.08_90k_RMSELoss,RMSELoss,2026-08-05 12:52:28,145/200,2026-08-05 22:58:54,0.019762,0.072386,False,0.00000078,249.02,58260749,8,42
ModelCNN_fvs_std0.08_90k_RMSELoss_20260805_125228,ModelCNN_fvs_std0.08_90k_RMSELoss,RMSELoss,2026-08-05 12:52:28,146/200,2026-08-05 23:03:04,0.019790,0.072663,False,0.00000078,250.14,58260749,8,42
