run_id,model_name,criterion,run_started_at,epoch,epoch_timestamp,train_loss,val_loss,is_best,learning_rate,epoch_duration_sec,num_params,batch_size,seed
ModelEfficientNetB0_fvs_No_Noise_90k_RMSELoss_20260724_030444,ModelEfficientNetB0_fvs_No_Noise_90k_RMSELoss,RMSELoss,2026-07-24 03:04:44,1/200,2026-07-24 03:11:04,0.112557,0.095598,True,0.00010000,377.98,36997985,8,42
ModelEfficientNetB0_fvs_No_Noise_90k_RMSELoss_20260724_030444,ModelEfficientNetB0_fvs_No_Noise_90k_RMSELoss,RMSELoss,2026-07-24 03:04:44,2/200,2026-07-24 03:17:37,0.095246,0.089613,True,0.00010000,381.95,36997985,8,42
ModelEfficientNetB0_fvs_No_Noise_90k_RMSELoss_20260724_030444,ModelEfficientNetB0_fvs_No_Noise_90k_RMSELoss,RMSELoss,2026-07-24 03:04:44,3/200,2026-07-24 03:24:12,0.089012,0.085758,True,0.00010000,384.17,36997985,8,42
ModelEfficientNetB0_fvs_No_Noise_90k_RMSELoss_20260724_030444,ModelEfficientNetB0_fvs_No_Noise_90k_RMSELoss,RMSELoss,2026-07-24 03:04:44,4/200,2026-07-24 03:30:44,0.084436,0.080893,True,0.00010000,380.69,36997985,8,42
ModelEfficientNetB0_fvs_No_Noise_90k_RMSELoss_20260724_030444,ModelEfficientNetB0_fvs_No_Noise_90k_RMSELoss,RMSELoss,2026-07-24 03:04:44,5/200,2026-07-24 03:37:19,0.081269,0.082804,False,0.00010000,383.69,36997985,8,42
ModelEfficientNetB0_fvs_No_Noise_90k_RMSELoss_20260724_030444,ModelEfficientNetB0_fvs_No_Noise_90k_RMSELoss,RMSELoss,2026-07-24 03:04:44,6/200,2026-07-24 03:43:37,0.078556,0.078387,True,0.00010000,377.91,36997985,8,42
ModelEfficientNetB0_fvs_No_Noise_90k_RMSELoss_20260724_030444,ModelEfficientNetB0_fvs_No_Noise_90k_RMSELoss,RMSELoss,2026-07-24 03:04:44,7/200,2026-07-24 03:50:02,0.076234,0.080810,False,0.00010000,374.51,36997985,8,42
ModelEfficientNetB0_fvs_No_Noise_90k_RMSELoss_20260724_030444,ModelEfficientNetB0_fvs_No_Noise_90k_RMSELoss,RMSELoss,2026-07-24 03:04:44,8/200,2026-07-24 03:56:17,0.074297,0.076662,True,0.00010000,374.70,36997985,8,42
ModelEfficientNetB0_fvs_No_Noise_90k_RMSELoss_20260724_030444,ModelEfficientNetB0_fvs_No_Noise_90k_RMSELoss,RMSELoss,2026-07-24 03:04:44,9/200,2026-07-24 04:02:37,0.072523,0.075096,True,0.00010000,369.27,36997985,8,42
ModelEfficientNetB0_fvs_No_Noise_90k_RMSELoss_20260724_030444,ModelEfficientNetB0_fvs_No_Noise_90k_RMSELoss,RMSELoss,2026-07-24 03:04:44,10/200,2026-07-24 04:08:59,0.070726,0.075816,False,0.00010000,371.70,36997985,8,42
ModelEfficientNetB0_fvs_No_Noise_90k_RMSELoss_20260724_030444,ModelEfficientNetB0_fvs_No_Noise_90k_RMSELoss,RMSELoss,2026-07-24 03:04:44,11/200,2026-07-24 04:15:18,0.069164,0.072649,True,0.00010000,379.22,36997985,8,42
ModelEfficientNetB0_fvs_No_Noise_90k_RMSELoss_20260724_030444,ModelEfficientNetB0_fvs_No_Noise_90k_RMSELoss,RMSELoss,2026-07-24 03:04:44,12/200,2026-07-24 04:21:49,0.067664,0.073809,False,0.00010000,378.93,36997985,8,42
ModelEfficientNetB0_fvs_No_Noise_90k_RMSELoss_20260724_030444,ModelEfficientNetB0_fvs_No_Noise_90k_RMSELoss,RMSELoss,2026-07-24 03:04:44,13/200,2026-07-24 04:28:12,0.066278,0.072718,False,0.00010000,382.91,36997985,8,42
ModelEfficientNetB0_fvs_No_Noise_90k_RMSELoss_20260724_030444,ModelEfficientNetB0_fvs_No_Noise_90k_RMSELoss,RMSELoss,2026-07-24 03:04:44,14/200,2026-07-24 04:34:31,0.065071,0.072480,True,0.00010000,379.69,36997985,8,42
ModelEfficientNetB0_fvs_No_Noise_90k_RMSELoss_20260724_030444,ModelEfficientNetB0_fvs_No_Noise_90k_RMSELoss,RMSELoss,2026-07-24 03:04:44,15/200,2026-07-24 04:41:01,0.063936,0.071164,True,0.00010000,378.88,36997985,8,42
ModelEfficientNetB0_fvs_No_Noise_90k_RMSELoss_20260724_030444,ModelEfficientNetB0_fvs_No_Noise_90k_RMSELoss,RMSELoss,2026-07-24 03:04:44,16/200,2026-07-24 04:47:30,0.062685,0.071020,True,0.00010000,377.03,36997985,8,42
ModelEfficientNetB0_fvs_No_Noise_90k_RMSELoss_20260724_030444,ModelEfficientNetB0_fvs_No_Noise_90k_RMSELoss,RMSELoss,2026-07-24 03:04:44,17/200,2026-07-24 04:54:00,0.061549,0.071049,False,0.00010000,378.84,36997985,8,42
ModelEfficientNetB0_fvs_No_Noise_90k_RMSELoss_20260724_030444,ModelEfficientNetB0_fvs_No_Noise_90k_RMSELoss,RMSELoss,2026-07-24 03:04:44,18/200,2026-07-24 05:00:17,0.060588,0.070622,True,0.00010000,376.48,36997985,8,42
ModelEfficientNetB0_fvs_No_Noise_90k_RMSELoss_20260724_030444,ModelEfficientNetB0_fvs_No_Noise_90k_RMSELoss,RMSELoss,2026-07-24 03:04:44,19/200,2026-07-24 05:06:46,0.059548,0.070765,False,0.00010000,378.29,36997985,8,42
ModelEfficientNetB0_fvs_No_Noise_90k_RMSELoss_20260724_030444,ModelEfficientNetB0_fvs_No_Noise_90k_RMSELoss,RMSELoss,2026-07-24 03:04:44,20/200,2026-07-24 05:13:06,0.058658,0.070399,True,0.00005000,380.10,36997985,8,42
ModelEfficientNetB0_fvs_No_Noise_90k_RMSELoss_20260724_030444,ModelEfficientNetB0_fvs_No_Noise_90k_RMSELoss,RMSELoss,2026-07-24 03:04:44,21/200,2026-07-24 05:19:38,0.053825,0.067766,True,0.00005000,379.91,36997985,8,42
ModelEfficientNetB0_fvs_No_Noise_90k_RMSELoss_20260724_030444,ModelEfficientNetB0_fvs_No_Noise_90k_RMSELoss,RMSELoss,2026-07-24 03:04:44,22/200,2026-07-24 05:26:08,0.052061,0.067524,True,0.00005000,378.71,36997985,8,42
ModelEfficientNetB0_fvs_No_Noise_90k_RMSELoss_20260724_030444,ModelEfficientNetB0_fvs_No_Noise_90k_RMSELoss,RMSELoss,2026-07-24 03:04:44,23/200,2026-07-24 05:32:36,0.051089,0.067235,True,0.00005000,376.59,36997985,8,42
ModelEfficientNetB0_fvs_No_Noise_90k_RMSELoss_20260724_030444,ModelEfficientNetB0_fvs_No_Noise_90k_RMSELoss,RMSELoss,2026-07-24 03:04:44,24/200,2026-07-24 05:39:06,0.050164,0.066995,True,0.00005000,379.10,36997985,8,42
ModelEfficientNetB0_fvs_No_Noise_90k_RMSELoss_20260724_030444,ModelEfficientNetB0_fvs_No_Noise_90k_RMSELoss,RMSELoss,2026-07-24 03:04:44,25/200,2026-07-24 05:45:33,0.049268,0.066905,True,0.00005000,376.51,36997985,8,42
ModelEfficientNetB0_fvs_No_Noise_90k_RMSELoss_20260724_030444,ModelEfficientNetB0_fvs_No_Noise_90k_RMSELoss,RMSELoss,2026-07-24 03:04:44,26/200,2026-07-24 05:52:02,0.048743,0.066570,True,0.00005000,377.81,36997985,8,42
ModelEfficientNetB0_fvs_No_Noise_90k_RMSELoss_20260724_030444,ModelEfficientNetB0_fvs_No_Noise_90k_RMSELoss,RMSELoss,2026-07-24 03:04:44,27/200,2026-07-24 05:58:29,0.047989,0.067893,False,0.00005000,375.84,36997985,8,42
ModelEfficientNetB0_fvs_No_Noise_90k_RMSELoss_20260724_030444,ModelEfficientNetB0_fvs_No_Noise_90k_RMSELoss,RMSELoss,2026-07-24 03:04:44,28/200,2026-07-24 06:04:44,0.047312,0.067279,False,0.00005000,374.68,36997985,8,42
ModelEfficientNetB0_fvs_No_Noise_90k_RMSELoss_20260724_030444,ModelEfficientNetB0_fvs_No_Noise_90k_RMSELoss,RMSELoss,2026-07-24 03:04:44,29/200,2026-07-24 06:10:59,0.046702,0.066459,True,0.00005000,375.44,36997985,8,42
ModelEfficientNetB0_fvs_No_Noise_90k_RMSELoss_20260724_030444,ModelEfficientNetB0_fvs_No_Noise_90k_RMSELoss,RMSELoss,2026-07-24 03:04:44,30/200,2026-07-24 06:17:26,0.045931,0.066113,True,0.00005000,376.71,36997985,8,42
ModelEfficientNetB0_fvs_No_Noise_90k_RMSELoss_20260724_030444,ModelEfficientNetB0_fvs_No_Noise_90k_RMSELoss,RMSELoss,2026-07-24 03:04:44,31/200,2026-07-24 06:23:56,0.045528,0.066194,False,0.00005000,378.89,36997985,8,42
ModelEfficientNetB0_fvs_No_Noise_90k_RMSELoss_20260724_030444,ModelEfficientNetB0_fvs_No_Noise_90k_RMSELoss,RMSELoss,2026-07-24 03:04:44,32/200,2026-07-24 06:30:10,0.045021,0.066820,False,0.00005000,373.96,36997985,8,42
ModelEfficientNetB0_fvs_No_Noise_90k_RMSELoss_20260724_030444,ModelEfficientNetB0_fvs_No_Noise_90k_RMSELoss,RMSELoss,2026-07-24 03:04:44,33/200,2026-07-24 06:36:24,0.044518,0.066287,False,0.00005000,373.23,36997985,8,42
ModelEfficientNetB0_fvs_No_Noise_90k_RMSELoss_20260724_030444,ModelEfficientNetB0_fvs_No_Noise_90k_RMSELoss,RMSELoss,2026-07-24 03:04:44,34/200,2026-07-24 06:42:37,0.043774,0.066929,False,0.00005000,373.53,36997985,8,42
ModelEfficientNetB0_fvs_No_Noise_90k_RMSELoss_20260724_030444,ModelEfficientNetB0_fvs_No_Noise_90k_RMSELoss,RMSELoss,2026-07-24 03:04:44,35/200,2026-07-24 06:48:51,0.043452,0.066529,False,0.00005000,373.98,36997985,8,42
ModelEfficientNetB0_fvs_No_Noise_90k_RMSELoss_20260724_030444,ModelEfficientNetB0_fvs_No_Noise_90k_RMSELoss,RMSELoss,2026-07-24 03:04:44,36/200,2026-07-24 06:55:05,0.042835,0.066662,False,0.00005000,373.90,36997985,8,42
ModelEfficientNetB0_fvs_No_Noise_90k_RMSELoss_20260724_030444,ModelEfficientNetB0_fvs_No_Noise_90k_RMSELoss,RMSELoss,2026-07-24 03:04:44,37/200,2026-07-24 07:01:15,0.042480,0.066358,False,0.00005000,370.09,36997985,8,42
ModelEfficientNetB0_fvs_No_Noise_90k_RMSELoss_20260724_030444,ModelEfficientNetB0_fvs_No_Noise_90k_RMSELoss,RMSELoss,2026-07-24 03:04:44,38/200,2026-07-24 07:07:31,0.041974,0.065946,True,0.00005000,375.79,36997985,8,42
ModelEfficientNetB0_fvs_No_Noise_90k_RMSELoss_20260724_030444,ModelEfficientNetB0_fvs_No_Noise_90k_RMSELoss,RMSELoss,2026-07-24 03:04:44,39/200,2026-07-24 07:13:56,0.041549,0.066417,False,0.00005000,374.30,36997985,8,42
ModelEfficientNetB0_fvs_No_Noise_90k_RMSELoss_20260724_030444,ModelEfficientNetB0_fvs_No_Noise_90k_RMSELoss,RMSELoss,2026-07-24 03:04:44,40/200,2026-07-24 07:20:11,0.041044,0.066349,False,0.00002500,374.50,36997985,8,42
ModelEfficientNetB0_fvs_No_Noise_90k_RMSELoss_20260724_030444,ModelEfficientNetB0_fvs_No_Noise_90k_RMSELoss,RMSELoss,2026-07-24 03:04:44,41/200,2026-07-24 07:26:30,0.038463,0.064915,True,0.00002500,379.20,36997985,8,42
ModelEfficientNetB0_fvs_No_Noise_90k_RMSELoss_20260724_030444,ModelEfficientNetB0_fvs_No_Noise_90k_RMSELoss,RMSELoss,2026-07-24 03:04:44,42/200,2026-07-24 07:33:04,0.037346,0.065556,False,0.00002500,382.52,36997985,8,42
ModelEfficientNetB0_fvs_No_Noise_90k_RMSELoss_20260724_030444,ModelEfficientNetB0_fvs_No_Noise_90k_RMSELoss,RMSELoss,2026-07-24 03:04:44,43/200,2026-07-24 07:39:27,0.036848,0.065134,False,0.00002500,382.70,36997985,8,42
ModelEfficientNetB0_fvs_No_Noise_90k_RMSELoss_20260724_030444,ModelEfficientNetB0_fvs_No_Noise_90k_RMSELoss,RMSELoss,2026-07-24 03:04:44,44/200,2026-07-24 07:45:53,0.036433,0.065637,False,0.00002500,386.63,36997985,8,42
ModelEfficientNetB0_fvs_No_Noise_90k_RMSELoss_20260724_030444,ModelEfficientNetB0_fvs_No_Noise_90k_RMSELoss,RMSELoss,2026-07-24 03:04:44,45/200,2026-07-24 07:52:14,0.036153,0.064691,True,0.00002500,380.85,36997985,8,42
ModelEfficientNetB0_fvs_No_Noise_90k_RMSELoss_20260724_030444,ModelEfficientNetB0_fvs_No_Noise_90k_RMSELoss,RMSELoss,2026-07-24 03:04:44,46/200,2026-07-24 07:58:47,0.035764,0.064473,True,0.00002500,380.65,36997985,8,42
ModelEfficientNetB0_fvs_No_Noise_90k_RMSELoss_20260724_030444,ModelEfficientNetB0_fvs_No_Noise_90k_RMSELoss,RMSELoss,2026-07-24 03:04:44,47/200,2026-07-24 08:05:16,0.035496,0.064824,False,0.00002500,378.14,36997985,8,42
ModelEfficientNetB0_fvs_No_Noise_90k_RMSELoss_20260724_030444,ModelEfficientNetB0_fvs_No_Noise_90k_RMSELoss,RMSELoss,2026-07-24 03:04:44,48/200,2026-07-24 08:11:37,0.035200,0.064816,False,0.00002500,380.34,36997985,8,42
ModelEfficientNetB0_fvs_No_Noise_90k_RMSELoss_20260724_030444,ModelEfficientNetB0_fvs_No_Noise_90k_RMSELoss,RMSELoss,2026-07-24 03:04:44,49/200,2026-07-24 08:17:55,0.034969,0.064931,False,0.00002500,377.90,36997985,8,42
ModelEfficientNetB0_fvs_No_Noise_90k_RMSELoss_20260724_030444,ModelEfficientNetB0_fvs_No_Noise_90k_RMSELoss,RMSELoss,2026-07-24 03:04:44,50/200,2026-07-24 08:24:11,0.034660,0.064692,False,0.00002500,376.66,36997985,8,42
ModelEfficientNetB0_fvs_No_Noise_90k_RMSELoss_20260724_030444,ModelEfficientNetB0_fvs_No_Noise_90k_RMSELoss,RMSELoss,2026-07-24 03:04:44,51/200,2026-07-24 08:30:32,0.034334,0.064753,False,0.00002500,380.26,36997985,8,42
ModelEfficientNetB0_fvs_No_Noise_90k_RMSELoss_20260724_030444,ModelEfficientNetB0_fvs_No_Noise_90k_RMSELoss,RMSELoss,2026-07-24 03:04:44,52/200,2026-07-24 08:36:52,0.033978,0.064458,True,0.00002500,380.53,36997985,8,42
ModelEfficientNetB0_fvs_No_Noise_90k_RMSELoss_20260724_030444,ModelEfficientNetB0_fvs_No_Noise_90k_RMSELoss,RMSELoss,2026-07-24 03:04:44,53/200,2026-07-24 08:43:21,0.033758,0.065002,False,0.00002500,377.89,36997985,8,42
ModelEfficientNetB0_fvs_No_Noise_90k_RMSELoss_20260724_030444,ModelEfficientNetB0_fvs_No_Noise_90k_RMSELoss,RMSELoss,2026-07-24 03:04:44,54/200,2026-07-24 08:49:38,0.033567,0.064920,False,0.00002500,376.94,36997985,8,42
ModelEfficientNetB0_fvs_No_Noise_90k_RMSELoss_20260724_030444,ModelEfficientNetB0_fvs_No_Noise_90k_RMSELoss,RMSELoss,2026-07-24 03:04:44,55/200,2026-07-24 08:55:59,0.033306,0.064566,False,0.00002500,380.72,36997985,8,42
ModelEfficientNetB0_fvs_No_Noise_90k_RMSELoss_20260724_030444,ModelEfficientNetB0_fvs_No_Noise_90k_RMSELoss,RMSELoss,2026-07-24 03:04:44,56/200,2026-07-24 09:02:22,0.033107,0.064661,False,0.00002500,382.97,36997985,8,42
ModelEfficientNetB0_fvs_No_Noise_90k_RMSELoss_20260724_030444,ModelEfficientNetB0_fvs_No_Noise_90k_RMSELoss,RMSELoss,2026-07-24 03:04:44,57/200,2026-07-24 09:08:41,0.032871,0.064642,False,0.00002500,379.77,36997985,8,42
ModelEfficientNetB0_fvs_No_Noise_90k_RMSELoss_20260724_030444,ModelEfficientNetB0_fvs_No_Noise_90k_RMSELoss,RMSELoss,2026-07-24 03:04:44,58/200,2026-07-24 09:15:01,0.032734,0.064286,True,0.00002500,379.57,36997985,8,42
ModelEfficientNetB0_fvs_No_Noise_90k_RMSELoss_20260724_030444,ModelEfficientNetB0_fvs_No_Noise_90k_RMSELoss,RMSELoss,2026-07-24 03:04:44,59/200,2026-07-24 09:21:31,0.032417,0.064504,False,0.00002500,378.71,36997985,8,42
ModelEfficientNetB0_fvs_No_Noise_90k_RMSELoss_20260724_030444,ModelEfficientNetB0_fvs_No_Noise_90k_RMSELoss,RMSELoss,2026-07-24 03:04:44,60/200,2026-07-24 09:27:51,0.032211,0.064178,True,0.00001250,379.50,36997985,8,42
ModelEfficientNetB0_fvs_No_Noise_90k_RMSELoss_20260724_030444,ModelEfficientNetB0_fvs_No_Noise_90k_RMSELoss,RMSELoss,2026-07-24 03:04:44,61/200,2026-07-24 09:34:21,0.030997,0.063824,True,0.00001250,379.37,36997985,8,42
ModelEfficientNetB0_fvs_No_Noise_90k_RMSELoss_20260724_030444,ModelEfficientNetB0_fvs_No_Noise_90k_RMSELoss,RMSELoss,2026-07-24 03:04:44,62/200,2026-07-24 09:40:54,0.030446,0.063935,False,0.00001250,381.08,36997985,8,42
ModelEfficientNetB0_fvs_No_Noise_90k_RMSELoss_20260724_030444,ModelEfficientNetB0_fvs_No_Noise_90k_RMSELoss,RMSELoss,2026-07-24 03:04:44,63/200,2026-07-24 09:47:12,0.030216,0.063495,True,0.00001250,378.11,36997985,8,42
ModelEfficientNetB0_fvs_No_Noise_90k_RMSELoss_20260724_030444,ModelEfficientNetB0_fvs_No_Noise_90k_RMSELoss,RMSELoss,2026-07-24 03:04:44,64/200,2026-07-24 09:53:43,0.030010,0.063683,False,0.00001250,379.58,36997985,8,42
ModelEfficientNetB0_fvs_No_Noise_90k_RMSELoss_20260724_030444,ModelEfficientNetB0_fvs_No_Noise_90k_RMSELoss,RMSELoss,2026-07-24 03:04:44,65/200,2026-07-24 10:00:01,0.029812,0.063757,False,0.00001250,377.25,36997985,8,42
ModelEfficientNetB0_fvs_No_Noise_90k_RMSELoss_20260724_030444,ModelEfficientNetB0_fvs_No_Noise_90k_RMSELoss,RMSELoss,2026-07-24 03:04:44,66/200,2026-07-24 10:06:09,0.029664,0.063463,True,0.00001250,367.82,36997985,8,42
ModelEfficientNetB0_fvs_No_Noise_90k_RMSELoss_20260724_030444,ModelEfficientNetB0_fvs_No_Noise_90k_RMSELoss,RMSELoss,2026-07-24 03:04:44,67/200,2026-07-24 10:11:25,0.029616,0.063631,False,0.00001250,306.55,36997985,8,42
ModelEfficientNetB0_fvs_No_Noise_90k_RMSELoss_20260724_030444,ModelEfficientNetB0_fvs_No_Noise_90k_RMSELoss,RMSELoss,2026-07-24 03:04:44,68/200,2026-07-24 10:16:03,0.029310,0.063849,False,0.00001250,278.28,36997985,8,42
ModelEfficientNetB0_fvs_No_Noise_90k_RMSELoss_20260724_030444,ModelEfficientNetB0_fvs_No_Noise_90k_RMSELoss,RMSELoss,2026-07-24 03:04:44,69/200,2026-07-24 10:20:46,0.029279,0.063538,False,0.00001250,283.11,36997985,8,42
ModelEfficientNetB0_fvs_No_Noise_90k_RMSELoss_20260724_030444,ModelEfficientNetB0_fvs_No_Noise_90k_RMSELoss,RMSELoss,2026-07-24 03:04:44,70/200,2026-07-24 10:25:24,0.029118,0.063672,False,0.00001250,277.71,36997985,8,42
ModelEfficientNetB0_fvs_No_Noise_90k_RMSELoss_20260724_030444,ModelEfficientNetB0_fvs_No_Noise_90k_RMSELoss,RMSELoss,2026-07-24 03:04:44,71/200,2026-07-24 10:30:05,0.028961,0.063222,True,0.00001250,281.33,36997985,8,42
ModelEfficientNetB0_fvs_No_Noise_90k_RMSELoss_20260724_030444,ModelEfficientNetB0_fvs_No_Noise_90k_RMSELoss,RMSELoss,2026-07-24 03:04:44,72/200,2026-07-24 10:34:59,0.028739,0.063698,False,0.00001250,283.97,36997985,8,42
ModelEfficientNetB0_fvs_No_Noise_90k_RMSELoss_20260724_030444,ModelEfficientNetB0_fvs_No_Noise_90k_RMSELoss,RMSELoss,2026-07-24 03:04:44,73/200,2026-07-24 10:39:38,0.028737,0.063607,False,0.00001250,279.29,36997985,8,42
ModelEfficientNetB0_fvs_No_Noise_90k_RMSELoss_20260724_030444,ModelEfficientNetB0_fvs_No_Noise_90k_RMSELoss,RMSELoss,2026-07-24 03:04:44,74/200,2026-07-24 10:44:16,0.028592,0.063589,False,0.00001250,278.06,36997985,8,42
ModelEfficientNetB0_fvs_No_Noise_90k_RMSELoss_20260724_030444,ModelEfficientNetB0_fvs_No_Noise_90k_RMSELoss,RMSELoss,2026-07-24 03:04:44,75/200,2026-07-24 10:48:51,0.028464,0.063740,False,0.00001250,275.15,36997985,8,42
ModelEfficientNetB0_fvs_No_Noise_90k_RMSELoss_20260724_030444,ModelEfficientNetB0_fvs_No_Noise_90k_RMSELoss,RMSELoss,2026-07-24 03:04:44,76/200,2026-07-24 10:53:29,0.028280,0.063633,False,0.00001250,277.49,36997985,8,42
ModelEfficientNetB0_fvs_No_Noise_90k_RMSELoss_20260724_030444,ModelEfficientNetB0_fvs_No_Noise_90k_RMSELoss,RMSELoss,2026-07-24 03:04:44,77/200,2026-07-24 10:58:09,0.028186,0.063440,False,0.00001250,279.73,36997985,8,42
ModelEfficientNetB0_fvs_No_Noise_90k_RMSELoss_20260724_030444,ModelEfficientNetB0_fvs_No_Noise_90k_RMSELoss,RMSELoss,2026-07-24 03:04:44,78/200,2026-07-24 11:02:47,0.028106,0.063397,False,0.00001250,278.72,36997985,8,42
ModelEfficientNetB0_fvs_No_Noise_90k_RMSELoss_20260724_030444,ModelEfficientNetB0_fvs_No_Noise_90k_RMSELoss,RMSELoss,2026-07-24 03:04:44,79/200,2026-07-24 11:07:26,0.028020,0.063816,False,0.00001250,278.32,36997985,8,42
ModelEfficientNetB0_fvs_No_Noise_90k_RMSELoss_20260724_030444,ModelEfficientNetB0_fvs_No_Noise_90k_RMSELoss,RMSELoss,2026-07-24 03:04:44,80/200,2026-07-24 11:12:06,0.027883,0.063476,False,0.00000625,279.90,36997985,8,42
ModelEfficientNetB0_fvs_No_Noise_90k_RMSELoss_20260724_030444,ModelEfficientNetB0_fvs_No_Noise_90k_RMSELoss,RMSELoss,2026-07-24 03:04:44,81/200,2026-07-24 11:16:46,0.027192,0.063308,False,0.00000625,280.71,36997985,8,42
ModelEfficientNetB0_fvs_No_Noise_90k_RMSELoss_20260724_030444,ModelEfficientNetB0_fvs_No_Noise_90k_RMSELoss,RMSELoss,2026-07-24 03:04:44,82/200,2026-07-24 11:21:26,0.027034,0.063249,False,0.00000625,279.86,36997985,8,42
ModelEfficientNetB0_fvs_No_Noise_90k_RMSELoss_20260724_030444,ModelEfficientNetB0_fvs_No_Noise_90k_RMSELoss,RMSELoss,2026-07-24 03:04:44,83/200,2026-07-24 11:26:09,0.026987,0.063449,False,0.00000625,282.28,36997985,8,42
ModelEfficientNetB0_fvs_No_Noise_90k_RMSELoss_20260724_030444,ModelEfficientNetB0_fvs_No_Noise_90k_RMSELoss,RMSELoss,2026-07-24 03:04:44,84/200,2026-07-24 11:30:52,0.026858,0.063291,False,0.00000625,283.47,36997985,8,42
ModelEfficientNetB0_fvs_No_Noise_90k_RMSELoss_20260724_030444,ModelEfficientNetB0_fvs_No_Noise_90k_RMSELoss,RMSELoss,2026-07-24 03:04:44,85/200,2026-07-24 11:35:29,0.026896,0.063223,False,0.00000625,277.17,36997985,8,42
ModelEfficientNetB0_fvs_No_Noise_90k_RMSELoss_20260724_030444,ModelEfficientNetB0_fvs_No_Noise_90k_RMSELoss,RMSELoss,2026-07-24 03:04:44,86/200,2026-07-24 11:40:09,0.026727,0.063200,True,0.00000625,280.09,36997985,8,42
ModelEfficientNetB0_fvs_No_Noise_90k_RMSELoss_20260724_030444,ModelEfficientNetB0_fvs_No_Noise_90k_RMSELoss,RMSELoss,2026-07-24 03:04:44,87/200,2026-07-24 11:45:01,0.026648,0.063069,True,0.00000625,281.39,36997985,8,42
ModelEfficientNetB0_fvs_No_Noise_90k_RMSELoss_20260724_030444,ModelEfficientNetB0_fvs_No_Noise_90k_RMSELoss,RMSELoss,2026-07-24 03:04:44,88/200,2026-07-24 11:49:55,0.026577,0.063334,False,0.00000625,284.63,36997985,8,42
ModelEfficientNetB0_fvs_No_Noise_90k_RMSELoss_20260724_030444,ModelEfficientNetB0_fvs_No_Noise_90k_RMSELoss,RMSELoss,2026-07-24 03:04:44,89/200,2026-07-24 11:54:37,0.026510,0.063047,True,0.00000625,282.39,36997985,8,42
ModelEfficientNetB0_fvs_No_Noise_90k_RMSELoss_20260724_030444,ModelEfficientNetB0_fvs_No_Noise_90k_RMSELoss,RMSELoss,2026-07-24 03:04:44,90/200,2026-07-24 11:59:23,0.026424,0.063474,False,0.00000625,275.90,36997985,8,42
ModelEfficientNetB0_fvs_No_Noise_90k_RMSELoss_20260724_030444,ModelEfficientNetB0_fvs_No_Noise_90k_RMSELoss,RMSELoss,2026-07-24 03:04:44,91/200,2026-07-24 12:04:03,0.026382,0.063355,False,0.00000625,279.81,36997985,8,42
ModelEfficientNetB0_fvs_No_Noise_90k_RMSELoss_20260724_030444,ModelEfficientNetB0_fvs_No_Noise_90k_RMSELoss,RMSELoss,2026-07-24 03:04:44,92/200,2026-07-24 12:08:46,0.026362,0.063261,False,0.00000625,283.01,36997985,8,42
ModelEfficientNetB0_fvs_No_Noise_90k_RMSELoss_20260724_030444,ModelEfficientNetB0_fvs_No_Noise_90k_RMSELoss,RMSELoss,2026-07-24 03:04:44,93/200,2026-07-24 12:13:14,0.026234,0.063233,False,0.00000625,268.42,36997985,8,42
ModelEfficientNetB0_fvs_No_Noise_90k_RMSELoss_20260724_030444,ModelEfficientNetB0_fvs_No_Noise_90k_RMSELoss,RMSELoss,2026-07-24 03:04:44,94/200,2026-07-24 12:17:42,0.026125,0.063208,False,0.00000625,267.65,36997985,8,42
ModelEfficientNetB0_fvs_No_Noise_90k_RMSELoss_20260724_030444,ModelEfficientNetB0_fvs_No_Noise_90k_RMSELoss,RMSELoss,2026-07-24 03:04:44,95/200,2026-07-24 12:22:08,0.026122,0.063137,False,0.00000625,265.69,36997985,8,42
ModelEfficientNetB0_fvs_No_Noise_90k_RMSELoss_20260724_030444,ModelEfficientNetB0_fvs_No_Noise_90k_RMSELoss,RMSELoss,2026-07-24 03:04:44,96/200,2026-07-24 12:26:34,0.026060,0.063000,True,0.00000625,266.18,36997985,8,42
ModelEfficientNetB0_fvs_No_Noise_90k_RMSELoss_20260724_030444,ModelEfficientNetB0_fvs_No_Noise_90k_RMSELoss,RMSELoss,2026-07-24 03:04:44,97/200,2026-07-24 12:31:11,0.026026,0.063461,False,0.00000625,267.68,36997985,8,42
ModelEfficientNetB0_fvs_No_Noise_90k_RMSELoss_20260724_030444,ModelEfficientNetB0_fvs_No_Noise_90k_RMSELoss,RMSELoss,2026-07-24 03:04:44,98/200,2026-07-24 12:35:40,0.025896,0.062924,True,0.00000625,268.51,36997985,8,42
ModelEfficientNetB0_fvs_No_Noise_90k_RMSELoss_20260724_030444,ModelEfficientNetB0_fvs_No_Noise_90k_RMSELoss,RMSELoss,2026-07-24 03:04:44,99/200,2026-07-24 12:40:15,0.025826,0.063091,False,0.00000625,265.40,36997985,8,42
ModelEfficientNetB0_fvs_No_Noise_90k_RMSELoss_20260724_030444,ModelEfficientNetB0_fvs_No_Noise_90k_RMSELoss,RMSELoss,2026-07-24 03:04:44,100/200,2026-07-24 12:44:43,0.025862,0.062880,True,0.00000313,267.96,36997985,8,42
ModelEfficientNetB0_fvs_No_Noise_90k_RMSELoss_20260724_030444,ModelEfficientNetB0_fvs_No_Noise_90k_RMSELoss,RMSELoss,2026-07-24 03:04:44,101/200,2026-07-24 12:49:17,0.025532,0.062976,False,0.00000313,264.77,36997985,8,42
ModelEfficientNetB0_fvs_No_Noise_90k_RMSELoss_20260724_030444,ModelEfficientNetB0_fvs_No_Noise_90k_RMSELoss,RMSELoss,2026-07-24 03:04:44,102/200,2026-07-24 12:53:42,0.025375,0.063036,False,0.00000313,264.78,36997985,8,42
ModelEfficientNetB0_fvs_No_Noise_90k_RMSELoss_20260724_030444,ModelEfficientNetB0_fvs_No_Noise_90k_RMSELoss,RMSELoss,2026-07-24 03:04:44,103/200,2026-07-24 12:58:06,0.025403,0.062913,False,0.00000313,264.25,36997985,8,42
ModelEfficientNetB0_fvs_No_Noise_90k_RMSELoss_20260724_030444,ModelEfficientNetB0_fvs_No_Noise_90k_RMSELoss,RMSELoss,2026-07-24 03:04:44,104/200,2026-07-24 13:02:32,0.025362,0.063005,False,0.00000313,265.66,36997985,8,42
ModelEfficientNetB0_fvs_No_Noise_90k_RMSELoss_20260724_030444,ModelEfficientNetB0_fvs_No_Noise_90k_RMSELoss,RMSELoss,2026-07-24 03:04:44,105/200,2026-07-24 13:06:56,0.025263,0.063104,False,0.00000313,264.38,36997985,8,42
ModelEfficientNetB0_fvs_No_Noise_90k_RMSELoss_20260724_030444,ModelEfficientNetB0_fvs_No_Noise_90k_RMSELoss,RMSELoss,2026-07-24 03:04:44,106/200,2026-07-24 13:11:26,0.025331,0.063101,False,0.00000313,269.62,36997985,8,42
ModelEfficientNetB0_fvs_No_Noise_90k_RMSELoss_20260724_030444,ModelEfficientNetB0_fvs_No_Noise_90k_RMSELoss,RMSELoss,2026-07-24 03:04:44,107/200,2026-07-24 13:15:51,0.025221,0.063016,False,0.00000313,264.89,36997985,8,42
ModelEfficientNetB0_fvs_No_Noise_90k_RMSELoss_20260724_030444,ModelEfficientNetB0_fvs_No_Noise_90k_RMSELoss,RMSELoss,2026-07-24 03:04:44,108/200,2026-07-24 13:20:15,0.025146,0.063119,False,0.00000313,263.67,36997985,8,42
ModelEfficientNetB0_fvs_No_Noise_90k_RMSELoss_20260724_030444,ModelEfficientNetB0_fvs_No_Noise_90k_RMSELoss,RMSELoss,2026-07-24 03:04:44,109/200,2026-07-24 13:24:39,0.025164,0.063238,False,0.00000313,264.04,36997985,8,42
ModelEfficientNetB0_fvs_No_Noise_90k_RMSELoss_20260724_030444,ModelEfficientNetB0_fvs_No_Noise_90k_RMSELoss,RMSELoss,2026-07-24 03:04:44,110/200,2026-07-24 13:29:03,0.025074,0.063225,False,0.00000313,263.93,36997985,8,42
ModelEfficientNetB0_fvs_No_Noise_90k_RMSELoss_20260724_030444,ModelEfficientNetB0_fvs_No_Noise_90k_RMSELoss,RMSELoss,2026-07-24 03:04:44,111/200,2026-07-24 13:33:27,0.025066,0.062952,False,0.00000313,263.91,36997985,8,42
ModelEfficientNetB0_fvs_No_Noise_90k_RMSELoss_20260724_030444,ModelEfficientNetB0_fvs_No_Noise_90k_RMSELoss,RMSELoss,2026-07-24 03:04:44,112/200,2026-07-24 13:37:52,0.025023,0.062855,True,0.00000313,265.09,36997985,8,42
ModelEfficientNetB0_fvs_No_Noise_90k_RMSELoss_20260724_030444,ModelEfficientNetB0_fvs_No_Noise_90k_RMSELoss,RMSELoss,2026-07-24 03:04:44,113/200,2026-07-24 13:42:26,0.024916,0.062959,False,0.00000313,264.77,36997985,8,42
ModelEfficientNetB0_fvs_No_Noise_90k_RMSELoss_20260724_030444,ModelEfficientNetB0_fvs_No_Noise_90k_RMSELoss,RMSELoss,2026-07-24 03:04:44,114/200,2026-07-24 13:46:54,0.024965,0.063078,False,0.00000313,267.60,36997985,8,42
ModelEfficientNetB0_fvs_No_Noise_90k_RMSELoss_20260724_030444,ModelEfficientNetB0_fvs_No_Noise_90k_RMSELoss,RMSELoss,2026-07-24 03:04:44,115/200,2026-07-24 13:51:17,0.024867,0.063083,False,0.00000313,262.94,36997985,8,42
ModelEfficientNetB0_fvs_No_Noise_90k_RMSELoss_20260724_030444,ModelEfficientNetB0_fvs_No_Noise_90k_RMSELoss,RMSELoss,2026-07-24 03:04:44,116/200,2026-07-24 13:55:40,0.024877,0.062850,True,0.00000313,263.50,36997985,8,42
ModelEfficientNetB0_fvs_No_Noise_90k_RMSELoss_20260724_030444,ModelEfficientNetB0_fvs_No_Noise_90k_RMSELoss,RMSELoss,2026-07-24 03:04:44,117/200,2026-07-24 14:00:14,0.024829,0.062983,False,0.00000313,264.41,36997985,8,42
ModelEfficientNetB0_fvs_No_Noise_90k_RMSELoss_20260724_030444,ModelEfficientNetB0_fvs_No_Noise_90k_RMSELoss,RMSELoss,2026-07-24 03:04:44,118/200,2026-07-24 14:04:39,0.024873,0.063033,False,0.00000313,264.62,36997985,8,42
ModelEfficientNetB0_fvs_No_Noise_90k_RMSELoss_20260724_030444,ModelEfficientNetB0_fvs_No_Noise_90k_RMSELoss,RMSELoss,2026-07-24 03:04:44,119/200,2026-07-24 14:09:03,0.024796,0.062811,True,0.00000313,264.28,36997985,8,42
ModelEfficientNetB0_fvs_No_Noise_90k_RMSELoss_20260724_030444,ModelEfficientNetB0_fvs_No_Noise_90k_RMSELoss,RMSELoss,2026-07-24 03:04:44,120/200,2026-07-24 14:13:37,0.024730,0.063018,False,0.00000156,264.05,36997985,8,42
ModelEfficientNetB0_fvs_No_Noise_90k_RMSELoss_20260724_030444,ModelEfficientNetB0_fvs_No_Noise_90k_RMSELoss,RMSELoss,2026-07-24 03:04:44,121/200,2026-07-24 14:18:01,0.024629,0.062813,False,0.00000156,264.61,36997985,8,42
ModelEfficientNetB0_fvs_No_Noise_90k_RMSELoss_20260724_030444,ModelEfficientNetB0_fvs_No_Noise_90k_RMSELoss,RMSELoss,2026-07-24 03:04:44,122/200,2026-07-24 14:22:24,0.024619,0.062819,False,0.00000156,262.43,36997985,8,42
ModelEfficientNetB0_fvs_No_Noise_90k_RMSELoss_20260724_030444,ModelEfficientNetB0_fvs_No_Noise_90k_RMSELoss,RMSELoss,2026-07-24 03:04:44,123/200,2026-07-24 14:26:47,0.024602,0.062934,False,0.00000156,263.13,36997985,8,42
ModelEfficientNetB0_fvs_No_Noise_90k_RMSELoss_20260724_030444,ModelEfficientNetB0_fvs_No_Noise_90k_RMSELoss,RMSELoss,2026-07-24 03:04:44,124/200,2026-07-24 14:31:10,0.024582,0.063002,False,0.00000156,262.78,36997985,8,42
ModelEfficientNetB0_fvs_No_Noise_90k_RMSELoss_20260724_030444,ModelEfficientNetB0_fvs_No_Noise_90k_RMSELoss,RMSELoss,2026-07-24 03:04:44,125/200,2026-07-24 14:35:33,0.024560,0.062849,False,0.00000156,263.08,36997985,8,42
ModelEfficientNetB0_fvs_No_Noise_90k_RMSELoss_20260724_030444,ModelEfficientNetB0_fvs_No_Noise_90k_RMSELoss,RMSELoss,2026-07-24 03:04:44,126/200,2026-07-24 14:40:01,0.024508,0.062870,False,0.00000156,268.05,36997985,8,42
ModelEfficientNetB0_fvs_No_Noise_90k_RMSELoss_20260724_030444,ModelEfficientNetB0_fvs_No_Noise_90k_RMSELoss,RMSELoss,2026-07-24 03:04:44,127/200,2026-07-24 14:44:31,0.024548,0.062779,True,0.00000156,269.62,36997985,8,42
ModelEfficientNetB0_fvs_No_Noise_90k_RMSELoss_20260724_030444,ModelEfficientNetB0_fvs_No_Noise_90k_RMSELoss,RMSELoss,2026-07-24 03:04:44,128/200,2026-07-24 14:49:05,0.024484,0.062938,False,0.00000156,264.95,36997985,8,42
ModelEfficientNetB0_fvs_No_Noise_90k_RMSELoss_20260724_030444,ModelEfficientNetB0_fvs_No_Noise_90k_RMSELoss,RMSELoss,2026-07-24 03:04:44,129/200,2026-07-24 14:53:31,0.024498,0.062801,False,0.00000156,266.02,36997985,8,42
ModelEfficientNetB0_fvs_No_Noise_90k_RMSELoss_20260724_030444,ModelEfficientNetB0_fvs_No_Noise_90k_RMSELoss,RMSELoss,2026-07-24 03:04:44,130/200,2026-07-24 14:57:58,0.024373,0.062695,True,0.00000156,266.42,36997985,8,42
ModelEfficientNetB0_fvs_No_Noise_90k_RMSELoss_20260724_030444,ModelEfficientNetB0_fvs_No_Noise_90k_RMSELoss,RMSELoss,2026-07-24 03:04:44,131/200,2026-07-24 15:02:33,0.024394,0.062863,False,0.00000156,265.21,36997985,8,42
ModelEfficientNetB0_fvs_No_Noise_90k_RMSELoss_20260724_030444,ModelEfficientNetB0_fvs_No_Noise_90k_RMSELoss,RMSELoss,2026-07-24 03:04:44,132/200,2026-07-24 15:06:59,0.024431,0.062806,False,0.00000156,266.52,36997985,8,42
ModelEfficientNetB0_fvs_No_Noise_90k_RMSELoss_20260724_030444,ModelEfficientNetB0_fvs_No_Noise_90k_RMSELoss,RMSELoss,2026-07-24 03:04:44,133/200,2026-07-24 15:11:25,0.024397,0.062759,False,0.00000156,266.03,36997985,8,42
ModelEfficientNetB0_fvs_No_Noise_90k_RMSELoss_20260724_030444,ModelEfficientNetB0_fvs_No_Noise_90k_RMSELoss,RMSELoss,2026-07-24 03:04:44,134/200,2026-07-24 15:15:55,0.024385,0.062824,False,0.00000156,270.29,36997985,8,42
ModelEfficientNetB0_fvs_No_Noise_90k_RMSELoss_20260724_030444,ModelEfficientNetB0_fvs_No_Noise_90k_RMSELoss,RMSELoss,2026-07-24 03:04:44,135/200,2026-07-24 15:20:21,0.024342,0.062879,False,0.00000156,265.13,36997985,8,42
ModelEfficientNetB0_fvs_No_Noise_90k_RMSELoss_20260724_030444,ModelEfficientNetB0_fvs_No_Noise_90k_RMSELoss,RMSELoss,2026-07-24 03:04:44,136/200,2026-07-24 15:24:47,0.024307,0.062842,False,0.00000156,266.64,36997985,8,42
ModelEfficientNetB0_fvs_No_Noise_90k_RMSELoss_20260724_030444,ModelEfficientNetB0_fvs_No_Noise_90k_RMSELoss,RMSELoss,2026-07-24 03:04:44,137/200,2026-07-24 15:29:13,0.024418,0.062885,False,0.00000156,265.74,36997985,8,42
ModelEfficientNetB0_fvs_No_Noise_90k_RMSELoss_20260724_030444,ModelEfficientNetB0_fvs_No_Noise_90k_RMSELoss,RMSELoss,2026-07-24 03:04:44,138/200,2026-07-24 15:33:39,0.024345,0.062800,False,0.00000156,265.79,36997985,8,42
ModelEfficientNetB0_fvs_No_Noise_90k_RMSELoss_20260724_030444,ModelEfficientNetB0_fvs_No_Noise_90k_RMSELoss,RMSELoss,2026-07-24 03:04:44,139/200,2026-07-24 15:38:04,0.024248,0.062821,False,0.00000156,265.15,36997985,8,42
ModelEfficientNetB0_fvs_No_Noise_90k_RMSELoss_20260724_030444,ModelEfficientNetB0_fvs_No_Noise_90k_RMSELoss,RMSELoss,2026-07-24 03:04:44,140/200,2026-07-24 15:42:31,0.024282,0.062872,False,0.00000078,267.35,36997985,8,42
ModelEfficientNetB0_fvs_No_Noise_90k_RMSELoss_20260724_030444,ModelEfficientNetB0_fvs_No_Noise_90k_RMSELoss,RMSELoss,2026-07-24 03:04:44,141/200,2026-07-24 15:46:58,0.024222,0.062854,False,0.00000078,266.38,36997985,8,42
ModelEfficientNetB0_fvs_No_Noise_90k_RMSELoss_20260724_030444,ModelEfficientNetB0_fvs_No_Noise_90k_RMSELoss,RMSELoss,2026-07-24 03:04:44,142/200,2026-07-24 15:51:25,0.024207,0.062710,False,0.00000078,266.99,36997985,8,42
ModelEfficientNetB0_fvs_No_Noise_90k_RMSELoss_20260724_030444,ModelEfficientNetB0_fvs_No_Noise_90k_RMSELoss,RMSELoss,2026-07-24 03:04:44,143/200,2026-07-24 15:55:50,0.024154,0.063093,False,0.00000078,265.26,36997985,8,42
ModelEfficientNetB0_fvs_No_Noise_90k_RMSELoss_20260724_030444,ModelEfficientNetB0_fvs_No_Noise_90k_RMSELoss,RMSELoss,2026-07-24 03:04:44,144/200,2026-07-24 16:00:14,0.024152,0.062845,False,0.00000078,264.40,36997985,8,42
ModelEfficientNetB0_fvs_No_Noise_90k_RMSELoss_20260724_030444,ModelEfficientNetB0_fvs_No_Noise_90k_RMSELoss,RMSELoss,2026-07-24 03:04:44,145/200,2026-07-24 16:04:41,0.024154,0.062828,False,0.00000078,266.70,36997985,8,42
ModelEfficientNetB0_fvs_No_Noise_90k_RMSELoss_20260724_030444,ModelEfficientNetB0_fvs_No_Noise_90k_RMSELoss,RMSELoss,2026-07-24 03:04:44,146/200,2026-07-24 16:09:08,0.024164,0.062716,False,0.00000078,266.82,36997985,8,42
ModelEfficientNetB0_fvs_No_Noise_90k_RMSELoss_20260724_030444,ModelEfficientNetB0_fvs_No_Noise_90k_RMSELoss,RMSELoss,2026-07-24 03:04:44,147/200,2026-07-24 16:13:34,0.024135,0.062843,False,0.00000078,266.42,36997985,8,42
ModelEfficientNetB0_fvs_No_Noise_90k_RMSELoss_20260724_030444,ModelEfficientNetB0_fvs_No_Noise_90k_RMSELoss,RMSELoss,2026-07-24 03:04:44,148/200,2026-07-24 16:18:01,0.024114,0.062829,False,0.00000078,266.83,36997985,8,42
ModelEfficientNetB0_fvs_No_Noise_90k_RMSELoss_20260724_030444,ModelEfficientNetB0_fvs_No_Noise_90k_RMSELoss,RMSELoss,2026-07-24 03:04:44,149/200,2026-07-24 16:22:27,0.024135,0.062950,False,0.00000078,266.05,36997985,8,42
ModelEfficientNetB0_fvs_No_Noise_90k_RMSELoss_20260724_030444,ModelEfficientNetB0_fvs_No_Noise_90k_RMSELoss,RMSELoss,2026-07-24 03:04:44,150/200,2026-07-24 16:26:53,0.024100,0.062850,False,0.00000078,265.76,36997985,8,42
ModelEfficientNetB0_fvs_No_Noise_90k_RMSELoss_20260724_030444,ModelEfficientNetB0_fvs_No_Noise_90k_RMSELoss,RMSELoss,2026-07-24 03:04:44,151/200,2026-07-24 16:31:19,0.024101,0.062783,False,0.00000078,266.28,36997985,8,42
ModelEfficientNetB0_fvs_No_Noise_90k_RMSELoss_20260724_030444,ModelEfficientNetB0_fvs_No_Noise_90k_RMSELoss,RMSELoss,2026-07-24 03:04:44,152/200,2026-07-24 16:35:43,0.024063,0.062886,False,0.00000078,264.03,36997985,8,42
ModelEfficientNetB0_fvs_No_Noise_90k_RMSELoss_20260724_030444,ModelEfficientNetB0_fvs_No_Noise_90k_RMSELoss,RMSELoss,2026-07-24 03:04:44,153/200,2026-07-24 16:40:07,0.024134,0.062887,False,0.00000078,264.03,36997985,8,42
ModelEfficientNetB0_fvs_No_Noise_90k_RMSELoss_20260724_030444,ModelEfficientNetB0_fvs_No_Noise_90k_RMSELoss,RMSELoss,2026-07-24 03:04:44,154/200,2026-07-24 16:44:33,0.024044,0.062854,False,0.00000078,265.45,36997985,8,42
ModelEfficientNetB0_fvs_No_Noise_90k_RMSELoss_20260724_030444,ModelEfficientNetB0_fvs_No_Noise_90k_RMSELoss,RMSELoss,2026-07-24 03:04:44,155/200,2026-07-24 16:48:57,0.024041,0.062732,False,0.00000078,264.26,36997985,8,42
ModelEfficientNetB0_fvs_No_Noise_90k_RMSELoss_20260724_030444,ModelEfficientNetB0_fvs_No_Noise_90k_RMSELoss,RMSELoss,2026-07-24 03:04:44,156/200,2026-07-24 16:53:21,0.024044,0.062722,False,0.00000078,263.91,36997985,8,42
ModelEfficientNetB0_fvs_No_Noise_90k_RMSELoss_20260724_030444,ModelEfficientNetB0_fvs_No_Noise_90k_RMSELoss,RMSELoss,2026-07-24 03:04:44,157/200,2026-07-24 16:57:46,0.024075,0.062891,False,0.00000078,264.79,36997985,8,42
ModelEfficientNetB0_fvs_No_Noise_90k_RMSELoss_20260724_030444,ModelEfficientNetB0_fvs_No_Noise_90k_RMSELoss,RMSELoss,2026-07-24 03:04:44,158/200,2026-07-24 17:02:12,0.024045,0.062769,False,0.00000078,266.28,36997985,8,42
ModelEfficientNetB0_fvs_No_Noise_90k_RMSELoss_20260724_030444,ModelEfficientNetB0_fvs_No_Noise_90k_RMSELoss,RMSELoss,2026-07-24 03:04:44,159/200,2026-07-24 17:06:41,0.024045,0.062836,False,0.00000078,268.74,36997985,8,42
ModelEfficientNetB0_fvs_No_Noise_90k_RMSELoss_20260724_030444,ModelEfficientNetB0_fvs_No_Noise_90k_RMSELoss,RMSELoss,2026-07-24 03:04:44,160/200,2026-07-24 17:11:05,0.023987,0.062900,False,0.00000039,264.62,36997985,8,42
ModelEfficientNetB0_fvs_No_Noise_90k_RMSELoss_20260724_030444,ModelEfficientNetB0_fvs_No_Noise_90k_RMSELoss,RMSELoss,2026-07-24 03:04:44,161/200,2026-07-24 17:15:31,0.023991,0.062794,False,0.00000039,265.47,36997985,8,42
ModelEfficientNetB0_fvs_No_Noise_90k_RMSELoss_20260724_030444,ModelEfficientNetB0_fvs_No_Noise_90k_RMSELoss,RMSELoss,2026-07-24 03:04:44,162/200,2026-07-24 17:19:54,0.023952,0.062924,False,0.00000039,263.47,36997985,8,42
ModelEfficientNetB0_fvs_No_Noise_90k_RMSELoss_20260724_030444,ModelEfficientNetB0_fvs_No_Noise_90k_RMSELoss,RMSELoss,2026-07-24 03:04:44,163/200,2026-07-24 17:24:18,0.023932,0.062818,False,0.00000039,263.57,36997985,8,42
ModelEfficientNetB0_fvs_No_Noise_90k_RMSELoss_20260724_030444,ModelEfficientNetB0_fvs_No_Noise_90k_RMSELoss,RMSELoss,2026-07-24 03:04:44,164/200,2026-07-24 17:28:41,0.023913,0.062788,False,0.00000039,263.19,36997985,8,42
ModelEfficientNetB0_fvs_No_Noise_90k_RMSELoss_20260724_030444,ModelEfficientNetB0_fvs_No_Noise_90k_RMSELoss,RMSELoss,2026-07-24 03:04:44,165/200,2026-07-24 17:33:08,0.024003,0.062909,False,0.00000039,267.16,36997985,8,42
ModelEfficientNetB0_fvs_No_Noise_90k_RMSELoss_20260724_030444,ModelEfficientNetB0_fvs_No_Noise_90k_RMSELoss,RMSELoss,2026-07-24 03:04:44,166/200,2026-07-24 17:37:32,0.023950,0.062897,False,0.00000039,263.71,36997985,8,42
ModelEfficientNetB0_fvs_No_Noise_90k_RMSELoss_20260724_030444,ModelEfficientNetB0_fvs_No_Noise_90k_RMSELoss,RMSELoss,2026-07-24 03:04:44,167/200,2026-07-24 17:41:57,0.023984,0.062801,False,0.00000039,265.24,36997985,8,42
ModelEfficientNetB0_fvs_No_Noise_90k_RMSELoss_20260724_030444,ModelEfficientNetB0_fvs_No_Noise_90k_RMSELoss,RMSELoss,2026-07-24 03:04:44,168/200,2026-07-24 17:46:22,0.023965,0.062702,False,0.00000039,264.97,36997985,8,42
ModelEfficientNetB0_fvs_No_Noise_90k_RMSELoss_20260724_030444,ModelEfficientNetB0_fvs_No_Noise_90k_RMSELoss,RMSELoss,2026-07-24 03:04:44,169/200,2026-07-24 17:50:47,0.023875,0.062671,True,0.00000039,264.87,36997985,8,42
ModelEfficientNetB0_fvs_No_Noise_90k_RMSELoss_20260724_030444,ModelEfficientNetB0_fvs_No_Noise_90k_RMSELoss,RMSELoss,2026-07-24 03:04:44,170/200,2026-07-24 17:55:20,0.023966,0.062697,False,0.00000039,263.46,36997985,8,42
ModelEfficientNetB0_fvs_No_Noise_90k_RMSELoss_20260724_030444,ModelEfficientNetB0_fvs_No_Noise_90k_RMSELoss,RMSELoss,2026-07-24 03:04:44,171/200,2026-07-24 17:59:46,0.023967,0.062795,False,0.00000039,265.68,36997985,8,42
ModelEfficientNetB0_fvs_No_Noise_90k_RMSELoss_20260724_030444,ModelEfficientNetB0_fvs_No_Noise_90k_RMSELoss,RMSELoss,2026-07-24 03:04:44,172/200,2026-07-24 18:04:11,0.023994,0.062765,False,0.00000039,265.20,36997985,8,42
ModelEfficientNetB0_fvs_No_Noise_90k_RMSELoss_20260724_030444,ModelEfficientNetB0_fvs_No_Noise_90k_RMSELoss,RMSELoss,2026-07-24 03:04:44,173/200,2026-07-24 18:08:36,0.023936,0.062817,False,0.00000039,264.98,36997985,8,42
ModelEfficientNetB0_fvs_No_Noise_90k_RMSELoss_20260724_030444,ModelEfficientNetB0_fvs_No_Noise_90k_RMSELoss,RMSELoss,2026-07-24 03:04:44,174/200,2026-07-24 18:13:00,0.023972,0.062933,False,0.00000039,263.29,36997985,8,42
ModelEfficientNetB0_fvs_No_Noise_90k_RMSELoss_20260724_030444,ModelEfficientNetB0_fvs_No_Noise_90k_RMSELoss,RMSELoss,2026-07-24 03:04:44,175/200,2026-07-24 18:17:24,0.023913,0.062939,False,0.00000039,264.20,36997985,8,42
ModelEfficientNetB0_fvs_No_Noise_90k_RMSELoss_20260724_030444,ModelEfficientNetB0_fvs_No_Noise_90k_RMSELoss,RMSELoss,2026-07-24 03:04:44,176/200,2026-07-24 18:21:47,0.023924,0.062704,False,0.00000039,263.46,36997985,8,42
ModelEfficientNetB0_fvs_No_Noise_90k_RMSELoss_20260724_030444,ModelEfficientNetB0_fvs_No_Noise_90k_RMSELoss,RMSELoss,2026-07-24 03:04:44,177/200,2026-07-24 18:26:10,0.023859,0.062789,False,0.00000039,263.18,36997985,8,42
ModelEfficientNetB0_fvs_No_Noise_90k_RMSELoss_20260724_030444,ModelEfficientNetB0_fvs_No_Noise_90k_RMSELoss,RMSELoss,2026-07-24 03:04:44,178/200,2026-07-24 18:30:35,0.023938,0.062724,False,0.00000039,264.34,36997985,8,42
ModelEfficientNetB0_fvs_No_Noise_90k_RMSELoss_20260724_030444,ModelEfficientNetB0_fvs_No_Noise_90k_RMSELoss,RMSELoss,2026-07-24 03:04:44,179/200,2026-07-24 18:35:02,0.023910,0.062864,False,0.00000039,267.06,36997985,8,42
ModelEfficientNetB0_fvs_No_Noise_90k_RMSELoss_20260724_030444,ModelEfficientNetB0_fvs_No_Noise_90k_RMSELoss,RMSELoss,2026-07-24 03:04:44,180/200,2026-07-24 18:39:26,0.023938,0.062785,False,0.00000020,263.80,36997985,8,42
ModelEfficientNetB0_fvs_No_Noise_90k_RMSELoss_20260724_030444,ModelEfficientNetB0_fvs_No_Noise_90k_RMSELoss,RMSELoss,2026-07-24 03:04:44,181/200,2026-07-24 18:43:51,0.023940,0.062895,False,0.00000020,265.00,36997985,8,42
ModelEfficientNetB0_fvs_No_Noise_90k_RMSELoss_20260724_030444,ModelEfficientNetB0_fvs_No_Noise_90k_RMSELoss,RMSELoss,2026-07-24 03:04:44,182/200,2026-07-24 18:48:14,0.023881,0.062816,False,0.00000020,263.48,36997985,8,42
ModelEfficientNetB0_fvs_No_Noise_90k_RMSELoss_20260724_030444,ModelEfficientNetB0_fvs_No_Noise_90k_RMSELoss,RMSELoss,2026-07-24 03:04:44,183/200,2026-07-24 18:52:39,0.023858,0.062790,False,0.00000020,264.40,36997985,8,42
ModelEfficientNetB0_fvs_No_Noise_90k_RMSELoss_20260724_030444,ModelEfficientNetB0_fvs_No_Noise_90k_RMSELoss,RMSELoss,2026-07-24 03:04:44,184/200,2026-07-24 18:57:02,0.023847,0.062747,False,0.00000020,263.33,36997985,8,42
ModelEfficientNetB0_fvs_No_Noise_90k_RMSELoss_20260724_030444,ModelEfficientNetB0_fvs_No_Noise_90k_RMSELoss,RMSELoss,2026-07-24 03:04:44,185/200,2026-07-24 19:01:27,0.023906,0.062948,False,0.00000020,264.72,36997985,8,42
ModelEfficientNetB0_fvs_No_Noise_90k_RMSELoss_20260724_030444,ModelEfficientNetB0_fvs_No_Noise_90k_RMSELoss,RMSELoss,2026-07-24 03:04:44,186/200,2026-07-24 19:05:53,0.023898,0.062834,False,0.00000020,266.15,36997985,8,42
ModelEfficientNetB0_fvs_No_Noise_90k_RMSELoss_20260724_030444,ModelEfficientNetB0_fvs_No_Noise_90k_RMSELoss,RMSELoss,2026-07-24 03:04:44,187/200,2026-07-24 19:10:17,0.023824,0.062933,False,0.00000020,264.57,36997985,8,42
ModelEfficientNetB0_fvs_No_Noise_90k_RMSELoss_20260724_030444,ModelEfficientNetB0_fvs_No_Noise_90k_RMSELoss,RMSELoss,2026-07-24 03:04:44,188/200,2026-07-24 19:14:43,0.023911,0.062744,False,0.00000020,265.26,36997985,8,42
ModelEfficientNetB0_fvs_No_Noise_90k_RMSELoss_20260724_030444,ModelEfficientNetB0_fvs_No_Noise_90k_RMSELoss,RMSELoss,2026-07-24 03:04:44,189/200,2026-07-24 19:19:06,0.023861,0.062789,False,0.00000020,263.71,36997985,8,42
ModelEfficientNetB0_fvs_No_Noise_90k_RMSELoss_20260724_030444,ModelEfficientNetB0_fvs_No_Noise_90k_RMSELoss,RMSELoss,2026-07-24 03:04:44,190/200,2026-07-24 19:23:31,0.023860,0.062850,False,0.00000020,264.57,36997985,8,42
ModelEfficientNetB0_fvs_No_Noise_90k_RMSELoss_20260724_030444,ModelEfficientNetB0_fvs_No_Noise_90k_RMSELoss,RMSELoss,2026-07-24 03:04:44,191/200,2026-07-24 19:27:54,0.023886,0.062867,False,0.00000020,262.65,36997985,8,42
ModelEfficientNetB0_fvs_No_Noise_90k_RMSELoss_20260724_030444,ModelEfficientNetB0_fvs_No_Noise_90k_RMSELoss,RMSELoss,2026-07-24 03:04:44,192/200,2026-07-24 19:32:19,0.023886,0.062869,False,0.00000020,264.96,36997985,8,42
ModelEfficientNetB0_fvs_No_Noise_90k_RMSELoss_20260724_030444,ModelEfficientNetB0_fvs_No_Noise_90k_RMSELoss,RMSELoss,2026-07-24 03:04:44,193/200,2026-07-24 19:36:46,0.023817,0.062804,False,0.00000020,267.60,36997985,8,42
ModelEfficientNetB0_fvs_No_Noise_90k_RMSELoss_20260724_030444,ModelEfficientNetB0_fvs_No_Noise_90k_RMSELoss,RMSELoss,2026-07-24 03:04:44,194/200,2026-07-24 19:41:12,0.023852,0.062844,False,0.00000020,265.87,36997985,8,42
ModelEfficientNetB0_fvs_No_Noise_90k_RMSELoss_20260724_030444,ModelEfficientNetB0_fvs_No_Noise_90k_RMSELoss,RMSELoss,2026-07-24 03:04:44,195/200,2026-07-24 19:45:35,0.023954,0.062994,False,0.00000020,262.90,36997985,8,42
ModelEfficientNetB0_fvs_No_Noise_90k_RMSELoss_20260724_030444,ModelEfficientNetB0_fvs_No_Noise_90k_RMSELoss,RMSELoss,2026-07-24 03:04:44,196/200,2026-07-24 19:49:59,0.023841,0.062703,False,0.00000020,264.00,36997985,8,42
ModelEfficientNetB0_fvs_No_Noise_90k_RMSELoss_20260724_030444,ModelEfficientNetB0_fvs_No_Noise_90k_RMSELoss,RMSELoss,2026-07-24 03:04:44,197/200,2026-07-24 19:54:24,0.023911,0.062771,False,0.00000020,265.41,36997985,8,42
ModelEfficientNetB0_fvs_No_Noise_90k_RMSELoss_20260724_030444,ModelEfficientNetB0_fvs_No_Noise_90k_RMSELoss,RMSELoss,2026-07-24 03:04:44,198/200,2026-07-24 19:58:49,0.023827,0.063003,False,0.00000020,264.47,36997985,8,42
ModelEfficientNetB0_fvs_No_Noise_90k_RMSELoss_20260724_030444,ModelEfficientNetB0_fvs_No_Noise_90k_RMSELoss,RMSELoss,2026-07-24 03:04:44,199/200,2026-07-24 20:03:15,0.023808,0.062785,False,0.00000020,265.79,36997985,8,42
ModelEfficientNetB0_fvs_No_Noise_90k_RMSELoss_20260724_030444,ModelEfficientNetB0_fvs_No_Noise_90k_RMSELoss,RMSELoss,2026-07-24 03:04:44,200/200,2026-07-24 20:07:39,0.023866,0.062703,False,0.00000010,264.63,36997985,8,42
ModelEfficientNetB0_fvs_std0.1_90k_RMSELoss_20260804_161918,ModelEfficientNetB0_fvs_std0.1_90k_RMSELoss,RMSELoss,2026-08-04 16:19:18,1/200,2026-08-04 16:23:59,0.115534,5.087362,True,0.00010000,279.69,36997985,8,42
ModelEfficientNetB0_fvs_std0.1_90k_RMSELoss_20260804_161918,ModelEfficientNetB0_fvs_std0.1_90k_RMSELoss,RMSELoss,2026-08-04 16:19:18,2/200,2026-08-04 16:28:43,0.099138,0.228969,True,0.00010000,274.02,36997985,8,42
ModelEfficientNetB0_fvs_std0.1_90k_RMSELoss_20260804_161918,ModelEfficientNetB0_fvs_std0.1_90k_RMSELoss,RMSELoss,2026-08-04 16:19:18,3/200,2026-08-04 16:33:27,0.093906,0.209657,True,0.00010000,274.04,36997985,8,42
ModelEfficientNetB0_fvs_std0.1_90k_RMSELoss_20260804_161918,ModelEfficientNetB0_fvs_std0.1_90k_RMSELoss,RMSELoss,2026-08-04 16:19:18,4/200,2026-08-04 16:38:12,0.090479,0.177287,True,0.00010000,275.86,36997985,8,42
ModelEfficientNetB0_fvs_std0.1_90k_RMSELoss_20260804_161918,ModelEfficientNetB0_fvs_std0.1_90k_RMSELoss,RMSELoss,2026-08-04 16:19:18,5/200,2026-08-04 16:42:56,0.088126,0.148227,True,0.00010000,274.13,36997985,8,42
ModelEfficientNetB0_fvs_std0.1_90k_RMSELoss_20260804_161918,ModelEfficientNetB0_fvs_std0.1_90k_RMSELoss,RMSELoss,2026-08-04 16:19:18,6/200,2026-08-04 16:47:38,0.086227,0.181919,False,0.00010000,271.89,36997985,8,42
ModelEfficientNetB0_fvs_std0.1_90k_RMSELoss_20260804_161918,ModelEfficientNetB0_fvs_std0.1_90k_RMSELoss,RMSELoss,2026-08-04 16:19:18,7/200,2026-08-04 16:52:13,0.084167,0.165561,False,0.00010000,275.33,36997985,8,42
ModelEfficientNetB0_fvs_std0.1_90k_RMSELoss_20260804_161918,ModelEfficientNetB0_fvs_std0.1_90k_RMSELoss,RMSELoss,2026-08-04 16:19:18,8/200,2026-08-04 16:56:47,0.083008,0.187031,False,0.00010000,273.99,36997985,8,42
ModelEfficientNetB0_fvs_std0.1_90k_RMSELoss_20260804_161918,ModelEfficientNetB0_fvs_std0.1_90k_RMSELoss,RMSELoss,2026-08-04 16:19:18,9/200,2026-08-04 17:01:22,0.081480,0.240012,False,0.00010000,274.91,36997985,8,42
ModelEfficientNetB0_fvs_std0.1_90k_RMSELoss_20260804_161918,ModelEfficientNetB0_fvs_std0.1_90k_RMSELoss,RMSELoss,2026-08-04 16:19:18,10/200,2026-08-04 17:06:00,0.080326,0.230636,False,0.00010000,277.85,36997985,8,42
ModelEfficientNetB0_fvs_std0.1_90k_RMSELoss_20260804_161918,ModelEfficientNetB0_fvs_std0.1_90k_RMSELoss,RMSELoss,2026-08-04 16:19:18,11/200,2026-08-04 17:10:29,0.079007,0.156781,False,0.00010000,269.61,36997985,8,42
ModelEfficientNetB0_fvs_std0.1_90k_RMSELoss_20260804_161918,ModelEfficientNetB0_fvs_std0.1_90k_RMSELoss,RMSELoss,2026-08-04 16:19:18,12/200,2026-08-04 17:15:00,0.078228,0.159235,False,0.00010000,270.26,36997985,8,42
ModelEfficientNetB0_fvs_std0.1_90k_RMSELoss_20260804_161918,ModelEfficientNetB0_fvs_std0.1_90k_RMSELoss,RMSELoss,2026-08-04 16:19:18,13/200,2026-08-04 17:19:26,0.076987,0.200523,False,0.00010000,266.38,36997985,8,42
ModelEfficientNetB0_fvs_std0.1_90k_RMSELoss_20260804_161918,ModelEfficientNetB0_fvs_std0.1_90k_RMSELoss,RMSELoss,2026-08-04 16:19:18,14/200,2026-08-04 17:23:52,0.076304,0.218293,False,0.00010000,265.40,36997985,8,42
ModelEfficientNetB0_fvs_std0.1_90k_RMSELoss_20260804_161918,ModelEfficientNetB0_fvs_std0.1_90k_RMSELoss,RMSELoss,2026-08-04 16:19:18,15/200,2026-08-04 17:28:17,0.075583,0.179570,False,0.00010000,265.65,36997985,8,42
ModelEfficientNetB0_fvs_std0.1_90k_RMSELoss_20260804_161918,ModelEfficientNetB0_fvs_std0.1_90k_RMSELoss,RMSELoss,2026-08-04 16:19:18,16/200,2026-08-04 17:32:43,0.074561,0.222112,False,0.00010000,265.97,36997985,8,42
ModelEfficientNetB0_fvs_std0.1_90k_RMSELoss_20260804_161918,ModelEfficientNetB0_fvs_std0.1_90k_RMSELoss,RMSELoss,2026-08-04 16:19:18,17/200,2026-08-04 17:37:07,0.073771,0.160556,False,0.00010000,264.06,36997985,8,42
ModelEfficientNetB0_fvs_std0.1_90k_RMSELoss_20260804_161918,ModelEfficientNetB0_fvs_std0.1_90k_RMSELoss,RMSELoss,2026-08-04 16:19:18,18/200,2026-08-04 17:41:32,0.072966,0.138307,True,0.00010000,264.91,36997985,8,42
ModelEfficientNetB0_fvs_std0.1_90k_RMSELoss_20260804_161918,ModelEfficientNetB0_fvs_std0.1_90k_RMSELoss,RMSELoss,2026-08-04 16:19:18,19/200,2026-08-04 17:46:06,0.072284,0.134856,True,0.00010000,264.45,36997985,8,42
ModelEfficientNetB0_fvs_std0.1_90k_RMSELoss_20260804_161918,ModelEfficientNetB0_fvs_std0.1_90k_RMSELoss,RMSELoss,2026-08-04 16:19:18,20/200,2026-08-04 17:50:41,0.071703,0.111661,True,0.00005000,265.47,36997985,8,42
ModelEfficientNetB0_fvs_std0.1_90k_RMSELoss_20260804_161918,ModelEfficientNetB0_fvs_std0.1_90k_RMSELoss,RMSELoss,2026-08-04 16:19:18,21/200,2026-08-04 17:55:16,0.067649,0.116635,False,0.00005000,264.91,36997985,8,42
ModelEfficientNetB0_fvs_std0.1_90k_RMSELoss_20260804_161918,ModelEfficientNetB0_fvs_std0.1_90k_RMSELoss,RMSELoss,2026-08-04 16:19:18,22/200,2026-08-04 17:59:42,0.066398,0.114064,False,0.00005000,266.09,36997985,8,42
ModelEfficientNetB0_fvs_std0.1_90k_RMSELoss_20260804_161918,ModelEfficientNetB0_fvs_std0.1_90k_RMSELoss,RMSELoss,2026-08-04 16:19:18,23/200,2026-08-04 18:04:07,0.065683,0.115296,False,0.00005000,265.35,36997985,8,42
ModelEfficientNetB0_fvs_std0.1_90k_RMSELoss_20260804_161918,ModelEfficientNetB0_fvs_std0.1_90k_RMSELoss,RMSELoss,2026-08-04 16:19:18,24/200,2026-08-04 18:08:32,0.064927,0.111836,False,0.00005000,264.34,36997985,8,42
ModelEfficientNetB0_fvs_std0.1_90k_RMSELoss_20260804_161918,ModelEfficientNetB0_fvs_std0.1_90k_RMSELoss,RMSELoss,2026-08-04 16:19:18,25/200,2026-08-04 18:12:56,0.064411,0.107813,True,0.00005000,264.74,36997985,8,42
ModelEfficientNetB0_fvs_std0.1_90k_RMSELoss_20260804_161918,ModelEfficientNetB0_fvs_std0.1_90k_RMSELoss,RMSELoss,2026-08-04 16:19:18,26/200,2026-08-04 18:17:34,0.063847,0.104189,True,0.00005000,267.65,36997985,8,42
ModelEfficientNetB0_fvs_std0.1_90k_RMSELoss_20260804_161918,ModelEfficientNetB0_fvs_std0.1_90k_RMSELoss,RMSELoss,2026-08-04 16:19:18,27/200,2026-08-04 18:22:08,0.063328,0.111253,False,0.00005000,264.59,36997985,8,42
ModelEfficientNetB0_fvs_std0.1_90k_RMSELoss_20260804_161918,ModelEfficientNetB0_fvs_std0.1_90k_RMSELoss,RMSELoss,2026-08-04 16:19:18,28/200,2026-08-04 18:26:33,0.062718,0.100673,True,0.00005000,265.43,36997985,8,42
ModelEfficientNetB0_fvs_std0.1_90k_RMSELoss_20260804_161918,ModelEfficientNetB0_fvs_std0.1_90k_RMSELoss,RMSELoss,2026-08-04 16:19:18,29/200,2026-08-04 18:31:06,0.062151,0.108334,False,0.00005000,263.58,36997985,8,42
ModelEfficientNetB0_fvs_std0.1_90k_RMSELoss_20260804_161918,ModelEfficientNetB0_fvs_std0.1_90k_RMSELoss,RMSELoss,2026-08-04 16:19:18,30/200,2026-08-04 18:35:34,0.061701,0.121383,False,0.00005000,267.24,36997985,8,42
ModelEfficientNetB0_fvs_std0.1_90k_RMSELoss_20260804_161918,ModelEfficientNetB0_fvs_std0.1_90k_RMSELoss,RMSELoss,2026-08-04 16:19:18,31/200,2026-08-04 18:40:00,0.061284,0.104880,False,0.00005000,265.88,36997985,8,42
ModelEfficientNetB0_fvs_std0.1_90k_RMSELoss_20260804_161918,ModelEfficientNetB0_fvs_std0.1_90k_RMSELoss,RMSELoss,2026-08-04 16:19:18,32/200,2026-08-04 18:44:25,0.060815,0.098275,True,0.00005000,265.92,36997985,8,42
ModelEfficientNetB0_fvs_std0.1_90k_RMSELoss_20260804_161918,ModelEfficientNetB0_fvs_std0.1_90k_RMSELoss,RMSELoss,2026-08-04 16:19:18,33/200,2026-08-04 18:49:01,0.060298,0.105392,False,0.00005000,265.71,36997985,8,42
ModelEfficientNetB0_fvs_std0.1_90k_RMSELoss_20260804_161918,ModelEfficientNetB0_fvs_std0.1_90k_RMSELoss,RMSELoss,2026-08-04 16:19:18,34/200,2026-08-04 18:53:26,0.059898,0.107545,False,0.00005000,265.14,36997985,8,42
ModelEfficientNetB0_fvs_std0.1_90k_RMSELoss_20260804_161918,ModelEfficientNetB0_fvs_std0.1_90k_RMSELoss,RMSELoss,2026-08-04 16:19:18,35/200,2026-08-04 18:57:51,0.059439,0.107800,False,0.00005000,264.82,36997985,8,42
ModelEfficientNetB0_fvs_std0.1_90k_RMSELoss_20260804_161918,ModelEfficientNetB0_fvs_std0.1_90k_RMSELoss,RMSELoss,2026-08-04 16:19:18,36/200,2026-08-04 19:02:17,0.059076,0.106075,False,0.00005000,265.91,36997985,8,42
ModelEfficientNetB0_fvs_std0.1_90k_RMSELoss_20260804_161918,ModelEfficientNetB0_fvs_std0.1_90k_RMSELoss,RMSELoss,2026-08-04 16:19:18,37/200,2026-08-04 19:06:42,0.058686,0.109623,False,0.00005000,264.83,36997985,8,42
ModelEfficientNetB0_fvs_std0.1_90k_RMSELoss_20260804_161918,ModelEfficientNetB0_fvs_std0.1_90k_RMSELoss,RMSELoss,2026-08-04 16:19:18,38/200,2026-08-04 19:11:06,0.058445,0.131345,False,0.00005000,264.62,36997985,8,42
ModelEfficientNetB0_fvs_std0.1_90k_RMSELoss_20260804_161918,ModelEfficientNetB0_fvs_std0.1_90k_RMSELoss,RMSELoss,2026-08-04 16:19:18,39/200,2026-08-04 19:15:30,0.057845,0.121606,False,0.00005000,264.26,36997985,8,42
ModelEfficientNetB0_fvs_std0.1_90k_RMSELoss_20260804_161918,ModelEfficientNetB0_fvs_std0.1_90k_RMSELoss,RMSELoss,2026-08-04 16:19:18,40/200,2026-08-04 19:19:55,0.057492,0.103075,False,0.00002500,264.67,36997985,8,42
ModelEfficientNetB0_fvs_std0.1_90k_RMSELoss_20260804_161918,ModelEfficientNetB0_fvs_std0.1_90k_RMSELoss,RMSELoss,2026-08-04 16:19:18,41/200,2026-08-04 19:24:20,0.055159,0.102467,False,0.00002500,264.89,36997985,8,42
ModelEfficientNetB0_fvs_std0.1_90k_RMSELoss_20260804_161918,ModelEfficientNetB0_fvs_std0.1_90k_RMSELoss,RMSELoss,2026-08-04 16:19:18,42/200,2026-08-04 19:28:46,0.054281,0.106942,False,0.00002500,266.30,36997985,8,42
ModelEfficientNetB0_fvs_std0.1_90k_RMSELoss_20260804_161918,ModelEfficientNetB0_fvs_std0.1_90k_RMSELoss,RMSELoss,2026-08-04 16:19:18,43/200,2026-08-04 19:33:11,0.053995,0.107175,False,0.00002500,264.41,36997985,8,42
ModelEfficientNetB0_fvs_std0.1_90k_RMSELoss_20260804_161918,ModelEfficientNetB0_fvs_std0.1_90k_RMSELoss,RMSELoss,2026-08-04 16:19:18,44/200,2026-08-04 19:37:35,0.053473,0.102187,False,0.00002500,264.00,36997985,8,42
ModelEfficientNetB0_fvs_std0.1_90k_RMSELoss_20260804_161918,ModelEfficientNetB0_fvs_std0.1_90k_RMSELoss,RMSELoss,2026-08-04 16:19:18,45/200,2026-08-04 19:42:01,0.053293,0.098737,False,0.00002500,266.40,36997985,8,42
ModelEfficientNetB0_fvs_std0.1_90k_RMSELoss_20260804_161918,ModelEfficientNetB0_fvs_std0.1_90k_RMSELoss,RMSELoss,2026-08-04 16:19:18,46/200,2026-08-04 19:46:24,0.052790,0.102743,False,0.00002500,263.20,36997985,8,42
ModelEfficientNetB0_fvs_std0.1_90k_RMSELoss_20260804_161918,ModelEfficientNetB0_fvs_std0.1_90k_RMSELoss,RMSELoss,2026-08-04 16:19:18,47/200,2026-08-04 19:50:48,0.052671,0.104855,False,0.00002500,264.08,36997985,8,42
ModelEfficientNetB0_fvs_std0.1_90k_RMSELoss_20260804_161918,ModelEfficientNetB0_fvs_std0.1_90k_RMSELoss,RMSELoss,2026-08-04 16:19:18,48/200,2026-08-04 19:55:13,0.052090,0.107735,False,0.00002500,264.66,36997985,8,42
ModelEfficientNetB0_fvs_std0.1_90k_RMSELoss_20260804_161918,ModelEfficientNetB0_fvs_std0.1_90k_RMSELoss,RMSELoss,2026-08-04 16:19:18,49/200,2026-08-04 19:59:37,0.052064,0.104050,False,0.00002500,264.33,36997985,8,42
ModelEfficientNetB0_fvs_std0.1_90k_RMSELoss_20260804_161918,ModelEfficientNetB0_fvs_std0.1_90k_RMSELoss,RMSELoss,2026-08-04 16:19:18,50/200,2026-08-04 20:04:02,0.051711,0.102890,False,0.00002500,264.36,36997985,8,42
ModelEfficientNetB0_fvs_std0.1_90k_RMSELoss_20260804_161918,ModelEfficientNetB0_fvs_std0.1_90k_RMSELoss,RMSELoss,2026-08-04 16:19:18,51/200,2026-08-04 20:08:27,0.051514,0.100269,False,0.00002500,265.21,36997985,8,42
ModelEfficientNetB0_fvs_std0.1_90k_RMSELoss_20260804_161918,ModelEfficientNetB0_fvs_std0.1_90k_RMSELoss,RMSELoss,2026-08-04 16:19:18,52/200,2026-08-04 20:12:52,0.051246,0.105762,False,0.00002500,264.95,36997985,8,42
ModelEfficientNetB0_fvs_std0.1_90k_RMSELoss_20260804_161918,ModelEfficientNetB0_fvs_std0.1_90k_RMSELoss,RMSELoss,2026-08-04 16:19:18,53/200,2026-08-04 20:17:17,0.050973,0.107741,False,0.00002500,265.11,36997985,8,42
ModelEfficientNetB0_fvs_std0.1_90k_RMSELoss_20260804_161918,ModelEfficientNetB0_fvs_std0.1_90k_RMSELoss,RMSELoss,2026-08-04 16:19:18,54/200,2026-08-04 20:21:40,0.050741,0.092092,True,0.00002500,262.47,36997985,8,42
ModelEfficientNetB0_fvs_std0.1_90k_RMSELoss_20260804_161918,ModelEfficientNetB0_fvs_std0.1_90k_RMSELoss,RMSELoss,2026-08-04 16:19:18,55/200,2026-08-04 20:26:14,0.050544,0.098978,False,0.00002500,264.48,36997985,8,42
ModelEfficientNetB0_fvs_std0.1_90k_RMSELoss_20260804_161918,ModelEfficientNetB0_fvs_std0.1_90k_RMSELoss,RMSELoss,2026-08-04 16:19:18,56/200,2026-08-04 20:30:40,0.050269,0.104443,False,0.00002500,266.11,36997985,8,42
ModelEfficientNetB0_fvs_std0.1_90k_RMSELoss_20260804_161918,ModelEfficientNetB0_fvs_std0.1_90k_RMSELoss,RMSELoss,2026-08-04 16:19:18,57/200,2026-08-04 20:35:05,0.049958,0.099403,False,0.00002500,265.09,36997985,8,42
ModelEfficientNetB0_fvs_std0.1_90k_RMSELoss_20260804_161918,ModelEfficientNetB0_fvs_std0.1_90k_RMSELoss,RMSELoss,2026-08-04 16:19:18,58/200,2026-08-04 20:39:30,0.049859,0.095249,False,0.00002500,264.89,36997985,8,42
ModelEfficientNetB0_fvs_std0.1_90k_RMSELoss_20260804_161918,ModelEfficientNetB0_fvs_std0.1_90k_RMSELoss,RMSELoss,2026-08-04 16:19:18,59/200,2026-08-04 20:43:53,0.049571,0.092050,True,0.00002500,263.62,36997985,8,42
ModelEfficientNetB0_fvs_std0.1_90k_RMSELoss_20260804_161918,ModelEfficientNetB0_fvs_std0.1_90k_RMSELoss,RMSELoss,2026-08-04 16:19:18,60/200,2026-08-04 20:48:28,0.049317,0.090509,True,0.00001250,264.66,36997985,8,42
ModelEfficientNetB0_fvs_std0.1_90k_RMSELoss_20260804_161918,ModelEfficientNetB0_fvs_std0.1_90k_RMSELoss,RMSELoss,2026-08-04 16:19:18,61/200,2026-08-04 20:53:02,0.048063,0.092174,False,0.00001250,265.17,36997985,8,42
ModelEfficientNetB0_fvs_std0.1_90k_RMSELoss_20260804_161918,ModelEfficientNetB0_fvs_std0.1_90k_RMSELoss,RMSELoss,2026-08-04 16:19:18,62/200,2026-08-04 20:57:26,0.047744,0.091692,False,0.00001250,263.76,36997985,8,42
ModelEfficientNetB0_fvs_std0.1_90k_RMSELoss_20260804_161918,ModelEfficientNetB0_fvs_std0.1_90k_RMSELoss,RMSELoss,2026-08-04 16:19:18,63/200,2026-08-04 21:01:51,0.047490,0.089936,True,0.00001250,265.21,36997985,8,42
ModelEfficientNetB0_fvs_std0.1_90k_RMSELoss_20260804_161918,ModelEfficientNetB0_fvs_std0.1_90k_RMSELoss,RMSELoss,2026-08-04 16:19:18,64/200,2026-08-04 21:06:25,0.047367,0.094115,False,0.00001250,263.69,36997985,8,42
ModelEfficientNetB0_fvs_std0.1_90k_RMSELoss_20260804_161918,ModelEfficientNetB0_fvs_std0.1_90k_RMSELoss,RMSELoss,2026-08-04 16:19:18,65/200,2026-08-04 21:10:49,0.047090,0.088473,True,0.00001250,264.05,36997985,8,42
ModelEfficientNetB0_fvs_std0.1_90k_RMSELoss_20260804_161918,ModelEfficientNetB0_fvs_std0.1_90k_RMSELoss,RMSELoss,2026-08-04 16:19:18,66/200,2026-08-04 21:15:21,0.046888,0.089325,False,0.00001250,262.77,36997985,8,42
ModelEfficientNetB0_fvs_std0.1_90k_RMSELoss_20260804_161918,ModelEfficientNetB0_fvs_std0.1_90k_RMSELoss,RMSELoss,2026-08-04 16:19:18,67/200,2026-08-04 21:19:47,0.046925,0.089480,False,0.00001250,265.97,36997985,8,42
ModelEfficientNetB0_fvs_std0.1_90k_RMSELoss_20260804_161918,ModelEfficientNetB0_fvs_std0.1_90k_RMSELoss,RMSELoss,2026-08-04 16:19:18,68/200,2026-08-04 21:24:13,0.046625,0.090140,False,0.00001250,265.35,36997985,8,42
ModelEfficientNetB0_fvs_std0.1_90k_RMSELoss_20260804_161918,ModelEfficientNetB0_fvs_std0.1_90k_RMSELoss,RMSELoss,2026-08-04 16:19:18,69/200,2026-08-04 21:28:39,0.046472,0.090109,False,0.00001250,266.08,36997985,8,42
ModelEfficientNetB0_fvs_std0.1_90k_RMSELoss_20260804_161918,ModelEfficientNetB0_fvs_std0.1_90k_RMSELoss,RMSELoss,2026-08-04 16:19:18,70/200,2026-08-04 21:33:04,0.046369,0.089585,False,0.00001250,265.68,36997985,8,42
ModelEfficientNetB0_fvs_std0.1_90k_RMSELoss_20260804_161918,ModelEfficientNetB0_fvs_std0.1_90k_RMSELoss,RMSELoss,2026-08-04 16:19:18,71/200,2026-08-04 21:37:34,0.046201,0.095656,False,0.00001250,269.15,36997985,8,42
ModelEfficientNetB0_fvs_std0.1_90k_RMSELoss_20260804_161918,ModelEfficientNetB0_fvs_std0.1_90k_RMSELoss,RMSELoss,2026-08-04 16:19:18,72/200,2026-08-04 21:41:55,0.046079,0.087294,True,0.00001250,261.17,36997985,8,42
ModelEfficientNetB0_fvs_std0.1_90k_RMSELoss_20260804_161918,ModelEfficientNetB0_fvs_std0.1_90k_RMSELoss,RMSELoss,2026-08-04 16:19:18,73/200,2026-08-04 21:46:28,0.046068,0.089581,False,0.00001250,264.18,36997985,8,42
ModelEfficientNetB0_fvs_std0.1_90k_RMSELoss_20260804_161918,ModelEfficientNetB0_fvs_std0.1_90k_RMSELoss,RMSELoss,2026-08-04 16:19:18,74/200,2026-08-04 21:50:53,0.045785,0.090334,False,0.00001250,264.53,36997985,8,42
ModelEfficientNetB0_fvs_std0.1_90k_RMSELoss_20260804_161918,ModelEfficientNetB0_fvs_std0.1_90k_RMSELoss,RMSELoss,2026-08-04 16:19:18,75/200,2026-08-04 21:55:19,0.045737,0.087653,False,0.00001250,265.76,36997985,8,42
ModelEfficientNetB0_fvs_std0.1_90k_RMSELoss_20260804_161918,ModelEfficientNetB0_fvs_std0.1_90k_RMSELoss,RMSELoss,2026-08-04 16:19:18,76/200,2026-08-04 21:59:42,0.045539,0.089308,False,0.00001250,263.62,36997985,8,42
ModelEfficientNetB0_fvs_std0.1_90k_RMSELoss_20260804_161918,ModelEfficientNetB0_fvs_std0.1_90k_RMSELoss,RMSELoss,2026-08-04 16:19:18,77/200,2026-08-04 22:04:07,0.045372,0.088574,False,0.00001250,264.74,36997985,8,42
ModelEfficientNetB0_fvs_std0.1_90k_RMSELoss_20260804_161918,ModelEfficientNetB0_fvs_std0.1_90k_RMSELoss,RMSELoss,2026-08-04 16:19:18,78/200,2026-08-04 22:08:31,0.045322,0.089050,False,0.00001250,264.22,36997985,8,42
ModelEfficientNetB0_fvs_std0.1_90k_RMSELoss_20260804_161918,ModelEfficientNetB0_fvs_std0.1_90k_RMSELoss,RMSELoss,2026-08-04 16:19:18,79/200,2026-08-04 22:12:55,0.045249,0.092733,False,0.00001250,263.74,36997985,8,42
ModelEfficientNetB0_fvs_std0.1_90k_RMSELoss_20260804_161918,ModelEfficientNetB0_fvs_std0.1_90k_RMSELoss,RMSELoss,2026-08-04 16:19:18,80/200,2026-08-04 22:17:20,0.045064,0.090255,False,0.00000625,264.89,36997985,8,42
ModelEfficientNetB0_fvs_std0.1_90k_RMSELoss_20260804_161918,ModelEfficientNetB0_fvs_std0.1_90k_RMSELoss,RMSELoss,2026-08-04 16:19:18,81/200,2026-08-04 22:21:45,0.044365,0.090885,False,0.00000625,265.29,36997985,8,42
ModelEfficientNetB0_fvs_std0.1_90k_RMSELoss_20260804_161918,ModelEfficientNetB0_fvs_std0.1_90k_RMSELoss,RMSELoss,2026-08-04 16:19:18,82/200,2026-08-04 22:26:09,0.044220,0.090176,False,0.00000625,263.80,36997985,8,42
ModelEfficientNetB0_fvs_std0.1_90k_RMSELoss_20260804_161918,ModelEfficientNetB0_fvs_std0.1_90k_RMSELoss,RMSELoss,2026-08-04 16:19:18,83/200,2026-08-04 22:30:32,0.044113,0.093139,False,0.00000625,263.28,36997985,8,42
ModelEfficientNetB0_fvs_std0.1_90k_RMSELoss_20260804_161918,ModelEfficientNetB0_fvs_std0.1_90k_RMSELoss,RMSELoss,2026-08-04 16:19:18,84/200,2026-08-04 22:34:57,0.043961,0.089382,False,0.00000625,264.44,36997985,8,42
ModelEfficientNetB0_fvs_std0.1_90k_RMSELoss_20260804_161918,ModelEfficientNetB0_fvs_std0.1_90k_RMSELoss,RMSELoss,2026-08-04 16:19:18,85/200,2026-08-04 22:39:21,0.043966,0.090595,False,0.00000625,263.91,36997985,8,42
ModelEfficientNetB0_fvs_std0.1_90k_RMSELoss_20260804_161918,ModelEfficientNetB0_fvs_std0.1_90k_RMSELoss,RMSELoss,2026-08-04 16:19:18,86/200,2026-08-04 22:43:44,0.043897,0.088452,False,0.00000625,263.15,36997985,8,42
ModelEfficientNetB0_fvs_std0.1_90k_RMSELoss_20260804_161918,ModelEfficientNetB0_fvs_std0.1_90k_RMSELoss,RMSELoss,2026-08-04 16:19:18,87/200,2026-08-04 22:48:09,0.043798,0.086804,True,0.00000625,265.05,36997985,8,42
ModelEfficientNetB0_fvs_std0.1_90k_RMSELoss_20260804_161918,ModelEfficientNetB0_fvs_std0.1_90k_RMSELoss,RMSELoss,2026-08-04 16:19:18,88/200,2026-08-04 22:52:41,0.043704,0.087603,False,0.00000625,262.70,36997985,8,42
ModelEfficientNetB0_fvs_std0.1_90k_RMSELoss_20260804_161918,ModelEfficientNetB0_fvs_std0.1_90k_RMSELoss,RMSELoss,2026-08-04 16:19:18,89/200,2026-08-04 22:57:05,0.043646,0.087335,False,0.00000625,263.98,36997985,8,42
ModelEfficientNetB0_fvs_std0.1_90k_RMSELoss_20260804_161918,ModelEfficientNetB0_fvs_std0.1_90k_RMSELoss,RMSELoss,2026-08-04 16:19:18,90/200,2026-08-04 23:01:31,0.043398,0.086042,True,0.00000625,265.47,36997985,8,42
ModelEfficientNetB0_fvs_std0.1_90k_RMSELoss_20260804_161918,ModelEfficientNetB0_fvs_std0.1_90k_RMSELoss,RMSELoss,2026-08-04 16:19:18,91/200,2026-08-04 23:06:06,0.043533,0.087372,False,0.00000625,265.80,36997985,8,42
ModelEfficientNetB0_fvs_std0.1_90k_RMSELoss_20260804_161918,ModelEfficientNetB0_fvs_std0.1_90k_RMSELoss,RMSELoss,2026-08-04 16:19:18,92/200,2026-08-04 23:10:31,0.043416,0.086184,False,0.00000625,264.37,36997985,8,42
ModelEfficientNetB0_fvs_std0.1_90k_RMSELoss_20260804_161918,ModelEfficientNetB0_fvs_std0.1_90k_RMSELoss,RMSELoss,2026-08-04 16:19:18,93/200,2026-08-04 23:14:54,0.043332,0.086081,False,0.00000625,263.05,36997985,8,42
ModelEfficientNetB0_fvs_std0.1_90k_RMSELoss_20260804_161918,ModelEfficientNetB0_fvs_std0.1_90k_RMSELoss,RMSELoss,2026-08-04 16:19:18,94/200,2026-08-04 23:19:17,0.043108,0.086523,False,0.00000625,263.54,36997985,8,42
ModelEfficientNetB0_fvs_std0.1_90k_RMSELoss_20260804_161918,ModelEfficientNetB0_fvs_std0.1_90k_RMSELoss,RMSELoss,2026-08-04 16:19:18,95/200,2026-08-04 23:23:44,0.043115,0.085698,True,0.00000625,266.47,36997985,8,42
ModelEfficientNetB0_fvs_std0.1_90k_RMSELoss_20260804_161918,ModelEfficientNetB0_fvs_std0.1_90k_RMSELoss,RMSELoss,2026-08-04 16:19:18,96/200,2026-08-04 23:28:17,0.043081,0.086205,False,0.00000625,264.01,36997985,8,42
ModelEfficientNetB0_fvs_std0.1_90k_RMSELoss_20260804_161918,ModelEfficientNetB0_fvs_std0.1_90k_RMSELoss,RMSELoss,2026-08-04 16:19:18,97/200,2026-08-04 23:32:41,0.043034,0.085105,True,0.00000625,263.62,36997985,8,42
ModelEfficientNetB0_fvs_std0.1_90k_RMSELoss_20260804_161918,ModelEfficientNetB0_fvs_std0.1_90k_RMSELoss,RMSELoss,2026-08-04 16:19:18,98/200,2026-08-04 23:37:16,0.042954,0.085676,False,0.00000625,265.99,36997985,8,42
ModelEfficientNetB0_fvs_std0.1_90k_RMSELoss_20260804_161918,ModelEfficientNetB0_fvs_std0.1_90k_RMSELoss,RMSELoss,2026-08-04 16:19:18,99/200,2026-08-04 23:41:41,0.042962,0.086145,False,0.00000625,264.64,36997985,8,42
ModelEfficientNetB0_fvs_std0.1_90k_RMSELoss_20260804_161918,ModelEfficientNetB0_fvs_std0.1_90k_RMSELoss,RMSELoss,2026-08-04 16:19:18,100/200,2026-08-04 23:46:05,0.042769,0.084391,True,0.00000313,263.68,36997985,8,42
ModelEfficientNetB0_fvs_std0.1_90k_RMSELoss_20260804_161918,ModelEfficientNetB0_fvs_std0.1_90k_RMSELoss,RMSELoss,2026-08-04 16:19:18,101/200,2026-08-04 23:50:39,0.042627,0.084811,False,0.00000313,264.58,36997985,8,42
ModelEfficientNetB0_fvs_std0.1_90k_RMSELoss_20260804_161918,ModelEfficientNetB0_fvs_std0.1_90k_RMSELoss,RMSELoss,2026-08-04 16:19:18,102/200,2026-08-04 23:55:03,0.042478,0.084714,False,0.00000313,264.14,36997985,8,42
ModelEfficientNetB0_fvs_std0.1_90k_RMSELoss_20260804_161918,ModelEfficientNetB0_fvs_std0.1_90k_RMSELoss,RMSELoss,2026-08-04 16:19:18,103/200,2026-08-04 23:59:27,0.042355,0.085552,False,0.00000313,264.09,36997985,8,42
ModelEfficientNetB0_fvs_std0.1_90k_RMSELoss_20260804_161918,ModelEfficientNetB0_fvs_std0.1_90k_RMSELoss,RMSELoss,2026-08-04 16:19:18,104/200,2026-08-05 00:03:54,0.042398,0.084934,False,0.00000313,267.32,36997985,8,42
ModelEfficientNetB0_fvs_std0.1_90k_RMSELoss_20260804_161918,ModelEfficientNetB0_fvs_std0.1_90k_RMSELoss,RMSELoss,2026-08-04 16:19:18,105/200,2026-08-05 00:08:18,0.042168,0.085467,False,0.00000313,263.45,36997985,8,42
ModelEfficientNetB0_fvs_std0.1_90k_RMSELoss_20260804_161918,ModelEfficientNetB0_fvs_std0.1_90k_RMSELoss,RMSELoss,2026-08-04 16:19:18,106/200,2026-08-05 00:12:43,0.042289,0.085498,False,0.00000313,264.73,36997985,8,42
ModelEfficientNetB0_fvs_std0.1_90k_RMSELoss_20260804_161918,ModelEfficientNetB0_fvs_std0.1_90k_RMSELoss,RMSELoss,2026-08-04 16:19:18,107/200,2026-08-05 00:17:06,0.042339,0.086018,False,0.00000313,263.80,36997985,8,42
ModelEfficientNetB0_fvs_std0.1_90k_RMSELoss_20260804_161918,ModelEfficientNetB0_fvs_std0.1_90k_RMSELoss,RMSELoss,2026-08-04 16:19:18,108/200,2026-08-05 00:21:33,0.042111,0.085994,False,0.00000313,266.32,36997985,8,42
ModelEfficientNetB0_fvs_std0.1_90k_RMSELoss_20260804_161918,ModelEfficientNetB0_fvs_std0.1_90k_RMSELoss,RMSELoss,2026-08-04 16:19:18,109/200,2026-08-05 00:25:58,0.042117,0.085413,False,0.00000313,265.60,36997985,8,42
ModelEfficientNetB0_fvs_std0.1_90k_RMSELoss_20260804_161918,ModelEfficientNetB0_fvs_std0.1_90k_RMSELoss,RMSELoss,2026-08-04 16:19:18,110/200,2026-08-05 00:30:23,0.042038,0.085059,False,0.00000313,264.23,36997985,8,42
ModelEfficientNetB0_fvs_std0.1_90k_RMSELoss_20260804_161918,ModelEfficientNetB0_fvs_std0.1_90k_RMSELoss,RMSELoss,2026-08-04 16:19:18,111/200,2026-08-05 00:34:48,0.041988,0.084751,False,0.00000313,264.92,36997985,8,42
ModelEfficientNetB0_fvs_std0.1_90k_RMSELoss_20260804_161918,ModelEfficientNetB0_fvs_std0.1_90k_RMSELoss,RMSELoss,2026-08-04 16:19:18,112/200,2026-08-05 00:39:11,0.041998,0.086643,False,0.00000313,263.45,36997985,8,42
ModelEfficientNetB0_fvs_std0.1_90k_RMSELoss_20260804_161918,ModelEfficientNetB0_fvs_std0.1_90k_RMSELoss,RMSELoss,2026-08-04 16:19:18,113/200,2026-08-05 00:43:37,0.041929,0.086982,False,0.00000313,265.99,36997985,8,42
ModelEfficientNetB0_fvs_std0.1_90k_RMSELoss_20260804_161918,ModelEfficientNetB0_fvs_std0.1_90k_RMSELoss,RMSELoss,2026-08-04 16:19:18,114/200,2026-08-05 00:48:01,0.041956,0.085359,False,0.00000313,263.89,36997985,8,42
ModelEfficientNetB0_fvs_std0.1_90k_RMSELoss_20260804_161918,ModelEfficientNetB0_fvs_std0.1_90k_RMSELoss,RMSELoss,2026-08-04 16:19:18,115/200,2026-08-05 00:52:25,0.041943,0.088400,False,0.00000313,263.89,36997985,8,42
ModelEfficientNetB0_fvs_std0.1_90k_RMSELoss_20260804_161918,ModelEfficientNetB0_fvs_std0.1_90k_RMSELoss,RMSELoss,2026-08-04 16:19:18,116/200,2026-08-05 00:56:49,0.041922,0.084883,False,0.00000313,263.95,36997985,8,42
ModelEfficientNetB0_fvs_std0.1_90k_RMSELoss_20260804_161918,ModelEfficientNetB0_fvs_std0.1_90k_RMSELoss,RMSELoss,2026-08-04 16:19:18,117/200,2026-08-05 01:01:14,0.041978,0.085603,False,0.00000313,265.62,36997985,8,42
ModelEfficientNetB0_fvs_std0.1_90k_RMSELoss_20260804_161918,ModelEfficientNetB0_fvs_std0.1_90k_RMSELoss,RMSELoss,2026-08-04 16:19:18,118/200,2026-08-05 01:05:40,0.041771,0.085965,False,0.00000313,266.05,36997985,8,42
ModelEfficientNetB0_fvs_std0.1_90k_RMSELoss_20260804_161918,ModelEfficientNetB0_fvs_std0.1_90k_RMSELoss,RMSELoss,2026-08-04 16:19:18,119/200,2026-08-05 01:10:05,0.041898,0.085380,False,0.00000313,264.35,36997985,8,42
ModelEfficientNetB0_fvs_std0.1_90k_RMSELoss_20260804_161918,ModelEfficientNetB0_fvs_std0.1_90k_RMSELoss,RMSELoss,2026-08-04 16:19:18,120/200,2026-08-05 01:14:30,0.041690,0.085760,False,0.00000156,264.75,36997985,8,42
ModelEfficientNetB0_fvs_std0.1_90k_RMSELoss_20260804_161918,ModelEfficientNetB0_fvs_std0.1_90k_RMSELoss,RMSELoss,2026-08-04 16:19:18,121/200,2026-08-05 01:18:54,0.041708,0.084722,False,0.00000156,264.12,36997985,8,42
ModelEfficientNetB0_fvs_std0.1_90k_RMSELoss_20260804_161918,ModelEfficientNetB0_fvs_std0.1_90k_RMSELoss,RMSELoss,2026-08-04 16:19:18,122/200,2026-08-05 01:23:19,0.041509,0.085541,False,0.00000156,264.96,36997985,8,42
ModelEfficientNetB0_fvs_std0.1_90k_RMSELoss_20260804_161918,ModelEfficientNetB0_fvs_std0.1_90k_RMSELoss,RMSELoss,2026-08-04 16:19:18,123/200,2026-08-05 01:27:46,0.041491,0.084806,False,0.00000156,267.09,36997985,8,42
ModelEfficientNetB0_fvs_std0.1_90k_RMSELoss_20260804_161918,ModelEfficientNetB0_fvs_std0.1_90k_RMSELoss,RMSELoss,2026-08-04 16:19:18,124/200,2026-08-05 01:32:11,0.041535,0.085350,False,0.00000156,265.08,36997985,8,42
ModelEfficientNetB0_fvs_std0.1_90k_RMSELoss_20260804_161918,ModelEfficientNetB0_fvs_std0.1_90k_RMSELoss,RMSELoss,2026-08-04 16:19:18,125/200,2026-08-05 01:36:34,0.041512,0.085480,False,0.00000156,263.59,36997985,8,42
ModelEfficientNetB0_fvs_std0.1_90k_RMSELoss_20260804_161918,ModelEfficientNetB0_fvs_std0.1_90k_RMSELoss,RMSELoss,2026-08-04 16:19:18,126/200,2026-08-05 01:40:59,0.041451,0.085390,False,0.00000156,264.64,36997985,8,42
ModelEfficientNetB0_fvs_std0.1_90k_RMSELoss_20260804_161918,ModelEfficientNetB0_fvs_std0.1_90k_RMSELoss,RMSELoss,2026-08-04 16:19:18,127/200,2026-08-05 01:45:24,0.041478,0.086078,False,0.00000156,264.56,36997985,8,42
ModelEfficientNetB0_fvs_std0.1_90k_RMSELoss_20260804_161918,ModelEfficientNetB0_fvs_std0.1_90k_RMSELoss,RMSELoss,2026-08-04 16:19:18,128/200,2026-08-05 01:49:49,0.041386,0.085144,False,0.00000156,265.07,36997985,8,42
ModelEfficientNetB0_fvs_std0.1_90k_RMSELoss_20260804_161918,ModelEfficientNetB0_fvs_std0.1_90k_RMSELoss,RMSELoss,2026-08-04 16:19:18,129/200,2026-08-05 01:54:14,0.041401,0.085122,False,0.00000156,265.02,36997985,8,42
ModelEfficientNetB0_fvs_std0.1_90k_RMSELoss_20260804_161918,ModelEfficientNetB0_fvs_std0.1_90k_RMSELoss,RMSELoss,2026-08-04 16:19:18,130/200,2026-08-05 01:58:39,0.041443,0.085458,False,0.00000156,265.51,36997985,8,42
ModelEfficientNetB0_fvs_std0.1_90k_RMSELoss_20260804_161918,ModelEfficientNetB0_fvs_std0.1_90k_RMSELoss,RMSELoss,2026-08-04 16:19:18,131/200,2026-08-05 02:03:04,0.041308,0.085022,False,0.00000156,264.73,36997985,8,42
ModelEfficientNetB0_fvs_std0.1_90k_RMSELoss_20260804_161918,ModelEfficientNetB0_fvs_std0.1_90k_RMSELoss,RMSELoss,2026-08-04 16:19:18,132/200,2026-08-05 02:07:29,0.041330,0.085593,False,0.00000156,264.48,36997985,8,42
ModelEfficientNetB0_fvs_std0.1_90k_RMSELoss_20260804_161918,ModelEfficientNetB0_fvs_std0.1_90k_RMSELoss,RMSELoss,2026-08-04 16:19:18,133/200,2026-08-05 02:11:53,0.041289,0.085244,False,0.00000156,264.19,36997985,8,42
ModelEfficientNetB0_fvs_std0.1_90k_RMSELoss_20260804_161918,ModelEfficientNetB0_fvs_std0.1_90k_RMSELoss,RMSELoss,2026-08-04 16:19:18,134/200,2026-08-05 02:16:17,0.041269,0.085185,False,0.00000156,264.33,36997985,8,42
ModelEfficientNetB0_fvs_std0.1_90k_RMSELoss_20260804_161918,ModelEfficientNetB0_fvs_std0.1_90k_RMSELoss,RMSELoss,2026-08-04 16:19:18,135/200,2026-08-05 02:20:41,0.041192,0.085951,False,0.00000156,264.35,36997985,8,42
ModelEfficientNetB0_fvs_std0.1_90k_RMSELoss_20260804_161918,ModelEfficientNetB0_fvs_std0.1_90k_RMSELoss,RMSELoss,2026-08-04 16:19:18,136/200,2026-08-05 02:25:10,0.041199,0.085344,False,0.00000156,268.57,36997985,8,42
ModelEfficientNetB0_fvs_std0.1_90k_RMSELoss_20260804_161918,ModelEfficientNetB0_fvs_std0.1_90k_RMSELoss,RMSELoss,2026-08-04 16:19:18,137/200,2026-08-05 02:29:36,0.041186,0.085408,False,0.00000156,265.65,36997985,8,42
ModelEfficientNetB0_fvs_std0.1_90k_RMSELoss_20260804_161918,ModelEfficientNetB0_fvs_std0.1_90k_RMSELoss,RMSELoss,2026-08-04 16:19:18,138/200,2026-08-05 02:34:01,0.041276,0.085613,False,0.00000156,265.00,36997985,8,42
ModelEfficientNetB0_fvs_std0.1_90k_RMSELoss_20260804_161918,ModelEfficientNetB0_fvs_std0.1_90k_RMSELoss,RMSELoss,2026-08-04 16:19:18,139/200,2026-08-05 02:38:25,0.041131,0.085256,False,0.00000156,264.39,36997985,8,42
ModelEfficientNetB0_fvs_std0.1_90k_RMSELoss_20260804_161918,ModelEfficientNetB0_fvs_std0.1_90k_RMSELoss,RMSELoss,2026-08-04 16:19:18,140/200,2026-08-05 02:42:49,0.041279,0.086748,False,0.00000078,264.41,36997985,8,42
ModelEfficientNetB0_fvs_std0.1_90k_RMSELoss_20260804_161918,ModelEfficientNetB0_fvs_std0.1_90k_RMSELoss,RMSELoss,2026-08-04 16:19:18,141/200,2026-08-05 02:47:16,0.041154,0.084800,False,0.00000078,266.89,36997985,8,42
ModelEfficientNetB0_fvs_std0.1_90k_RMSELoss_20260804_161918,ModelEfficientNetB0_fvs_std0.1_90k_RMSELoss,RMSELoss,2026-08-04 16:19:18,142/200,2026-08-05 02:51:43,0.040961,0.084788,False,0.00000078,267.14,36997985,8,42
ModelEfficientNetB0_fvs_std0.1_90k_RMSELoss_20260804_161918,ModelEfficientNetB0_fvs_std0.1_90k_RMSELoss,RMSELoss,2026-08-04 16:19:18,143/200,2026-08-05 02:56:09,0.041102,0.085663,False,0.00000078,265.00,36997985,8,42
ModelEfficientNetB0_fvs_std0.1_90k_RMSELoss_20260804_161918,ModelEfficientNetB0_fvs_std0.1_90k_RMSELoss,RMSELoss,2026-08-04 16:19:18,144/200,2026-08-05 03:00:35,0.041103,0.085293,False,0.00000078,266.43,36997985,8,42
ModelEfficientNetB0_fvs_std0.1_90k_RMSELoss_20260804_161918,ModelEfficientNetB0_fvs_std0.1_90k_RMSELoss,RMSELoss,2026-08-04 16:19:18,145/200,2026-08-05 03:05:01,0.041155,0.085006,False,0.00000078,266.53,36997985,8,42
ModelEfficientNetB0_fvs_std0.02_90k_RMSELoss_20260729_202908,ModelEfficientNetB0_fvs_std0.02_90k_RMSELoss,RMSELoss,2026-07-29 20:29:08,1/200,2026-07-29 20:33:37,0.112762,0.116659,True,0.00010000,267.54,36997985,8,42
ModelEfficientNetB0_fvs_std0.02_90k_RMSELoss_20260729_202908,ModelEfficientNetB0_fvs_std0.02_90k_RMSELoss,RMSELoss,2026-07-29 20:29:08,2/200,2026-07-29 20:38:13,0.095584,0.101480,True,0.00010000,266.34,36997985,8,42
ModelEfficientNetB0_fvs_std0.02_90k_RMSELoss_20260729_202908,ModelEfficientNetB0_fvs_std0.02_90k_RMSELoss,RMSELoss,2026-07-29 20:29:08,3/200,2026-07-29 20:42:52,0.089359,0.097974,True,0.00010000,269.99,36997985,8,42
ModelEfficientNetB0_fvs_std0.02_90k_RMSELoss_20260729_202908,ModelEfficientNetB0_fvs_std0.02_90k_RMSELoss,RMSELoss,2026-07-29 20:29:08,4/200,2026-07-29 20:47:27,0.085113,0.094001,True,0.00010000,265.34,36997985,8,42
ModelEfficientNetB0_fvs_std0.02_90k_RMSELoss_20260729_202908,ModelEfficientNetB0_fvs_std0.02_90k_RMSELoss,RMSELoss,2026-07-29 20:29:08,5/200,2026-07-29 20:52:06,0.082201,0.090385,True,0.00010000,268.80,36997985,8,42
ModelEfficientNetB0_fvs_std0.02_90k_RMSELoss_20260729_202908,ModelEfficientNetB0_fvs_std0.02_90k_RMSELoss,RMSELoss,2026-07-29 20:29:08,6/200,2026-07-29 20:56:42,0.079640,0.087663,True,0.00010000,266.13,36997985,8,42
ModelEfficientNetB0_fvs_std0.02_90k_RMSELoss_20260729_202908,ModelEfficientNetB0_fvs_std0.02_90k_RMSELoss,RMSELoss,2026-07-29 20:29:08,7/200,2026-07-29 21:01:18,0.077558,0.082610,True,0.00010000,266.48,36997985,8,42
ModelEfficientNetB0_fvs_std0.02_90k_RMSELoss_20260729_202908,ModelEfficientNetB0_fvs_std0.02_90k_RMSELoss,RMSELoss,2026-07-29 20:29:08,8/200,2026-07-29 21:05:55,0.075743,0.081091,True,0.00010000,267.97,36997985,8,42
ModelEfficientNetB0_fvs_std0.02_90k_RMSELoss_20260729_202908,ModelEfficientNetB0_fvs_std0.02_90k_RMSELoss,RMSELoss,2026-07-29 20:29:08,9/200,2026-07-29 21:10:32,0.074137,0.081171,False,0.00010000,266.99,36997985,8,42
ModelEfficientNetB0_fvs_std0.02_90k_RMSELoss_20260729_202908,ModelEfficientNetB0_fvs_std0.02_90k_RMSELoss,RMSELoss,2026-07-29 20:29:08,10/200,2026-07-29 21:14:59,0.072660,0.080983,True,0.00010000,266.58,36997985,8,42
ModelEfficientNetB0_fvs_std0.02_90k_RMSELoss_20260729_202908,ModelEfficientNetB0_fvs_std0.02_90k_RMSELoss,RMSELoss,2026-07-29 20:29:08,11/200,2026-07-29 21:19:35,0.070965,0.078366,True,0.00010000,266.11,36997985,8,42
ModelEfficientNetB0_fvs_std0.02_90k_RMSELoss_20260729_202908,ModelEfficientNetB0_fvs_std0.02_90k_RMSELoss,RMSELoss,2026-07-29 20:29:08,12/200,2026-07-29 21:24:15,0.069938,0.078480,False,0.00010000,271.04,36997985,8,42
ModelEfficientNetB0_fvs_std0.02_90k_RMSELoss_20260729_202908,ModelEfficientNetB0_fvs_std0.02_90k_RMSELoss,RMSELoss,2026-07-29 20:29:08,13/200,2026-07-29 21:28:42,0.068560,0.077699,True,0.00010000,266.62,36997985,8,42
ModelEfficientNetB0_fvs_std0.02_90k_RMSELoss_20260729_202908,ModelEfficientNetB0_fvs_std0.02_90k_RMSELoss,RMSELoss,2026-07-29 20:29:08,14/200,2026-07-29 21:33:18,0.067441,0.075265,True,0.00010000,266.26,36997985,8,42
ModelEfficientNetB0_fvs_std0.02_90k_RMSELoss_20260729_202908,ModelEfficientNetB0_fvs_std0.02_90k_RMSELoss,RMSELoss,2026-07-29 20:29:08,15/200,2026-07-29 21:37:54,0.066449,0.073854,True,0.00010000,266.66,36997985,8,42
ModelEfficientNetB0_fvs_std0.02_90k_RMSELoss_20260729_202908,ModelEfficientNetB0_fvs_std0.02_90k_RMSELoss,RMSELoss,2026-07-29 20:29:08,16/200,2026-07-29 21:42:30,0.065400,0.075526,False,0.00010000,265.70,36997985,8,42
ModelEfficientNetB0_fvs_std0.02_90k_RMSELoss_20260729_202908,ModelEfficientNetB0_fvs_std0.02_90k_RMSELoss,RMSELoss,2026-07-29 20:29:08,17/200,2026-07-29 21:46:54,0.064322,0.073064,True,0.00010000,264.88,36997985,8,42
ModelEfficientNetB0_fvs_std0.02_90k_RMSELoss_20260729_202908,ModelEfficientNetB0_fvs_std0.02_90k_RMSELoss,RMSELoss,2026-07-29 20:29:08,18/200,2026-07-29 21:51:29,0.063342,0.074059,False,0.00010000,264.65,36997985,8,42
ModelEfficientNetB0_fvs_std0.02_90k_RMSELoss_20260729_202908,ModelEfficientNetB0_fvs_std0.02_90k_RMSELoss,RMSELoss,2026-07-29 20:29:08,19/200,2026-07-29 21:55:58,0.062509,0.073230,False,0.00010000,269.20,36997985,8,42
ModelEfficientNetB0_fvs_std0.02_90k_RMSELoss_20260729_202908,ModelEfficientNetB0_fvs_std0.02_90k_RMSELoss,RMSELoss,2026-07-29 20:29:08,20/200,2026-07-29 22:00:24,0.061590,0.071762,True,0.00005000,265.72,36997985,8,42
ModelEfficientNetB0_fvs_std0.02_90k_RMSELoss_20260729_202908,ModelEfficientNetB0_fvs_std0.02_90k_RMSELoss,RMSELoss,2026-07-29 20:29:08,21/200,2026-07-29 22:05:03,0.056971,0.069330,True,0.00005000,270.08,36997985,8,42
ModelEfficientNetB0_fvs_std0.02_90k_RMSELoss_20260729_202908,ModelEfficientNetB0_fvs_std0.02_90k_RMSELoss,RMSELoss,2026-07-29 20:29:08,22/200,2026-07-29 22:09:39,0.055534,0.069316,True,0.00005000,265.95,36997985,8,42
ModelEfficientNetB0_fvs_std0.02_90k_RMSELoss_20260729_202908,ModelEfficientNetB0_fvs_std0.02_90k_RMSELoss,RMSELoss,2026-07-29 20:29:08,23/200,2026-07-29 22:14:17,0.054498,0.069178,True,0.00005000,268.20,36997985,8,42
ModelEfficientNetB0_fvs_std0.02_90k_RMSELoss_20260729_202908,ModelEfficientNetB0_fvs_std0.02_90k_RMSELoss,RMSELoss,2026-07-29 20:29:08,24/200,2026-07-29 22:18:54,0.053530,0.068885,True,0.00005000,267.50,36997985,8,42
ModelEfficientNetB0_fvs_std0.02_90k_RMSELoss_20260729_202908,ModelEfficientNetB0_fvs_std0.02_90k_RMSELoss,RMSELoss,2026-07-29 20:29:08,25/200,2026-07-29 22:23:30,0.052927,0.069593,False,0.00005000,265.78,36997985,8,42
ModelEfficientNetB0_fvs_std0.02_90k_RMSELoss_20260729_202908,ModelEfficientNetB0_fvs_std0.02_90k_RMSELoss,RMSELoss,2026-07-29 20:29:08,26/200,2026-07-29 22:27:56,0.052234,0.069070,False,0.00005000,266.38,36997985,8,42
ModelEfficientNetB0_fvs_std0.02_90k_RMSELoss_20260729_202908,ModelEfficientNetB0_fvs_std0.02_90k_RMSELoss,RMSELoss,2026-07-29 20:29:08,27/200,2026-07-29 22:32:22,0.051674,0.068628,True,0.00005000,265.77,36997985,8,42
ModelEfficientNetB0_fvs_std0.02_90k_RMSELoss_20260729_202908,ModelEfficientNetB0_fvs_std0.02_90k_RMSELoss,RMSELoss,2026-07-29 20:29:08,28/200,2026-07-29 22:36:56,0.050964,0.069556,False,0.00005000,264.89,36997985,8,42
ModelEfficientNetB0_fvs_std0.02_90k_RMSELoss_20260729_202908,ModelEfficientNetB0_fvs_std0.02_90k_RMSELoss,RMSELoss,2026-07-29 20:29:08,29/200,2026-07-29 22:41:22,0.050301,0.068128,True,0.00005000,265.90,36997985,8,42
ModelEfficientNetB0_fvs_std0.02_90k_RMSELoss_20260729_202908,ModelEfficientNetB0_fvs_std0.02_90k_RMSELoss,RMSELoss,2026-07-29 20:29:08,30/200,2026-07-29 22:46:01,0.049897,0.068461,False,0.00005000,269.30,36997985,8,42
ModelEfficientNetB0_fvs_std0.02_90k_RMSELoss_20260729_202908,ModelEfficientNetB0_fvs_std0.02_90k_RMSELoss,RMSELoss,2026-07-29 20:29:08,31/200,2026-07-29 22:50:28,0.049170,0.068423,False,0.00005000,266.89,36997985,8,42
ModelEfficientNetB0_fvs_std0.02_90k_RMSELoss_20260729_202908,ModelEfficientNetB0_fvs_std0.02_90k_RMSELoss,RMSELoss,2026-07-29 20:29:08,32/200,2026-07-29 22:54:55,0.048760,0.067985,True,0.00005000,266.53,36997985,8,42
ModelEfficientNetB0_fvs_std0.02_90k_RMSELoss_20260729_202908,ModelEfficientNetB0_fvs_std0.02_90k_RMSELoss,RMSELoss,2026-07-29 20:29:08,33/200,2026-07-29 22:59:31,0.048302,0.068781,False,0.00005000,266.77,36997985,8,42
ModelEfficientNetB0_fvs_std0.02_90k_RMSELoss_20260729_202908,ModelEfficientNetB0_fvs_std0.02_90k_RMSELoss,RMSELoss,2026-07-29 20:29:08,34/200,2026-07-29 23:03:58,0.047703,0.068834,False,0.00005000,267.39,36997985,8,42
ModelEfficientNetB0_fvs_std0.02_90k_RMSELoss_20260729_202908,ModelEfficientNetB0_fvs_std0.02_90k_RMSELoss,RMSELoss,2026-07-29 20:29:08,35/200,2026-07-29 23:08:26,0.047317,0.067729,True,0.00005000,267.43,36997985,8,42
ModelEfficientNetB0_fvs_std0.02_90k_RMSELoss_20260729_202908,ModelEfficientNetB0_fvs_std0.02_90k_RMSELoss,RMSELoss,2026-07-29 20:29:08,36/200,2026-07-29 23:13:01,0.046770,0.068120,False,0.00005000,265.64,36997985,8,42
ModelEfficientNetB0_fvs_std0.02_90k_RMSELoss_20260729_202908,ModelEfficientNetB0_fvs_std0.02_90k_RMSELoss,RMSELoss,2026-07-29 20:29:08,37/200,2026-07-29 23:17:29,0.046243,0.067989,False,0.00005000,268.08,36997985,8,42
ModelEfficientNetB0_fvs_std0.02_90k_RMSELoss_20260729_202908,ModelEfficientNetB0_fvs_std0.02_90k_RMSELoss,RMSELoss,2026-07-29 20:29:08,38/200,2026-07-29 23:21:57,0.045868,0.067158,True,0.00005000,267.77,36997985,8,42
ModelEfficientNetB0_fvs_std0.02_90k_RMSELoss_20260729_202908,ModelEfficientNetB0_fvs_std0.02_90k_RMSELoss,RMSELoss,2026-07-29 20:29:08,39/200,2026-07-29 23:26:33,0.045657,0.067474,False,0.00005000,266.38,36997985,8,42
ModelEfficientNetB0_fvs_std0.02_90k_RMSELoss_20260729_202908,ModelEfficientNetB0_fvs_std0.02_90k_RMSELoss,RMSELoss,2026-07-29 20:29:08,40/200,2026-07-29 23:31:00,0.045027,0.067170,False,0.00002500,266.76,36997985,8,42
ModelEfficientNetB0_fvs_std0.02_90k_RMSELoss_20260729_202908,ModelEfficientNetB0_fvs_std0.02_90k_RMSELoss,RMSELoss,2026-07-29 20:29:08,41/200,2026-07-29 23:35:30,0.042386,0.066202,True,0.00002500,269.80,36997985,8,42
ModelEfficientNetB0_fvs_std0.02_90k_RMSELoss_20260729_202908,ModelEfficientNetB0_fvs_std0.02_90k_RMSELoss,RMSELoss,2026-07-29 20:29:08,42/200,2026-07-29 23:40:09,0.041492,0.066873,False,0.00002500,269.34,36997985,8,42
ModelEfficientNetB0_fvs_std0.02_90k_RMSELoss_20260729_202908,ModelEfficientNetB0_fvs_std0.02_90k_RMSELoss,RMSELoss,2026-07-29 20:29:08,43/200,2026-07-29 23:44:34,0.041002,0.066258,False,0.00002500,265.18,36997985,8,42
ModelEfficientNetB0_fvs_std0.02_90k_RMSELoss_20260729_202908,ModelEfficientNetB0_fvs_std0.02_90k_RMSELoss,RMSELoss,2026-07-29 20:29:08,44/200,2026-07-29 23:49:00,0.040711,0.066953,False,0.00002500,265.73,36997985,8,42
ModelEfficientNetB0_fvs_std0.02_90k_RMSELoss_20260729_202908,ModelEfficientNetB0_fvs_std0.02_90k_RMSELoss,RMSELoss,2026-07-29 20:29:08,45/200,2026-07-29 23:53:27,0.040360,0.066494,False,0.00002500,267.58,36997985,8,42
ModelEfficientNetB0_fvs_std0.02_90k_RMSELoss_20260729_202908,ModelEfficientNetB0_fvs_std0.02_90k_RMSELoss,RMSELoss,2026-07-29 20:29:08,46/200,2026-07-29 23:57:53,0.039982,0.065780,True,0.00002500,266.12,36997985,8,42
ModelEfficientNetB0_fvs_std0.02_90k_RMSELoss_20260729_202908,ModelEfficientNetB0_fvs_std0.02_90k_RMSELoss,RMSELoss,2026-07-29 20:29:08,47/200,2026-07-30 00:02:29,0.039712,0.065802,False,0.00002500,266.29,36997985,8,42
ModelEfficientNetB0_fvs_std0.02_90k_RMSELoss_20260729_202908,ModelEfficientNetB0_fvs_std0.02_90k_RMSELoss,RMSELoss,2026-07-29 20:29:08,48/200,2026-07-30 00:06:56,0.039360,0.066261,False,0.00002500,266.67,36997985,8,42
ModelEfficientNetB0_fvs_std0.02_90k_RMSELoss_20260729_202908,ModelEfficientNetB0_fvs_std0.02_90k_RMSELoss,RMSELoss,2026-07-29 20:29:08,49/200,2026-07-30 00:11:22,0.039119,0.066800,False,0.00002500,266.03,36997985,8,42
ModelEfficientNetB0_fvs_std0.02_90k_RMSELoss_20260729_202908,ModelEfficientNetB0_fvs_std0.02_90k_RMSELoss,RMSELoss,2026-07-29 20:29:08,50/200,2026-07-30 00:15:52,0.038758,0.066090,False,0.00002500,269.73,36997985,8,42
ModelEfficientNetB0_fvs_std0.02_90k_RMSELoss_20260729_202908,ModelEfficientNetB0_fvs_std0.02_90k_RMSELoss,RMSELoss,2026-07-29 20:29:08,51/200,2026-07-30 00:20:21,0.038426,0.066694,False,0.00002500,269.48,36997985,8,42
ModelEfficientNetB0_fvs_std0.02_90k_RMSELoss_20260729_202908,ModelEfficientNetB0_fvs_std0.02_90k_RMSELoss,RMSELoss,2026-07-29 20:29:08,52/200,2026-07-30 00:24:48,0.038213,0.065997,False,0.00002500,266.32,36997985,8,42
ModelEfficientNetB0_fvs_std0.02_90k_RMSELoss_20260729_202908,ModelEfficientNetB0_fvs_std0.02_90k_RMSELoss,RMSELoss,2026-07-29 20:29:08,53/200,2026-07-30 00:29:16,0.037955,0.066625,False,0.00002500,268.31,36997985,8,42
ModelEfficientNetB0_fvs_std0.02_90k_RMSELoss_20260729_202908,ModelEfficientNetB0_fvs_std0.02_90k_RMSELoss,RMSELoss,2026-07-29 20:29:08,54/200,2026-07-30 00:33:45,0.037783,0.066316,False,0.00002500,269.23,36997985,8,42
ModelEfficientNetB0_fvs_std0.02_90k_RMSELoss_20260729_202908,ModelEfficientNetB0_fvs_std0.02_90k_RMSELoss,RMSELoss,2026-07-29 20:29:08,55/200,2026-07-30 00:38:12,0.037540,0.065671,True,0.00002500,267.02,36997985,8,42
ModelEfficientNetB0_fvs_std0.02_90k_RMSELoss_20260729_202908,ModelEfficientNetB0_fvs_std0.02_90k_RMSELoss,RMSELoss,2026-07-29 20:29:08,56/200,2026-07-30 00:42:48,0.037290,0.065867,False,0.00002500,266.61,36997985,8,42
ModelEfficientNetB0_fvs_std0.02_90k_RMSELoss_20260729_202908,ModelEfficientNetB0_fvs_std0.02_90k_RMSELoss,RMSELoss,2026-07-29 20:29:08,57/200,2026-07-30 00:47:13,0.037023,0.066080,False,0.00002500,264.83,36997985,8,42
ModelEfficientNetB0_fvs_std0.02_90k_RMSELoss_20260729_202908,ModelEfficientNetB0_fvs_std0.02_90k_RMSELoss,RMSELoss,2026-07-29 20:29:08,58/200,2026-07-30 00:51:40,0.036762,0.065634,True,0.00002500,266.64,36997985,8,42
ModelEfficientNetB0_fvs_std0.02_90k_RMSELoss_20260729_202908,ModelEfficientNetB0_fvs_std0.02_90k_RMSELoss,RMSELoss,2026-07-29 20:29:08,59/200,2026-07-30 00:56:16,0.036475,0.065869,False,0.00002500,266.08,36997985,8,42
ModelEfficientNetB0_fvs_std0.02_90k_RMSELoss_20260729_202908,ModelEfficientNetB0_fvs_std0.02_90k_RMSELoss,RMSELoss,2026-07-29 20:29:08,60/200,2026-07-30 01:00:43,0.036303,0.065562,True,0.00001250,266.96,36997985,8,42
ModelEfficientNetB0_fvs_std0.02_90k_RMSELoss_20260729_202908,ModelEfficientNetB0_fvs_std0.02_90k_RMSELoss,RMSELoss,2026-07-29 20:29:08,61/200,2026-07-30 01:05:17,0.035116,0.064939,True,0.00001250,265.11,36997985,8,42
ModelEfficientNetB0_fvs_std0.02_90k_RMSELoss_20260729_202908,ModelEfficientNetB0_fvs_std0.02_90k_RMSELoss,RMSELoss,2026-07-29 20:29:08,62/200,2026-07-30 01:09:51,0.034694,0.065030,False,0.00001250,264.42,36997985,8,42
ModelEfficientNetB0_fvs_std0.02_90k_RMSELoss_20260729_202908,ModelEfficientNetB0_fvs_std0.02_90k_RMSELoss,RMSELoss,2026-07-29 20:29:08,63/200,2026-07-30 01:14:17,0.034403,0.065155,False,0.00001250,265.39,36997985,8,42
ModelEfficientNetB0_fvs_std0.02_90k_RMSELoss_20260729_202908,ModelEfficientNetB0_fvs_std0.02_90k_RMSELoss,RMSELoss,2026-07-29 20:29:08,64/200,2026-07-30 01:18:44,0.034177,0.065129,False,0.00001250,267.38,36997985,8,42
ModelEfficientNetB0_fvs_std0.02_90k_RMSELoss_20260729_202908,ModelEfficientNetB0_fvs_std0.02_90k_RMSELoss,RMSELoss,2026-07-29 20:29:08,65/200,2026-07-30 01:23:09,0.034077,0.065559,False,0.00001250,265.21,36997985,8,42
ModelEfficientNetB0_fvs_std0.02_90k_RMSELoss_20260729_202908,ModelEfficientNetB0_fvs_std0.02_90k_RMSELoss,RMSELoss,2026-07-29 20:29:08,66/200,2026-07-30 01:27:35,0.033858,0.064804,True,0.00001250,265.63,36997985,8,42
ModelEfficientNetB0_fvs_std0.02_90k_RMSELoss_20260729_202908,ModelEfficientNetB0_fvs_std0.02_90k_RMSELoss,RMSELoss,2026-07-29 20:29:08,67/200,2026-07-30 01:32:11,0.033681,0.065232,False,0.00001250,266.25,36997985,8,42
ModelEfficientNetB0_fvs_std0.02_90k_RMSELoss_20260729_202908,ModelEfficientNetB0_fvs_std0.02_90k_RMSELoss,RMSELoss,2026-07-29 20:29:08,68/200,2026-07-30 01:36:36,0.033584,0.065228,False,0.00001250,264.57,36997985,8,42
ModelEfficientNetB0_fvs_std0.02_90k_RMSELoss_20260729_202908,ModelEfficientNetB0_fvs_std0.02_90k_RMSELoss,RMSELoss,2026-07-29 20:29:08,69/200,2026-07-30 01:41:01,0.033362,0.065253,False,0.00001250,265.75,36997985,8,42
ModelEfficientNetB0_fvs_std0.02_90k_RMSELoss_20260729_202908,ModelEfficientNetB0_fvs_std0.02_90k_RMSELoss,RMSELoss,2026-07-29 20:29:08,70/200,2026-07-30 01:45:27,0.033342,0.065136,False,0.00001250,265.93,36997985,8,42
ModelEfficientNetB0_fvs_std0.02_90k_RMSELoss_20260729_202908,ModelEfficientNetB0_fvs_std0.02_90k_RMSELoss,RMSELoss,2026-07-29 20:29:08,71/200,2026-07-30 01:49:54,0.033205,0.064837,False,0.00001250,266.14,36997985,8,42
ModelEfficientNetB0_fvs_std0.02_90k_RMSELoss_20260729_202908,ModelEfficientNetB0_fvs_std0.02_90k_RMSELoss,RMSELoss,2026-07-29 20:29:08,72/200,2026-07-30 01:54:20,0.033064,0.065221,False,0.00001250,266.43,36997985,8,42
ModelEfficientNetB0_fvs_std0.02_90k_RMSELoss_20260729_202908,ModelEfficientNetB0_fvs_std0.02_90k_RMSELoss,RMSELoss,2026-07-29 20:29:08,73/200,2026-07-30 01:58:46,0.032931,0.065109,False,0.00001250,265.65,36997985,8,42
ModelEfficientNetB0_fvs_std0.02_90k_RMSELoss_20260729_202908,ModelEfficientNetB0_fvs_std0.02_90k_RMSELoss,RMSELoss,2026-07-29 20:29:08,74/200,2026-07-30 02:03:11,0.032765,0.065422,False,0.00001250,265.62,36997985,8,42
ModelEfficientNetB0_fvs_std0.02_90k_RMSELoss_20260729_202908,ModelEfficientNetB0_fvs_std0.02_90k_RMSELoss,RMSELoss,2026-07-29 20:29:08,75/200,2026-07-30 02:07:37,0.032760,0.064995,False,0.00001250,265.91,36997985,8,42
ModelEfficientNetB0_fvs_std0.02_90k_RMSELoss_20260729_202908,ModelEfficientNetB0_fvs_std0.02_90k_RMSELoss,RMSELoss,2026-07-29 20:29:08,76/200,2026-07-30 02:12:04,0.032520,0.065566,False,0.00001250,266.81,36997985,8,42
ModelEfficientNetB0_fvs_std0.02_90k_RMSELoss_20260729_202908,ModelEfficientNetB0_fvs_std0.02_90k_RMSELoss,RMSELoss,2026-07-29 20:29:08,77/200,2026-07-30 02:16:35,0.032402,0.065072,False,0.00001250,270.65,36997985,8,42
ModelEfficientNetB0_fvs_std0.02_90k_RMSELoss_20260729_202908,ModelEfficientNetB0_fvs_std0.02_90k_RMSELoss,RMSELoss,2026-07-29 20:29:08,78/200,2026-07-30 02:21:01,0.032222,0.064740,True,0.00001250,266.16,36997985,8,42
ModelEfficientNetB0_fvs_std0.02_90k_RMSELoss_20260729_202908,ModelEfficientNetB0_fvs_std0.02_90k_RMSELoss,RMSELoss,2026-07-29 20:29:08,79/200,2026-07-30 02:25:38,0.032213,0.065128,False,0.00001250,267.60,36997985,8,42
ModelEfficientNetB0_fvs_std0.02_90k_RMSELoss_20260729_202908,ModelEfficientNetB0_fvs_std0.02_90k_RMSELoss,RMSELoss,2026-07-29 20:29:08,80/200,2026-07-30 02:30:04,0.032028,0.064944,False,0.00000625,266.06,36997985,8,42
ModelEfficientNetB0_fvs_std0.02_90k_RMSELoss_20260729_202908,ModelEfficientNetB0_fvs_std0.02_90k_RMSELoss,RMSELoss,2026-07-29 20:29:08,81/200,2026-07-30 02:34:30,0.031439,0.064566,True,0.00000625,265.85,36997985,8,42
ModelEfficientNetB0_fvs_std0.02_90k_RMSELoss_20260729_202908,ModelEfficientNetB0_fvs_std0.02_90k_RMSELoss,RMSELoss,2026-07-29 20:29:08,82/200,2026-07-30 02:39:05,0.031144,0.064707,False,0.00000625,264.79,36997985,8,42
ModelEfficientNetB0_fvs_std0.02_90k_RMSELoss_20260729_202908,ModelEfficientNetB0_fvs_std0.02_90k_RMSELoss,RMSELoss,2026-07-29 20:29:08,83/200,2026-07-30 02:43:31,0.031051,0.064822,False,0.00000625,266.15,36997985,8,42
ModelEfficientNetB0_fvs_std0.02_90k_RMSELoss_20260729_202908,ModelEfficientNetB0_fvs_std0.02_90k_RMSELoss,RMSELoss,2026-07-29 20:29:08,84/200,2026-07-30 02:47:59,0.031095,0.064936,False,0.00000625,268.03,36997985,8,42
ModelEfficientNetB0_fvs_std0.02_90k_RMSELoss_20260729_202908,ModelEfficientNetB0_fvs_std0.02_90k_RMSELoss,RMSELoss,2026-07-29 20:29:08,85/200,2026-07-30 02:52:24,0.030853,0.064650,False,0.00000625,265.67,36997985,8,42
ModelEfficientNetB0_fvs_std0.02_90k_RMSELoss_20260729_202908,ModelEfficientNetB0_fvs_std0.02_90k_RMSELoss,RMSELoss,2026-07-29 20:29:08,86/200,2026-07-30 02:56:50,0.030798,0.064689,False,0.00000625,265.39,36997985,8,42
ModelEfficientNetB0_fvs_std0.02_90k_RMSELoss_20260729_202908,ModelEfficientNetB0_fvs_std0.02_90k_RMSELoss,RMSELoss,2026-07-29 20:29:08,87/200,2026-07-30 03:01:17,0.030795,0.064713,False,0.00000625,266.71,36997985,8,42
ModelEfficientNetB0_fvs_std0.02_90k_RMSELoss_20260729_202908,ModelEfficientNetB0_fvs_std0.02_90k_RMSELoss,RMSELoss,2026-07-29 20:29:08,88/200,2026-07-30 03:05:44,0.030742,0.064888,False,0.00000625,267.80,36997985,8,42
ModelEfficientNetB0_fvs_std0.02_90k_RMSELoss_20260729_202908,ModelEfficientNetB0_fvs_std0.02_90k_RMSELoss,RMSELoss,2026-07-29 20:29:08,89/200,2026-07-30 03:10:12,0.030534,0.064530,True,0.00000625,267.48,36997985,8,42
ModelEfficientNetB0_fvs_std0.02_90k_RMSELoss_20260729_202908,ModelEfficientNetB0_fvs_std0.02_90k_RMSELoss,RMSELoss,2026-07-29 20:29:08,90/200,2026-07-30 03:14:47,0.030513,0.064820,False,0.00000625,265.90,36997985,8,42
ModelEfficientNetB0_fvs_std0.02_90k_RMSELoss_20260729_202908,ModelEfficientNetB0_fvs_std0.02_90k_RMSELoss,RMSELoss,2026-07-29 20:29:08,91/200,2026-07-30 03:19:18,0.030575,0.064554,False,0.00000625,270.12,36997985,8,42
ModelEfficientNetB0_fvs_std0.02_90k_RMSELoss_20260729_202908,ModelEfficientNetB0_fvs_std0.02_90k_RMSELoss,RMSELoss,2026-07-29 20:29:08,92/200,2026-07-30 03:23:42,0.030441,0.064569,False,0.00000625,264.84,36997985,8,42
ModelEfficientNetB0_fvs_std0.02_90k_RMSELoss_20260729_202908,ModelEfficientNetB0_fvs_std0.02_90k_RMSELoss,RMSELoss,2026-07-29 20:29:08,93/200,2026-07-30 03:28:08,0.030371,0.064712,False,0.00000625,265.75,36997985,8,42
ModelEfficientNetB0_fvs_std0.02_90k_RMSELoss_20260729_202908,ModelEfficientNetB0_fvs_std0.02_90k_RMSELoss,RMSELoss,2026-07-29 20:29:08,94/200,2026-07-30 03:32:33,0.030239,0.064684,False,0.00000625,265.16,36997985,8,42
ModelEfficientNetB0_fvs_std0.02_90k_RMSELoss_20260729_202908,ModelEfficientNetB0_fvs_std0.02_90k_RMSELoss,RMSELoss,2026-07-29 20:29:08,95/200,2026-07-30 03:36:58,0.030225,0.064666,False,0.00000625,264.40,36997985,8,42
ModelEfficientNetB0_fvs_std0.02_90k_RMSELoss_20260729_202908,ModelEfficientNetB0_fvs_std0.02_90k_RMSELoss,RMSELoss,2026-07-29 20:29:08,96/200,2026-07-30 03:41:24,0.030235,0.064313,True,0.00000625,266.27,36997985,8,42
ModelEfficientNetB0_fvs_std0.02_90k_RMSELoss_20260729_202908,ModelEfficientNetB0_fvs_std0.02_90k_RMSELoss,RMSELoss,2026-07-29 20:29:08,97/200,2026-07-30 03:45:59,0.030103,0.064717,False,0.00000625,265.75,36997985,8,42
ModelEfficientNetB0_fvs_std0.02_90k_RMSELoss_20260729_202908,ModelEfficientNetB0_fvs_std0.02_90k_RMSELoss,RMSELoss,2026-07-29 20:29:08,98/200,2026-07-30 03:50:25,0.030076,0.064462,False,0.00000625,265.65,36997985,8,42
ModelEfficientNetB0_fvs_std0.02_90k_RMSELoss_20260729_202908,ModelEfficientNetB0_fvs_std0.02_90k_RMSELoss,RMSELoss,2026-07-29 20:29:08,99/200,2026-07-30 03:54:50,0.029973,0.064721,False,0.00000625,264.68,36997985,8,42
ModelEfficientNetB0_fvs_std0.02_90k_RMSELoss_20260729_202908,ModelEfficientNetB0_fvs_std0.02_90k_RMSELoss,RMSELoss,2026-07-29 20:29:08,100/200,2026-07-30 03:59:15,0.030016,0.064639,False,0.00000313,265.32,36997985,8,42
ModelEfficientNetB0_fvs_std0.02_90k_RMSELoss_20260729_202908,ModelEfficientNetB0_fvs_std0.02_90k_RMSELoss,RMSELoss,2026-07-29 20:29:08,101/200,2026-07-30 04:03:40,0.029635,0.064731,False,0.00000313,265.04,36997985,8,42
ModelEfficientNetB0_fvs_std0.02_90k_RMSELoss_20260729_202908,ModelEfficientNetB0_fvs_std0.02_90k_RMSELoss,RMSELoss,2026-07-29 20:29:08,102/200,2026-07-30 04:08:04,0.029454,0.064745,False,0.00000313,264.10,36997985,8,42
ModelEfficientNetB0_fvs_std0.02_90k_RMSELoss_20260729_202908,ModelEfficientNetB0_fvs_std0.02_90k_RMSELoss,RMSELoss,2026-07-29 20:29:08,103/200,2026-07-30 04:12:31,0.029480,0.064464,False,0.00000313,267.13,36997985,8,42
ModelEfficientNetB0_fvs_std0.02_90k_RMSELoss_20260729_202908,ModelEfficientNetB0_fvs_std0.02_90k_RMSELoss,RMSELoss,2026-07-29 20:29:08,104/200,2026-07-30 04:17:00,0.029446,0.064579,False,0.00000313,268.30,36997985,8,42
ModelEfficientNetB0_fvs_std0.02_90k_RMSELoss_20260729_202908,ModelEfficientNetB0_fvs_std0.02_90k_RMSELoss,RMSELoss,2026-07-29 20:29:08,105/200,2026-07-30 04:21:25,0.029358,0.064504,False,0.00000313,265.05,36997985,8,42
ModelEfficientNetB0_fvs_std0.02_90k_RMSELoss_20260729_202908,ModelEfficientNetB0_fvs_std0.02_90k_RMSELoss,RMSELoss,2026-07-29 20:29:08,106/200,2026-07-30 04:25:50,0.029309,0.064490,False,0.00000313,265.50,36997985,8,42
ModelEfficientNetB0_fvs_std0.02_90k_RMSELoss_20260729_202908,ModelEfficientNetB0_fvs_std0.02_90k_RMSELoss,RMSELoss,2026-07-29 20:29:08,107/200,2026-07-30 04:30:15,0.029311,0.064540,False,0.00000313,264.91,36997985,8,42
ModelEfficientNetB0_fvs_std0.02_90k_RMSELoss_20260729_202908,ModelEfficientNetB0_fvs_std0.02_90k_RMSELoss,RMSELoss,2026-07-29 20:29:08,108/200,2026-07-30 04:34:45,0.029179,0.064790,False,0.00000313,269.43,36997985,8,42
ModelEfficientNetB0_fvs_std0.02_90k_RMSELoss_20260729_202908,ModelEfficientNetB0_fvs_std0.02_90k_RMSELoss,RMSELoss,2026-07-29 20:29:08,109/200,2026-07-30 04:39:12,0.029226,0.064616,False,0.00000313,267.46,36997985,8,42
ModelEfficientNetB0_fvs_std0.02_90k_RMSELoss_20260729_202908,ModelEfficientNetB0_fvs_std0.02_90k_RMSELoss,RMSELoss,2026-07-29 20:29:08,110/200,2026-07-30 04:43:40,0.029166,0.064729,False,0.00000313,268.11,36997985,8,42
ModelEfficientNetB0_fvs_std0.02_90k_RMSELoss_20260729_202908,ModelEfficientNetB0_fvs_std0.02_90k_RMSELoss,RMSELoss,2026-07-29 20:29:08,111/200,2026-07-30 04:48:07,0.029073,0.064447,False,0.00000313,267.12,36997985,8,42
ModelEfficientNetB0_fvs_std0.02_90k_RMSELoss_20260729_202908,ModelEfficientNetB0_fvs_std0.02_90k_RMSELoss,RMSELoss,2026-07-29 20:29:08,112/200,2026-07-30 04:52:37,0.029111,0.064667,False,0.00000313,269.22,36997985,8,42
ModelEfficientNetB0_fvs_std0.02_90k_RMSELoss_20260729_202908,ModelEfficientNetB0_fvs_std0.02_90k_RMSELoss,RMSELoss,2026-07-29 20:29:08,113/200,2026-07-30 04:57:03,0.029029,0.064448,False,0.00000313,266.34,36997985,8,42
ModelEfficientNetB0_fvs_std0.02_90k_RMSELoss_20260729_202908,ModelEfficientNetB0_fvs_std0.02_90k_RMSELoss,RMSELoss,2026-07-29 20:29:08,114/200,2026-07-30 05:01:31,0.029044,0.064468,False,0.00000313,267.95,36997985,8,42
ModelEfficientNetB0_fvs_std0.02_90k_RMSELoss_20260729_202908,ModelEfficientNetB0_fvs_std0.02_90k_RMSELoss,RMSELoss,2026-07-29 20:29:08,115/200,2026-07-30 05:05:57,0.029025,0.064420,False,0.00000313,266.29,36997985,8,42
ModelEfficientNetB0_fvs_std0.02_90k_RMSELoss_20260729_202908,ModelEfficientNetB0_fvs_std0.02_90k_RMSELoss,RMSELoss,2026-07-29 20:29:08,116/200,2026-07-30 05:10:23,0.029003,0.064373,False,0.00000313,265.87,36997985,8,42
ModelEfficientNetB0_fvs_std0.02_90k_RMSELoss_20260729_202908,ModelEfficientNetB0_fvs_std0.02_90k_RMSELoss,RMSELoss,2026-07-29 20:29:08,117/200,2026-07-30 05:14:59,0.028919,0.064522,False,0.00000313,276.03,36997985,8,42
ModelEfficientNetB0_fvs_std0.02_90k_RMSELoss_20260729_202908,ModelEfficientNetB0_fvs_std0.02_90k_RMSELoss,RMSELoss,2026-07-29 20:29:08,118/200,2026-07-30 05:19:24,0.028973,0.064637,False,0.00000313,264.90,36997985,8,42
ModelEfficientNetB0_fvs_std0.02_90k_RMSELoss_20260729_202908,ModelEfficientNetB0_fvs_std0.02_90k_RMSELoss,RMSELoss,2026-07-29 20:29:08,119/200,2026-07-30 05:23:51,0.028907,0.064394,False,0.00000313,266.86,36997985,8,42
ModelEfficientNetB0_fvs_std0.02_90k_RMSELoss_20260729_202908,ModelEfficientNetB0_fvs_std0.02_90k_RMSELoss,RMSELoss,2026-07-29 20:29:08,120/200,2026-07-30 05:28:16,0.028764,0.064587,False,0.00000156,264.57,36997985,8,42
ModelEfficientNetB0_fvs_std0.02_90k_RMSELoss_20260729_202908,ModelEfficientNetB0_fvs_std0.02_90k_RMSELoss,RMSELoss,2026-07-29 20:29:08,121/200,2026-07-30 05:32:42,0.028769,0.064410,False,0.00000156,266.88,36997985,8,42
ModelEfficientNetB0_fvs_std0.02_90k_RMSELoss_20260729_202908,ModelEfficientNetB0_fvs_std0.02_90k_RMSELoss,RMSELoss,2026-07-29 20:29:08,122/200,2026-07-30 05:37:07,0.028627,0.064501,False,0.00000156,264.27,36997985,8,42
ModelEfficientNetB0_fvs_std0.02_90k_RMSELoss_20260729_202908,ModelEfficientNetB0_fvs_std0.02_90k_RMSELoss,RMSELoss,2026-07-29 20:29:08,123/200,2026-07-30 05:41:32,0.028652,0.064345,False,0.00000156,265.64,36997985,8,42
ModelEfficientNetB0_fvs_std0.02_90k_RMSELoss_20260729_202908,ModelEfficientNetB0_fvs_std0.02_90k_RMSELoss,RMSELoss,2026-07-29 20:29:08,124/200,2026-07-30 05:46:00,0.028697,0.064334,False,0.00000156,267.60,36997985,8,42
ModelEfficientNetB0_fvs_std0.02_90k_RMSELoss_20260729_202908,ModelEfficientNetB0_fvs_std0.02_90k_RMSELoss,RMSELoss,2026-07-29 20:29:08,125/200,2026-07-30 05:50:26,0.028572,0.064411,False,0.00000156,265.92,36997985,8,42
ModelEfficientNetB0_fvs_std0.02_90k_RMSELoss_20260729_202908,ModelEfficientNetB0_fvs_std0.02_90k_RMSELoss,RMSELoss,2026-07-29 20:29:08,126/200,2026-07-30 05:54:52,0.028603,0.064533,False,0.00000156,266.24,36997985,8,42
ModelEfficientNetB0_fvs_std0.02_90k_RMSELoss_20260729_202908,ModelEfficientNetB0_fvs_std0.02_90k_RMSELoss,RMSELoss,2026-07-29 20:29:08,127/200,2026-07-30 05:59:17,0.028526,0.064435,False,0.00000156,265.15,36997985,8,42
ModelEfficientNetB0_fvs_std0.02_90k_RMSELoss_20260729_202908,ModelEfficientNetB0_fvs_std0.02_90k_RMSELoss,RMSELoss,2026-07-29 20:29:08,128/200,2026-07-30 06:03:44,0.028520,0.064307,True,0.00000156,267.17,36997985,8,42
ModelEfficientNetB0_fvs_std0.02_90k_RMSELoss_20260729_202908,ModelEfficientNetB0_fvs_std0.02_90k_RMSELoss,RMSELoss,2026-07-29 20:29:08,129/200,2026-07-30 06:08:21,0.028539,0.064284,True,0.00000156,266.35,36997985,8,42
ModelEfficientNetB0_fvs_std0.02_90k_RMSELoss_20260729_202908,ModelEfficientNetB0_fvs_std0.02_90k_RMSELoss,RMSELoss,2026-07-29 20:29:08,130/200,2026-07-30 06:12:57,0.028499,0.064306,False,0.00000156,266.61,36997985,8,42
ModelEfficientNetB0_fvs_std0.02_90k_RMSELoss_20260729_202908,ModelEfficientNetB0_fvs_std0.02_90k_RMSELoss,RMSELoss,2026-07-29 20:29:08,131/200,2026-07-30 06:17:26,0.028528,0.064233,True,0.00000156,269.15,36997985,8,42
ModelEfficientNetB0_fvs_std0.02_90k_RMSELoss_20260729_202908,ModelEfficientNetB0_fvs_std0.02_90k_RMSELoss,RMSELoss,2026-07-29 20:29:08,132/200,2026-07-30 06:22:02,0.028527,0.064324,False,0.00000156,265.92,36997985,8,42
ModelEfficientNetB0_fvs_std0.02_90k_RMSELoss_20260729_202908,ModelEfficientNetB0_fvs_std0.02_90k_RMSELoss,RMSELoss,2026-07-29 20:29:08,133/200,2026-07-30 06:26:27,0.028438,0.064264,False,0.00000156,265.81,36997985,8,42
ModelEfficientNetB0_fvs_std0.02_90k_RMSELoss_20260729_202908,ModelEfficientNetB0_fvs_std0.02_90k_RMSELoss,RMSELoss,2026-07-29 20:29:08,134/200,2026-07-30 06:30:53,0.028419,0.064289,False,0.00000156,265.64,36997985,8,42
ModelEfficientNetB0_fvs_std0.02_90k_RMSELoss_20260729_202908,ModelEfficientNetB0_fvs_std0.02_90k_RMSELoss,RMSELoss,2026-07-29 20:29:08,135/200,2026-07-30 06:35:19,0.028453,0.064335,False,0.00000156,266.20,36997985,8,42
ModelEfficientNetB0_fvs_std0.02_90k_RMSELoss_20260729_202908,ModelEfficientNetB0_fvs_std0.02_90k_RMSELoss,RMSELoss,2026-07-29 20:29:08,136/200,2026-07-30 06:39:44,0.028385,0.064175,True,0.00000156,265.05,36997985,8,42
ModelEfficientNetB0_fvs_std0.02_90k_RMSELoss_20260729_202908,ModelEfficientNetB0_fvs_std0.02_90k_RMSELoss,RMSELoss,2026-07-29 20:29:08,137/200,2026-07-30 06:44:22,0.028430,0.064393,False,0.00000156,267.85,36997985,8,42
ModelEfficientNetB0_fvs_std0.02_90k_RMSELoss_20260729_202908,ModelEfficientNetB0_fvs_std0.02_90k_RMSELoss,RMSELoss,2026-07-29 20:29:08,138/200,2026-07-30 06:48:48,0.028318,0.064493,False,0.00000156,266.05,36997985,8,42
ModelEfficientNetB0_fvs_std0.02_90k_RMSELoss_20260729_202908,ModelEfficientNetB0_fvs_std0.02_90k_RMSELoss,RMSELoss,2026-07-29 20:29:08,139/200,2026-07-30 06:53:14,0.028341,0.064230,False,0.00000156,266.12,36997985,8,42
ModelEfficientNetB0_fvs_std0.02_90k_RMSELoss_20260729_202908,ModelEfficientNetB0_fvs_std0.02_90k_RMSELoss,RMSELoss,2026-07-29 20:29:08,140/200,2026-07-30 06:57:41,0.028280,0.064340,False,0.00000078,267.36,36997985,8,42
ModelEfficientNetB0_fvs_std0.02_90k_RMSELoss_20260729_202908,ModelEfficientNetB0_fvs_std0.02_90k_RMSELoss,RMSELoss,2026-07-29 20:29:08,141/200,2026-07-30 07:02:08,0.028275,0.064304,False,0.00000078,266.60,36997985,8,42
ModelEfficientNetB0_fvs_std0.02_90k_RMSELoss_20260729_202908,ModelEfficientNetB0_fvs_std0.02_90k_RMSELoss,RMSELoss,2026-07-29 20:29:08,142/200,2026-07-30 07:06:36,0.028201,0.064192,False,0.00000078,268.04,36997985,8,42
ModelEfficientNetB0_fvs_std0.02_90k_RMSELoss_20260729_202908,ModelEfficientNetB0_fvs_std0.02_90k_RMSELoss,RMSELoss,2026-07-29 20:29:08,143/200,2026-07-30 07:11:03,0.028208,0.064341,False,0.00000078,266.95,36997985,8,42
ModelEfficientNetB0_fvs_std0.02_90k_RMSELoss_20260729_202908,ModelEfficientNetB0_fvs_std0.02_90k_RMSELoss,RMSELoss,2026-07-29 20:29:08,144/200,2026-07-30 07:15:30,0.028236,0.064406,False,0.00000078,267.16,36997985,8,42
ModelEfficientNetB0_fvs_std0.02_90k_RMSELoss_20260729_202908,ModelEfficientNetB0_fvs_std0.02_90k_RMSELoss,RMSELoss,2026-07-29 20:29:08,145/200,2026-07-30 07:19:55,0.028220,0.064334,False,0.00000078,264.72,36997985,8,42
ModelEfficientNetB0_fvs_std0.02_90k_RMSELoss_20260729_202908,ModelEfficientNetB0_fvs_std0.02_90k_RMSELoss,RMSELoss,2026-07-29 20:29:08,146/200,2026-07-30 07:24:25,0.028215,0.064258,False,0.00000078,269.68,36997985,8,42
ModelEfficientNetB0_fvs_std0.02_90k_RMSELoss_20260729_202908,ModelEfficientNetB0_fvs_std0.02_90k_RMSELoss,RMSELoss,2026-07-29 20:29:08,147/200,2026-07-30 07:28:52,0.028164,0.064258,False,0.00000078,267.38,36997985,8,42
ModelEfficientNetB0_fvs_std0.02_90k_RMSELoss_20260729_202908,ModelEfficientNetB0_fvs_std0.02_90k_RMSELoss,RMSELoss,2026-07-29 20:29:08,148/200,2026-07-30 07:33:18,0.028169,0.064262,False,0.00000078,265.80,36997985,8,42
ModelEfficientNetB0_fvs_std0.02_90k_RMSELoss_20260729_202908,ModelEfficientNetB0_fvs_std0.02_90k_RMSELoss,RMSELoss,2026-07-29 20:29:08,149/200,2026-07-30 07:37:44,0.028204,0.064346,False,0.00000078,266.02,36997985,8,42
ModelEfficientNetB0_fvs_std0.02_90k_RMSELoss_20260729_202908,ModelEfficientNetB0_fvs_std0.02_90k_RMSELoss,RMSELoss,2026-07-29 20:29:08,150/200,2026-07-30 07:42:10,0.028081,0.064500,False,0.00000078,265.73,36997985,8,42
ModelEfficientNetB0_fvs_std0.02_90k_RMSELoss_20260729_202908,ModelEfficientNetB0_fvs_std0.02_90k_RMSELoss,RMSELoss,2026-07-29 20:29:08,151/200,2026-07-30 07:46:35,0.028176,0.064414,False,0.00000078,265.61,36997985,8,42
ModelEfficientNetB0_fvs_std0.02_90k_RMSELoss_20260729_202908,ModelEfficientNetB0_fvs_std0.02_90k_RMSELoss,RMSELoss,2026-07-29 20:29:08,152/200,2026-07-30 07:51:00,0.028170,0.064272,False,0.00000078,264.51,36997985,8,42
ModelEfficientNetB0_fvs_std0.02_90k_RMSELoss_20260729_202908,ModelEfficientNetB0_fvs_std0.02_90k_RMSELoss,RMSELoss,2026-07-29 20:29:08,153/200,2026-07-30 07:55:26,0.028137,0.064237,False,0.00000078,265.86,36997985,8,42
ModelEfficientNetB0_fvs_std0.02_90k_RMSELoss_20260729_202908,ModelEfficientNetB0_fvs_std0.02_90k_RMSELoss,RMSELoss,2026-07-29 20:29:08,154/200,2026-07-30 07:59:50,0.028098,0.064300,False,0.00000078,263.97,36997985,8,42
ModelEfficientNetB0_fvs_std0.02_90k_RMSELoss_20260729_202908,ModelEfficientNetB0_fvs_std0.02_90k_RMSELoss,RMSELoss,2026-07-29 20:29:08,155/200,2026-07-30 08:04:17,0.028107,0.064373,False,0.00000078,267.34,36997985,8,42
ModelEfficientNetB0_fvs_std0.02_90k_RMSELoss_20260729_202908,ModelEfficientNetB0_fvs_std0.02_90k_RMSELoss,RMSELoss,2026-07-29 20:29:08,156/200,2026-07-30 08:08:43,0.028029,0.064157,True,0.00000078,266.42,36997985,8,42
ModelEfficientNetB0_fvs_std0.02_90k_RMSELoss_20260729_202908,ModelEfficientNetB0_fvs_std0.02_90k_RMSELoss,RMSELoss,2026-07-29 20:29:08,157/200,2026-07-30 08:13:19,0.028098,0.064229,False,0.00000078,266.13,36997985,8,42
ModelEfficientNetB0_fvs_std0.02_90k_RMSELoss_20260729_202908,ModelEfficientNetB0_fvs_std0.02_90k_RMSELoss,RMSELoss,2026-07-29 20:29:08,158/200,2026-07-30 08:17:44,0.028090,0.064246,False,0.00000078,264.58,36997985,8,42
ModelEfficientNetB0_fvs_std0.02_90k_RMSELoss_20260729_202908,ModelEfficientNetB0_fvs_std0.02_90k_RMSELoss,RMSELoss,2026-07-29 20:29:08,159/200,2026-07-30 08:22:11,0.028018,0.064310,False,0.00000078,266.84,36997985,8,42
ModelEfficientNetB0_fvs_std0.02_90k_RMSELoss_20260729_202908,ModelEfficientNetB0_fvs_std0.02_90k_RMSELoss,RMSELoss,2026-07-29 20:29:08,160/200,2026-07-30 08:26:35,0.028050,0.064264,False,0.00000039,264.66,36997985,8,42
ModelEfficientNetB0_fvs_std0.02_90k_RMSELoss_20260729_202908,ModelEfficientNetB0_fvs_std0.02_90k_RMSELoss,RMSELoss,2026-07-29 20:29:08,161/200,2026-07-30 08:31:05,0.028008,0.064332,False,0.00000039,269.57,36997985,8,42
ModelEfficientNetB0_fvs_std0.02_90k_RMSELoss_20260729_202908,ModelEfficientNetB0_fvs_std0.02_90k_RMSELoss,RMSELoss,2026-07-29 20:29:08,162/200,2026-07-30 08:35:30,0.027984,0.064405,False,0.00000039,264.85,36997985,8,42
ModelEfficientNetB0_fvs_std0.02_90k_RMSELoss_20260729_202908,ModelEfficientNetB0_fvs_std0.02_90k_RMSELoss,RMSELoss,2026-07-29 20:29:08,163/200,2026-07-30 08:39:55,0.028030,0.064335,False,0.00000039,264.82,36997985,8,42
ModelEfficientNetB0_fvs_std0.02_90k_RMSELoss_20260729_202908,ModelEfficientNetB0_fvs_std0.02_90k_RMSELoss,RMSELoss,2026-07-29 20:29:08,164/200,2026-07-30 08:44:20,0.027954,0.064169,False,0.00000039,265.51,36997985,8,42
ModelEfficientNetB0_fvs_std0.02_90k_RMSELoss_20260729_202908,ModelEfficientNetB0_fvs_std0.02_90k_RMSELoss,RMSELoss,2026-07-29 20:29:08,165/200,2026-07-30 08:48:46,0.028015,0.064389,False,0.00000039,266.15,36997985,8,42
ModelEfficientNetB0_fvs_std0.02_90k_RMSELoss_20260729_202908,ModelEfficientNetB0_fvs_std0.02_90k_RMSELoss,RMSELoss,2026-07-29 20:29:08,166/200,2026-07-30 08:53:13,0.027993,0.064463,False,0.00000039,266.28,36997985,8,42
ModelEfficientNetB0_fvs_std0.02_90k_RMSELoss_20260729_202908,ModelEfficientNetB0_fvs_std0.02_90k_RMSELoss,RMSELoss,2026-07-29 20:29:08,167/200,2026-07-30 08:57:40,0.028039,0.064167,False,0.00000039,267.69,36997985,8,42
ModelEfficientNetB0_fvs_std0.02_90k_RMSELoss_20260729_202908,ModelEfficientNetB0_fvs_std0.02_90k_RMSELoss,RMSELoss,2026-07-29 20:29:08,168/200,2026-07-30 09:02:05,0.027970,0.064305,False,0.00000039,265.03,36997985,8,42
ModelEfficientNetB0_fvs_std0.02_90k_RMSELoss_20260729_202908,ModelEfficientNetB0_fvs_std0.02_90k_RMSELoss,RMSELoss,2026-07-29 20:29:08,169/200,2026-07-30 09:06:32,0.028019,0.064192,False,0.00000039,266.59,36997985,8,42
ModelEfficientNetB0_fvs_std0.02_90k_RMSELoss_20260729_202908,ModelEfficientNetB0_fvs_std0.02_90k_RMSELoss,RMSELoss,2026-07-29 20:29:08,170/200,2026-07-30 09:10:58,0.028072,0.064220,False,0.00000039,266.25,36997985,8,42
ModelEfficientNetB0_fvs_std0.02_90k_RMSELoss_20260729_202908,ModelEfficientNetB0_fvs_std0.02_90k_RMSELoss,RMSELoss,2026-07-29 20:29:08,171/200,2026-07-30 09:15:24,0.027946,0.064341,False,0.00000039,265.82,36997985,8,42
ModelEfficientNetB0_fvs_std0.02_90k_RMSELoss_20260729_202908,ModelEfficientNetB0_fvs_std0.02_90k_RMSELoss,RMSELoss,2026-07-29 20:29:08,172/200,2026-07-30 09:19:49,0.027956,0.064276,False,0.00000039,265.32,36997985,8,42
ModelEfficientNetB0_fvs_std0.02_90k_RMSELoss_20260729_202908,ModelEfficientNetB0_fvs_std0.02_90k_RMSELoss,RMSELoss,2026-07-29 20:29:08,173/200,2026-07-30 09:24:17,0.027978,0.064087,True,0.00000039,267.93,36997985,8,42
ModelEfficientNetB0_fvs_std0.02_90k_RMSELoss_20260729_202908,ModelEfficientNetB0_fvs_std0.02_90k_RMSELoss,RMSELoss,2026-07-29 20:29:08,174/200,2026-07-30 09:28:52,0.027985,0.064378,False,0.00000039,264.61,36997985,8,42
ModelEfficientNetB0_fvs_std0.02_90k_RMSELoss_20260729_202908,ModelEfficientNetB0_fvs_std0.02_90k_RMSELoss,RMSELoss,2026-07-29 20:29:08,175/200,2026-07-30 09:33:20,0.027912,0.064298,False,0.00000039,268.69,36997985,8,42
ModelEfficientNetB0_fvs_std0.02_90k_RMSELoss_20260729_202908,ModelEfficientNetB0_fvs_std0.02_90k_RMSELoss,RMSELoss,2026-07-29 20:29:08,176/200,2026-07-30 09:37:47,0.027889,0.064335,False,0.00000039,266.42,36997985,8,42
ModelEfficientNetB0_fvs_std0.02_90k_RMSELoss_20260729_202908,ModelEfficientNetB0_fvs_std0.02_90k_RMSELoss,RMSELoss,2026-07-29 20:29:08,177/200,2026-07-30 09:42:11,0.027948,0.064300,False,0.00000039,264.22,36997985,8,42
ModelEfficientNetB0_fvs_std0.02_90k_RMSELoss_20260729_202908,ModelEfficientNetB0_fvs_std0.02_90k_RMSELoss,RMSELoss,2026-07-29 20:29:08,178/200,2026-07-30 09:46:37,0.027923,0.064324,False,0.00000039,265.84,36997985,8,42
ModelEfficientNetB0_fvs_std0.02_90k_RMSELoss_20260729_202908,ModelEfficientNetB0_fvs_std0.02_90k_RMSELoss,RMSELoss,2026-07-29 20:29:08,179/200,2026-07-30 09:51:03,0.027920,0.064261,False,0.00000039,266.14,36997985,8,42
ModelEfficientNetB0_fvs_std0.02_90k_RMSELoss_20260729_202908,ModelEfficientNetB0_fvs_std0.02_90k_RMSELoss,RMSELoss,2026-07-29 20:29:08,180/200,2026-07-30 09:55:28,0.027990,0.064280,False,0.00000020,265.57,36997985,8,42
ModelEfficientNetB0_fvs_std0.02_90k_RMSELoss_20260729_202908,ModelEfficientNetB0_fvs_std0.02_90k_RMSELoss,RMSELoss,2026-07-29 20:29:08,181/200,2026-07-30 09:59:53,0.027899,0.064162,False,0.00000020,264.46,36997985,8,42
ModelEfficientNetB0_fvs_std0.02_90k_RMSELoss_20260729_202908,ModelEfficientNetB0_fvs_std0.02_90k_RMSELoss,RMSELoss,2026-07-29 20:29:08,182/200,2026-07-30 10:04:19,0.027892,0.064296,False,0.00000020,266.29,36997985,8,42
ModelEfficientNetB0_fvs_std0.02_90k_RMSELoss_20260729_202908,ModelEfficientNetB0_fvs_std0.02_90k_RMSELoss,RMSELoss,2026-07-29 20:29:08,183/200,2026-07-30 10:08:46,0.027932,0.064327,False,0.00000020,267.02,36997985,8,42
ModelEfficientNetB0_fvs_std0.02_90k_RMSELoss_20260729_202908,ModelEfficientNetB0_fvs_std0.02_90k_RMSELoss,RMSELoss,2026-07-29 20:29:08,184/200,2026-07-30 10:13:14,0.027887,0.064183,False,0.00000020,268.22,36997985,8,42
ModelEfficientNetB0_fvs_std0.02_90k_RMSELoss_20260729_202908,ModelEfficientNetB0_fvs_std0.02_90k_RMSELoss,RMSELoss,2026-07-29 20:29:08,185/200,2026-07-30 10:17:39,0.027886,0.064214,False,0.00000020,264.20,36997985,8,42
ModelEfficientNetB0_fvs_std0.02_90k_RMSELoss_20260729_202908,ModelEfficientNetB0_fvs_std0.02_90k_RMSELoss,RMSELoss,2026-07-29 20:29:08,186/200,2026-07-30 10:22:03,0.027907,0.064196,False,0.00000020,264.46,36997985,8,42
ModelEfficientNetB0_fvs_std0.02_90k_RMSELoss_20260729_202908,ModelEfficientNetB0_fvs_std0.02_90k_RMSELoss,RMSELoss,2026-07-29 20:29:08,187/200,2026-07-30 10:26:31,0.027836,0.064289,False,0.00000020,267.51,36997985,8,42
ModelEfficientNetB0_fvs_std0.02_90k_RMSELoss_20260729_202908,ModelEfficientNetB0_fvs_std0.02_90k_RMSELoss,RMSELoss,2026-07-29 20:29:08,188/200,2026-07-30 10:30:56,0.027903,0.064282,False,0.00000020,265.72,36997985,8,42
ModelEfficientNetB0_fvs_std0.02_90k_RMSELoss_20260729_202908,ModelEfficientNetB0_fvs_std0.02_90k_RMSELoss,RMSELoss,2026-07-29 20:29:08,189/200,2026-07-30 10:35:23,0.027914,0.064198,False,0.00000020,266.63,36997985,8,42
ModelEfficientNetB0_fvs_std0.02_90k_RMSELoss_20260729_202908,ModelEfficientNetB0_fvs_std0.02_90k_RMSELoss,RMSELoss,2026-07-29 20:29:08,190/200,2026-07-30 10:39:48,0.027900,0.064211,False,0.00000020,264.84,36997985,8,42
ModelEfficientNetB0_fvs_std0.02_90k_RMSELoss_20260729_202908,ModelEfficientNetB0_fvs_std0.02_90k_RMSELoss,RMSELoss,2026-07-29 20:29:08,191/200,2026-07-30 10:44:14,0.027942,0.064413,False,0.00000020,266.29,36997985,8,42
ModelEfficientNetB0_fvs_std0.02_90k_RMSELoss_20260729_202908,ModelEfficientNetB0_fvs_std0.02_90k_RMSELoss,RMSELoss,2026-07-29 20:29:08,192/200,2026-07-30 10:48:38,0.027911,0.064263,False,0.00000020,263.98,36997985,8,42
ModelEfficientNetB0_fvs_std0.02_90k_RMSELoss_20260729_202908,ModelEfficientNetB0_fvs_std0.02_90k_RMSELoss,RMSELoss,2026-07-29 20:29:08,193/200,2026-07-30 10:53:06,0.027806,0.064204,False,0.00000020,267.40,36997985,8,42
ModelEfficientNetB0_fvs_std0.02_90k_RMSELoss_20260729_202908,ModelEfficientNetB0_fvs_std0.02_90k_RMSELoss,RMSELoss,2026-07-29 20:29:08,194/200,2026-07-30 10:57:31,0.027887,0.064362,False,0.00000020,265.53,36997985,8,42
ModelEfficientNetB0_fvs_std0.02_90k_RMSELoss_20260729_202908,ModelEfficientNetB0_fvs_std0.02_90k_RMSELoss,RMSELoss,2026-07-29 20:29:08,195/200,2026-07-30 11:02:00,0.027972,0.064285,False,0.00000020,269.28,36997985,8,42
ModelEfficientNetB0_fvs_std0.02_90k_RMSELoss_20260729_202908,ModelEfficientNetB0_fvs_std0.02_90k_RMSELoss,RMSELoss,2026-07-29 20:29:08,196/200,2026-07-30 11:06:26,0.027821,0.064276,False,0.00000020,265.69,36997985,8,42
ModelEfficientNetB0_fvs_std0.02_90k_RMSELoss_20260729_202908,ModelEfficientNetB0_fvs_std0.02_90k_RMSELoss,RMSELoss,2026-07-29 20:29:08,197/200,2026-07-30 11:10:51,0.027884,0.064409,False,0.00000020,264.67,36997985,8,42
ModelEfficientNetB0_fvs_std0.02_90k_RMSELoss_20260729_202908,ModelEfficientNetB0_fvs_std0.02_90k_RMSELoss,RMSELoss,2026-07-29 20:29:08,198/200,2026-07-30 11:15:15,0.027812,0.064339,False,0.00000020,264.57,36997985,8,42
ModelEfficientNetB0_fvs_std0.02_90k_RMSELoss_20260729_202908,ModelEfficientNetB0_fvs_std0.02_90k_RMSELoss,RMSELoss,2026-07-29 20:29:08,199/200,2026-07-30 11:19:42,0.027810,0.064279,False,0.00000020,266.54,36997985,8,42
ModelEfficientNetB0_fvs_std0.02_90k_RMSELoss_20260729_202908,ModelEfficientNetB0_fvs_std0.02_90k_RMSELoss,RMSELoss,2026-07-29 20:29:08,200/200,2026-07-30 11:24:08,0.027850,0.064271,False,0.00000010,265.95,36997985,8,42
ModelEfficientNetB0_fvs_std0.05_90k_RMSELoss_20260801_141003,ModelEfficientNetB0_fvs_std0.05_90k_RMSELoss,RMSELoss,2026-08-01 14:10:03,1/200,2026-08-01 14:14:30,0.113936,1.654072,True,0.00010000,265.59,36997985,8,42
ModelEfficientNetB0_fvs_std0.05_90k_RMSELoss_20260801_141003,ModelEfficientNetB0_fvs_std0.05_90k_RMSELoss,RMSELoss,2026-08-01 14:10:03,2/200,2026-08-01 14:19:06,0.097436,0.210648,True,0.00010000,267.20,36997985,8,42
ModelEfficientNetB0_fvs_std0.05_90k_RMSELoss_20260801_141003,ModelEfficientNetB0_fvs_std0.05_90k_RMSELoss,RMSELoss,2026-08-01 14:10:03,3/200,2026-08-01 14:23:41,0.091715,0.182428,True,0.00010000,265.24,36997985,8,42
ModelEfficientNetB0_fvs_std0.05_90k_RMSELoss_20260801_141003,ModelEfficientNetB0_fvs_std0.05_90k_RMSELoss,RMSELoss,2026-08-01 14:10:03,4/200,2026-08-01 14:28:18,0.087900,0.172269,True,0.00010000,266.77,36997985,8,42
ModelEfficientNetB0_fvs_std0.05_90k_RMSELoss_20260801_141003,ModelEfficientNetB0_fvs_std0.05_90k_RMSELoss,RMSELoss,2026-08-01 14:10:03,5/200,2026-08-01 14:32:55,0.085108,0.160739,True,0.00010000,267.95,36997985,8,42
ModelEfficientNetB0_fvs_std0.05_90k_RMSELoss_20260801_141003,ModelEfficientNetB0_fvs_std0.05_90k_RMSELoss,RMSELoss,2026-08-01 14:10:03,6/200,2026-08-01 14:37:36,0.082886,0.144023,True,0.00010000,270.80,36997985,8,42
ModelEfficientNetB0_fvs_std0.05_90k_RMSELoss_20260801_141003,ModelEfficientNetB0_fvs_std0.05_90k_RMSELoss,RMSELoss,2026-08-01 14:10:03,7/200,2026-08-01 14:42:12,0.080944,0.124074,True,0.00010000,266.89,36997985,8,42
ModelEfficientNetB0_fvs_std0.05_90k_RMSELoss_20260801_141003,ModelEfficientNetB0_fvs_std0.05_90k_RMSELoss,RMSELoss,2026-08-01 14:10:03,8/200,2026-08-01 14:46:49,0.079543,0.119740,True,0.00010000,266.92,36997985,8,42
ModelEfficientNetB0_fvs_std0.05_90k_RMSELoss_20260801_141003,ModelEfficientNetB0_fvs_std0.05_90k_RMSELoss,RMSELoss,2026-08-01 14:10:03,9/200,2026-08-01 14:51:25,0.077814,0.128791,False,0.00010000,267.10,36997985,8,42
ModelEfficientNetB0_fvs_std0.05_90k_RMSELoss_20260801_141003,ModelEfficientNetB0_fvs_std0.05_90k_RMSELoss,RMSELoss,2026-08-01 14:10:03,10/200,2026-08-01 14:55:51,0.076421,0.134264,False,0.00010000,265.59,36997985,8,42
ModelEfficientNetB0_fvs_std0.05_90k_RMSELoss_20260801_141003,ModelEfficientNetB0_fvs_std0.05_90k_RMSELoss,RMSELoss,2026-08-01 14:10:03,11/200,2026-08-01 15:00:17,0.075124,0.141213,False,0.00010000,266.38,36997985,8,42
ModelEfficientNetB0_fvs_std0.05_90k_RMSELoss_20260801_141003,ModelEfficientNetB0_fvs_std0.05_90k_RMSELoss,RMSELoss,2026-08-01 14:10:03,12/200,2026-08-01 15:04:44,0.074064,0.118953,True,0.00010000,267.12,36997985,8,42
ModelEfficientNetB0_fvs_std0.05_90k_RMSELoss_20260801_141003,ModelEfficientNetB0_fvs_std0.05_90k_RMSELoss,RMSELoss,2026-08-01 14:10:03,13/200,2026-08-01 15:09:21,0.072812,0.109626,True,0.00010000,267.09,36997985,8,42
ModelEfficientNetB0_fvs_std0.05_90k_RMSELoss_20260801_141003,ModelEfficientNetB0_fvs_std0.05_90k_RMSELoss,RMSELoss,2026-08-01 14:10:03,14/200,2026-08-01 15:14:03,0.071823,0.121970,False,0.00010000,271.89,36997985,8,42
ModelEfficientNetB0_fvs_std0.05_90k_RMSELoss_20260801_141003,ModelEfficientNetB0_fvs_std0.05_90k_RMSELoss,RMSELoss,2026-08-01 14:10:03,15/200,2026-08-01 15:18:30,0.070722,0.107578,True,0.00010000,267.09,36997985,8,42
ModelEfficientNetB0_fvs_std0.05_90k_RMSELoss_20260801_141003,ModelEfficientNetB0_fvs_std0.05_90k_RMSELoss,RMSELoss,2026-08-01 14:10:03,16/200,2026-08-01 15:23:05,0.069642,0.106411,True,0.00010000,265.69,36997985,8,42
ModelEfficientNetB0_fvs_std0.05_90k_RMSELoss_20260801_141003,ModelEfficientNetB0_fvs_std0.05_90k_RMSELoss,RMSELoss,2026-08-01 14:10:03,17/200,2026-08-01 15:27:41,0.068994,0.093662,True,0.00010000,266.34,36997985,8,42
ModelEfficientNetB0_fvs_std0.05_90k_RMSELoss_20260801_141003,ModelEfficientNetB0_fvs_std0.05_90k_RMSELoss,RMSELoss,2026-08-01 14:10:03,18/200,2026-08-01 15:32:17,0.068022,0.094931,False,0.00010000,266.93,36997985,8,42
ModelEfficientNetB0_fvs_std0.05_90k_RMSELoss_20260801_141003,ModelEfficientNetB0_fvs_std0.05_90k_RMSELoss,RMSELoss,2026-08-01 14:10:03,19/200,2026-08-01 15:36:44,0.067359,0.087622,True,0.00010000,266.23,36997985,8,42
ModelEfficientNetB0_fvs_std0.05_90k_RMSELoss_20260801_141003,ModelEfficientNetB0_fvs_std0.05_90k_RMSELoss,RMSELoss,2026-08-01 14:10:03,20/200,2026-08-01 15:41:22,0.066461,0.086954,True,0.00005000,268.89,36997985,8,42
ModelEfficientNetB0_fvs_std0.05_90k_RMSELoss_20260801_141003,ModelEfficientNetB0_fvs_std0.05_90k_RMSELoss,RMSELoss,2026-08-01 14:10:03,21/200,2026-08-01 15:45:58,0.062189,0.084399,True,0.00005000,266.24,36997985,8,42
ModelEfficientNetB0_fvs_std0.05_90k_RMSELoss_20260801_141003,ModelEfficientNetB0_fvs_std0.05_90k_RMSELoss,RMSELoss,2026-08-01 14:10:03,22/200,2026-08-01 15:50:34,0.060826,0.081434,True,0.00005000,266.88,36997985,8,42
ModelEfficientNetB0_fvs_std0.05_90k_RMSELoss_20260801_141003,ModelEfficientNetB0_fvs_std0.05_90k_RMSELoss,RMSELoss,2026-08-01 14:10:03,23/200,2026-08-01 15:55:10,0.059838,0.080321,True,0.00005000,266.18,36997985,8,42
ModelEfficientNetB0_fvs_std0.05_90k_RMSELoss_20260801_141003,ModelEfficientNetB0_fvs_std0.05_90k_RMSELoss,RMSELoss,2026-08-01 14:10:03,24/200,2026-08-01 15:59:46,0.059090,0.081690,False,0.00005000,266.07,36997985,8,42
ModelEfficientNetB0_fvs_std0.05_90k_RMSELoss_20260801_141003,ModelEfficientNetB0_fvs_std0.05_90k_RMSELoss,RMSELoss,2026-08-01 14:10:03,25/200,2026-08-01 16:04:14,0.058427,0.083319,False,0.00005000,268.41,36997985,8,42
ModelEfficientNetB0_fvs_std0.05_90k_RMSELoss_20260801_141003,ModelEfficientNetB0_fvs_std0.05_90k_RMSELoss,RMSELoss,2026-08-01 14:10:03,26/200,2026-08-01 16:08:40,0.057876,0.084504,False,0.00005000,265.97,36997985,8,42
ModelEfficientNetB0_fvs_std0.05_90k_RMSELoss_20260801_141003,ModelEfficientNetB0_fvs_std0.05_90k_RMSELoss,RMSELoss,2026-08-01 14:10:03,27/200,2026-08-01 16:13:06,0.057218,0.081948,False,0.00005000,266.00,36997985,8,42
ModelEfficientNetB0_fvs_std0.05_90k_RMSELoss_20260801_141003,ModelEfficientNetB0_fvs_std0.05_90k_RMSELoss,RMSELoss,2026-08-01 14:10:03,28/200,2026-08-01 16:17:32,0.056660,0.082941,False,0.00005000,265.84,36997985,8,42
ModelEfficientNetB0_fvs_std0.05_90k_RMSELoss_20260801_141003,ModelEfficientNetB0_fvs_std0.05_90k_RMSELoss,RMSELoss,2026-08-01 14:10:03,29/200,2026-08-01 16:21:59,0.056085,0.081598,False,0.00005000,267.31,36997985,8,42
ModelEfficientNetB0_fvs_std0.05_90k_RMSELoss_20260801_141003,ModelEfficientNetB0_fvs_std0.05_90k_RMSELoss,RMSELoss,2026-08-01 14:10:03,30/200,2026-08-01 16:26:28,0.055614,0.079836,True,0.00005000,268.53,36997985,8,42
ModelEfficientNetB0_fvs_std0.05_90k_RMSELoss_20260801_141003,ModelEfficientNetB0_fvs_std0.05_90k_RMSELoss,RMSELoss,2026-08-01 14:10:03,31/200,2026-08-01 16:31:04,0.055014,0.078940,True,0.00005000,266.30,36997985,8,42
ModelEfficientNetB0_fvs_std0.05_90k_RMSELoss_20260801_141003,ModelEfficientNetB0_fvs_std0.05_90k_RMSELoss,RMSELoss,2026-08-01 14:10:03,32/200,2026-08-01 16:35:39,0.054536,0.080993,False,0.00005000,265.45,36997985,8,42
ModelEfficientNetB0_fvs_std0.05_90k_RMSELoss_20260801_141003,ModelEfficientNetB0_fvs_std0.05_90k_RMSELoss,RMSELoss,2026-08-01 14:10:03,33/200,2026-08-01 16:40:05,0.054087,0.080215,False,0.00005000,266.06,36997985,8,42
ModelEfficientNetB0_fvs_std0.05_90k_RMSELoss_20260801_141003,ModelEfficientNetB0_fvs_std0.05_90k_RMSELoss,RMSELoss,2026-08-01 14:10:03,34/200,2026-08-01 16:44:31,0.053620,0.079688,False,0.00005000,265.42,36997985,8,42
ModelEfficientNetB0_fvs_std0.05_90k_RMSELoss_20260801_141003,ModelEfficientNetB0_fvs_std0.05_90k_RMSELoss,RMSELoss,2026-08-01 14:10:03,35/200,2026-08-01 16:48:57,0.053155,0.078708,True,0.00005000,266.10,36997985,8,42
ModelEfficientNetB0_fvs_std0.05_90k_RMSELoss_20260801_141003,ModelEfficientNetB0_fvs_std0.05_90k_RMSELoss,RMSELoss,2026-08-01 14:10:03,36/200,2026-08-01 16:53:33,0.052776,0.077095,True,0.00005000,267.23,36997985,8,42
ModelEfficientNetB0_fvs_std0.05_90k_RMSELoss_20260801_141003,ModelEfficientNetB0_fvs_std0.05_90k_RMSELoss,RMSELoss,2026-08-01 14:10:03,37/200,2026-08-01 16:58:08,0.052312,0.077298,False,0.00005000,265.34,36997985,8,42
ModelEfficientNetB0_fvs_std0.05_90k_RMSELoss_20260801_141003,ModelEfficientNetB0_fvs_std0.05_90k_RMSELoss,RMSELoss,2026-08-01 14:10:03,38/200,2026-08-01 17:02:36,0.051996,0.075536,True,0.00005000,267.54,36997985,8,42
ModelEfficientNetB0_fvs_std0.05_90k_RMSELoss_20260801_141003,ModelEfficientNetB0_fvs_std0.05_90k_RMSELoss,RMSELoss,2026-08-01 14:10:03,39/200,2026-08-01 17:07:13,0.051405,0.077402,False,0.00005000,267.78,36997985,8,42
ModelEfficientNetB0_fvs_std0.05_90k_RMSELoss_20260801_141003,ModelEfficientNetB0_fvs_std0.05_90k_RMSELoss,RMSELoss,2026-08-01 14:10:03,40/200,2026-08-01 17:11:40,0.050975,0.078516,False,0.00002500,266.30,36997985,8,42
ModelEfficientNetB0_fvs_std0.05_90k_RMSELoss_20260801_141003,ModelEfficientNetB0_fvs_std0.05_90k_RMSELoss,RMSELoss,2026-08-01 14:10:03,41/200,2026-08-01 17:16:09,0.048512,0.076683,False,0.00002500,269.52,36997985,8,42
ModelEfficientNetB0_fvs_std0.05_90k_RMSELoss_20260801_141003,ModelEfficientNetB0_fvs_std0.05_90k_RMSELoss,RMSELoss,2026-08-01 14:10:03,42/200,2026-08-01 17:20:36,0.047600,0.076341,False,0.00002500,266.61,36997985,8,42
ModelEfficientNetB0_fvs_std0.05_90k_RMSELoss_20260801_141003,ModelEfficientNetB0_fvs_std0.05_90k_RMSELoss,RMSELoss,2026-08-01 14:10:03,43/200,2026-08-01 17:25:02,0.047296,0.074611,True,0.00002500,265.80,36997985,8,42
ModelEfficientNetB0_fvs_std0.05_90k_RMSELoss_20260801_141003,ModelEfficientNetB0_fvs_std0.05_90k_RMSELoss,RMSELoss,2026-08-01 14:10:03,44/200,2026-08-01 17:29:37,0.046887,0.076638,False,0.00002500,265.45,36997985,8,42
ModelEfficientNetB0_fvs_std0.05_90k_RMSELoss_20260801_141003,ModelEfficientNetB0_fvs_std0.05_90k_RMSELoss,RMSELoss,2026-08-01 14:10:03,45/200,2026-08-01 17:34:03,0.046533,0.075581,False,0.00002500,266.78,36997985,8,42
ModelEfficientNetB0_fvs_std0.05_90k_RMSELoss_20260801_141003,ModelEfficientNetB0_fvs_std0.05_90k_RMSELoss,RMSELoss,2026-08-01 14:10:03,46/200,2026-08-01 17:38:29,0.046238,0.074762,False,0.00002500,266.05,36997985,8,42
ModelEfficientNetB0_fvs_std0.05_90k_RMSELoss_20260801_141003,ModelEfficientNetB0_fvs_std0.05_90k_RMSELoss,RMSELoss,2026-08-01 14:10:03,47/200,2026-08-01 17:42:58,0.045881,0.074887,False,0.00002500,268.67,36997985,8,42
ModelEfficientNetB0_fvs_std0.05_90k_RMSELoss_20260801_141003,ModelEfficientNetB0_fvs_std0.05_90k_RMSELoss,RMSELoss,2026-08-01 14:10:03,48/200,2026-08-01 17:47:24,0.045479,0.076076,False,0.00002500,266.31,36997985,8,42
ModelEfficientNetB0_fvs_std0.05_90k_RMSELoss_20260801_141003,ModelEfficientNetB0_fvs_std0.05_90k_RMSELoss,RMSELoss,2026-08-01 14:10:03,49/200,2026-08-01 17:51:51,0.045327,0.075795,False,0.00002500,266.45,36997985,8,42
ModelEfficientNetB0_fvs_std0.05_90k_RMSELoss_20260801_141003,ModelEfficientNetB0_fvs_std0.05_90k_RMSELoss,RMSELoss,2026-08-01 14:10:03,50/200,2026-08-01 17:56:17,0.044996,0.075428,False,0.00002500,266.26,36997985,8,42
ModelEfficientNetB0_fvs_std0.05_90k_RMSELoss_20260801_141003,ModelEfficientNetB0_fvs_std0.05_90k_RMSELoss,RMSELoss,2026-08-01 14:10:03,51/200,2026-08-01 18:00:42,0.044815,0.075075,False,0.00002500,265.05,36997985,8,42
ModelEfficientNetB0_fvs_std0.05_90k_RMSELoss_20260801_141003,ModelEfficientNetB0_fvs_std0.05_90k_RMSELoss,RMSELoss,2026-08-01 14:10:03,52/200,2026-08-01 18:05:09,0.044562,0.075037,False,0.00002500,266.38,36997985,8,42
ModelEfficientNetB0_fvs_std0.05_90k_RMSELoss_20260801_141003,ModelEfficientNetB0_fvs_std0.05_90k_RMSELoss,RMSELoss,2026-08-01 14:10:03,53/200,2026-08-01 18:09:35,0.044230,0.075443,False,0.00002500,266.41,36997985,8,42
ModelEfficientNetB0_fvs_std0.05_90k_RMSELoss_20260801_141003,ModelEfficientNetB0_fvs_std0.05_90k_RMSELoss,RMSELoss,2026-08-01 14:10:03,54/200,2026-08-01 18:14:05,0.044117,0.075359,False,0.00002500,270.36,36997985,8,42
ModelEfficientNetB0_fvs_std0.05_90k_RMSELoss_20260801_141003,ModelEfficientNetB0_fvs_std0.05_90k_RMSELoss,RMSELoss,2026-08-01 14:10:03,55/200,2026-08-01 18:18:31,0.043870,0.074465,True,0.00002500,266.00,36997985,8,42
ModelEfficientNetB0_fvs_std0.05_90k_RMSELoss_20260801_141003,ModelEfficientNetB0_fvs_std0.05_90k_RMSELoss,RMSELoss,2026-08-01 14:10:03,56/200,2026-08-01 18:23:07,0.043503,0.074486,False,0.00002500,266.42,36997985,8,42
ModelEfficientNetB0_fvs_std0.05_90k_RMSELoss_20260801_141003,ModelEfficientNetB0_fvs_std0.05_90k_RMSELoss,RMSELoss,2026-08-01 14:10:03,57/200,2026-08-01 18:27:33,0.043362,0.074306,True,0.00002500,265.24,36997985,8,42
ModelEfficientNetB0_fvs_std0.05_90k_RMSELoss_20260801_141003,ModelEfficientNetB0_fvs_std0.05_90k_RMSELoss,RMSELoss,2026-08-01 14:10:03,58/200,2026-08-01 18:32:09,0.043026,0.074576,False,0.00002500,266.30,36997985,8,42
ModelEfficientNetB0_fvs_std0.05_90k_RMSELoss_20260801_141003,ModelEfficientNetB0_fvs_std0.05_90k_RMSELoss,RMSELoss,2026-08-01 14:10:03,59/200,2026-08-01 18:36:36,0.042787,0.074996,False,0.00002500,267.01,36997985,8,42
ModelEfficientNetB0_fvs_std0.05_90k_RMSELoss_20260801_141003,ModelEfficientNetB0_fvs_std0.05_90k_RMSELoss,RMSELoss,2026-08-01 14:10:03,60/200,2026-08-01 18:41:00,0.042632,0.074050,True,0.00001250,264.68,36997985,8,42
ModelEfficientNetB0_fvs_std0.05_90k_RMSELoss_20260801_141003,ModelEfficientNetB0_fvs_std0.05_90k_RMSELoss,RMSELoss,2026-08-01 14:10:03,61/200,2026-08-01 18:45:36,0.041358,0.074075,False,0.00001250,266.59,36997985,8,42
ModelEfficientNetB0_fvs_std0.05_90k_RMSELoss_20260801_141003,ModelEfficientNetB0_fvs_std0.05_90k_RMSELoss,RMSELoss,2026-08-01 14:10:03,62/200,2026-08-01 18:50:01,0.040917,0.073923,True,0.00001250,264.44,36997985,8,42
ModelEfficientNetB0_fvs_std0.05_90k_RMSELoss_20260801_141003,ModelEfficientNetB0_fvs_std0.05_90k_RMSELoss,RMSELoss,2026-08-01 14:10:03,63/200,2026-08-01 18:54:37,0.040732,0.073396,True,0.00001250,266.72,36997985,8,42
ModelEfficientNetB0_fvs_std0.05_90k_RMSELoss_20260801_141003,ModelEfficientNetB0_fvs_std0.05_90k_RMSELoss,RMSELoss,2026-08-01 14:10:03,64/200,2026-08-01 18:59:16,0.040482,0.073615,False,0.00001250,269.07,36997985,8,42
ModelEfficientNetB0_fvs_std0.05_90k_RMSELoss_20260801_141003,ModelEfficientNetB0_fvs_std0.05_90k_RMSELoss,RMSELoss,2026-08-01 14:10:03,65/200,2026-08-01 19:03:41,0.040360,0.073827,False,0.00001250,264.83,36997985,8,42
ModelEfficientNetB0_fvs_std0.05_90k_RMSELoss_20260801_141003,ModelEfficientNetB0_fvs_std0.05_90k_RMSELoss,RMSELoss,2026-08-01 14:10:03,66/200,2026-08-01 19:08:07,0.040143,0.073365,True,0.00001250,266.63,36997985,8,42
ModelEfficientNetB0_fvs_std0.05_90k_RMSELoss_20260801_141003,ModelEfficientNetB0_fvs_std0.05_90k_RMSELoss,RMSELoss,2026-08-01 14:10:03,67/200,2026-08-01 19:12:42,0.040133,0.073110,True,0.00001250,264.58,36997985,8,42
ModelEfficientNetB0_fvs_std0.05_90k_RMSELoss_20260801_141003,ModelEfficientNetB0_fvs_std0.05_90k_RMSELoss,RMSELoss,2026-08-01 14:10:03,68/200,2026-08-01 19:17:16,0.039877,0.073867,False,0.00001250,264.92,36997985,8,42
ModelEfficientNetB0_fvs_std0.05_90k_RMSELoss_20260801_141003,ModelEfficientNetB0_fvs_std0.05_90k_RMSELoss,RMSELoss,2026-08-01 14:10:03,69/200,2026-08-01 19:21:41,0.039653,0.073824,False,0.00001250,264.47,36997985,8,42
ModelEfficientNetB0_fvs_std0.05_90k_RMSELoss_20260801_141003,ModelEfficientNetB0_fvs_std0.05_90k_RMSELoss,RMSELoss,2026-08-01 14:10:03,70/200,2026-08-01 19:26:06,0.039649,0.072569,True,0.00001250,265.82,36997985,8,42
ModelEfficientNetB0_fvs_std0.05_90k_RMSELoss_20260801_141003,ModelEfficientNetB0_fvs_std0.05_90k_RMSELoss,RMSELoss,2026-08-01 14:10:03,71/200,2026-08-01 19:30:42,0.039393,0.072174,True,0.00001250,266.35,36997985,8,42
ModelEfficientNetB0_fvs_std0.05_90k_RMSELoss_20260801_141003,ModelEfficientNetB0_fvs_std0.05_90k_RMSELoss,RMSELoss,2026-08-01 14:10:03,72/200,2026-08-01 19:35:19,0.039358,0.072624,False,0.00001250,266.93,36997985,8,42
ModelEfficientNetB0_fvs_std0.05_90k_RMSELoss_20260801_141003,ModelEfficientNetB0_fvs_std0.05_90k_RMSELoss,RMSELoss,2026-08-01 14:10:03,73/200,2026-08-01 19:39:48,0.039136,0.072648,False,0.00001250,269.33,36997985,8,42
ModelEfficientNetB0_fvs_std0.05_90k_RMSELoss_20260801_141003,ModelEfficientNetB0_fvs_std0.05_90k_RMSELoss,RMSELoss,2026-08-01 14:10:03,74/200,2026-08-01 19:44:15,0.039000,0.072826,False,0.00001250,266.49,36997985,8,42
ModelEfficientNetB0_fvs_std0.05_90k_RMSELoss_20260801_141003,ModelEfficientNetB0_fvs_std0.05_90k_RMSELoss,RMSELoss,2026-08-01 14:10:03,75/200,2026-08-01 19:48:41,0.038976,0.073230,False,0.00001250,266.44,36997985,8,42
ModelEfficientNetB0_fvs_std0.05_90k_RMSELoss_20260801_141003,ModelEfficientNetB0_fvs_std0.05_90k_RMSELoss,RMSELoss,2026-08-01 14:10:03,76/200,2026-08-01 19:53:07,0.038762,0.072515,False,0.00001250,265.73,36997985,8,42
ModelEfficientNetB0_fvs_std0.05_90k_RMSELoss_20260801_141003,ModelEfficientNetB0_fvs_std0.05_90k_RMSELoss,RMSELoss,2026-08-01 14:10:03,77/200,2026-08-01 19:57:34,0.038656,0.072917,False,0.00001250,267.60,36997985,8,42
ModelEfficientNetB0_fvs_std0.05_90k_RMSELoss_20260801_141003,ModelEfficientNetB0_fvs_std0.05_90k_RMSELoss,RMSELoss,2026-08-01 14:10:03,78/200,2026-08-01 20:02:00,0.038461,0.072870,False,0.00001250,265.40,36997985,8,42
ModelEfficientNetB0_fvs_std0.05_90k_RMSELoss_20260801_141003,ModelEfficientNetB0_fvs_std0.05_90k_RMSELoss,RMSELoss,2026-08-01 14:10:03,79/200,2026-08-01 20:06:25,0.038426,0.072422,False,0.00001250,265.55,36997985,8,42
ModelEfficientNetB0_fvs_std0.05_90k_RMSELoss_20260801_141003,ModelEfficientNetB0_fvs_std0.05_90k_RMSELoss,RMSELoss,2026-08-01 14:10:03,80/200,2026-08-01 20:10:51,0.038277,0.072196,False,0.00000625,265.97,36997985,8,42
ModelEfficientNetB0_fvs_std0.05_90k_RMSELoss_20260801_141003,ModelEfficientNetB0_fvs_std0.05_90k_RMSELoss,RMSELoss,2026-08-01 14:10:03,81/200,2026-08-01 20:15:17,0.037605,0.072332,False,0.00000625,265.86,36997985,8,42
ModelEfficientNetB0_fvs_std0.05_90k_RMSELoss_20260801_141003,ModelEfficientNetB0_fvs_std0.05_90k_RMSELoss,RMSELoss,2026-08-01 14:10:03,82/200,2026-08-01 20:19:41,0.037438,0.072459,False,0.00000625,264.12,36997985,8,42
ModelEfficientNetB0_fvs_std0.05_90k_RMSELoss_20260801_141003,ModelEfficientNetB0_fvs_std0.05_90k_RMSELoss,RMSELoss,2026-08-01 14:10:03,83/200,2026-08-01 20:24:06,0.037341,0.072331,False,0.00000625,264.94,36997985,8,42
ModelEfficientNetB0_fvs_std0.05_90k_RMSELoss_20260801_141003,ModelEfficientNetB0_fvs_std0.05_90k_RMSELoss,RMSELoss,2026-08-01 14:10:03,84/200,2026-08-01 20:28:32,0.037249,0.072048,True,0.00000625,265.98,36997985,8,42
ModelEfficientNetB0_fvs_std0.05_90k_RMSELoss_20260801_141003,ModelEfficientNetB0_fvs_std0.05_90k_RMSELoss,RMSELoss,2026-08-01 14:10:03,85/200,2026-08-01 20:33:07,0.037101,0.072442,False,0.00000625,265.52,36997985,8,42
ModelEfficientNetB0_fvs_std0.05_90k_RMSELoss_20260801_141003,ModelEfficientNetB0_fvs_std0.05_90k_RMSELoss,RMSELoss,2026-08-01 14:10:03,86/200,2026-08-01 20:37:40,0.037060,0.071211,True,0.00000625,272.75,36997985,8,42
ModelEfficientNetB0_fvs_std0.05_90k_RMSELoss_20260801_141003,ModelEfficientNetB0_fvs_std0.05_90k_RMSELoss,RMSELoss,2026-08-01 14:10:03,87/200,2026-08-01 20:42:18,0.037035,0.071783,False,0.00000625,268.61,36997985,8,42
ModelEfficientNetB0_fvs_std0.05_90k_RMSELoss_20260801_141003,ModelEfficientNetB0_fvs_std0.05_90k_RMSELoss,RMSELoss,2026-08-01 14:10:03,88/200,2026-08-01 20:46:46,0.036886,0.071779,False,0.00000625,267.14,36997985,8,42
ModelEfficientNetB0_fvs_std0.05_90k_RMSELoss_20260801_141003,ModelEfficientNetB0_fvs_std0.05_90k_RMSELoss,RMSELoss,2026-08-01 14:10:03,89/200,2026-08-01 20:51:10,0.036828,0.072082,False,0.00000625,264.90,36997985,8,42
ModelEfficientNetB0_fvs_std0.05_90k_RMSELoss_20260801_141003,ModelEfficientNetB0_fvs_std0.05_90k_RMSELoss,RMSELoss,2026-08-01 14:10:03,90/200,2026-08-01 20:55:35,0.036604,0.072200,False,0.00000625,264.86,36997985,8,42
ModelEfficientNetB0_fvs_std0.05_90k_RMSELoss_20260801_141003,ModelEfficientNetB0_fvs_std0.05_90k_RMSELoss,RMSELoss,2026-08-01 14:10:03,91/200,2026-08-01 21:00:01,0.036683,0.071812,False,0.00000625,265.79,36997985,8,42
ModelEfficientNetB0_fvs_std0.05_90k_RMSELoss_20260801_141003,ModelEfficientNetB0_fvs_std0.05_90k_RMSELoss,RMSELoss,2026-08-01 14:10:03,92/200,2026-08-01 21:04:27,0.036648,0.071850,False,0.00000625,265.56,36997985,8,42
ModelEfficientNetB0_fvs_std0.05_90k_RMSELoss_20260801_141003,ModelEfficientNetB0_fvs_std0.05_90k_RMSELoss,RMSELoss,2026-08-01 14:10:03,93/200,2026-08-01 21:08:54,0.036590,0.071457,False,0.00000625,267.66,36997985,8,42
ModelEfficientNetB0_fvs_std0.05_90k_RMSELoss_20260801_141003,ModelEfficientNetB0_fvs_std0.05_90k_RMSELoss,RMSELoss,2026-08-01 14:10:03,94/200,2026-08-01 21:13:20,0.036366,0.071686,False,0.00000625,265.33,36997985,8,42
ModelEfficientNetB0_fvs_std0.05_90k_RMSELoss_20260801_141003,ModelEfficientNetB0_fvs_std0.05_90k_RMSELoss,RMSELoss,2026-08-01 14:10:03,95/200,2026-08-01 21:17:47,0.036365,0.071560,False,0.00000625,267.54,36997985,8,42
ModelEfficientNetB0_fvs_std0.05_90k_RMSELoss_20260801_141003,ModelEfficientNetB0_fvs_std0.05_90k_RMSELoss,RMSELoss,2026-08-01 14:10:03,96/200,2026-08-01 21:22:12,0.036338,0.071582,False,0.00000625,264.81,36997985,8,42
ModelEfficientNetB0_fvs_std0.05_90k_RMSELoss_20260801_141003,ModelEfficientNetB0_fvs_std0.05_90k_RMSELoss,RMSELoss,2026-08-01 14:10:03,97/200,2026-08-01 21:26:38,0.036200,0.071633,False,0.00000625,266.35,36997985,8,42
ModelEfficientNetB0_fvs_std0.05_90k_RMSELoss_20260801_141003,ModelEfficientNetB0_fvs_std0.05_90k_RMSELoss,RMSELoss,2026-08-01 14:10:03,98/200,2026-08-01 21:31:04,0.036111,0.071899,False,0.00000625,265.70,36997985,8,42
ModelEfficientNetB0_fvs_std0.05_90k_RMSELoss_20260801_141003,ModelEfficientNetB0_fvs_std0.05_90k_RMSELoss,RMSELoss,2026-08-01 14:10:03,99/200,2026-08-01 21:35:30,0.036119,0.071766,False,0.00000625,266.08,36997985,8,42
ModelEfficientNetB0_fvs_std0.05_90k_RMSELoss_20260801_141003,ModelEfficientNetB0_fvs_std0.05_90k_RMSELoss,RMSELoss,2026-08-01 14:10:03,100/200,2026-08-01 21:40:00,0.036066,0.071310,False,0.00000313,270.21,36997985,8,42
ModelEfficientNetB0_fvs_std0.05_90k_RMSELoss_20260801_141003,ModelEfficientNetB0_fvs_std0.05_90k_RMSELoss,RMSELoss,2026-08-01 14:10:03,101/200,2026-08-01 21:44:26,0.035824,0.071271,False,0.00000313,265.08,36997985,8,42
ModelEfficientNetB0_fvs_std0.05_90k_RMSELoss_20260801_141003,ModelEfficientNetB0_fvs_std0.05_90k_RMSELoss,RMSELoss,2026-08-01 14:10:03,102/200,2026-08-01 21:48:59,0.035630,0.071014,True,0.00000313,273.45,36997985,8,42
ModelEfficientNetB0_fvs_std0.05_90k_RMSELoss_20260801_141003,ModelEfficientNetB0_fvs_std0.05_90k_RMSELoss,RMSELoss,2026-08-01 14:10:03,103/200,2026-08-01 21:53:37,0.035509,0.071835,False,0.00000313,268.50,36997985,8,42
ModelEfficientNetB0_fvs_std0.05_90k_RMSELoss_20260801_141003,ModelEfficientNetB0_fvs_std0.05_90k_RMSELoss,RMSELoss,2026-08-01 14:10:03,104/200,2026-08-01 21:58:03,0.035565,0.072097,False,0.00000313,265.69,36997985,8,42
ModelEfficientNetB0_fvs_std0.05_90k_RMSELoss_20260801_141003,ModelEfficientNetB0_fvs_std0.05_90k_RMSELoss,RMSELoss,2026-08-01 14:10:03,105/200,2026-08-01 22:02:29,0.035524,0.071510,False,0.00000313,265.95,36997985,8,42
ModelEfficientNetB0_fvs_std0.05_90k_RMSELoss_20260801_141003,ModelEfficientNetB0_fvs_std0.05_90k_RMSELoss,RMSELoss,2026-08-01 14:10:03,106/200,2026-08-01 22:06:54,0.035460,0.071783,False,0.00000313,265.33,36997985,8,42
ModelEfficientNetB0_fvs_std0.05_90k_RMSELoss_20260801_141003,ModelEfficientNetB0_fvs_std0.05_90k_RMSELoss,RMSELoss,2026-08-01 14:10:03,107/200,2026-08-01 22:11:22,0.035425,0.071488,False,0.00000313,267.76,36997985,8,42
ModelEfficientNetB0_fvs_std0.05_90k_RMSELoss_20260801_141003,ModelEfficientNetB0_fvs_std0.05_90k_RMSELoss,RMSELoss,2026-08-01 14:10:03,108/200,2026-08-01 22:15:47,0.035410,0.071432,False,0.00000313,265.43,36997985,8,42
ModelEfficientNetB0_fvs_std0.05_90k_RMSELoss_20260801_141003,ModelEfficientNetB0_fvs_std0.05_90k_RMSELoss,RMSELoss,2026-08-01 14:10:03,109/200,2026-08-01 22:20:14,0.035249,0.071455,False,0.00000313,266.50,36997985,8,42
ModelEfficientNetB0_fvs_std0.05_90k_RMSELoss_20260801_141003,ModelEfficientNetB0_fvs_std0.05_90k_RMSELoss,RMSELoss,2026-08-01 14:10:03,110/200,2026-08-01 22:24:40,0.035234,0.071215,False,0.00000313,265.72,36997985,8,42
ModelEfficientNetB0_fvs_std0.05_90k_RMSELoss_20260801_141003,ModelEfficientNetB0_fvs_std0.05_90k_RMSELoss,RMSELoss,2026-08-01 14:10:03,111/200,2026-08-01 22:29:07,0.035222,0.071173,False,0.00000313,267.91,36997985,8,42
ModelEfficientNetB0_fvs_std0.05_90k_RMSELoss_20260801_141003,ModelEfficientNetB0_fvs_std0.05_90k_RMSELoss,RMSELoss,2026-08-01 14:10:03,112/200,2026-08-01 22:33:33,0.035312,0.071346,False,0.00000313,265.12,36997985,8,42
ModelEfficientNetB0_fvs_std0.05_90k_RMSELoss_20260801_141003,ModelEfficientNetB0_fvs_std0.05_90k_RMSELoss,RMSELoss,2026-08-01 14:10:03,113/200,2026-08-01 22:38:00,0.035103,0.071636,False,0.00000313,267.28,36997985,8,42
ModelEfficientNetB0_fvs_std0.05_90k_RMSELoss_20260801_141003,ModelEfficientNetB0_fvs_std0.05_90k_RMSELoss,RMSELoss,2026-08-01 14:10:03,114/200,2026-08-01 22:42:25,0.035132,0.071718,False,0.00000313,264.66,36997985,8,42
ModelEfficientNetB0_fvs_std0.05_90k_RMSELoss_20260801_141003,ModelEfficientNetB0_fvs_std0.05_90k_RMSELoss,RMSELoss,2026-08-01 14:10:03,115/200,2026-08-01 22:46:52,0.035132,0.071387,False,0.00000313,267.25,36997985,8,42
ModelEfficientNetB0_fvs_std0.05_90k_RMSELoss_20260801_141003,ModelEfficientNetB0_fvs_std0.05_90k_RMSELoss,RMSELoss,2026-08-01 14:10:03,116/200,2026-08-01 22:51:18,0.035087,0.071359,False,0.00000313,266.35,36997985,8,42
ModelEfficientNetB0_fvs_std0.05_90k_RMSELoss_20260801_141003,ModelEfficientNetB0_fvs_std0.05_90k_RMSELoss,RMSELoss,2026-08-01 14:10:03,117/200,2026-08-01 22:55:44,0.035006,0.071188,False,0.00000313,266.08,36997985,8,42
ModelEfficientNetB0_fvs_std0.05_90k_RMSELoss_20260801_141003,ModelEfficientNetB0_fvs_std0.05_90k_RMSELoss,RMSELoss,2026-08-01 14:10:03,118/200,2026-08-01 23:00:12,0.034987,0.071129,False,0.00000313,267.30,36997985,8,42
ModelEfficientNetB0_fvs_std0.05_90k_RMSELoss_20260801_141003,ModelEfficientNetB0_fvs_std0.05_90k_RMSELoss,RMSELoss,2026-08-01 14:10:03,119/200,2026-08-01 23:04:39,0.035062,0.071145,False,0.00000313,267.14,36997985,8,42
ModelEfficientNetB0_fvs_std0.05_90k_RMSELoss_20260801_141003,ModelEfficientNetB0_fvs_std0.05_90k_RMSELoss,RMSELoss,2026-08-01 14:10:03,120/200,2026-08-01 23:09:08,0.034938,0.071399,False,0.00000156,269.15,36997985,8,42
ModelEfficientNetB0_fvs_std0.05_90k_RMSELoss_20260801_141003,ModelEfficientNetB0_fvs_std0.05_90k_RMSELoss,RMSELoss,2026-08-01 14:10:03,121/200,2026-08-01 23:13:34,0.034751,0.071165,False,0.00000156,266.38,36997985,8,42
ModelEfficientNetB0_fvs_std0.05_90k_RMSELoss_20260801_141003,ModelEfficientNetB0_fvs_std0.05_90k_RMSELoss,RMSELoss,2026-08-01 14:10:03,122/200,2026-08-01 23:18:00,0.034673,0.071465,False,0.00000156,265.53,36997985,8,42
ModelEfficientNetB0_fvs_std0.05_90k_RMSELoss_20260801_141003,ModelEfficientNetB0_fvs_std0.05_90k_RMSELoss,RMSELoss,2026-08-01 14:10:03,123/200,2026-08-01 23:22:26,0.034778,0.070661,True,0.00000156,266.21,36997985,8,42
ModelEfficientNetB0_fvs_std0.05_90k_RMSELoss_20260801_141003,ModelEfficientNetB0_fvs_std0.05_90k_RMSELoss,RMSELoss,2026-08-01 14:10:03,124/200,2026-08-01 23:27:02,0.034757,0.070979,False,0.00000156,266.57,36997985,8,42
ModelEfficientNetB0_fvs_std0.05_90k_RMSELoss_20260801_141003,ModelEfficientNetB0_fvs_std0.05_90k_RMSELoss,RMSELoss,2026-08-01 14:10:03,125/200,2026-08-01 23:31:34,0.034683,0.071007,False,0.00000156,271.88,36997985,8,42
ModelEfficientNetB0_fvs_std0.05_90k_RMSELoss_20260801_141003,ModelEfficientNetB0_fvs_std0.05_90k_RMSELoss,RMSELoss,2026-08-01 14:10:03,126/200,2026-08-01 23:35:59,0.034671,0.071377,False,0.00000156,264.58,36997985,8,42
ModelEfficientNetB0_fvs_std0.05_90k_RMSELoss_20260801_141003,ModelEfficientNetB0_fvs_std0.05_90k_RMSELoss,RMSELoss,2026-08-01 14:10:03,127/200,2026-08-01 23:40:29,0.034674,0.071141,False,0.00000156,270.12,36997985,8,42
ModelEfficientNetB0_fvs_std0.05_90k_RMSELoss_20260801_141003,ModelEfficientNetB0_fvs_std0.05_90k_RMSELoss,RMSELoss,2026-08-01 14:10:03,128/200,2026-08-01 23:44:55,0.034608,0.070943,False,0.00000156,266.14,36997985,8,42
ModelEfficientNetB0_fvs_std0.05_90k_RMSELoss_20260801_141003,ModelEfficientNetB0_fvs_std0.05_90k_RMSELoss,RMSELoss,2026-08-01 14:10:03,129/200,2026-08-01 23:49:22,0.034560,0.070673,False,0.00000156,267.44,36997985,8,42
ModelEfficientNetB0_fvs_std0.05_90k_RMSELoss_20260801_141003,ModelEfficientNetB0_fvs_std0.05_90k_RMSELoss,RMSELoss,2026-08-01 14:10:03,130/200,2026-08-01 23:53:49,0.034610,0.071038,False,0.00000156,266.66,36997985,8,42
ModelEfficientNetB0_fvs_std0.05_90k_RMSELoss_20260801_141003,ModelEfficientNetB0_fvs_std0.05_90k_RMSELoss,RMSELoss,2026-08-01 14:10:03,131/200,2026-08-01 23:58:14,0.034487,0.070910,False,0.00000156,265.45,36997985,8,42
ModelEfficientNetB0_fvs_std0.05_90k_RMSELoss_20260801_141003,ModelEfficientNetB0_fvs_std0.05_90k_RMSELoss,RMSELoss,2026-08-01 14:10:03,132/200,2026-08-02 00:02:41,0.034577,0.071051,False,0.00000156,266.08,36997985,8,42
ModelEfficientNetB0_fvs_std0.05_90k_RMSELoss_20260801_141003,ModelEfficientNetB0_fvs_std0.05_90k_RMSELoss,RMSELoss,2026-08-01 14:10:03,133/200,2026-08-02 00:07:06,0.034480,0.071295,False,0.00000156,265.01,36997985,8,42
ModelEfficientNetB0_fvs_std0.05_90k_RMSELoss_20260801_141003,ModelEfficientNetB0_fvs_std0.05_90k_RMSELoss,RMSELoss,2026-08-01 14:10:03,134/200,2026-08-02 00:11:34,0.034483,0.070672,False,0.00000156,268.51,36997985,8,42
ModelEfficientNetB0_fvs_std0.05_90k_RMSELoss_20260801_141003,ModelEfficientNetB0_fvs_std0.05_90k_RMSELoss,RMSELoss,2026-08-01 14:10:03,135/200,2026-08-02 00:16:01,0.034396,0.071444,False,0.00000156,267.24,36997985,8,42
ModelEfficientNetB0_fvs_std0.05_90k_RMSELoss_20260801_141003,ModelEfficientNetB0_fvs_std0.05_90k_RMSELoss,RMSELoss,2026-08-01 14:10:03,136/200,2026-08-02 00:20:28,0.034441,0.071048,False,0.00000156,266.27,36997985,8,42
ModelEfficientNetB0_fvs_std0.05_90k_RMSELoss_20260801_141003,ModelEfficientNetB0_fvs_std0.05_90k_RMSELoss,RMSELoss,2026-08-01 14:10:03,137/200,2026-08-02 00:24:54,0.034442,0.071118,False,0.00000156,266.34,36997985,8,42
ModelEfficientNetB0_fvs_std0.05_90k_RMSELoss_20260801_141003,ModelEfficientNetB0_fvs_std0.05_90k_RMSELoss,RMSELoss,2026-08-01 14:10:03,138/200,2026-08-02 00:29:20,0.034465,0.070873,False,0.00000156,265.56,36997985,8,42
ModelEfficientNetB0_fvs_std0.05_90k_RMSELoss_20260801_141003,ModelEfficientNetB0_fvs_std0.05_90k_RMSELoss,RMSELoss,2026-08-01 14:10:03,139/200,2026-08-02 00:33:46,0.034387,0.070890,False,0.00000156,266.54,36997985,8,42
ModelEfficientNetB0_fvs_std0.05_90k_RMSELoss_20260801_141003,ModelEfficientNetB0_fvs_std0.05_90k_RMSELoss,RMSELoss,2026-08-01 14:10:03,140/200,2026-08-02 00:38:16,0.034449,0.070927,False,0.00000078,269.62,36997985,8,42
ModelEfficientNetB0_fvs_std0.05_90k_RMSELoss_20260801_141003,ModelEfficientNetB0_fvs_std0.05_90k_RMSELoss,RMSELoss,2026-08-01 14:10:03,141/200,2026-08-02 00:42:43,0.034334,0.070539,True,0.00000078,267.02,36997985,8,42
ModelEfficientNetB0_fvs_std0.05_90k_RMSELoss_20260801_141003,ModelEfficientNetB0_fvs_std0.05_90k_RMSELoss,RMSELoss,2026-08-01 14:10:03,142/200,2026-08-02 00:47:19,0.034284,0.070869,False,0.00000078,266.40,36997985,8,42
ModelEfficientNetB0_fvs_std0.05_90k_RMSELoss_20260801_141003,ModelEfficientNetB0_fvs_std0.05_90k_RMSELoss,RMSELoss,2026-08-01 14:10:03,143/200,2026-08-02 00:51:47,0.034185,0.071410,False,0.00000078,268.10,36997985,8,42
ModelEfficientNetB0_fvs_std0.05_90k_RMSELoss_20260801_141003,ModelEfficientNetB0_fvs_std0.05_90k_RMSELoss,RMSELoss,2026-08-01 14:10:03,144/200,2026-08-02 00:56:12,0.034405,0.071335,False,0.00000078,265.57,36997985,8,42
ModelEfficientNetB0_fvs_std0.05_90k_RMSELoss_20260801_141003,ModelEfficientNetB0_fvs_std0.05_90k_RMSELoss,RMSELoss,2026-08-01 14:10:03,145/200,2026-08-02 01:00:39,0.034228,0.070720,False,0.00000078,266.18,36997985,8,42
ModelEfficientNetB0_fvs_std0.05_90k_RMSELoss_20260801_141003,ModelEfficientNetB0_fvs_std0.05_90k_RMSELoss,RMSELoss,2026-08-01 14:10:03,146/200,2026-08-02 01:05:05,0.034310,0.070848,False,0.00000078,266.52,36997985,8,42
ModelEfficientNetB0_fvs_std0.05_90k_RMSELoss_20260801_141003,ModelEfficientNetB0_fvs_std0.05_90k_RMSELoss,RMSELoss,2026-08-01 14:10:03,147/200,2026-08-02 01:09:33,0.034295,0.071011,False,0.00000078,267.73,36997985,8,42
ModelEfficientNetB0_fvs_std0.05_90k_RMSELoss_20260801_141003,ModelEfficientNetB0_fvs_std0.05_90k_RMSELoss,RMSELoss,2026-08-01 14:10:03,148/200,2026-08-02 01:13:59,0.034141,0.070791,False,0.00000078,266.19,36997985,8,42
ModelEfficientNetB0_fvs_std0.05_90k_RMSELoss_20260801_141003,ModelEfficientNetB0_fvs_std0.05_90k_RMSELoss,RMSELoss,2026-08-01 14:10:03,149/200,2026-08-02 01:18:25,0.034263,0.071086,False,0.00000078,265.86,36997985,8,42
ModelEfficientNetB0_fvs_std0.05_90k_RMSELoss_20260801_141003,ModelEfficientNetB0_fvs_std0.05_90k_RMSELoss,RMSELoss,2026-08-01 14:10:03,150/200,2026-08-02 01:22:51,0.034172,0.071135,False,0.00000078,265.78,36997985,8,42
ModelEfficientNetB0_fvs_std0.05_90k_RMSELoss_20260801_141003,ModelEfficientNetB0_fvs_std0.05_90k_RMSELoss,RMSELoss,2026-08-01 14:10:03,151/200,2026-08-02 01:27:18,0.034181,0.070476,True,0.00000078,267.29,36997985,8,42
ModelEfficientNetB0_fvs_std0.05_90k_RMSELoss_20260801_141003,ModelEfficientNetB0_fvs_std0.05_90k_RMSELoss,RMSELoss,2026-08-01 14:10:03,152/200,2026-08-02 01:31:56,0.034012,0.070825,False,0.00000078,268.16,36997985,8,42
ModelEfficientNetB0_fvs_std0.05_90k_RMSELoss_20260801_141003,ModelEfficientNetB0_fvs_std0.05_90k_RMSELoss,RMSELoss,2026-08-01 14:10:03,153/200,2026-08-02 01:36:25,0.034187,0.070711,False,0.00000078,269.30,36997985,8,42
ModelEfficientNetB0_fvs_std0.05_90k_RMSELoss_20260801_141003,ModelEfficientNetB0_fvs_std0.05_90k_RMSELoss,RMSELoss,2026-08-01 14:10:03,154/200,2026-08-02 01:40:51,0.034131,0.070876,False,0.00000078,265.73,36997985,8,42
ModelEfficientNetB0_fvs_std0.05_90k_RMSELoss_20260801_141003,ModelEfficientNetB0_fvs_std0.05_90k_RMSELoss,RMSELoss,2026-08-01 14:10:03,155/200,2026-08-02 01:45:18,0.034138,0.070647,False,0.00000078,266.84,36997985,8,42
ModelEfficientNetB0_fvs_std0.05_90k_RMSELoss_20260801_141003,ModelEfficientNetB0_fvs_std0.05_90k_RMSELoss,RMSELoss,2026-08-01 14:10:03,156/200,2026-08-02 01:49:51,0.034237,0.070666,False,0.00000078,272.79,36997985,8,42
ModelEfficientNetB0_fvs_std0.05_90k_RMSELoss_20260801_141003,ModelEfficientNetB0_fvs_std0.05_90k_RMSELoss,RMSELoss,2026-08-01 14:10:03,157/200,2026-08-02 01:54:18,0.034153,0.070681,False,0.00000078,267.83,36997985,8,42
ModelEfficientNetB0_fvs_std0.05_90k_RMSELoss_20260801_141003,ModelEfficientNetB0_fvs_std0.05_90k_RMSELoss,RMSELoss,2026-08-01 14:10:03,158/200,2026-08-02 01:58:45,0.034075,0.070761,False,0.00000078,266.54,36997985,8,42
ModelEfficientNetB0_fvs_std0.05_90k_RMSELoss_20260801_141003,ModelEfficientNetB0_fvs_std0.05_90k_RMSELoss,RMSELoss,2026-08-01 14:10:03,159/200,2026-08-02 02:03:13,0.034053,0.070523,False,0.00000078,267.81,36997985,8,42
ModelEfficientNetB0_fvs_std0.05_90k_RMSELoss_20260801_141003,ModelEfficientNetB0_fvs_std0.05_90k_RMSELoss,RMSELoss,2026-08-01 14:10:03,160/200,2026-08-02 02:07:38,0.034145,0.070831,False,0.00000039,265.63,36997985,8,42
ModelEfficientNetB0_fvs_std0.05_90k_RMSELoss_20260801_141003,ModelEfficientNetB0_fvs_std0.05_90k_RMSELoss,RMSELoss,2026-08-01 14:10:03,161/200,2026-08-02 02:12:05,0.034036,0.070827,False,0.00000039,266.70,36997985,8,42
ModelEfficientNetB0_fvs_std0.05_90k_RMSELoss_20260801_141003,ModelEfficientNetB0_fvs_std0.05_90k_RMSELoss,RMSELoss,2026-08-01 14:10:03,162/200,2026-08-02 02:16:31,0.034036,0.070862,False,0.00000039,266.36,36997985,8,42
ModelEfficientNetB0_fvs_std0.05_90k_RMSELoss_20260801_141003,ModelEfficientNetB0_fvs_std0.05_90k_RMSELoss,RMSELoss,2026-08-01 14:10:03,163/200,2026-08-02 02:20:58,0.033965,0.071064,False,0.00000039,266.47,36997985,8,42
ModelEfficientNetB0_fvs_std0.05_90k_RMSELoss_20260801_141003,ModelEfficientNetB0_fvs_std0.05_90k_RMSELoss,RMSELoss,2026-08-01 14:10:03,164/200,2026-08-02 02:25:24,0.034038,0.070727,False,0.00000039,266.52,36997985,8,42
ModelEfficientNetB0_fvs_std0.05_90k_RMSELoss_20260801_141003,ModelEfficientNetB0_fvs_std0.05_90k_RMSELoss,RMSELoss,2026-08-01 14:10:03,165/200,2026-08-02 02:29:56,0.034094,0.070461,True,0.00000039,272.02,36997985,8,42
ModelEfficientNetB0_fvs_std0.05_90k_RMSELoss_20260801_141003,ModelEfficientNetB0_fvs_std0.05_90k_RMSELoss,RMSELoss,2026-08-01 14:10:03,166/200,2026-08-02 02:34:34,0.034033,0.070776,False,0.00000039,267.78,36997985,8,42
ModelEfficientNetB0_fvs_std0.05_90k_RMSELoss_20260801_141003,ModelEfficientNetB0_fvs_std0.05_90k_RMSELoss,RMSELoss,2026-08-01 14:10:03,167/200,2026-08-02 02:39:02,0.034122,0.070718,False,0.00000039,267.89,36997985,8,42
ModelEfficientNetB0_fvs_std0.05_90k_RMSELoss_20260801_141003,ModelEfficientNetB0_fvs_std0.05_90k_RMSELoss,RMSELoss,2026-08-01 14:10:03,168/200,2026-08-02 02:43:30,0.034042,0.070938,False,0.00000039,268.16,36997985,8,42
ModelEfficientNetB0_fvs_std0.05_90k_RMSELoss_20260801_141003,ModelEfficientNetB0_fvs_std0.05_90k_RMSELoss,RMSELoss,2026-08-01 14:10:03,169/200,2026-08-02 02:47:58,0.034049,0.070913,False,0.00000039,267.81,36997985,8,42
ModelEfficientNetB0_fvs_std0.05_90k_RMSELoss_20260801_141003,ModelEfficientNetB0_fvs_std0.05_90k_RMSELoss,RMSELoss,2026-08-01 14:10:03,170/200,2026-08-02 02:52:25,0.034021,0.070809,False,0.00000039,266.79,36997985,8,42
ModelEfficientNetB0_fvs_std0.05_90k_RMSELoss_20260801_141003,ModelEfficientNetB0_fvs_std0.05_90k_RMSELoss,RMSELoss,2026-08-01 14:10:03,171/200,2026-08-02 02:56:52,0.034041,0.071048,False,0.00000039,267.28,36997985,8,42
ModelEfficientNetB0_fvs_std0.05_90k_RMSELoss_20260801_141003,ModelEfficientNetB0_fvs_std0.05_90k_RMSELoss,RMSELoss,2026-08-01 14:10:03,172/200,2026-08-02 03:01:19,0.034107,0.070577,False,0.00000039,267.05,36997985,8,42
ModelEfficientNetB0_fvs_std0.05_90k_RMSELoss_20260801_141003,ModelEfficientNetB0_fvs_std0.05_90k_RMSELoss,RMSELoss,2026-08-01 14:10:03,173/200,2026-08-02 03:05:48,0.034051,0.070497,False,0.00000039,269.07,36997985,8,42
ModelEfficientNetB0_fvs_std0.05_90k_RMSELoss_20260801_141003,ModelEfficientNetB0_fvs_std0.05_90k_RMSELoss,RMSELoss,2026-08-01 14:10:03,174/200,2026-08-02 03:10:18,0.034117,0.070745,False,0.00000039,269.66,36997985,8,42
ModelEfficientNetB0_fvs_std0.05_90k_RMSELoss_20260801_141003,ModelEfficientNetB0_fvs_std0.05_90k_RMSELoss,RMSELoss,2026-08-01 14:10:03,175/200,2026-08-02 03:14:46,0.034050,0.071030,False,0.00000039,268.63,36997985,8,42
ModelEfficientNetB0_fvs_std0.05_90k_RMSELoss_20260801_141003,ModelEfficientNetB0_fvs_std0.05_90k_RMSELoss,RMSELoss,2026-08-01 14:10:03,176/200,2026-08-02 03:19:14,0.033952,0.070700,False,0.00000039,267.82,36997985,8,42
ModelEfficientNetB0_fvs_std0.05_90k_RMSELoss_20260801_141003,ModelEfficientNetB0_fvs_std0.05_90k_RMSELoss,RMSELoss,2026-08-01 14:10:03,177/200,2026-08-02 03:23:41,0.034011,0.070777,False,0.00000039,266.81,36997985,8,42
ModelEfficientNetB0_fvs_std0.05_90k_RMSELoss_20260801_141003,ModelEfficientNetB0_fvs_std0.05_90k_RMSELoss,RMSELoss,2026-08-01 14:10:03,178/200,2026-08-02 03:28:11,0.034075,0.070557,False,0.00000039,270.00,36997985,8,42
ModelEfficientNetB0_fvs_std0.05_90k_RMSELoss_20260801_141003,ModelEfficientNetB0_fvs_std0.05_90k_RMSELoss,RMSELoss,2026-08-01 14:10:03,179/200,2026-08-02 03:32:38,0.033999,0.070806,False,0.00000039,267.44,36997985,8,42
ModelEfficientNetB0_fvs_std0.05_90k_RMSELoss_20260801_141003,ModelEfficientNetB0_fvs_std0.05_90k_RMSELoss,RMSELoss,2026-08-01 14:10:03,180/200,2026-08-02 03:37:07,0.034025,0.070732,False,0.00000020,268.16,36997985,8,42
ModelEfficientNetB0_fvs_std0.05_90k_RMSELoss_20260801_141003,ModelEfficientNetB0_fvs_std0.05_90k_RMSELoss,RMSELoss,2026-08-01 14:10:03,181/200,2026-08-02 03:41:34,0.033921,0.070718,False,0.00000020,266.92,36997985,8,42
ModelEfficientNetB0_fvs_std0.05_90k_RMSELoss_20260801_141003,ModelEfficientNetB0_fvs_std0.05_90k_RMSELoss,RMSELoss,2026-08-01 14:10:03,182/200,2026-08-02 03:46:00,0.033948,0.070796,False,0.00000020,266.90,36997985,8,42
ModelEfficientNetB0_fvs_std0.05_90k_RMSELoss_20260801_141003,ModelEfficientNetB0_fvs_std0.05_90k_RMSELoss,RMSELoss,2026-08-01 14:10:03,183/200,2026-08-02 03:50:27,0.034010,0.070902,False,0.00000020,266.97,36997985,8,42
ModelEfficientNetB0_fvs_std0.05_90k_RMSELoss_20260801_141003,ModelEfficientNetB0_fvs_std0.05_90k_RMSELoss,RMSELoss,2026-08-01 14:10:03,184/200,2026-08-02 03:54:54,0.033859,0.070745,False,0.00000020,267.05,36997985,8,42
ModelEfficientNetB0_fvs_std0.05_90k_RMSELoss_20260801_141003,ModelEfficientNetB0_fvs_std0.05_90k_RMSELoss,RMSELoss,2026-08-01 14:10:03,185/200,2026-08-02 03:59:21,0.033860,0.071266,False,0.00000020,266.29,36997985,8,42
ModelEfficientNetB0_fvs_std0.05_90k_RMSELoss_20260801_141003,ModelEfficientNetB0_fvs_std0.05_90k_RMSELoss,RMSELoss,2026-08-01 14:10:03,186/200,2026-08-02 04:03:46,0.033921,0.070773,False,0.00000020,265.62,36997985,8,42
ModelEfficientNetB0_fvs_std0.05_90k_RMSELoss_20260801_141003,ModelEfficientNetB0_fvs_std0.05_90k_RMSELoss,RMSELoss,2026-08-01 14:10:03,187/200,2026-08-02 04:08:14,0.033919,0.070736,False,0.00000020,267.19,36997985,8,42
ModelEfficientNetB0_fvs_std0.05_90k_RMSELoss_20260801_141003,ModelEfficientNetB0_fvs_std0.05_90k_RMSELoss,RMSELoss,2026-08-01 14:10:03,188/200,2026-08-02 04:12:41,0.033927,0.070973,False,0.00000020,267.26,36997985,8,42
ModelEfficientNetB0_fvs_std0.05_90k_RMSELoss_20260801_141003,ModelEfficientNetB0_fvs_std0.05_90k_RMSELoss,RMSELoss,2026-08-01 14:10:03,189/200,2026-08-02 04:17:09,0.033985,0.071009,False,0.00000020,268.35,36997985,8,42
ModelEfficientNetB0_fvs_std0.05_90k_RMSELoss_20260801_141003,ModelEfficientNetB0_fvs_std0.05_90k_RMSELoss,RMSELoss,2026-08-01 14:10:03,190/200,2026-08-02 04:21:35,0.033868,0.070513,False,0.00000020,265.31,36997985,8,42
ModelEfficientNetB0_fvs_std0.05_90k_RMSELoss_20260801_141003,ModelEfficientNetB0_fvs_std0.05_90k_RMSELoss,RMSELoss,2026-08-01 14:10:03,191/200,2026-08-02 04:26:02,0.033943,0.070864,False,0.00000020,266.99,36997985,8,42
ModelEfficientNetB0_fvs_std0.05_90k_RMSELoss_20260801_141003,ModelEfficientNetB0_fvs_std0.05_90k_RMSELoss,RMSELoss,2026-08-01 14:10:03,192/200,2026-08-02 04:30:32,0.033956,0.070933,False,0.00000020,270.69,36997985,8,42
ModelEfficientNetB0_fvs_std0.05_90k_RMSELoss_20260801_141003,ModelEfficientNetB0_fvs_std0.05_90k_RMSELoss,RMSELoss,2026-08-01 14:10:03,193/200,2026-08-02 04:35:01,0.033859,0.071071,False,0.00000020,268.72,36997985,8,42
ModelEfficientNetB0_fvs_std0.05_90k_RMSELoss_20260801_141003,ModelEfficientNetB0_fvs_std0.05_90k_RMSELoss,RMSELoss,2026-08-01 14:10:03,194/200,2026-08-02 04:39:28,0.033913,0.070625,False,0.00000020,267.27,36997985,8,42
ModelEfficientNetB0_fvs_std0.05_90k_RMSELoss_20260801_141003,ModelEfficientNetB0_fvs_std0.05_90k_RMSELoss,RMSELoss,2026-08-01 14:10:03,195/200,2026-08-02 04:43:53,0.034039,0.070724,False,0.00000020,265.27,36997985,8,42
ModelEfficientNetB0_fvs_std0.05_90k_RMSELoss_20260801_141003,ModelEfficientNetB0_fvs_std0.05_90k_RMSELoss,RMSELoss,2026-08-01 14:10:03,196/200,2026-08-02 04:48:20,0.033812,0.071080,False,0.00000020,266.99,36997985,8,42
ModelEfficientNetB0_fvs_std0.05_90k_RMSELoss_20260801_141003,ModelEfficientNetB0_fvs_std0.05_90k_RMSELoss,RMSELoss,2026-08-01 14:10:03,197/200,2026-08-02 04:52:48,0.033885,0.070920,False,0.00000020,267.82,36997985,8,42
ModelEfficientNetB0_fvs_std0.05_90k_RMSELoss_20260801_141003,ModelEfficientNetB0_fvs_std0.05_90k_RMSELoss,RMSELoss,2026-08-01 14:10:03,198/200,2026-08-02 04:57:15,0.033886,0.070809,False,0.00000020,267.02,36997985,8,42
ModelEfficientNetB0_fvs_std0.05_90k_RMSELoss_20260801_141003,ModelEfficientNetB0_fvs_std0.05_90k_RMSELoss,RMSELoss,2026-08-01 14:10:03,199/200,2026-08-02 05:01:43,0.033809,0.070816,False,0.00000020,267.45,36997985,8,42
ModelEfficientNetB0_fvs_std0.05_90k_RMSELoss_20260801_141003,ModelEfficientNetB0_fvs_std0.05_90k_RMSELoss,RMSELoss,2026-08-01 14:10:03,200/200,2026-08-02 05:06:10,0.033906,0.071007,False,0.00000010,267.51,36997985,8,42
ModelEfficientNetB0_fvs_std0.08_90k_RMSELoss_20260807_062334,ModelEfficientNetB0_fvs_std0.08_90k_RMSELoss,RMSELoss,2026-08-07 06:23:34,1/200,2026-08-07 06:28:09,0.114661,2.335198,True,0.00010000,273.10,36997985,8,42
ModelEfficientNetB0_fvs_std0.08_90k_RMSELoss_20260807_062334,ModelEfficientNetB0_fvs_std0.08_90k_RMSELoss,RMSELoss,2026-08-07 06:23:34,2/200,2026-08-07 06:32:47,0.098172,0.465880,True,0.00010000,268.33,36997985,8,42
ModelEfficientNetB0_fvs_std0.08_90k_RMSELoss_20260807_062334,ModelEfficientNetB0_fvs_std0.08_90k_RMSELoss,RMSELoss,2026-08-07 06:23:34,3/200,2026-08-07 06:37:24,0.092950,0.272496,True,0.00010000,267.10,36997985,8,42
ModelEfficientNetB0_fvs_std0.08_90k_RMSELoss_20260807_062334,ModelEfficientNetB0_fvs_std0.08_90k_RMSELoss,RMSELoss,2026-08-07 06:23:34,4/200,2026-08-07 06:42:01,0.089296,0.197337,True,0.00010000,267.72,36997985,8,42
ModelEfficientNetB0_fvs_std0.08_90k_RMSELoss_20260807_062334,ModelEfficientNetB0_fvs_std0.08_90k_RMSELoss,RMSELoss,2026-08-07 06:23:34,5/200,2026-08-07 06:46:35,0.086894,0.217475,False,0.00010000,264.36,36997985,8,42
ModelEfficientNetB0_fvs_std0.08_90k_RMSELoss_20260807_062334,ModelEfficientNetB0_fvs_std0.08_90k_RMSELoss,RMSELoss,2026-08-07 06:23:34,6/200,2026-08-07 06:51:03,0.084844,0.210701,False,0.00010000,267.83,36997985,8,42
ModelEfficientNetB0_fvs_std0.08_90k_RMSELoss_20260807_062334,ModelEfficientNetB0_fvs_std0.08_90k_RMSELoss,RMSELoss,2026-08-07 06:23:34,7/200,2026-08-07 06:55:29,0.082959,0.240135,False,0.00010000,266.23,36997985,8,42
ModelEfficientNetB0_fvs_std0.08_90k_RMSELoss_20260807_062334,ModelEfficientNetB0_fvs_std0.08_90k_RMSELoss,RMSELoss,2026-08-07 06:23:34,8/200,2026-08-07 06:59:56,0.081674,0.190666,True,0.00010000,267.15,36997985,8,42
ModelEfficientNetB0_fvs_std0.08_90k_RMSELoss_20260807_062334,ModelEfficientNetB0_fvs_std0.08_90k_RMSELoss,RMSELoss,2026-08-07 06:23:34,9/200,2026-08-07 07:04:32,0.080256,0.188610,True,0.00010000,266.48,36997985,8,42
ModelEfficientNetB0_fvs_std0.08_90k_RMSELoss_20260807_062334,ModelEfficientNetB0_fvs_std0.08_90k_RMSELoss,RMSELoss,2026-08-07 06:23:34,10/200,2026-08-07 07:09:09,0.079017,0.150988,True,0.00010000,267.19,36997985,8,42
ModelEfficientNetB0_fvs_std0.08_90k_RMSELoss_20260807_062334,ModelEfficientNetB0_fvs_std0.08_90k_RMSELoss,RMSELoss,2026-08-07 06:23:34,11/200,2026-08-07 07:13:46,0.077582,0.166327,False,0.00010000,267.03,36997985,8,42
ModelEfficientNetB0_fvs_std0.08_90k_RMSELoss_20260807_062334,ModelEfficientNetB0_fvs_std0.08_90k_RMSELoss,RMSELoss,2026-08-07 06:23:34,12/200,2026-08-07 07:18:12,0.076766,0.243841,False,0.00010000,266.59,36997985,8,42
ModelEfficientNetB0_fvs_std0.08_90k_RMSELoss_20260807_062334,ModelEfficientNetB0_fvs_std0.08_90k_RMSELoss,RMSELoss,2026-08-07 06:23:34,13/200,2026-08-07 07:22:43,0.075500,0.181292,False,0.00010000,270.27,36997985,8,42
ModelEfficientNetB0_fvs_std0.08_90k_RMSELoss_20260807_062334,ModelEfficientNetB0_fvs_std0.08_90k_RMSELoss,RMSELoss,2026-08-07 06:23:34,14/200,2026-08-07 07:27:10,0.074675,0.176089,False,0.00010000,266.98,36997985,8,42
ModelEfficientNetB0_fvs_std0.08_90k_RMSELoss_20260807_062334,ModelEfficientNetB0_fvs_std0.08_90k_RMSELoss,RMSELoss,2026-08-07 06:23:34,15/200,2026-08-07 07:31:38,0.073818,0.238907,False,0.00010000,268.50,36997985,8,42
ModelEfficientNetB0_fvs_std0.08_90k_RMSELoss_20260807_062334,ModelEfficientNetB0_fvs_std0.08_90k_RMSELoss,RMSELoss,2026-08-07 06:23:34,16/200,2026-08-07 07:36:05,0.072656,0.335084,False,0.00010000,266.84,36997985,8,42
ModelEfficientNetB0_fvs_std0.08_90k_RMSELoss_20260807_062334,ModelEfficientNetB0_fvs_std0.08_90k_RMSELoss,RMSELoss,2026-08-07 06:23:34,17/200,2026-08-07 07:40:32,0.072005,0.208149,False,0.00010000,267.50,36997985,8,42
ModelEfficientNetB0_fvs_std0.08_90k_RMSELoss_20260807_062334,ModelEfficientNetB0_fvs_std0.08_90k_RMSELoss,RMSELoss,2026-08-07 06:23:34,18/200,2026-08-07 07:45:00,0.071015,0.145127,True,0.00010000,267.47,36997985,8,42
ModelEfficientNetB0_fvs_std0.08_90k_RMSELoss_20260807_062334,ModelEfficientNetB0_fvs_std0.08_90k_RMSELoss,RMSELoss,2026-08-07 06:23:34,19/200,2026-08-07 07:49:36,0.070556,0.166038,False,0.00010000,266.08,36997985,8,42
ModelEfficientNetB0_fvs_std0.08_90k_RMSELoss_20260807_062334,ModelEfficientNetB0_fvs_std0.08_90k_RMSELoss,RMSELoss,2026-08-07 06:23:34,20/200,2026-08-07 07:54:05,0.069795,0.119169,True,0.00005000,269.08,36997985,8,42
ModelEfficientNetB0_fvs_std0.08_90k_RMSELoss_20260807_062334,ModelEfficientNetB0_fvs_std0.08_90k_RMSELoss,RMSELoss,2026-08-07 06:23:34,21/200,2026-08-07 07:58:41,0.065611,0.125469,False,0.00005000,266.89,36997985,8,42
ModelEfficientNetB0_fvs_std0.08_90k_RMSELoss_20260807_062334,ModelEfficientNetB0_fvs_std0.08_90k_RMSELoss,RMSELoss,2026-08-07 06:23:34,22/200,2026-08-07 08:03:09,0.064334,0.109946,True,0.00005000,267.70,36997985,8,42
ModelEfficientNetB0_fvs_std0.08_90k_RMSELoss_20260807_062334,ModelEfficientNetB0_fvs_std0.08_90k_RMSELoss,RMSELoss,2026-08-07 06:23:34,23/200,2026-08-07 08:07:46,0.063582,0.119451,False,0.00005000,267.30,36997985,8,42
ModelEfficientNetB0_fvs_std0.08_90k_RMSELoss_20260807_062334,ModelEfficientNetB0_fvs_std0.08_90k_RMSELoss,RMSELoss,2026-08-07 06:23:34,24/200,2026-08-07 08:12:13,0.062755,0.102675,True,0.00005000,267.48,36997985,8,42
ModelEfficientNetB0_fvs_std0.08_90k_RMSELoss_20260807_062334,ModelEfficientNetB0_fvs_std0.08_90k_RMSELoss,RMSELoss,2026-08-07 06:23:34,25/200,2026-08-07 08:16:50,0.062259,0.100882,True,0.00005000,266.56,36997985,8,42
ModelEfficientNetB0_fvs_std0.08_90k_RMSELoss_20260807_062334,ModelEfficientNetB0_fvs_std0.08_90k_RMSELoss,RMSELoss,2026-08-07 06:23:34,26/200,2026-08-07 08:21:30,0.061586,0.102727,False,0.00005000,270.76,36997985,8,42
ModelEfficientNetB0_fvs_std0.08_90k_RMSELoss_20260807_062334,ModelEfficientNetB0_fvs_std0.08_90k_RMSELoss,RMSELoss,2026-08-07 06:23:34,27/200,2026-08-07 08:26:00,0.061207,0.095506,True,0.00005000,269.69,36997985,8,42
ModelEfficientNetB0_fvs_std0.08_90k_RMSELoss_20260807_062334,ModelEfficientNetB0_fvs_std0.08_90k_RMSELoss,RMSELoss,2026-08-07 06:23:34,28/200,2026-08-07 08:30:36,0.060499,0.091950,True,0.00005000,267.19,36997985,8,42
ModelEfficientNetB0_fvs_std0.08_90k_RMSELoss_20260807_062334,ModelEfficientNetB0_fvs_std0.08_90k_RMSELoss,RMSELoss,2026-08-07 06:23:34,29/200,2026-08-07 08:35:12,0.060009,0.097196,False,0.00005000,266.38,36997985,8,42
ModelEfficientNetB0_fvs_std0.08_90k_RMSELoss_20260807_062334,ModelEfficientNetB0_fvs_std0.08_90k_RMSELoss,RMSELoss,2026-08-07 06:23:34,30/200,2026-08-07 08:39:40,0.059655,0.090668,True,0.00005000,267.26,36997985,8,42
ModelEfficientNetB0_fvs_std0.08_90k_RMSELoss_20260807_062334,ModelEfficientNetB0_fvs_std0.08_90k_RMSELoss,RMSELoss,2026-08-07 06:23:34,31/200,2026-08-07 08:44:19,0.058994,0.090954,False,0.00005000,269.59,36997985,8,42
ModelEfficientNetB0_fvs_std0.08_90k_RMSELoss_20260807_062334,ModelEfficientNetB0_fvs_std0.08_90k_RMSELoss,RMSELoss,2026-08-07 06:23:34,32/200,2026-08-07 08:48:45,0.058524,0.090916,False,0.00005000,266.40,36997985,8,42
ModelEfficientNetB0_fvs_std0.08_90k_RMSELoss_20260807_062334,ModelEfficientNetB0_fvs_std0.08_90k_RMSELoss,RMSELoss,2026-08-07 06:23:34,33/200,2026-08-07 08:53:12,0.058061,0.093702,False,0.00005000,267.08,36997985,8,42
ModelEfficientNetB0_fvs_std0.08_90k_RMSELoss_20260807_062334,ModelEfficientNetB0_fvs_std0.08_90k_RMSELoss,RMSELoss,2026-08-07 06:23:34,34/200,2026-08-07 08:57:39,0.057608,0.095255,False,0.00005000,266.33,36997985,8,42
ModelEfficientNetB0_fvs_std0.08_90k_RMSELoss_20260807_062334,ModelEfficientNetB0_fvs_std0.08_90k_RMSELoss,RMSELoss,2026-08-07 06:23:34,35/200,2026-08-07 09:02:06,0.057247,0.088682,True,0.00005000,267.59,36997985,8,42
ModelEfficientNetB0_fvs_std0.08_90k_RMSELoss_20260807_062334,ModelEfficientNetB0_fvs_std0.08_90k_RMSELoss,RMSELoss,2026-08-07 06:23:34,36/200,2026-08-07 09:06:44,0.056841,0.087274,True,0.00005000,268.16,36997985,8,42
ModelEfficientNetB0_fvs_std0.08_90k_RMSELoss_20260807_062334,ModelEfficientNetB0_fvs_std0.08_90k_RMSELoss,RMSELoss,2026-08-07 06:23:34,37/200,2026-08-07 09:11:21,0.056350,0.086644,True,0.00005000,266.77,36997985,8,42
ModelEfficientNetB0_fvs_std0.08_90k_RMSELoss_20260807_062334,ModelEfficientNetB0_fvs_std0.08_90k_RMSELoss,RMSELoss,2026-08-07 06:23:34,38/200,2026-08-07 09:15:58,0.055950,0.089811,False,0.00005000,267.66,36997985,8,42
ModelEfficientNetB0_fvs_std0.08_90k_RMSELoss_20260807_062334,ModelEfficientNetB0_fvs_std0.08_90k_RMSELoss,RMSELoss,2026-08-07 06:23:34,39/200,2026-08-07 09:20:24,0.055745,0.086332,True,0.00005000,265.92,36997985,8,42
ModelEfficientNetB0_fvs_std0.08_90k_RMSELoss_20260807_062334,ModelEfficientNetB0_fvs_std0.08_90k_RMSELoss,RMSELoss,2026-08-07 06:23:34,40/200,2026-08-07 09:25:01,0.055191,0.086593,False,0.00002500,267.11,36997985,8,42
ModelEfficientNetB0_fvs_std0.08_90k_RMSELoss_20260807_062334,ModelEfficientNetB0_fvs_std0.08_90k_RMSELoss,RMSELoss,2026-08-07 06:23:34,41/200,2026-08-07 09:29:27,0.052665,0.084735,True,0.00002500,265.95,36997985,8,42
ModelEfficientNetB0_fvs_std0.08_90k_RMSELoss_20260807_062334,ModelEfficientNetB0_fvs_std0.08_90k_RMSELoss,RMSELoss,2026-08-07 06:23:34,42/200,2026-08-07 09:34:06,0.051783,0.085908,False,0.00002500,270.28,36997985,8,42
ModelEfficientNetB0_fvs_std0.08_90k_RMSELoss_20260807_062334,ModelEfficientNetB0_fvs_std0.08_90k_RMSELoss,RMSELoss,2026-08-07 06:23:34,43/200,2026-08-07 09:38:34,0.051509,0.083306,True,0.00002500,267.74,36997985,8,42
ModelEfficientNetB0_fvs_std0.08_90k_RMSELoss_20260807_062334,ModelEfficientNetB0_fvs_std0.08_90k_RMSELoss,RMSELoss,2026-08-07 06:23:34,44/200,2026-08-07 09:43:11,0.051069,0.084708,False,0.00002500,267.30,36997985,8,42
ModelEfficientNetB0_fvs_std0.08_90k_RMSELoss_20260807_062334,ModelEfficientNetB0_fvs_std0.08_90k_RMSELoss,RMSELoss,2026-08-07 06:23:34,45/200,2026-08-07 09:47:38,0.050734,0.083593,False,0.00002500,267.11,36997985,8,42
ModelEfficientNetB0_fvs_std0.08_90k_RMSELoss_20260807_062334,ModelEfficientNetB0_fvs_std0.08_90k_RMSELoss,RMSELoss,2026-08-07 06:23:34,46/200,2026-08-07 09:52:08,0.050397,0.082608,True,0.00002500,269.41,36997985,8,42
ModelEfficientNetB0_fvs_std0.08_90k_RMSELoss_20260807_062334,ModelEfficientNetB0_fvs_std0.08_90k_RMSELoss,RMSELoss,2026-08-07 06:23:34,47/200,2026-08-07 09:56:45,0.050206,0.083019,False,0.00002500,267.51,36997985,8,42
ModelEfficientNetB0_fvs_std0.08_90k_RMSELoss_20260807_062334,ModelEfficientNetB0_fvs_std0.08_90k_RMSELoss,RMSELoss,2026-08-07 06:23:34,48/200,2026-08-07 10:01:12,0.049762,0.083999,False,0.00002500,267.00,36997985,8,42
ModelEfficientNetB0_fvs_std0.08_90k_RMSELoss_20260807_062334,ModelEfficientNetB0_fvs_std0.08_90k_RMSELoss,RMSELoss,2026-08-07 06:23:34,49/200,2026-08-07 10:05:41,0.049533,0.084475,False,0.00002500,269.68,36997985,8,42
ModelEfficientNetB0_fvs_std0.08_90k_RMSELoss_20260807_062334,ModelEfficientNetB0_fvs_std0.08_90k_RMSELoss,RMSELoss,2026-08-07 06:23:34,50/200,2026-08-07 10:10:09,0.049197,0.082261,True,0.00002500,267.42,36997985,8,42
ModelEfficientNetB0_fvs_std0.08_90k_RMSELoss_20260807_062334,ModelEfficientNetB0_fvs_std0.08_90k_RMSELoss,RMSELoss,2026-08-07 06:23:34,51/200,2026-08-07 10:14:47,0.049080,0.082331,False,0.00002500,268.15,36997985,8,42
ModelEfficientNetB0_fvs_std0.08_90k_RMSELoss_20260807_062334,ModelEfficientNetB0_fvs_std0.08_90k_RMSELoss,RMSELoss,2026-08-07 06:23:34,52/200,2026-08-07 10:19:14,0.048806,0.082304,False,0.00002500,267.44,36997985,8,42
ModelEfficientNetB0_fvs_std0.08_90k_RMSELoss_20260807_062334,ModelEfficientNetB0_fvs_std0.08_90k_RMSELoss,RMSELoss,2026-08-07 06:23:34,53/200,2026-08-07 10:23:41,0.048553,0.081567,True,0.00002500,267.32,36997985,8,42
ModelEfficientNetB0_fvs_std0.08_90k_RMSELoss_20260807_062334,ModelEfficientNetB0_fvs_std0.08_90k_RMSELoss,RMSELoss,2026-08-07 06:23:34,54/200,2026-08-07 10:28:18,0.048323,0.080209,True,0.00002500,266.89,36997985,8,42
ModelEfficientNetB0_fvs_std0.08_90k_RMSELoss_20260807_062334,ModelEfficientNetB0_fvs_std0.08_90k_RMSELoss,RMSELoss,2026-08-07 06:23:34,55/200,2026-08-07 10:32:53,0.048167,0.080787,False,0.00002500,265.92,36997985,8,42
ModelEfficientNetB0_fvs_std0.08_90k_RMSELoss_20260807_062334,ModelEfficientNetB0_fvs_std0.08_90k_RMSELoss,RMSELoss,2026-08-07 06:23:34,56/200,2026-08-07 10:37:21,0.047819,0.080565,False,0.00002500,267.62,36997985,8,42
ModelEfficientNetB0_fvs_std0.08_90k_RMSELoss_20260807_062334,ModelEfficientNetB0_fvs_std0.08_90k_RMSELoss,RMSELoss,2026-08-07 06:23:34,57/200,2026-08-07 10:41:48,0.047655,0.081890,False,0.00002500,267.33,36997985,8,42
ModelEfficientNetB0_fvs_std0.08_90k_RMSELoss_20260807_062334,ModelEfficientNetB0_fvs_std0.08_90k_RMSELoss,RMSELoss,2026-08-07 06:23:34,58/200,2026-08-07 10:46:17,0.047260,0.081504,False,0.00002500,268.89,36997985,8,42
ModelEfficientNetB0_fvs_std0.08_90k_RMSELoss_20260807_062334,ModelEfficientNetB0_fvs_std0.08_90k_RMSELoss,RMSELoss,2026-08-07 06:23:34,59/200,2026-08-07 10:50:45,0.047137,0.081359,False,0.00002500,267.40,36997985,8,42
ModelEfficientNetB0_fvs_std0.08_90k_RMSELoss_20260807_062334,ModelEfficientNetB0_fvs_std0.08_90k_RMSELoss,RMSELoss,2026-08-07 06:23:34,60/200,2026-08-07 10:55:14,0.047021,0.080760,False,0.00001250,269.37,36997985,8,42
ModelEfficientNetB0_fvs_std0.08_90k_RMSELoss_20260807_062334,ModelEfficientNetB0_fvs_std0.08_90k_RMSELoss,RMSELoss,2026-08-07 06:23:34,61/200,2026-08-07 10:59:40,0.045673,0.080497,False,0.00001250,266.12,36997985,8,42
ModelEfficientNetB0_fvs_std0.08_90k_RMSELoss_20260807_062334,ModelEfficientNetB0_fvs_std0.08_90k_RMSELoss,RMSELoss,2026-08-07 06:23:34,62/200,2026-08-07 11:04:07,0.045261,0.080546,False,0.00001250,267.33,36997985,8,42
ModelEfficientNetB0_fvs_std0.08_90k_RMSELoss_20260807_062334,ModelEfficientNetB0_fvs_std0.08_90k_RMSELoss,RMSELoss,2026-08-07 06:23:34,63/200,2026-08-07 11:08:35,0.045005,0.080853,False,0.00001250,267.76,36997985,8,42
ModelEfficientNetB0_fvs_std0.08_90k_RMSELoss_20260807_062334,ModelEfficientNetB0_fvs_std0.08_90k_RMSELoss,RMSELoss,2026-08-07 06:23:34,64/200,2026-08-07 11:13:03,0.044913,0.080321,False,0.00001250,267.49,36997985,8,42
ModelEfficientNetB0_fvs_std0.08_90k_RMSELoss_20260807_062334,ModelEfficientNetB0_fvs_std0.08_90k_RMSELoss,RMSELoss,2026-08-07 06:23:34,65/200,2026-08-07 11:17:30,0.044687,0.080507,False,0.00001250,267.14,36997985,8,42
ModelEfficientNetB0_fvs_std0.08_90k_RMSELoss_20260807_062334,ModelEfficientNetB0_fvs_std0.08_90k_RMSELoss,RMSELoss,2026-08-07 06:23:34,66/200,2026-08-07 11:21:55,0.044448,0.080972,False,0.00001250,265.28,36997985,8,42
ModelEfficientNetB0_fvs_std0.08_90k_RMSELoss_20260807_062334,ModelEfficientNetB0_fvs_std0.08_90k_RMSELoss,RMSELoss,2026-08-07 06:23:34,67/200,2026-08-07 11:26:24,0.044462,0.080921,False,0.00001250,269.20,36997985,8,42
ModelEfficientNetB0_fvs_std0.08_90k_RMSELoss_20260807_062334,ModelEfficientNetB0_fvs_std0.08_90k_RMSELoss,RMSELoss,2026-08-07 06:23:34,68/200,2026-08-07 11:30:56,0.044205,0.080987,False,0.00001250,271.18,36997985,8,42
ModelEfficientNetB0_fvs_std0.08_90k_RMSELoss_20260807_062334,ModelEfficientNetB0_fvs_std0.08_90k_RMSELoss,RMSELoss,2026-08-07 06:23:34,69/200,2026-08-07 11:35:22,0.044227,0.080418,False,0.00001250,266.59,36997985,8,42
ModelEfficientNetB0_fvs_std0.08_90k_RMSELoss_20260807_062334,ModelEfficientNetB0_fvs_std0.08_90k_RMSELoss,RMSELoss,2026-08-07 06:23:34,70/200,2026-08-07 11:39:51,0.043989,0.078809,True,0.00001250,268.96,36997985,8,42
ModelEfficientNetB0_fvs_std0.08_90k_RMSELoss_20260807_062334,ModelEfficientNetB0_fvs_std0.08_90k_RMSELoss,RMSELoss,2026-08-07 06:23:34,71/200,2026-08-07 11:44:28,0.043685,0.079843,False,0.00001250,266.75,36997985,8,42
ModelEfficientNetB0_fvs_std0.08_90k_RMSELoss_20260807_062334,ModelEfficientNetB0_fvs_std0.08_90k_RMSELoss,RMSELoss,2026-08-07 06:23:34,72/200,2026-08-07 11:48:56,0.043687,0.079363,False,0.00001250,268.58,36997985,8,42
ModelEfficientNetB0_fvs_std0.08_90k_RMSELoss_20260807_062334,ModelEfficientNetB0_fvs_std0.08_90k_RMSELoss,RMSELoss,2026-08-07 06:23:34,73/200,2026-08-07 11:53:22,0.043662,0.078441,True,0.00001250,266.34,36997985,8,42
ModelEfficientNetB0_fvs_std0.08_90k_RMSELoss_20260807_062334,ModelEfficientNetB0_fvs_std0.08_90k_RMSELoss,RMSELoss,2026-08-07 06:23:34,74/200,2026-08-07 11:58:00,0.043380,0.079729,False,0.00001250,268.17,36997985,8,42
ModelEfficientNetB0_fvs_std0.08_90k_RMSELoss_20260807_062334,ModelEfficientNetB0_fvs_std0.08_90k_RMSELoss,RMSELoss,2026-08-07 06:23:34,75/200,2026-08-07 12:02:28,0.043253,0.079625,False,0.00001250,267.35,36997985,8,42
ModelEfficientNetB0_fvs_std0.08_90k_RMSELoss_20260807_062334,ModelEfficientNetB0_fvs_std0.08_90k_RMSELoss,RMSELoss,2026-08-07 06:23:34,76/200,2026-08-07 12:06:56,0.043062,0.079537,False,0.00001250,268.25,36997985,8,42
ModelEfficientNetB0_fvs_std0.08_90k_RMSELoss_20260807_062334,ModelEfficientNetB0_fvs_std0.08_90k_RMSELoss,RMSELoss,2026-08-07 06:23:34,77/200,2026-08-07 12:11:23,0.043049,0.079728,False,0.00001250,267.19,36997985,8,42
ModelEfficientNetB0_fvs_std0.08_90k_RMSELoss_20260807_062334,ModelEfficientNetB0_fvs_std0.08_90k_RMSELoss,RMSELoss,2026-08-07 06:23:34,78/200,2026-08-07 12:15:52,0.042852,0.079664,False,0.00001250,269.09,36997985,8,42
ModelEfficientNetB0_fvs_std0.08_90k_RMSELoss_20260807_062334,ModelEfficientNetB0_fvs_std0.08_90k_RMSELoss,RMSELoss,2026-08-07 06:23:34,79/200,2026-08-07 12:20:19,0.042820,0.079948,False,0.00001250,267.32,36997985,8,42
ModelEfficientNetB0_fvs_std0.08_90k_RMSELoss_20260807_062334,ModelEfficientNetB0_fvs_std0.08_90k_RMSELoss,RMSELoss,2026-08-07 06:23:34,80/200,2026-08-07 12:24:47,0.042634,0.078543,False,0.00000625,267.74,36997985,8,42
ModelEfficientNetB0_fvs_std0.08_90k_RMSELoss_20260807_062334,ModelEfficientNetB0_fvs_std0.08_90k_RMSELoss,RMSELoss,2026-08-07 06:23:34,81/200,2026-08-07 12:29:18,0.041960,0.078639,False,0.00000625,270.90,36997985,8,42
ModelEfficientNetB0_fvs_std0.08_90k_RMSELoss_20260807_062334,ModelEfficientNetB0_fvs_std0.08_90k_RMSELoss,RMSELoss,2026-08-07 06:23:34,82/200,2026-08-07 12:33:44,0.041875,0.078998,False,0.00000625,265.80,36997985,8,42
ModelEfficientNetB0_fvs_std0.08_90k_RMSELoss_20260807_062334,ModelEfficientNetB0_fvs_std0.08_90k_RMSELoss,RMSELoss,2026-08-07 06:23:34,83/200,2026-08-07 12:38:12,0.041618,0.078565,False,0.00000625,268.19,36997985,8,42
ModelEfficientNetB0_fvs_std0.08_90k_RMSELoss_20260807_062334,ModelEfficientNetB0_fvs_std0.08_90k_RMSELoss,RMSELoss,2026-08-07 06:23:34,84/200,2026-08-07 12:42:40,0.041637,0.078836,False,0.00000625,267.46,36997985,8,42
ModelEfficientNetB0_fvs_std0.08_90k_RMSELoss_20260807_062334,ModelEfficientNetB0_fvs_std0.08_90k_RMSELoss,RMSELoss,2026-08-07 06:23:34,85/200,2026-08-07 12:47:07,0.041454,0.079095,False,0.00000625,267.89,36997985,8,42
ModelEfficientNetB0_fvs_std0.08_90k_RMSELoss_20260807_062334,ModelEfficientNetB0_fvs_std0.08_90k_RMSELoss,RMSELoss,2026-08-07 06:23:34,86/200,2026-08-07 12:51:37,0.041391,0.078582,False,0.00000625,269.42,36997985,8,42
ModelEfficientNetB0_fvs_std0.08_90k_RMSELoss_20260807_062334,ModelEfficientNetB0_fvs_std0.08_90k_RMSELoss,RMSELoss,2026-08-07 06:23:34,87/200,2026-08-07 12:56:02,0.041381,0.078124,True,0.00000625,265.35,36997985,8,42
ModelEfficientNetB0_fvs_std0.08_90k_RMSELoss_20260807_062334,ModelEfficientNetB0_fvs_std0.08_90k_RMSELoss,RMSELoss,2026-08-07 06:23:34,88/200,2026-08-07 13:00:41,0.041302,0.078388,False,0.00000625,269.38,36997985,8,42
ModelEfficientNetB0_fvs_std0.08_90k_RMSELoss_20260807_062334,ModelEfficientNetB0_fvs_std0.08_90k_RMSELoss,RMSELoss,2026-08-07 06:23:34,89/200,2026-08-07 13:05:09,0.041294,0.078657,False,0.00000625,267.37,36997985,8,42
ModelEfficientNetB0_fvs_std0.08_90k_RMSELoss_20260807_062334,ModelEfficientNetB0_fvs_std0.08_90k_RMSELoss,RMSELoss,2026-08-07 06:23:34,90/200,2026-08-07 13:09:37,0.041085,0.078401,False,0.00000625,268.20,36997985,8,42
ModelEfficientNetB0_fvs_std0.08_90k_RMSELoss_20260807_062334,ModelEfficientNetB0_fvs_std0.08_90k_RMSELoss,RMSELoss,2026-08-07 06:23:34,91/200,2026-08-07 13:14:04,0.041131,0.078492,False,0.00000625,266.70,36997985,8,42
ModelEfficientNetB0_fvs_std0.08_90k_RMSELoss_20260807_062334,ModelEfficientNetB0_fvs_std0.08_90k_RMSELoss,RMSELoss,2026-08-07 06:23:34,92/200,2026-08-07 13:18:32,0.040989,0.078998,False,0.00000625,268.82,36997985,8,42
ModelEfficientNetB0_fvs_std0.08_90k_RMSELoss_20260807_062334,ModelEfficientNetB0_fvs_std0.08_90k_RMSELoss,RMSELoss,2026-08-07 06:23:34,93/200,2026-08-07 13:23:01,0.040933,0.077683,True,0.00000625,268.63,36997985,8,42
ModelEfficientNetB0_fvs_std0.08_90k_RMSELoss_20260807_062334,ModelEfficientNetB0_fvs_std0.08_90k_RMSELoss,RMSELoss,2026-08-07 06:23:34,94/200,2026-08-07 13:27:38,0.040770,0.077890,False,0.00000625,267.59,36997985,8,42
ModelEfficientNetB0_fvs_std0.08_90k_RMSELoss_20260807_062334,ModelEfficientNetB0_fvs_std0.08_90k_RMSELoss,RMSELoss,2026-08-07 06:23:34,95/200,2026-08-07 13:32:07,0.040650,0.077922,False,0.00000625,268.41,36997985,8,42
ModelEfficientNetB0_fvs_std0.08_90k_RMSELoss_20260807_062334,ModelEfficientNetB0_fvs_std0.08_90k_RMSELoss,RMSELoss,2026-08-07 06:23:34,96/200,2026-08-07 13:36:38,0.040763,0.077439,True,0.00000625,271.58,36997985,8,42
ModelEfficientNetB0_fvs_std0.08_90k_RMSELoss_20260807_062334,ModelEfficientNetB0_fvs_std0.08_90k_RMSELoss,RMSELoss,2026-08-07 06:23:34,97/200,2026-08-07 13:41:15,0.040536,0.077253,True,0.00000625,267.27,36997985,8,42
ModelEfficientNetB0_fvs_std0.08_90k_RMSELoss_20260807_062334,ModelEfficientNetB0_fvs_std0.08_90k_RMSELoss,RMSELoss,2026-08-07 06:23:34,98/200,2026-08-07 13:45:50,0.040603,0.078596,False,0.00000625,265.44,36997985,8,42
ModelEfficientNetB0_fvs_std0.08_90k_RMSELoss_20260807_062334,ModelEfficientNetB0_fvs_std0.08_90k_RMSELoss,RMSELoss,2026-08-07 06:23:34,99/200,2026-08-07 13:50:18,0.040525,0.078055,False,0.00000625,267.55,36997985,8,42
ModelEfficientNetB0_fvs_std0.08_90k_RMSELoss_20260807_062334,ModelEfficientNetB0_fvs_std0.08_90k_RMSELoss,RMSELoss,2026-08-07 06:23:34,100/200,2026-08-07 13:54:47,0.040431,0.077711,False,0.00000313,269.15,36997985,8,42
ModelEfficientNetB0_fvs_std0.08_90k_RMSELoss_20260807_062334,ModelEfficientNetB0_fvs_std0.08_90k_RMSELoss,RMSELoss,2026-08-07 06:23:34,101/200,2026-08-07 13:59:13,0.040153,0.077170,True,0.00000313,266.64,36997985,8,42
ModelEfficientNetB0_fvs_std0.08_90k_RMSELoss_20260807_062334,ModelEfficientNetB0_fvs_std0.08_90k_RMSELoss,RMSELoss,2026-08-07 06:23:34,102/200,2026-08-07 14:03:51,0.040090,0.076966,True,0.00000313,268.43,36997985,8,42
ModelEfficientNetB0_fvs_std0.08_90k_RMSELoss_20260807_062334,ModelEfficientNetB0_fvs_std0.08_90k_RMSELoss,RMSELoss,2026-08-07 06:23:34,103/200,2026-08-07 14:08:28,0.039930,0.078023,False,0.00000313,267.06,36997985,8,42
ModelEfficientNetB0_fvs_std0.08_90k_RMSELoss_20260807_062334,ModelEfficientNetB0_fvs_std0.08_90k_RMSELoss,RMSELoss,2026-08-07 06:23:34,104/200,2026-08-07 14:12:56,0.039928,0.077507,False,0.00000313,267.72,36997985,8,42
ModelEfficientNetB0_fvs_std0.08_90k_RMSELoss_20260807_062334,ModelEfficientNetB0_fvs_std0.08_90k_RMSELoss,RMSELoss,2026-08-07 06:23:34,105/200,2026-08-07 14:17:22,0.039824,0.077485,False,0.00000313,265.89,36997985,8,42
ModelEfficientNetB0_fvs_std0.08_90k_RMSELoss_20260807_062334,ModelEfficientNetB0_fvs_std0.08_90k_RMSELoss,RMSELoss,2026-08-07 06:23:34,106/200,2026-08-07 14:21:51,0.039843,0.077428,False,0.00000313,268.90,36997985,8,42
ModelEfficientNetB0_fvs_std0.08_90k_RMSELoss_20260807_062334,ModelEfficientNetB0_fvs_std0.08_90k_RMSELoss,RMSELoss,2026-08-07 06:23:34,107/200,2026-08-07 14:26:18,0.039789,0.077956,False,0.00000313,267.95,36997985,8,42
ModelEfficientNetB0_fvs_std0.08_90k_RMSELoss_20260807_062334,ModelEfficientNetB0_fvs_std0.08_90k_RMSELoss,RMSELoss,2026-08-07 06:23:34,108/200,2026-08-07 14:30:51,0.039799,0.077013,False,0.00000313,272.22,36997985,8,42
ModelEfficientNetB0_fvs_std0.08_90k_RMSELoss_20260807_062334,ModelEfficientNetB0_fvs_std0.08_90k_RMSELoss,RMSELoss,2026-08-07 06:23:34,109/200,2026-08-07 14:35:21,0.039714,0.077118,False,0.00000313,270.58,36997985,8,42
ModelEfficientNetB0_fvs_std0.08_90k_RMSELoss_20260807_062334,ModelEfficientNetB0_fvs_std0.08_90k_RMSELoss,RMSELoss,2026-08-07 06:23:34,110/200,2026-08-07 14:39:50,0.039654,0.077183,False,0.00000313,268.44,36997985,8,42
ModelEfficientNetB0_fvs_std0.08_90k_RMSELoss_20260807_062334,ModelEfficientNetB0_fvs_std0.08_90k_RMSELoss,RMSELoss,2026-08-07 06:23:34,111/200,2026-08-07 14:44:19,0.039545,0.077242,False,0.00000313,269.62,36997985,8,42
ModelEfficientNetB0_fvs_std0.08_90k_RMSELoss_20260807_062334,ModelEfficientNetB0_fvs_std0.08_90k_RMSELoss,RMSELoss,2026-08-07 06:23:34,112/200,2026-08-07 14:48:48,0.039618,0.077500,False,0.00000313,268.69,36997985,8,42
ModelEfficientNetB0_fvs_std0.08_90k_RMSELoss_20260807_062334,ModelEfficientNetB0_fvs_std0.08_90k_RMSELoss,RMSELoss,2026-08-07 06:23:34,113/200,2026-08-07 14:53:18,0.039473,0.077453,False,0.00000313,270.36,36997985,8,42
ModelEfficientNetB0_fvs_std0.08_90k_RMSELoss_20260807_062334,ModelEfficientNetB0_fvs_std0.08_90k_RMSELoss,RMSELoss,2026-08-07 06:23:34,114/200,2026-08-07 14:57:47,0.039524,0.077221,False,0.00000313,268.22,36997985,8,42
ModelEfficientNetB0_fvs_std0.08_90k_RMSELoss_20260807_062334,ModelEfficientNetB0_fvs_std0.08_90k_RMSELoss,RMSELoss,2026-08-07 06:23:34,115/200,2026-08-07 15:02:16,0.039532,0.077265,False,0.00000313,269.35,36997985,8,42
ModelEfficientNetB0_fvs_std0.08_90k_RMSELoss_20260807_062334,ModelEfficientNetB0_fvs_std0.08_90k_RMSELoss,RMSELoss,2026-08-07 06:23:34,116/200,2026-08-07 15:06:45,0.039486,0.077286,False,0.00000313,269.33,36997985,8,42
ModelEfficientNetB0_fvs_std0.08_90k_RMSELoss_20260807_062334,ModelEfficientNetB0_fvs_std0.08_90k_RMSELoss,RMSELoss,2026-08-07 06:23:34,117/200,2026-08-07 15:11:14,0.039468,0.077048,False,0.00000313,268.19,36997985,8,42
ModelEfficientNetB0_fvs_std0.08_90k_RMSELoss_20260807_062334,ModelEfficientNetB0_fvs_std0.08_90k_RMSELoss,RMSELoss,2026-08-07 06:23:34,118/200,2026-08-07 15:15:43,0.039465,0.077197,False,0.00000313,269.47,36997985,8,42
ModelEfficientNetB0_fvs_std0.08_90k_RMSELoss_20260807_062334,ModelEfficientNetB0_fvs_std0.08_90k_RMSELoss,RMSELoss,2026-08-07 06:23:34,119/200,2026-08-07 15:20:10,0.039410,0.076823,True,0.00000313,267.29,36997985,8,42
ModelEfficientNetB0_fvs_std0.08_90k_RMSELoss_20260807_062334,ModelEfficientNetB0_fvs_std0.08_90k_RMSELoss,RMSELoss,2026-08-07 06:23:34,120/200,2026-08-07 15:24:54,0.039380,0.077525,False,0.00000156,274.05,36997985,8,42
ModelEfficientNetB0_fvs_std0.08_90k_RMSELoss_20260807_062334,ModelEfficientNetB0_fvs_std0.08_90k_RMSELoss,RMSELoss,2026-08-07 06:23:34,121/200,2026-08-07 15:29:23,0.039228,0.077402,False,0.00000156,268.62,36997985,8,42
ModelEfficientNetB0_fvs_std0.08_90k_RMSELoss_20260807_062334,ModelEfficientNetB0_fvs_std0.08_90k_RMSELoss,RMSELoss,2026-08-07 06:23:34,122/200,2026-08-07 15:33:52,0.039131,0.077706,False,0.00000156,269.01,36997985,8,42
ModelEfficientNetB0_fvs_std0.08_90k_RMSELoss_20260807_062334,ModelEfficientNetB0_fvs_std0.08_90k_RMSELoss,RMSELoss,2026-08-07 06:23:34,123/200,2026-08-07 15:38:20,0.039111,0.076655,True,0.00000156,267.90,36997985,8,42
ModelEfficientNetB0_fvs_std0.08_90k_RMSELoss_20260807_062334,ModelEfficientNetB0_fvs_std0.08_90k_RMSELoss,RMSELoss,2026-08-07 06:23:34,124/200,2026-08-07 15:42:57,0.039159,0.077134,False,0.00000156,267.82,36997985,8,42
ModelEfficientNetB0_fvs_std0.08_90k_RMSELoss_20260807_062334,ModelEfficientNetB0_fvs_std0.08_90k_RMSELoss,RMSELoss,2026-08-07 06:23:34,125/200,2026-08-07 15:47:23,0.039060,0.076896,False,0.00000156,266.14,36997985,8,42
ModelEfficientNetB0_fvs_std0.08_90k_RMSELoss_20260807_062334,ModelEfficientNetB0_fvs_std0.08_90k_RMSELoss,RMSELoss,2026-08-07 06:23:34,126/200,2026-08-07 15:51:51,0.039065,0.077602,False,0.00000156,267.86,36997985,8,42
ModelEfficientNetB0_fvs_std0.08_90k_RMSELoss_20260807_062334,ModelEfficientNetB0_fvs_std0.08_90k_RMSELoss,RMSELoss,2026-08-07 06:23:34,127/200,2026-08-07 15:56:18,0.039130,0.077263,False,0.00000156,267.45,36997985,8,42
ModelEfficientNetB0_fvs_std0.08_90k_RMSELoss_20260807_062334,ModelEfficientNetB0_fvs_std0.08_90k_RMSELoss,RMSELoss,2026-08-07 06:23:34,128/200,2026-08-07 16:00:47,0.039016,0.076609,True,0.00000156,268.28,36997985,8,42
ModelEfficientNetB0_fvs_std0.08_90k_RMSELoss_20260807_062334,ModelEfficientNetB0_fvs_std0.08_90k_RMSELoss,RMSELoss,2026-08-07 06:23:34,129/200,2026-08-07 16:05:23,0.039046,0.076570,True,0.00000156,266.90,36997985,8,42
ModelEfficientNetB0_fvs_std0.08_90k_RMSELoss_20260807_062334,ModelEfficientNetB0_fvs_std0.08_90k_RMSELoss,RMSELoss,2026-08-07 06:23:34,130/200,2026-08-07 16:10:05,0.039031,0.077224,False,0.00000156,272.05,36997985,8,42
ModelEfficientNetB0_fvs_std0.08_90k_RMSELoss_20260807_062334,ModelEfficientNetB0_fvs_std0.08_90k_RMSELoss,RMSELoss,2026-08-07 06:23:34,131/200,2026-08-07 16:14:35,0.038962,0.077138,False,0.00000156,269.93,36997985,8,42
ModelEfficientNetB0_fvs_std0.08_90k_RMSELoss_20260807_062334,ModelEfficientNetB0_fvs_std0.08_90k_RMSELoss,RMSELoss,2026-08-07 06:23:34,132/200,2026-08-07 16:19:03,0.038918,0.077018,False,0.00000156,267.92,36997985,8,42
ModelEfficientNetB0_fvs_std0.08_90k_RMSELoss_20260807_062334,ModelEfficientNetB0_fvs_std0.08_90k_RMSELoss,RMSELoss,2026-08-07 06:23:34,133/200,2026-08-07 16:23:32,0.038895,0.077411,False,0.00000156,269.31,36997985,8,42
ModelEfficientNetB0_fvs_std0.08_90k_RMSELoss_20260807_062334,ModelEfficientNetB0_fvs_std0.08_90k_RMSELoss,RMSELoss,2026-08-07 06:23:34,134/200,2026-08-07 16:28:02,0.038928,0.076735,False,0.00000156,270.02,36997985,8,42
ModelEfficientNetB0_fvs_std0.08_90k_RMSELoss_20260807_062334,ModelEfficientNetB0_fvs_std0.08_90k_RMSELoss,RMSELoss,2026-08-07 06:23:34,135/200,2026-08-07 16:32:31,0.038830,0.077389,False,0.00000156,269.11,36997985,8,42
ModelEfficientNetB0_fvs_std0.08_90k_RMSELoss_20260807_062334,ModelEfficientNetB0_fvs_std0.08_90k_RMSELoss,RMSELoss,2026-08-07 06:23:34,136/200,2026-08-07 16:37:01,0.038709,0.076660,False,0.00000156,269.34,36997985,8,42
ModelEfficientNetB0_fvs_std0.08_90k_RMSELoss_20260807_062334,ModelEfficientNetB0_fvs_std0.08_90k_RMSELoss,RMSELoss,2026-08-07 06:23:34,137/200,2026-08-07 16:41:29,0.038823,0.077315,False,0.00000156,268.03,36997985,8,42
ModelEfficientNetB0_fvs_std0.08_90k_RMSELoss_20260807_062334,ModelEfficientNetB0_fvs_std0.08_90k_RMSELoss,RMSELoss,2026-08-07 06:23:34,138/200,2026-08-07 16:45:58,0.038795,0.077145,False,0.00000156,269.71,36997985,8,42
ModelEfficientNetB0_fvs_std0.08_90k_RMSELoss_20260807_062334,ModelEfficientNetB0_fvs_std0.08_90k_RMSELoss,RMSELoss,2026-08-07 06:23:34,139/200,2026-08-07 16:50:28,0.038771,0.076864,False,0.00000156,269.68,36997985,8,42
ModelEfficientNetB0_fvs_std0.08_90k_RMSELoss_20260807_062334,ModelEfficientNetB0_fvs_std0.08_90k_RMSELoss,RMSELoss,2026-08-07 06:23:34,140/200,2026-08-07 16:54:57,0.038897,0.076761,False,0.00000078,268.99,36997985,8,42
ModelEfficientNetB0_fvs_std0.08_90k_RMSELoss_20260807_062334,ModelEfficientNetB0_fvs_std0.08_90k_RMSELoss,RMSELoss,2026-08-07 06:23:34,141/200,2026-08-07 16:59:25,0.038760,0.076653,False,0.00000078,267.58,36997985,8,42
ModelEfficientNetB0_fvs_std0.08_90k_RMSELoss_20260807_062334,ModelEfficientNetB0_fvs_std0.08_90k_RMSELoss,RMSELoss,2026-08-07 06:23:34,142/200,2026-08-07 17:03:55,0.038652,0.076637,False,0.00000078,269.98,36997985,8,42
ModelEfficientNetB0_fvs_std0.08_90k_RMSELoss_20260807_062334,ModelEfficientNetB0_fvs_std0.08_90k_RMSELoss,RMSELoss,2026-08-07 06:23:34,143/200,2026-08-07 17:08:26,0.038747,0.077507,False,0.00000078,271.27,36997985,8,42
ModelEfficientNetB0_fvs_std0.08_90k_RMSELoss_20260807_062334,ModelEfficientNetB0_fvs_std0.08_90k_RMSELoss,RMSELoss,2026-08-07 06:23:34,144/200,2026-08-07 17:12:54,0.038750,0.077028,False,0.00000078,268.06,36997985,8,42
ModelEfficientNetB0_fvs_std0.08_90k_RMSELoss_20260807_062334,ModelEfficientNetB0_fvs_std0.08_90k_RMSELoss,RMSELoss,2026-08-07 06:23:34,145/200,2026-08-07 17:17:22,0.038632,0.076731,False,0.00000078,267.83,36997985,8,42
ModelEfficientNetB0_fvs_std0.08_90k_RMSELoss_20260807_062334,ModelEfficientNetB0_fvs_std0.08_90k_RMSELoss,RMSELoss,2026-08-07 06:23:34,146/200,2026-08-07 17:21:55,0.038681,0.077011,False,0.00000078,273.31,36997985,8,42
ModelEfficientNetB0_fvs_std0.08_90k_RMSELoss_20260807_062334,ModelEfficientNetB0_fvs_std0.08_90k_RMSELoss,RMSELoss,2026-08-07 06:23:34,147/200,2026-08-07 17:26:23,0.038562,0.077359,False,0.00000078,268.21,36997985,8,42
ModelEfficientNetB0_fvs_std0.08_90k_RMSELoss_20260807_062334,ModelEfficientNetB0_fvs_std0.08_90k_RMSELoss,RMSELoss,2026-08-07 06:23:34,148/200,2026-08-07 17:30:51,0.038520,0.076433,True,0.00000078,267.16,36997985,8,42
ModelEfficientNetB0_fvs_std0.08_90k_RMSELoss_20260807_062334,ModelEfficientNetB0_fvs_std0.08_90k_RMSELoss,RMSELoss,2026-08-07 06:23:34,149/200,2026-08-07 17:35:29,0.038642,0.077223,False,0.00000078,268.97,36997985,8,42
ModelEfficientNetB0_fvs_std0.08_90k_RMSELoss_20260807_062334,ModelEfficientNetB0_fvs_std0.08_90k_RMSELoss,RMSELoss,2026-08-07 06:23:34,150/200,2026-08-07 17:39:57,0.038583,0.077197,False,0.00000078,267.71,36997985,8,42
ModelEfficientNetB0_fvs_std0.08_90k_RMSELoss_20260807_062334,ModelEfficientNetB0_fvs_std0.08_90k_RMSELoss,RMSELoss,2026-08-07 06:23:34,151/200,2026-08-07 17:44:24,0.038560,0.076711,False,0.00000078,267.56,36997985,8,42
ModelEfficientNetB0_fvs_std0.08_90k_RMSELoss_20260807_062334,ModelEfficientNetB0_fvs_std0.08_90k_RMSELoss,RMSELoss,2026-08-07 06:23:34,152/200,2026-08-07 17:48:51,0.038537,0.076933,False,0.00000078,266.93,36997985,8,42
ModelEfficientNetB0_fvs_std0.08_90k_RMSELoss_20260807_062334,ModelEfficientNetB0_fvs_std0.08_90k_RMSELoss,RMSELoss,2026-08-07 06:23:34,153/200,2026-08-07 17:53:20,0.038601,0.076607,False,0.00000078,269.10,36997985,8,42
ModelEfficientNetB0_fvs_std0.08_90k_RMSELoss_20260807_062334,ModelEfficientNetB0_fvs_std0.08_90k_RMSELoss,RMSELoss,2026-08-07 06:23:34,154/200,2026-08-07 17:57:48,0.038547,0.077180,False,0.00000078,267.38,36997985,8,42
ModelEfficientNetB0_fvs_std0.08_90k_RMSELoss_20260807_062334,ModelEfficientNetB0_fvs_std0.08_90k_RMSELoss,RMSELoss,2026-08-07 06:23:34,155/200,2026-08-07 18:02:18,0.038504,0.076760,False,0.00000078,270.11,36997985,8,42
ModelEfficientNetB0_fvs_std0.08_90k_RMSELoss_20260807_062334,ModelEfficientNetB0_fvs_std0.08_90k_RMSELoss,RMSELoss,2026-08-07 06:23:34,156/200,2026-08-07 18:06:48,0.038567,0.076844,False,0.00000078,270.25,36997985,8,42
ModelEfficientNetB0_fvs_std0.08_90k_RMSELoss_20260807_062334,ModelEfficientNetB0_fvs_std0.08_90k_RMSELoss,RMSELoss,2026-08-07 06:23:34,157/200,2026-08-07 18:11:16,0.038509,0.076479,False,0.00000078,268.11,36997985,8,42
ModelEfficientNetB0_fvs_std0.08_90k_RMSELoss_20260807_062334,ModelEfficientNetB0_fvs_std0.08_90k_RMSELoss,RMSELoss,2026-08-07 06:23:34,158/200,2026-08-07 18:15:49,0.038456,0.076620,False,0.00000078,272.68,36997985,8,42
ModelEfficientNetB0_fvs_std0.08_90k_RMSELoss_20260807_062334,ModelEfficientNetB0_fvs_std0.08_90k_RMSELoss,RMSELoss,2026-08-07 06:23:34,159/200,2026-08-07 18:20:19,0.038532,0.076700,False,0.00000078,270.05,36997985,8,42
ModelEfficientNetB0_fvs_std0.08_90k_RMSELoss_20260807_062334,ModelEfficientNetB0_fvs_std0.08_90k_RMSELoss,RMSELoss,2026-08-07 06:23:34,160/200,2026-08-07 18:24:47,0.038589,0.076948,False,0.00000039,268.31,36997985,8,42
ModelEfficientNetB0_fvs_std0.08_90k_RMSELoss_20260807_062334,ModelEfficientNetB0_fvs_std0.08_90k_RMSELoss,RMSELoss,2026-08-07 06:23:34,161/200,2026-08-07 18:29:18,0.038572,0.076513,False,0.00000039,270.12,36997985,8,42
ModelEfficientNetB0_fvs_std0.08_90k_RMSELoss_20260807_062334,ModelEfficientNetB0_fvs_std0.08_90k_RMSELoss,RMSELoss,2026-08-07 06:23:34,162/200,2026-08-07 18:33:46,0.038499,0.076988,False,0.00000039,268.55,36997985,8,42
ModelEfficientNetB0_fvs_std0.08_90k_RMSELoss_20260807_062334,ModelEfficientNetB0_fvs_std0.08_90k_RMSELoss,RMSELoss,2026-08-07 06:23:34,163/200,2026-08-07 18:38:14,0.038443,0.076893,False,0.00000039,268.30,36997985,8,42
ModelEfficientNetB0_fvs_std0.08_90k_RMSELoss_20260807_062334,ModelEfficientNetB0_fvs_std0.08_90k_RMSELoss,RMSELoss,2026-08-07 06:23:34,164/200,2026-08-07 18:42:43,0.038428,0.076921,False,0.00000039,268.19,36997985,8,42
ModelEfficientNetB0_fvs_std0.08_90k_RMSELoss_20260807_062334,ModelEfficientNetB0_fvs_std0.08_90k_RMSELoss,RMSELoss,2026-08-07 06:23:34,165/200,2026-08-07 18:47:10,0.038447,0.076784,False,0.00000039,267.72,36997985,8,42
ModelEfficientNetB0_fvs_std0.08_90k_RMSELoss_20260807_062334,ModelEfficientNetB0_fvs_std0.08_90k_RMSELoss,RMSELoss,2026-08-07 06:23:34,166/200,2026-08-07 18:51:40,0.038488,0.076968,False,0.00000039,269.40,36997985,8,42
ModelEfficientNetB0_fvs_std0.08_90k_RMSELoss_20260807_062334,ModelEfficientNetB0_fvs_std0.08_90k_RMSELoss,RMSELoss,2026-08-07 06:23:34,167/200,2026-08-07 18:56:07,0.038480,0.076897,False,0.00000039,267.72,36997985,8,42
ModelEfficientNetB0_fvs_std0.08_90k_RMSELoss_20260807_062334,ModelEfficientNetB0_fvs_std0.08_90k_RMSELoss,RMSELoss,2026-08-07 06:23:34,168/200,2026-08-07 19:00:38,0.038430,0.077074,False,0.00000039,270.02,36997985,8,42
ModelEfficientNetB0_fvs_std0.08_90k_RMSELoss_20260807_062334,ModelEfficientNetB0_fvs_std0.08_90k_RMSELoss,RMSELoss,2026-08-07 06:23:34,169/200,2026-08-07 19:05:05,0.038361,0.077181,False,0.00000039,267.39,36997985,8,42
ModelEfficientNetB0_fvs_std0.08_90k_RMSELoss_20260807_062334,ModelEfficientNetB0_fvs_std0.08_90k_RMSELoss,RMSELoss,2026-08-07 06:23:34,170/200,2026-08-07 19:09:35,0.038398,0.077002,False,0.00000039,269.84,36997985,8,42
ModelEfficientNetB0_fvs_std0.08_90k_RMSELoss_20260807_062334,ModelEfficientNetB0_fvs_std0.08_90k_RMSELoss,RMSELoss,2026-08-07 06:23:34,171/200,2026-08-07 19:14:03,0.038332,0.076770,False,0.00000039,268.51,36997985,8,42
ModelEfficientNetB0_fvs_std0.08_90k_RMSELoss_20260807_062334,ModelEfficientNetB0_fvs_std0.08_90k_RMSELoss,RMSELoss,2026-08-07 06:23:34,172/200,2026-08-07 19:18:31,0.038530,0.076601,False,0.00000039,267.53,36997985,8,42
ModelEfficientNetB0_fvs_std0.08_90k_RMSELoss_20260807_062334,ModelEfficientNetB0_fvs_std0.08_90k_RMSELoss,RMSELoss,2026-08-07 06:23:34,173/200,2026-08-07 19:23:02,0.038350,0.076400,True,0.00000039,270.88,36997985,8,42
ModelEfficientNetB0_fvs_std0.08_90k_RMSELoss_20260807_062334,ModelEfficientNetB0_fvs_std0.08_90k_RMSELoss,RMSELoss,2026-08-07 06:23:34,174/200,2026-08-07 19:27:41,0.038450,0.076606,False,0.00000039,269.73,36997985,8,42
ModelEfficientNetB0_fvs_std0.08_90k_RMSELoss_20260807_062334,ModelEfficientNetB0_fvs_std0.08_90k_RMSELoss,RMSELoss,2026-08-07 06:23:34,175/200,2026-08-07 19:32:09,0.038394,0.077310,False,0.00000039,268.06,36997985,8,42
ModelEfficientNetB0_fvs_std0.08_90k_RMSELoss_20260807_062334,ModelEfficientNetB0_fvs_std0.08_90k_RMSELoss,RMSELoss,2026-08-07 06:23:34,176/200,2026-08-07 19:36:38,0.038353,0.077305,False,0.00000039,269.14,36997985,8,42
ModelEfficientNetB0_fvs_std0.08_90k_RMSELoss_20260807_062334,ModelEfficientNetB0_fvs_std0.08_90k_RMSELoss,RMSELoss,2026-08-07 06:23:34,177/200,2026-08-07 19:41:07,0.038380,0.077118,False,0.00000039,268.48,36997985,8,42
ModelEfficientNetB0_fvs_std0.08_90k_RMSELoss_20260807_062334,ModelEfficientNetB0_fvs_std0.08_90k_RMSELoss,RMSELoss,2026-08-07 06:23:34,178/200,2026-08-07 19:45:38,0.038430,0.076693,False,0.00000039,270.80,36997985,8,42
ModelEfficientNetB0_fvs_std0.08_90k_RMSELoss_20260807_062334,ModelEfficientNetB0_fvs_std0.08_90k_RMSELoss,RMSELoss,2026-08-07 06:23:34,179/200,2026-08-07 19:50:05,0.038291,0.077088,False,0.00000039,267.42,36997985,8,42
ModelEfficientNetB0_fvs_std0.08_90k_RMSELoss_20260807_062334,ModelEfficientNetB0_fvs_std0.08_90k_RMSELoss,RMSELoss,2026-08-07 06:23:34,180/200,2026-08-07 19:54:32,0.038348,0.077060,False,0.00000020,266.86,36997985,8,42
ModelEfficientNetB0_fvs_std0.08_90k_RMSELoss_20260807_062334,ModelEfficientNetB0_fvs_std0.08_90k_RMSELoss,RMSELoss,2026-08-07 06:23:34,181/200,2026-08-07 19:58:59,0.038323,0.076367,True,0.00000020,266.61,36997985,8,42
ModelEfficientNetB0_fvs_std0.08_90k_RMSELoss_20260807_062334,ModelEfficientNetB0_fvs_std0.08_90k_RMSELoss,RMSELoss,2026-08-07 06:23:34,182/200,2026-08-07 20:03:36,0.038289,0.076878,False,0.00000020,267.70,36997985,8,42
ModelEfficientNetB0_fvs_std0.08_90k_RMSELoss_20260807_062334,ModelEfficientNetB0_fvs_std0.08_90k_RMSELoss,RMSELoss,2026-08-07 06:23:34,183/200,2026-08-07 20:08:05,0.038364,0.076646,False,0.00000020,269.06,36997985,8,42
ModelEfficientNetB0_fvs_std0.08_90k_RMSELoss_20260807_062334,ModelEfficientNetB0_fvs_std0.08_90k_RMSELoss,RMSELoss,2026-08-07 06:23:34,184/200,2026-08-07 20:12:33,0.038295,0.076949,False,0.00000020,267.86,36997985,8,42
ModelEfficientNetB0_fvs_std0.08_90k_RMSELoss_20260807_062334,ModelEfficientNetB0_fvs_std0.08_90k_RMSELoss,RMSELoss,2026-08-07 06:23:34,185/200,2026-08-07 20:17:01,0.038324,0.076918,False,0.00000020,268.04,36997985,8,42
ModelEfficientNetB0_fvs_std0.08_90k_RMSELoss_20260807_062334,ModelEfficientNetB0_fvs_std0.08_90k_RMSELoss,RMSELoss,2026-08-07 06:23:34,186/200,2026-08-07 20:21:30,0.038385,0.076990,False,0.00000020,269.08,36997985,8,42
ModelEfficientNetB0_fvs_std0.08_90k_RMSELoss_20260807_062334,ModelEfficientNetB0_fvs_std0.08_90k_RMSELoss,RMSELoss,2026-08-07 06:23:34,187/200,2026-08-07 20:25:58,0.038336,0.077319,False,0.00000020,268.57,36997985,8,42
ModelEfficientNetB0_fvs_std0.08_90k_RMSELoss_20260807_062334,ModelEfficientNetB0_fvs_std0.08_90k_RMSELoss,RMSELoss,2026-08-07 06:23:34,188/200,2026-08-07 20:30:27,0.038243,0.076820,False,0.00000020,268.38,36997985,8,42
ModelEfficientNetB0_fvs_std0.08_90k_RMSELoss_20260807_062334,ModelEfficientNetB0_fvs_std0.08_90k_RMSELoss,RMSELoss,2026-08-07 06:23:34,189/200,2026-08-07 20:34:56,0.038281,0.077191,False,0.00000020,269.03,36997985,8,42
ModelEfficientNetB0_fvs_std0.08_90k_RMSELoss_20260807_062334,ModelEfficientNetB0_fvs_std0.08_90k_RMSELoss,RMSELoss,2026-08-07 06:23:34,190/200,2026-08-07 20:39:25,0.038314,0.076517,False,0.00000020,269.11,36997985,8,42
ModelEfficientNetB0_fvs_std0.08_90k_RMSELoss_20260807_062334,ModelEfficientNetB0_fvs_std0.08_90k_RMSELoss,RMSELoss,2026-08-07 06:23:34,191/200,2026-08-07 20:43:54,0.038288,0.077218,False,0.00000020,268.74,36997985,8,42
ModelEfficientNetB0_fvs_std0.08_90k_RMSELoss_20260807_062334,ModelEfficientNetB0_fvs_std0.08_90k_RMSELoss,RMSELoss,2026-08-07 06:23:34,192/200,2026-08-07 20:48:23,0.038288,0.077404,False,0.00000020,269.11,36997985,8,42
ModelEfficientNetB0_fvs_std0.08_90k_RMSELoss_20260807_062334,ModelEfficientNetB0_fvs_std0.08_90k_RMSELoss,RMSELoss,2026-08-07 06:23:34,193/200,2026-08-07 20:52:52,0.038253,0.076785,False,0.00000020,269.07,36997985,8,42
ModelEfficientNetB0_fvs_std0.08_90k_RMSELoss_20260807_062334,ModelEfficientNetB0_fvs_std0.08_90k_RMSELoss,RMSELoss,2026-08-07 06:23:34,194/200,2026-08-07 20:57:20,0.038352,0.076852,False,0.00000020,267.58,36997985,8,42
ModelEfficientNetB0_fvs_std0.08_90k_RMSELoss_20260807_062334,ModelEfficientNetB0_fvs_std0.08_90k_RMSELoss,RMSELoss,2026-08-07 06:23:34,195/200,2026-08-07 21:01:54,0.038473,0.076678,False,0.00000020,274.23,36997985,8,42
ModelEfficientNetB0_fvs_std0.08_90k_RMSELoss_20260807_062334,ModelEfficientNetB0_fvs_std0.08_90k_RMSELoss,RMSELoss,2026-08-07 06:23:34,196/200,2026-08-07 21:06:22,0.038326,0.077234,False,0.00000020,268.08,36997985,8,42
ModelEfficientNetB0_fvs_std0.08_90k_RMSELoss_20260807_062334,ModelEfficientNetB0_fvs_std0.08_90k_RMSELoss,RMSELoss,2026-08-07 06:23:34,197/200,2026-08-07 21:10:50,0.038253,0.076807,False,0.00000020,268.37,36997985,8,42
ModelEfficientNetB0_fvs_std0.08_90k_RMSELoss_20260807_062334,ModelEfficientNetB0_fvs_std0.08_90k_RMSELoss,RMSELoss,2026-08-07 06:23:34,198/200,2026-08-07 21:15:19,0.038263,0.077073,False,0.00000020,268.30,36997985,8,42
ModelEfficientNetB0_fvs_std0.08_90k_RMSELoss_20260807_062334,ModelEfficientNetB0_fvs_std0.08_90k_RMSELoss,RMSELoss,2026-08-07 06:23:34,199/200,2026-08-07 21:19:47,0.038239,0.077176,False,0.00000020,268.55,36997985,8,42
ModelEfficientNetB0_fvs_std0.08_90k_RMSELoss_20260807_062334,ModelEfficientNetB0_fvs_std0.08_90k_RMSELoss,RMSELoss,2026-08-07 06:23:34,200/200,2026-08-07 21:24:17,0.038359,0.076974,False,0.00000010,269.85,36997985,8,42
