run_id,model_name,criterion,run_started_at,epoch,epoch_timestamp,train_loss,val_loss,is_best,learning_rate,epoch_duration_sec,num_params,batch_size,seed
ModelSwinT_No_Noise_90k_RMSELoss_20260723_025656,ModelSwinT_No_Noise_90k_RMSELoss,RMSELoss,2026-07-23 02:56:56,1/200,2026-07-23 03:03:56,0.121580,0.104409,True,0.00010000,418.42,59985503,8,42
ModelSwinT_No_Noise_90k_RMSELoss_20260723_025656,ModelSwinT_No_Noise_90k_RMSELoss,RMSELoss,2026-07-23 02:56:56,2/200,2026-07-23 03:11:06,0.102687,0.101631,True,0.00010000,418.78,59985503,8,42
ModelSwinT_No_Noise_90k_RMSELoss_20260723_025656,ModelSwinT_No_Noise_90k_RMSELoss,RMSELoss,2026-07-23 02:56:56,3/200,2026-07-23 03:18:14,0.096462,0.095217,True,0.00010000,417.76,59985503,8,42
ModelSwinT_No_Noise_90k_RMSELoss_20260723_025656,ModelSwinT_No_Noise_90k_RMSELoss,RMSELoss,2026-07-23 02:56:56,4/200,2026-07-23 03:25:25,0.092505,0.089104,True,0.00010000,419.14,59985503,8,42
ModelSwinT_No_Noise_90k_RMSELoss_20260723_025656,ModelSwinT_No_Noise_90k_RMSELoss,RMSELoss,2026-07-23 02:56:56,5/200,2026-07-23 03:32:36,0.089500,0.094227,False,0.00010000,419.50,59985503,8,42
ModelSwinT_No_Noise_90k_RMSELoss_20260723_025656,ModelSwinT_No_Noise_90k_RMSELoss,RMSELoss,2026-07-23 02:56:56,6/200,2026-07-23 03:39:30,0.087134,0.086339,True,0.00010000,414.23,59985503,8,42
ModelSwinT_No_Noise_90k_RMSELoss_20260723_025656,ModelSwinT_No_Noise_90k_RMSELoss,RMSELoss,2026-07-23 02:56:56,7/200,2026-07-23 03:46:35,0.084995,0.085807,True,0.00010000,413.83,59985503,8,42
ModelSwinT_No_Noise_90k_RMSELoss_20260723_025656,ModelSwinT_No_Noise_90k_RMSELoss,RMSELoss,2026-07-23 02:56:56,8/200,2026-07-23 03:53:41,0.083099,0.084060,True,0.00010000,415.07,59985503,8,42
ModelSwinT_No_Noise_90k_RMSELoss_20260723_025656,ModelSwinT_No_Noise_90k_RMSELoss,RMSELoss,2026-07-23 02:56:56,9/200,2026-07-23 04:00:48,0.081379,0.083773,True,0.00010000,415.44,59985503,8,42
ModelSwinT_No_Noise_90k_RMSELoss_20260723_025656,ModelSwinT_No_Noise_90k_RMSELoss,RMSELoss,2026-07-23 02:56:56,10/200,2026-07-23 04:07:53,0.079596,0.081806,True,0.00010000,414.82,59985503,8,42
ModelSwinT_No_Noise_90k_RMSELoss_20260723_025656,ModelSwinT_No_Noise_90k_RMSELoss,RMSELoss,2026-07-23 02:56:56,11/200,2026-07-23 04:15:00,0.077786,0.080997,True,0.00010000,415.96,59985503,8,42
ModelSwinT_No_Noise_90k_RMSELoss_20260723_025656,ModelSwinT_No_Noise_90k_RMSELoss,RMSELoss,2026-07-23 02:56:56,12/200,2026-07-23 04:22:06,0.076526,0.081554,False,0.00010000,414.53,59985503,8,42
ModelSwinT_No_Noise_90k_RMSELoss_20260723_025656,ModelSwinT_No_Noise_90k_RMSELoss,RMSELoss,2026-07-23 02:56:56,13/200,2026-07-23 04:29:00,0.074864,0.080558,True,0.00010000,414.17,59985503,8,42
ModelSwinT_No_Noise_90k_RMSELoss_20260723_025656,ModelSwinT_No_Noise_90k_RMSELoss,RMSELoss,2026-07-23 02:56:56,14/200,2026-07-23 04:36:06,0.073499,0.079426,True,0.00010000,414.65,59985503,8,42
ModelSwinT_No_Noise_90k_RMSELoss_20260723_025656,ModelSwinT_No_Noise_90k_RMSELoss,RMSELoss,2026-07-23 02:56:56,15/200,2026-07-23 04:43:09,0.072429,0.078630,True,0.00010000,412.72,59985503,8,42
ModelSwinT_No_Noise_90k_RMSELoss_20260723_025656,ModelSwinT_No_Noise_90k_RMSELoss,RMSELoss,2026-07-23 02:56:56,16/200,2026-07-23 04:50:18,0.071089,0.078756,False,0.00010000,417.32,59985503,8,42
ModelSwinT_No_Noise_90k_RMSELoss_20260723_025656,ModelSwinT_No_Noise_90k_RMSELoss,RMSELoss,2026-07-23 02:56:56,17/200,2026-07-23 04:57:11,0.069986,0.078573,True,0.00010000,412.88,59985503,8,42
ModelSwinT_No_Noise_90k_RMSELoss_20260723_025656,ModelSwinT_No_Noise_90k_RMSELoss,RMSELoss,2026-07-23 02:56:56,18/200,2026-07-23 05:04:15,0.069045,0.077679,True,0.00010000,413.40,59985503,8,42
ModelSwinT_No_Noise_90k_RMSELoss_20260723_025656,ModelSwinT_No_Noise_90k_RMSELoss,RMSELoss,2026-07-23 02:56:56,19/200,2026-07-23 05:11:24,0.067996,0.076531,True,0.00010000,418.16,59985503,8,42
ModelSwinT_No_Noise_90k_RMSELoss_20260723_025656,ModelSwinT_No_Noise_90k_RMSELoss,RMSELoss,2026-07-23 02:56:56,20/200,2026-07-23 05:18:28,0.067068,0.077037,False,0.00005000,413.37,59985503,8,42
ModelSwinT_No_Noise_90k_RMSELoss_20260723_025656,ModelSwinT_No_Noise_90k_RMSELoss,RMSELoss,2026-07-23 02:56:56,21/200,2026-07-23 05:25:21,0.061750,0.073237,True,0.00005000,413.14,59985503,8,42
ModelSwinT_No_Noise_90k_RMSELoss_20260723_025656,ModelSwinT_No_Noise_90k_RMSELoss,RMSELoss,2026-07-23 02:56:56,22/200,2026-07-23 05:32:26,0.059691,0.072419,True,0.00005000,413.05,59985503,8,42
ModelSwinT_No_Noise_90k_RMSELoss_20260723_025656,ModelSwinT_No_Noise_90k_RMSELoss,RMSELoss,2026-07-23 02:56:56,23/200,2026-07-23 05:39:30,0.058487,0.072240,True,0.00005000,413.39,59985503,8,42
ModelSwinT_No_Noise_90k_RMSELoss_20260723_025656,ModelSwinT_No_Noise_90k_RMSELoss,RMSELoss,2026-07-23 02:56:56,24/200,2026-07-23 05:46:36,0.057532,0.071920,True,0.00005000,414.78,59985503,8,42
ModelSwinT_No_Noise_90k_RMSELoss_20260723_025656,ModelSwinT_No_Noise_90k_RMSELoss,RMSELoss,2026-07-23 02:56:56,25/200,2026-07-23 05:53:43,0.056597,0.072625,False,0.00005000,416.16,59985503,8,42
ModelSwinT_No_Noise_90k_RMSELoss_20260723_025656,ModelSwinT_No_Noise_90k_RMSELoss,RMSELoss,2026-07-23 02:56:56,26/200,2026-07-23 06:00:36,0.055785,0.071800,True,0.00005000,413.30,59985503,8,42
ModelSwinT_No_Noise_90k_RMSELoss_20260723_025656,ModelSwinT_No_Noise_90k_RMSELoss,RMSELoss,2026-07-23 02:56:56,27/200,2026-07-23 06:07:41,0.055108,0.071142,True,0.00005000,414.49,59985503,8,42
ModelSwinT_No_Noise_90k_RMSELoss_20260723_025656,ModelSwinT_No_Noise_90k_RMSELoss,RMSELoss,2026-07-23 02:56:56,28/200,2026-07-23 06:14:46,0.054370,0.072522,False,0.00005000,413.53,59985503,8,42
ModelSwinT_No_Noise_90k_RMSELoss_20260723_025656,ModelSwinT_No_Noise_90k_RMSELoss,RMSELoss,2026-07-23 02:56:56,29/200,2026-07-23 06:21:43,0.053686,0.071357,False,0.00005000,417.19,59985503,8,42
ModelSwinT_No_Noise_90k_RMSELoss_20260723_025656,ModelSwinT_No_Noise_90k_RMSELoss,RMSELoss,2026-07-23 02:56:56,30/200,2026-07-23 06:28:38,0.053169,0.070724,True,0.00005000,414.71,59985503,8,42
ModelSwinT_No_Noise_90k_RMSELoss_20260723_025656,ModelSwinT_No_Noise_90k_RMSELoss,RMSELoss,2026-07-23 02:56:56,31/200,2026-07-23 06:35:42,0.052572,0.071313,False,0.00005000,413.31,59985503,8,42
ModelSwinT_No_Noise_90k_RMSELoss_20260723_025656,ModelSwinT_No_Noise_90k_RMSELoss,RMSELoss,2026-07-23 02:56:56,32/200,2026-07-23 06:42:35,0.051960,0.070963,False,0.00005000,412.61,59985503,8,42
ModelSwinT_No_Noise_90k_RMSELoss_20260723_025656,ModelSwinT_No_Noise_90k_RMSELoss,RMSELoss,2026-07-23 02:56:56,33/200,2026-07-23 06:49:28,0.051471,0.070659,True,0.00005000,413.68,59985503,8,42
ModelSwinT_No_Noise_90k_RMSELoss_20260723_025656,ModelSwinT_No_Noise_90k_RMSELoss,RMSELoss,2026-07-23 02:56:56,34/200,2026-07-23 06:56:32,0.051039,0.071764,False,0.00005000,413.38,59985503,8,42
ModelSwinT_No_Noise_90k_RMSELoss_20260723_025656,ModelSwinT_No_Noise_90k_RMSELoss,RMSELoss,2026-07-23 02:56:56,35/200,2026-07-23 07:03:26,0.050490,0.070464,True,0.00005000,413.78,59985503,8,42
ModelSwinT_No_Noise_90k_RMSELoss_20260723_025656,ModelSwinT_No_Noise_90k_RMSELoss,RMSELoss,2026-07-23 02:56:56,36/200,2026-07-23 07:10:35,0.050082,0.070291,True,0.00005000,418.00,59985503,8,42
ModelSwinT_No_Noise_90k_RMSELoss_20260723_025656,ModelSwinT_No_Noise_90k_RMSELoss,RMSELoss,2026-07-23 02:56:56,37/200,2026-07-23 07:17:43,0.049583,0.070740,False,0.00005000,416.99,59985503,8,42
ModelSwinT_No_Noise_90k_RMSELoss_20260723_025656,ModelSwinT_No_Noise_90k_RMSELoss,RMSELoss,2026-07-23 02:56:56,38/200,2026-07-23 07:24:44,0.049138,0.070274,True,0.00005000,420.70,59985503,8,42
ModelSwinT_No_Noise_90k_RMSELoss_20260723_025656,ModelSwinT_No_Noise_90k_RMSELoss,RMSELoss,2026-07-23 02:56:56,39/200,2026-07-23 07:31:53,0.048611,0.070131,True,0.00005000,417.63,59985503,8,42
ModelSwinT_No_Noise_90k_RMSELoss_20260723_025656,ModelSwinT_No_Noise_90k_RMSELoss,RMSELoss,2026-07-23 02:56:56,40/200,2026-07-23 07:39:00,0.048101,0.070437,False,0.00002500,416.19,59985503,8,42
ModelSwinT_No_Noise_90k_RMSELoss_20260723_025656,ModelSwinT_No_Noise_90k_RMSELoss,RMSELoss,2026-07-23 02:56:56,41/200,2026-07-23 07:45:55,0.045038,0.068887,True,0.00002500,414.90,59985503,8,42
ModelSwinT_No_Noise_90k_RMSELoss_20260723_025656,ModelSwinT_No_Noise_90k_RMSELoss,RMSELoss,2026-07-23 02:56:56,42/200,2026-07-23 07:53:01,0.043722,0.068921,False,0.00002500,415.03,59985503,8,42
ModelSwinT_No_Noise_90k_RMSELoss_20260723_025656,ModelSwinT_No_Noise_90k_RMSELoss,RMSELoss,2026-07-23 02:56:56,43/200,2026-07-23 07:59:57,0.043128,0.068512,True,0.00002500,415.71,59985503,8,42
ModelSwinT_No_Noise_90k_RMSELoss_20260723_025656,ModelSwinT_No_Noise_90k_RMSELoss,RMSELoss,2026-07-23 02:56:56,44/200,2026-07-23 08:07:03,0.042631,0.068543,False,0.00002500,415.66,59985503,8,42
ModelSwinT_No_Noise_90k_RMSELoss_20260723_025656,ModelSwinT_No_Noise_90k_RMSELoss,RMSELoss,2026-07-23 02:56:56,45/200,2026-07-23 08:14:01,0.042208,0.068417,True,0.00002500,417.77,59985503,8,42
ModelSwinT_No_Noise_90k_RMSELoss_20260723_025656,ModelSwinT_No_Noise_90k_RMSELoss,RMSELoss,2026-07-23 02:56:56,46/200,2026-07-23 08:21:13,0.041762,0.068243,True,0.00002500,421.22,59985503,8,42
ModelSwinT_No_Noise_90k_RMSELoss_20260723_025656,ModelSwinT_No_Noise_90k_RMSELoss,RMSELoss,2026-07-23 02:56:56,47/200,2026-07-23 08:28:20,0.041382,0.068318,False,0.00002500,415.91,59985503,8,42
ModelSwinT_No_Noise_90k_RMSELoss_20260723_025656,ModelSwinT_No_Noise_90k_RMSELoss,RMSELoss,2026-07-23 02:56:56,48/200,2026-07-23 08:35:15,0.041233,0.068246,False,0.00002500,415.80,59985503,8,42
ModelSwinT_No_Noise_90k_RMSELoss_20260723_025656,ModelSwinT_No_Noise_90k_RMSELoss,RMSELoss,2026-07-23 02:56:56,49/200,2026-07-23 08:42:10,0.040675,0.068916,False,0.00002500,414.89,59985503,8,42
ModelSwinT_No_Noise_90k_RMSELoss_20260723_025656,ModelSwinT_No_Noise_90k_RMSELoss,RMSELoss,2026-07-23 02:56:56,50/200,2026-07-23 08:49:06,0.040428,0.068476,False,0.00002500,416.18,59985503,8,42
ModelSwinT_No_Noise_90k_RMSELoss_20260723_025656,ModelSwinT_No_Noise_90k_RMSELoss,RMSELoss,2026-07-23 02:56:56,51/200,2026-07-23 08:56:04,0.040259,0.068691,False,0.00002500,417.24,59985503,8,42
ModelSwinT_No_Noise_90k_RMSELoss_20260723_025656,ModelSwinT_No_Noise_90k_RMSELoss,RMSELoss,2026-07-23 02:56:56,52/200,2026-07-23 09:03:01,0.039858,0.068425,False,0.00002500,416.85,59985503,8,42
ModelSwinT_No_Noise_90k_RMSELoss_20260723_025656,ModelSwinT_No_Noise_90k_RMSELoss,RMSELoss,2026-07-23 02:56:56,53/200,2026-07-23 09:09:56,0.039574,0.068385,False,0.00002500,415.15,59985503,8,42
ModelSwinT_No_Noise_90k_RMSELoss_20260723_025656,ModelSwinT_No_Noise_90k_RMSELoss,RMSELoss,2026-07-23 02:56:56,54/200,2026-07-23 09:16:54,0.039327,0.068494,False,0.00002500,417.89,59985503,8,42
ModelSwinT_No_Noise_90k_RMSELoss_20260723_025656,ModelSwinT_No_Noise_90k_RMSELoss,RMSELoss,2026-07-23 02:56:56,55/200,2026-07-23 09:23:56,0.039073,0.068307,False,0.00002500,422.01,59985503,8,42
ModelSwinT_No_Noise_90k_RMSELoss_20260723_025656,ModelSwinT_No_Noise_90k_RMSELoss,RMSELoss,2026-07-23 02:56:56,56/200,2026-07-23 09:30:53,0.038724,0.068441,False,0.00002500,416.91,59985503,8,42
ModelSwinT_No_Noise_90k_RMSELoss_20260723_025656,ModelSwinT_No_Noise_90k_RMSELoss,RMSELoss,2026-07-23 02:56:56,57/200,2026-07-23 09:37:49,0.038576,0.068149,True,0.00002500,416.53,59985503,8,42
ModelSwinT_No_Noise_90k_RMSELoss_20260723_025656,ModelSwinT_No_Noise_90k_RMSELoss,RMSELoss,2026-07-23 02:56:56,58/200,2026-07-23 09:44:58,0.038378,0.067856,True,0.00002500,417.21,59985503,8,42
ModelSwinT_No_Noise_90k_RMSELoss_20260723_025656,ModelSwinT_No_Noise_90k_RMSELoss,RMSELoss,2026-07-23 02:56:56,59/200,2026-07-23 09:52:06,0.038072,0.068132,False,0.00002500,416.67,59985503,8,42
ModelSwinT_No_Noise_90k_RMSELoss_20260723_025656,ModelSwinT_No_Noise_90k_RMSELoss,RMSELoss,2026-07-23 02:56:56,60/200,2026-07-23 09:58:59,0.037784,0.067909,False,0.00001250,413.21,59985503,8,42
ModelSwinT_No_Noise_90k_RMSELoss_20260723_025656,ModelSwinT_No_Noise_90k_RMSELoss,RMSELoss,2026-07-23 02:56:56,61/200,2026-07-23 10:05:56,0.036134,0.067775,True,0.00001250,416.76,59985503,8,42
ModelSwinT_No_Noise_90k_RMSELoss_20260723_025656,ModelSwinT_No_Noise_90k_RMSELoss,RMSELoss,2026-07-23 02:56:56,62/200,2026-07-23 10:13:00,0.035380,0.067905,False,0.00001250,414.22,59985503,8,42
ModelSwinT_No_Noise_90k_RMSELoss_20260723_025656,ModelSwinT_No_Noise_90k_RMSELoss,RMSELoss,2026-07-23 02:56:56,63/200,2026-07-23 10:19:54,0.035101,0.067736,True,0.00001250,413.57,59985503,8,42
ModelSwinT_No_Noise_90k_RMSELoss_20260723_025656,ModelSwinT_No_Noise_90k_RMSELoss,RMSELoss,2026-07-23 02:56:56,64/200,2026-07-23 10:27:01,0.034728,0.067490,True,0.00001250,415.35,59985503,8,42
ModelSwinT_No_Noise_90k_RMSELoss_20260723_025656,ModelSwinT_No_Noise_90k_RMSELoss,RMSELoss,2026-07-23 02:56:56,65/200,2026-07-23 10:34:07,0.034661,0.067676,False,0.00001250,415.23,59985503,8,42
ModelSwinT_No_Noise_90k_RMSELoss_20260723_025656,ModelSwinT_No_Noise_90k_RMSELoss,RMSELoss,2026-07-23 02:56:56,66/200,2026-07-23 10:41:01,0.034354,0.067650,False,0.00001250,414.23,59985503,8,42
ModelSwinT_No_Noise_90k_RMSELoss_20260723_025656,ModelSwinT_No_Noise_90k_RMSELoss,RMSELoss,2026-07-23 02:56:56,67/200,2026-07-23 10:47:53,0.034279,0.067935,False,0.00001250,412.57,59985503,8,42
ModelSwinT_No_Noise_90k_RMSELoss_20260723_025656,ModelSwinT_No_Noise_90k_RMSELoss,RMSELoss,2026-07-23 02:56:56,68/200,2026-07-23 10:54:47,0.034053,0.067615,False,0.00001250,413.22,59985503,8,42
ModelSwinT_No_Noise_90k_RMSELoss_20260723_025656,ModelSwinT_No_Noise_90k_RMSELoss,RMSELoss,2026-07-23 02:56:56,69/200,2026-07-23 11:01:40,0.033908,0.067545,False,0.00001250,413.30,59985503,8,42
ModelSwinT_No_Noise_90k_RMSELoss_20260723_025656,ModelSwinT_No_Noise_90k_RMSELoss,RMSELoss,2026-07-23 02:56:56,70/200,2026-07-23 11:08:34,0.033777,0.067667,False,0.00001250,413.61,59985503,8,42
ModelSwinT_No_Noise_90k_RMSELoss_20260723_025656,ModelSwinT_No_Noise_90k_RMSELoss,RMSELoss,2026-07-23 02:56:56,71/200,2026-07-23 11:15:27,0.033509,0.067282,True,0.00001250,413.37,59985503,8,42
ModelSwinT_No_Noise_90k_RMSELoss_20260723_025656,ModelSwinT_No_Noise_90k_RMSELoss,RMSELoss,2026-07-23 02:56:56,72/200,2026-07-23 11:22:31,0.033487,0.067561,False,0.00001250,413.03,59985503,8,42
ModelSwinT_No_Noise_90k_RMSELoss_20260723_025656,ModelSwinT_No_Noise_90k_RMSELoss,RMSELoss,2026-07-23 02:56:56,73/200,2026-07-23 11:29:25,0.033282,0.067574,False,0.00001250,414.57,59985503,8,42
ModelSwinT_No_Noise_90k_RMSELoss_20260723_025656,ModelSwinT_No_Noise_90k_RMSELoss,RMSELoss,2026-07-23 02:56:56,74/200,2026-07-23 11:36:23,0.033142,0.067624,False,0.00001250,417.64,59985503,8,42
ModelSwinT_No_Noise_90k_RMSELoss_20260723_025656,ModelSwinT_No_Noise_90k_RMSELoss,RMSELoss,2026-07-23 02:56:56,75/200,2026-07-23 11:43:17,0.033005,0.067537,False,0.00001250,414.26,59985503,8,42
ModelSwinT_No_Noise_90k_RMSELoss_20260723_025656,ModelSwinT_No_Noise_90k_RMSELoss,RMSELoss,2026-07-23 02:56:56,76/200,2026-07-23 11:50:11,0.032707,0.067299,False,0.00001250,413.81,59985503,8,42
ModelSwinT_No_Noise_90k_RMSELoss_20260723_025656,ModelSwinT_No_Noise_90k_RMSELoss,RMSELoss,2026-07-23 02:56:56,77/200,2026-07-23 11:57:05,0.032631,0.067314,False,0.00001250,414.47,59985503,8,42
ModelSwinT_No_Noise_90k_RMSELoss_20260723_025656,ModelSwinT_No_Noise_90k_RMSELoss,RMSELoss,2026-07-23 02:56:56,78/200,2026-07-23 12:03:59,0.032507,0.067715,False,0.00001250,413.60,59985503,8,42
ModelSwinT_No_Noise_90k_RMSELoss_20260723_025656,ModelSwinT_No_Noise_90k_RMSELoss,RMSELoss,2026-07-23 02:56:56,79/200,2026-07-23 12:10:52,0.032391,0.067654,False,0.00001250,412.83,59985503,8,42
ModelSwinT_No_Noise_90k_RMSELoss_20260723_025656,ModelSwinT_No_Noise_90k_RMSELoss,RMSELoss,2026-07-23 02:56:56,80/200,2026-07-23 12:17:53,0.032323,0.067211,True,0.00000625,421.04,59985503,8,42
ModelSwinT_No_Noise_90k_RMSELoss_20260723_025656,ModelSwinT_No_Noise_90k_RMSELoss,RMSELoss,2026-07-23 02:56:56,81/200,2026-07-23 12:24:58,0.031265,0.067272,False,0.00000625,413.86,59985503,8,42
ModelSwinT_No_Noise_90k_RMSELoss_20260723_025656,ModelSwinT_No_Noise_90k_RMSELoss,RMSELoss,2026-07-23 02:56:56,82/200,2026-07-23 12:31:52,0.031129,0.067250,False,0.00000625,414.42,59985503,8,42
ModelSwinT_No_Noise_90k_RMSELoss_20260723_025656,ModelSwinT_No_Noise_90k_RMSELoss,RMSELoss,2026-07-23 02:56:56,83/200,2026-07-23 12:38:47,0.030860,0.067150,True,0.00000625,414.94,59985503,8,42
ModelSwinT_No_Noise_90k_RMSELoss_20260723_025656,ModelSwinT_No_Noise_90k_RMSELoss,RMSELoss,2026-07-23 02:56:56,84/200,2026-07-23 12:45:53,0.030940,0.067215,False,0.00000625,415.06,59985503,8,42
ModelSwinT_No_Noise_90k_RMSELoss_20260723_025656,ModelSwinT_No_Noise_90k_RMSELoss,RMSELoss,2026-07-23 02:56:56,85/200,2026-07-23 12:52:49,0.030856,0.067135,True,0.00000625,415.60,59985503,8,42
ModelSwinT_No_Noise_90k_RMSELoss_20260723_025656,ModelSwinT_No_Noise_90k_RMSELoss,RMSELoss,2026-07-23 02:56:56,86/200,2026-07-23 12:59:53,0.030626,0.067225,False,0.00000625,413.77,59985503,8,42
ModelSwinT_No_Noise_90k_RMSELoss_20260723_025656,ModelSwinT_No_Noise_90k_RMSELoss,RMSELoss,2026-07-23 02:56:56,87/200,2026-07-23 13:06:49,0.030473,0.067207,False,0.00000625,415.70,59985503,8,42
ModelSwinT_No_Noise_90k_RMSELoss_20260723_025656,ModelSwinT_No_Noise_90k_RMSELoss,RMSELoss,2026-07-23 02:56:56,88/200,2026-07-23 13:13:48,0.030350,0.067187,False,0.00000625,419.49,59985503,8,42
ModelSwinT_No_Noise_90k_RMSELoss_20260723_025656,ModelSwinT_No_Noise_90k_RMSELoss,RMSELoss,2026-07-23 02:56:56,89/200,2026-07-23 13:20:43,0.030506,0.067254,False,0.00000625,414.12,59985503,8,42
ModelSwinT_No_Noise_90k_RMSELoss_20260723_025656,ModelSwinT_No_Noise_90k_RMSELoss,RMSELoss,2026-07-23 02:56:56,90/200,2026-07-23 13:27:36,0.030161,0.067192,False,0.00000625,413.36,59985503,8,42
ModelSwinT_No_Noise_90k_RMSELoss_20260723_025656,ModelSwinT_No_Noise_90k_RMSELoss,RMSELoss,2026-07-23 02:56:56,91/200,2026-07-23 13:34:31,0.030246,0.067106,True,0.00000625,415.48,59985503,8,42
ModelSwinT_No_Noise_90k_RMSELoss_20260723_025656,ModelSwinT_No_Noise_90k_RMSELoss,RMSELoss,2026-07-23 02:56:56,92/200,2026-07-23 13:41:38,0.030046,0.067145,False,0.00000625,415.53,59985503,8,42
ModelSwinT_No_Noise_90k_RMSELoss_20260723_025656,ModelSwinT_No_Noise_90k_RMSELoss,RMSELoss,2026-07-23 02:56:56,93/200,2026-07-23 13:48:32,0.030031,0.067201,False,0.00000625,414.54,59985503,8,42
ModelSwinT_No_Noise_90k_RMSELoss_20260723_025656,ModelSwinT_No_Noise_90k_RMSELoss,RMSELoss,2026-07-23 02:56:56,94/200,2026-07-23 13:55:25,0.029888,0.067087,True,0.00000625,412.78,59985503,8,42
ModelSwinT_No_Noise_90k_RMSELoss_20260723_025656,ModelSwinT_No_Noise_90k_RMSELoss,RMSELoss,2026-07-23 02:56:56,95/200,2026-07-23 14:02:30,0.029838,0.067250,False,0.00000625,414.02,59985503,8,42
ModelSwinT_No_Noise_90k_RMSELoss_20260723_025656,ModelSwinT_No_Noise_90k_RMSELoss,RMSELoss,2026-07-23 02:56:56,96/200,2026-07-23 14:09:24,0.029779,0.067112,False,0.00000625,413.58,59985503,8,42
ModelSwinT_No_Noise_90k_RMSELoss_20260723_025656,ModelSwinT_No_Noise_90k_RMSELoss,RMSELoss,2026-07-23 02:56:56,97/200,2026-07-23 14:16:18,0.029717,0.067454,False,0.00000625,414.36,59985503,8,42
ModelSwinT_No_Noise_90k_RMSELoss_20260723_025656,ModelSwinT_No_Noise_90k_RMSELoss,RMSELoss,2026-07-23 02:56:56,98/200,2026-07-23 14:23:12,0.029508,0.067180,False,0.00000625,414.50,59985503,8,42
ModelSwinT_No_Noise_90k_RMSELoss_20260723_025656,ModelSwinT_No_Noise_90k_RMSELoss,RMSELoss,2026-07-23 02:56:56,99/200,2026-07-23 14:30:06,0.029530,0.067134,False,0.00000625,413.30,59985503,8,42
ModelSwinT_No_Noise_90k_RMSELoss_20260723_025656,ModelSwinT_No_Noise_90k_RMSELoss,RMSELoss,2026-07-23 02:56:56,100/200,2026-07-23 14:37:00,0.029446,0.067180,False,0.00000313,413.77,59985503,8,42
ModelSwinT_No_Noise_90k_RMSELoss_20260723_025656,ModelSwinT_No_Noise_90k_RMSELoss,RMSELoss,2026-07-23 02:56:56,101/200,2026-07-23 14:43:58,0.029079,0.067046,True,0.00000313,418.23,59985503,8,42
ModelSwinT_No_Noise_90k_RMSELoss_20260723_025656,ModelSwinT_No_Noise_90k_RMSELoss,RMSELoss,2026-07-23 02:56:56,102/200,2026-07-23 14:51:03,0.028980,0.067012,True,0.00000313,414.76,59985503,8,42
ModelSwinT_No_Noise_90k_RMSELoss_20260723_025656,ModelSwinT_No_Noise_90k_RMSELoss,RMSELoss,2026-07-23 02:56:56,103/200,2026-07-23 14:58:08,0.028981,0.067015,False,0.00000313,414.04,59985503,8,42
ModelSwinT_No_Noise_90k_RMSELoss_20260723_025656,ModelSwinT_No_Noise_90k_RMSELoss,RMSELoss,2026-07-23 02:56:56,104/200,2026-07-23 15:05:03,0.028875,0.066944,True,0.00000313,415.12,59985503,8,42
ModelSwinT_No_Noise_90k_RMSELoss_20260723_025656,ModelSwinT_No_Noise_90k_RMSELoss,RMSELoss,2026-07-23 02:56:56,105/200,2026-07-23 15:12:06,0.028794,0.067176,False,0.00000313,412.26,59985503,8,42
ModelSwinT_No_Noise_90k_RMSELoss_20260723_025656,ModelSwinT_No_Noise_90k_RMSELoss,RMSELoss,2026-07-23 02:56:56,106/200,2026-07-23 15:18:59,0.028769,0.066989,False,0.00000313,412.97,59985503,8,42
ModelSwinT_No_Noise_90k_RMSELoss_20260723_025656,ModelSwinT_No_Noise_90k_RMSELoss,RMSELoss,2026-07-23 02:56:56,107/200,2026-07-23 15:25:53,0.028639,0.067050,False,0.00000313,413.25,59985503,8,42
ModelSwinT_No_Noise_90k_RMSELoss_20260723_025656,ModelSwinT_No_Noise_90k_RMSELoss,RMSELoss,2026-07-23 02:56:56,108/200,2026-07-23 15:32:48,0.028727,0.067122,False,0.00000313,415.27,59985503,8,42
ModelSwinT_No_Noise_90k_RMSELoss_20260723_025656,ModelSwinT_No_Noise_90k_RMSELoss,RMSELoss,2026-07-23 02:56:56,109/200,2026-07-23 15:39:47,0.028603,0.067080,False,0.00000313,419.02,59985503,8,42
ModelSwinT_No_Noise_90k_RMSELoss_20260723_025656,ModelSwinT_No_Noise_90k_RMSELoss,RMSELoss,2026-07-23 02:56:56,110/200,2026-07-23 15:46:43,0.028382,0.067013,False,0.00000313,415.92,59985503,8,42
ModelSwinT_No_Noise_90k_RMSELoss_20260723_025656,ModelSwinT_No_Noise_90k_RMSELoss,RMSELoss,2026-07-23 02:56:56,111/200,2026-07-23 15:53:38,0.028452,0.067002,False,0.00000313,415.46,59985503,8,42
ModelSwinT_No_Noise_90k_RMSELoss_20260723_025656,ModelSwinT_No_Noise_90k_RMSELoss,RMSELoss,2026-07-23 02:56:56,112/200,2026-07-23 16:00:33,0.028571,0.066980,False,0.00000313,414.92,59985503,8,42
ModelSwinT_No_Noise_90k_RMSELoss_20260723_025656,ModelSwinT_No_Noise_90k_RMSELoss,RMSELoss,2026-07-23 02:56:56,113/200,2026-07-23 16:07:27,0.028407,0.067124,False,0.00000313,413.62,59985503,8,42
ModelSwinT_No_Noise_90k_RMSELoss_20260723_025656,ModelSwinT_No_Noise_90k_RMSELoss,RMSELoss,2026-07-23 02:56:56,114/200,2026-07-23 16:14:20,0.028450,0.067121,False,0.00000313,413.60,59985503,8,42
ModelSwinT_No_Noise_90k_RMSELoss_20260723_025656,ModelSwinT_No_Noise_90k_RMSELoss,RMSELoss,2026-07-23 02:56:56,115/200,2026-07-23 16:21:15,0.028337,0.067037,False,0.00000313,414.71,59985503,8,42
ModelSwinT_No_Noise_90k_RMSELoss_20260723_025656,ModelSwinT_No_Noise_90k_RMSELoss,RMSELoss,2026-07-23 02:56:56,116/200,2026-07-23 16:28:10,0.028295,0.067136,False,0.00000313,414.39,59985503,8,42
ModelSwinT_No_Noise_90k_RMSELoss_20260723_025656,ModelSwinT_No_Noise_90k_RMSELoss,RMSELoss,2026-07-23 02:56:56,117/200,2026-07-23 16:35:07,0.028143,0.067091,False,0.00000313,417.24,59985503,8,42
ModelSwinT_No_Noise_90k_RMSELoss_20260723_025656,ModelSwinT_No_Noise_90k_RMSELoss,RMSELoss,2026-07-23 02:56:56,118/200,2026-07-23 16:42:02,0.028276,0.067007,False,0.00000313,414.98,59985503,8,42
ModelSwinT_No_Noise_90k_RMSELoss_20260723_025656,ModelSwinT_No_Noise_90k_RMSELoss,RMSELoss,2026-07-23 02:56:56,119/200,2026-07-23 16:48:59,0.028057,0.067074,False,0.00000313,417.30,59985503,8,42
ModelSwinT_No_Noise_90k_RMSELoss_20260723_025656,ModelSwinT_No_Noise_90k_RMSELoss,RMSELoss,2026-07-23 02:56:56,120/200,2026-07-23 16:56:19,0.028058,0.066994,False,0.00000156,439.72,59985503,8,42
ModelSwinT_No_Noise_90k_RMSELoss_20260723_025656,ModelSwinT_No_Noise_90k_RMSELoss,RMSELoss,2026-07-23 02:56:56,121/200,2026-07-23 17:04:16,0.027953,0.067047,False,0.00000156,476.80,59985503,8,42
ModelSwinT_No_Noise_90k_RMSELoss_20260723_025656,ModelSwinT_No_Noise_90k_RMSELoss,RMSELoss,2026-07-23 02:56:56,122/200,2026-07-23 17:12:14,0.027782,0.066991,False,0.00000156,478.73,59985503,8,42
ModelSwinT_No_Noise_90k_RMSELoss_20260723_025656,ModelSwinT_No_Noise_90k_RMSELoss,RMSELoss,2026-07-23 02:56:56,123/200,2026-07-23 17:20:10,0.027915,0.067008,False,0.00000156,475.56,59985503,8,42
ModelSwinT_No_Noise_90k_RMSELoss_20260723_025656,ModelSwinT_No_Noise_90k_RMSELoss,RMSELoss,2026-07-23 02:56:56,124/200,2026-07-23 17:28:07,0.027726,0.067022,False,0.00000156,476.61,59985503,8,42
ModelSwinT_No_Noise_90k_RMSELoss_20260723_025656,ModelSwinT_No_Noise_90k_RMSELoss,RMSELoss,2026-07-23 02:56:56,125/200,2026-07-23 17:36:00,0.027741,0.067060,False,0.00000156,473.60,59985503,8,42
ModelSwinT_No_Noise_90k_RMSELoss_20260723_025656,ModelSwinT_No_Noise_90k_RMSELoss,RMSELoss,2026-07-23 02:56:56,126/200,2026-07-23 17:43:51,0.027706,0.066937,True,0.00000156,470.46,59985503,8,42
ModelSwinT_No_Noise_90k_RMSELoss_20260723_025656,ModelSwinT_No_Noise_90k_RMSELoss,RMSELoss,2026-07-23 02:56:56,127/200,2026-07-23 17:51:55,0.027657,0.067065,False,0.00000156,472.72,59985503,8,42
ModelSwinT_No_Noise_90k_RMSELoss_20260723_025656,ModelSwinT_No_Noise_90k_RMSELoss,RMSELoss,2026-07-23 02:56:56,128/200,2026-07-23 17:59:39,0.027765,0.067104,False,0.00000156,464.62,59985503,8,42
ModelSwinT_No_Noise_90k_RMSELoss_20260723_025656,ModelSwinT_No_Noise_90k_RMSELoss,RMSELoss,2026-07-23 02:56:56,129/200,2026-07-23 18:07:12,0.027634,0.067104,False,0.00000156,452.01,59985503,8,42
ModelSwinT_No_Noise_90k_RMSELoss_20260723_025656,ModelSwinT_No_Noise_90k_RMSELoss,RMSELoss,2026-07-23 02:56:56,130/200,2026-07-23 18:14:45,0.027598,0.066996,False,0.00000156,453.16,59985503,8,42
ModelSwinT_No_Noise_90k_RMSELoss_20260723_025656,ModelSwinT_No_Noise_90k_RMSELoss,RMSELoss,2026-07-23 02:56:56,131/200,2026-07-23 18:22:17,0.027597,0.067015,False,0.00000156,452.51,59985503,8,42
ModelSwinT_No_Noise_90k_RMSELoss_20260723_025656,ModelSwinT_No_Noise_90k_RMSELoss,RMSELoss,2026-07-23 02:56:56,132/200,2026-07-23 18:29:48,0.027583,0.067047,False,0.00000156,450.62,59985503,8,42
ModelSwinT_No_Noise_90k_RMSELoss_20260723_025656,ModelSwinT_No_Noise_90k_RMSELoss,RMSELoss,2026-07-23 02:56:56,133/200,2026-07-23 18:37:19,0.027581,0.067024,False,0.00000156,450.67,59985503,8,42
ModelSwinT_No_Noise_90k_RMSELoss_20260723_025656,ModelSwinT_No_Noise_90k_RMSELoss,RMSELoss,2026-07-23 02:56:56,134/200,2026-07-23 18:44:54,0.027499,0.067044,False,0.00000156,455.55,59985503,8,42
ModelSwinT_No_Noise_90k_RMSELoss_20260723_025656,ModelSwinT_No_Noise_90k_RMSELoss,RMSELoss,2026-07-23 02:56:56,135/200,2026-07-23 18:52:27,0.027582,0.067022,False,0.00000156,453.29,59985503,8,42
ModelSwinT_No_Noise_90k_RMSELoss_20260723_025656,ModelSwinT_No_Noise_90k_RMSELoss,RMSELoss,2026-07-23 02:56:56,136/200,2026-07-23 19:00:03,0.027425,0.066847,True,0.00000156,455.48,59985503,8,42
ModelSwinT_No_Noise_90k_RMSELoss_20260723_025656,ModelSwinT_No_Noise_90k_RMSELoss,RMSELoss,2026-07-23 02:56:56,137/200,2026-07-23 19:07:50,0.027414,0.066969,False,0.00000156,455.49,59985503,8,42
ModelSwinT_No_Noise_90k_RMSELoss_20260723_025656,ModelSwinT_No_Noise_90k_RMSELoss,RMSELoss,2026-07-23 02:56:56,138/200,2026-07-23 19:15:24,0.027478,0.067040,False,0.00000156,454.22,59985503,8,42
ModelSwinT_No_Noise_90k_RMSELoss_20260723_025656,ModelSwinT_No_Noise_90k_RMSELoss,RMSELoss,2026-07-23 02:56:56,139/200,2026-07-23 19:23:02,0.027521,0.067032,False,0.00000156,458.27,59985503,8,42
ModelSwinT_No_Noise_90k_RMSELoss_20260723_025656,ModelSwinT_No_Noise_90k_RMSELoss,RMSELoss,2026-07-23 02:56:56,140/200,2026-07-23 19:30:32,0.027383,0.066948,False,0.00000078,449.87,59985503,8,42
ModelSwinT_No_Noise_90k_RMSELoss_20260723_025656,ModelSwinT_No_Noise_90k_RMSELoss,RMSELoss,2026-07-23 02:56:56,141/200,2026-07-23 19:38:07,0.027304,0.067007,False,0.00000078,454.99,59985503,8,42
ModelSwinT_No_Noise_90k_RMSELoss_20260723_025656,ModelSwinT_No_Noise_90k_RMSELoss,RMSELoss,2026-07-23 02:56:56,142/200,2026-07-23 19:45:40,0.027332,0.066994,False,0.00000078,452.92,59985503,8,42
ModelSwinT_No_Noise_90k_RMSELoss_20260723_025656,ModelSwinT_No_Noise_90k_RMSELoss,RMSELoss,2026-07-23 02:56:56,143/200,2026-07-23 19:53:10,0.027293,0.067004,False,0.00000078,449.54,59985503,8,42
ModelSwinT_No_Noise_90k_RMSELoss_20260723_025656,ModelSwinT_No_Noise_90k_RMSELoss,RMSELoss,2026-07-23 02:56:56,144/200,2026-07-23 20:00:37,0.027228,0.067026,False,0.00000078,446.78,59985503,8,42
ModelSwinT_No_Noise_90k_RMSELoss_20260723_025656,ModelSwinT_No_Noise_90k_RMSELoss,RMSELoss,2026-07-23 02:56:56,145/200,2026-07-23 20:08:03,0.027330,0.067016,False,0.00000078,446.87,59985503,8,42
ModelSwinT_No_Noise_90k_RMSELoss_20260723_025656,ModelSwinT_No_Noise_90k_RMSELoss,RMSELoss,2026-07-23 02:56:56,146/200,2026-07-23 20:15:30,0.027229,0.067038,False,0.00000078,446.47,59985503,8,42
ModelSwinT_No_Noise_90k_RMSELoss_20260723_025656,ModelSwinT_No_Noise_90k_RMSELoss,RMSELoss,2026-07-23 02:56:56,147/200,2026-07-23 20:22:55,0.027222,0.066966,False,0.00000078,445.11,59985503,8,42
ModelSwinT_No_Noise_90k_RMSELoss_20260723_025656,ModelSwinT_No_Noise_90k_RMSELoss,RMSELoss,2026-07-23 02:56:56,148/200,2026-07-23 20:30:25,0.027179,0.067067,False,0.00000078,450.38,59985503,8,42
ModelSwinT_No_Noise_90k_RMSELoss_20260723_025656,ModelSwinT_No_Noise_90k_RMSELoss,RMSELoss,2026-07-23 02:56:56,149/200,2026-07-23 20:37:54,0.027155,0.067047,False,0.00000078,448.69,59985503,8,42
ModelSwinT_No_Noise_90k_RMSELoss_20260723_025656,ModelSwinT_No_Noise_90k_RMSELoss,RMSELoss,2026-07-23 02:56:56,150/200,2026-07-23 20:45:25,0.027154,0.067073,False,0.00000078,451.35,59985503,8,42
ModelSwinT_No_Noise_90k_RMSELoss_20260723_025656,ModelSwinT_No_Noise_90k_RMSELoss,RMSELoss,2026-07-23 02:56:56,151/200,2026-07-23 20:52:54,0.027273,0.066987,False,0.00000078,448.74,59985503,8,42
ModelSwinT_No_Noise_90k_RMSELoss_20260723_025656,ModelSwinT_No_Noise_90k_RMSELoss,RMSELoss,2026-07-23 02:56:56,152/200,2026-07-23 21:00:23,0.027240,0.067020,False,0.00000078,448.69,59985503,8,42
ModelSwinT_No_Noise_90k_RMSELoss_20260723_025656,ModelSwinT_No_Noise_90k_RMSELoss,RMSELoss,2026-07-23 02:56:56,153/200,2026-07-23 21:07:52,0.027198,0.066963,False,0.00000078,449.05,59985503,8,42
ModelSwinT_No_Noise_90k_RMSELoss_20260723_025656,ModelSwinT_No_Noise_90k_RMSELoss,RMSELoss,2026-07-23 02:56:56,154/200,2026-07-23 21:15:20,0.027082,0.067048,False,0.00000078,447.76,59985503,8,42
ModelSwinT_No_Noise_90k_RMSELoss_20260723_025656,ModelSwinT_No_Noise_90k_RMSELoss,RMSELoss,2026-07-23 02:56:56,155/200,2026-07-23 21:22:51,0.027105,0.067042,False,0.00000078,451.76,59985503,8,42
ModelSwinT_No_Noise_90k_RMSELoss_20260723_025656,ModelSwinT_No_Noise_90k_RMSELoss,RMSELoss,2026-07-23 02:56:56,156/200,2026-07-23 21:30:21,0.027165,0.067021,False,0.00000078,449.79,59985503,8,42
ModelSwinT_No_Noise_90k_RMSELoss_20260723_025656,ModelSwinT_No_Noise_90k_RMSELoss,RMSELoss,2026-07-23 02:56:56,157/200,2026-07-23 21:37:51,0.027137,0.066945,False,0.00000078,450.13,59985503,8,42
ModelSwinT_No_Noise_90k_RMSELoss_20260723_025656,ModelSwinT_No_Noise_90k_RMSELoss,RMSELoss,2026-07-23 02:56:56,158/200,2026-07-23 21:45:24,0.027228,0.066961,False,0.00000078,452.41,59985503,8,42
ModelSwinT_No_Noise_90k_RMSELoss_20260723_025656,ModelSwinT_No_Noise_90k_RMSELoss,RMSELoss,2026-07-23 02:56:56,159/200,2026-07-23 21:52:52,0.027223,0.067032,False,0.00000078,448.38,59985503,8,42
ModelSwinT_No_Noise_90k_RMSELoss_20260723_025656,ModelSwinT_No_Noise_90k_RMSELoss,RMSELoss,2026-07-23 02:56:56,160/200,2026-07-23 22:00:23,0.027093,0.066968,False,0.00000039,450.59,59985503,8,42
ModelSwinT_No_Noise_90k_RMSELoss_20260723_025656,ModelSwinT_No_Noise_90k_RMSELoss,RMSELoss,2026-07-23 02:56:56,161/200,2026-07-23 22:07:54,0.027042,0.066993,False,0.00000039,451.39,59985503,8,42
ModelSwinT_No_Noise_90k_RMSELoss_20260723_025656,ModelSwinT_No_Noise_90k_RMSELoss,RMSELoss,2026-07-23 02:56:56,162/200,2026-07-23 22:15:27,0.026904,0.066968,False,0.00000039,452.97,59985503,8,42
ModelSwinT_No_Noise_90k_RMSELoss_20260723_025656,ModelSwinT_No_Noise_90k_RMSELoss,RMSELoss,2026-07-23 02:56:56,163/200,2026-07-23 22:22:54,0.027032,0.066967,False,0.00000039,446.42,59985503,8,42
ModelSwinT_No_Noise_90k_RMSELoss_20260723_025656,ModelSwinT_No_Noise_90k_RMSELoss,RMSELoss,2026-07-23 02:56:56,164/200,2026-07-23 22:30:23,0.027002,0.067002,False,0.00000039,449.55,59985503,8,42
ModelSwinT_No_Noise_90k_RMSELoss_20260723_025656,ModelSwinT_No_Noise_90k_RMSELoss,RMSELoss,2026-07-23 02:56:56,165/200,2026-07-23 22:37:50,0.026978,0.066957,False,0.00000039,446.97,59985503,8,42
ModelSwinT_No_Noise_90k_RMSELoss_20260723_025656,ModelSwinT_No_Noise_90k_RMSELoss,RMSELoss,2026-07-23 02:56:56,166/200,2026-07-23 22:45:18,0.027052,0.066966,False,0.00000039,447.45,59985503,8,42
ModelSwinT_No_Noise_90k_RMSELoss_20260723_025656,ModelSwinT_No_Noise_90k_RMSELoss,RMSELoss,2026-07-23 02:56:56,167/200,2026-07-23 22:52:46,0.027001,0.066987,False,0.00000039,448.22,59985503,8,42
ModelSwinT_No_Noise_90k_RMSELoss_20260723_025656,ModelSwinT_No_Noise_90k_RMSELoss,RMSELoss,2026-07-23 02:56:56,168/200,2026-07-23 23:00:13,0.026986,0.067005,False,0.00000039,446.98,59985503,8,42
ModelSwinT_No_Noise_90k_RMSELoss_20260723_025656,ModelSwinT_No_Noise_90k_RMSELoss,RMSELoss,2026-07-23 02:56:56,169/200,2026-07-23 23:07:42,0.026961,0.066957,False,0.00000039,449.51,59985503,8,42
ModelSwinT_No_Noise_90k_RMSELoss_20260723_025656,ModelSwinT_No_Noise_90k_RMSELoss,RMSELoss,2026-07-23 02:56:56,170/200,2026-07-23 23:15:12,0.026893,0.066979,False,0.00000039,449.71,59985503,8,42
ModelSwinT_No_Noise_90k_RMSELoss_20260723_025656,ModelSwinT_No_Noise_90k_RMSELoss,RMSELoss,2026-07-23 02:56:56,171/200,2026-07-23 23:22:41,0.027069,0.066953,False,0.00000039,448.56,59985503,8,42
ModelSwinT_No_Noise_90k_RMSELoss_20260723_025656,ModelSwinT_No_Noise_90k_RMSELoss,RMSELoss,2026-07-23 02:56:56,172/200,2026-07-23 23:30:09,0.026853,0.066999,False,0.00000039,448.02,59985503,8,42
ModelSwinT_No_Noise_90k_RMSELoss_20260723_025656,ModelSwinT_No_Noise_90k_RMSELoss,RMSELoss,2026-07-23 02:56:56,173/200,2026-07-23 23:37:50,0.027035,0.066968,False,0.00000039,460.99,59985503,8,42
ModelSwinT_No_Noise_90k_RMSELoss_20260723_025656,ModelSwinT_No_Noise_90k_RMSELoss,RMSELoss,2026-07-23 02:56:56,174/200,2026-07-23 23:45:27,0.027074,0.066916,False,0.00000039,457.68,59985503,8,42
ModelSwinT_No_Noise_90k_RMSELoss_20260723_025656,ModelSwinT_No_Noise_90k_RMSELoss,RMSELoss,2026-07-23 02:56:56,175/200,2026-07-23 23:53:08,0.026967,0.066968,False,0.00000039,460.29,59985503,8,42
ModelSwinT_No_Noise_90k_RMSELoss_20260723_025656,ModelSwinT_No_Noise_90k_RMSELoss,RMSELoss,2026-07-23 02:56:56,176/200,2026-07-24 00:00:45,0.026951,0.067031,False,0.00000039,457.48,59985503,8,42
ModelSwinT_No_Noise_90k_RMSELoss_20260723_025656,ModelSwinT_No_Noise_90k_RMSELoss,RMSELoss,2026-07-23 02:56:56,177/200,2026-07-24 00:08:21,0.026916,0.067045,False,0.00000039,455.78,59985503,8,42
ModelSwinT_No_Noise_90k_RMSELoss_20260723_025656,ModelSwinT_No_Noise_90k_RMSELoss,RMSELoss,2026-07-23 02:56:56,178/200,2026-07-24 00:15:54,0.026769,0.066982,False,0.00000039,453.35,59985503,8,42
ModelSwinT_No_Noise_90k_RMSELoss_20260723_025656,ModelSwinT_No_Noise_90k_RMSELoss,RMSELoss,2026-07-23 02:56:56,179/200,2026-07-24 00:23:27,0.026850,0.067031,False,0.00000039,453.17,59985503,8,42
ModelSwinT_No_Noise_90k_RMSELoss_20260723_025656,ModelSwinT_No_Noise_90k_RMSELoss,RMSELoss,2026-07-23 02:56:56,180/200,2026-07-24 00:30:58,0.026833,0.067029,False,0.00000020,450.75,59985503,8,42
ModelSwinT_No_Noise_90k_RMSELoss_20260723_025656,ModelSwinT_No_Noise_90k_RMSELoss,RMSELoss,2026-07-23 02:56:56,181/200,2026-07-24 00:38:28,0.027027,0.066972,False,0.00000020,449.44,59985503,8,42
ModelSwinT_std0.1_90k_RMSELoss_20260804_051431,ModelSwinT_std0.1_90k_RMSELoss,RMSELoss,2026-08-04 05:14:31,1/200,2026-08-04 05:20:42,0.122554,0.106448,True,0.00010000,370.26,59985503,8,42
ModelSwinT_std0.1_90k_RMSELoss_20260804_051431,ModelSwinT_std0.1_90k_RMSELoss,RMSELoss,2026-08-04 05:14:31,2/200,2026-08-04 05:27:12,0.105229,0.103616,True,0.00010000,379.30,59985503,8,42
ModelSwinT_std0.1_90k_RMSELoss_20260804_051431,ModelSwinT_std0.1_90k_RMSELoss,RMSELoss,2026-08-04 05:14:31,3/200,2026-08-04 05:33:38,0.100112,0.099974,True,0.00010000,376.16,59985503,8,42
ModelSwinT_std0.1_90k_RMSELoss_20260804_051431,ModelSwinT_std0.1_90k_RMSELoss,RMSELoss,2026-08-04 05:14:31,4/200,2026-08-04 05:39:54,0.096907,0.093369,True,0.00010000,365.66,59985503,8,42
ModelSwinT_std0.1_90k_RMSELoss_20260804_051431,ModelSwinT_std0.1_90k_RMSELoss,RMSELoss,2026-08-04 05:14:31,5/200,2026-08-04 05:46:10,0.094588,0.096536,False,0.00010000,365.96,59985503,8,42
ModelSwinT_std0.1_90k_RMSELoss_20260804_051431,ModelSwinT_std0.1_90k_RMSELoss,RMSELoss,2026-08-04 05:14:31,6/200,2026-08-04 05:52:18,0.092565,0.092021,True,0.00010000,367.73,59985503,8,42
ModelSwinT_std0.1_90k_RMSELoss_20260804_051431,ModelSwinT_std0.1_90k_RMSELoss,RMSELoss,2026-08-04 05:14:31,7/200,2026-08-04 05:58:32,0.090904,0.090067,True,0.00010000,364.00,59985503,8,42
ModelSwinT_std0.1_90k_RMSELoss_20260804_051431,ModelSwinT_std0.1_90k_RMSELoss,RMSELoss,2026-08-04 05:14:31,8/200,2026-08-04 06:04:46,0.089624,0.089403,True,0.00010000,364.15,59985503,8,42
ModelSwinT_std0.1_90k_RMSELoss_20260804_051431,ModelSwinT_std0.1_90k_RMSELoss,RMSELoss,2026-08-04 05:14:31,9/200,2026-08-04 06:11:09,0.088122,0.090220,False,0.00010000,372.79,59985503,8,42
ModelSwinT_std0.1_90k_RMSELoss_20260804_051431,ModelSwinT_std0.1_90k_RMSELoss,RMSELoss,2026-08-04 05:14:31,10/200,2026-08-04 06:17:13,0.087104,0.086228,True,0.00010000,364.25,59985503,8,42
ModelSwinT_std0.1_90k_RMSELoss_20260804_051431,ModelSwinT_std0.1_90k_RMSELoss,RMSELoss,2026-08-04 05:14:31,11/200,2026-08-04 06:23:27,0.085576,0.085835,True,0.00010000,364.16,59985503,8,42
ModelSwinT_std0.1_90k_RMSELoss_20260804_051431,ModelSwinT_std0.1_90k_RMSELoss,RMSELoss,2026-08-04 05:14:31,12/200,2026-08-04 06:29:57,0.084770,0.087389,False,0.00010000,379.70,59985503,8,42
ModelSwinT_std0.1_90k_RMSELoss_20260804_051431,ModelSwinT_std0.1_90k_RMSELoss,RMSELoss,2026-08-04 05:14:31,13/200,2026-08-04 06:36:01,0.083619,0.083381,True,0.00010000,363.67,59985503,8,42
ModelSwinT_std0.1_90k_RMSELoss_20260804_051431,ModelSwinT_std0.1_90k_RMSELoss,RMSELoss,2026-08-04 05:14:31,14/200,2026-08-04 06:42:14,0.082632,0.083276,True,0.00010000,363.58,59985503,8,42
ModelSwinT_std0.1_90k_RMSELoss_20260804_051431,ModelSwinT_std0.1_90k_RMSELoss,RMSELoss,2026-08-04 05:14:31,15/200,2026-08-04 06:48:29,0.082012,0.082132,True,0.00010000,364.13,59985503,8,42
ModelSwinT_std0.1_90k_RMSELoss_20260804_051431,ModelSwinT_std0.1_90k_RMSELoss,RMSELoss,2026-08-04 05:14:31,16/200,2026-08-04 06:54:41,0.080782,0.083672,False,0.00010000,362.42,59985503,8,42
ModelSwinT_std0.1_90k_RMSELoss_20260804_051431,ModelSwinT_std0.1_90k_RMSELoss,RMSELoss,2026-08-04 05:14:31,17/200,2026-08-04 07:00:52,0.080012,0.083332,False,0.00010000,371.33,59985503,8,42
ModelSwinT_std0.1_90k_RMSELoss_20260804_051431,ModelSwinT_std0.1_90k_RMSELoss,RMSELoss,2026-08-04 05:14:31,18/200,2026-08-04 07:06:58,0.079237,0.083858,False,0.00010000,366.03,59985503,8,42
ModelSwinT_std0.1_90k_RMSELoss_20260804_051431,ModelSwinT_std0.1_90k_RMSELoss,RMSELoss,2026-08-04 05:14:31,19/200,2026-08-04 07:13:02,0.078659,0.081358,True,0.00010000,363.19,59985503,8,42
ModelSwinT_std0.1_90k_RMSELoss_20260804_051431,ModelSwinT_std0.1_90k_RMSELoss,RMSELoss,2026-08-04 05:14:31,20/200,2026-08-04 07:19:15,0.077838,0.082303,False,0.00005000,363.68,59985503,8,42
ModelSwinT_std0.1_90k_RMSELoss_20260804_051431,ModelSwinT_std0.1_90k_RMSELoss,RMSELoss,2026-08-04 05:14:31,21/200,2026-08-04 07:25:18,0.073311,0.079120,True,0.00005000,363.04,59985503,8,42
ModelSwinT_std0.1_90k_RMSELoss_20260804_051431,ModelSwinT_std0.1_90k_RMSELoss,RMSELoss,2026-08-04 05:14:31,22/200,2026-08-04 07:31:38,0.071915,0.078083,True,0.00005000,369.67,59985503,8,42
ModelSwinT_std0.1_90k_RMSELoss_20260804_051431,ModelSwinT_std0.1_90k_RMSELoss,RMSELoss,2026-08-04 05:14:31,23/200,2026-08-04 07:37:52,0.071078,0.078559,False,0.00005000,363.54,59985503,8,42
ModelSwinT_std0.1_90k_RMSELoss_20260804_051431,ModelSwinT_std0.1_90k_RMSELoss,RMSELoss,2026-08-04 05:14:31,24/200,2026-08-04 07:44:00,0.070323,0.077476,True,0.00005000,368.47,59985503,8,42
ModelSwinT_std0.1_90k_RMSELoss_20260804_051431,ModelSwinT_std0.1_90k_RMSELoss,RMSELoss,2026-08-04 05:14:31,25/200,2026-08-04 07:50:14,0.069714,0.077581,False,0.00005000,363.48,59985503,8,42
ModelSwinT_std0.1_90k_RMSELoss_20260804_051431,ModelSwinT_std0.1_90k_RMSELoss,RMSELoss,2026-08-04 05:14:31,26/200,2026-08-04 07:56:18,0.069055,0.077547,False,0.00005000,364.43,59985503,8,42
ModelSwinT_std0.1_90k_RMSELoss_20260804_051431,ModelSwinT_std0.1_90k_RMSELoss,RMSELoss,2026-08-04 05:14:31,27/200,2026-08-04 08:02:32,0.068558,0.076907,True,0.00005000,373.82,59985503,8,42
ModelSwinT_std0.1_90k_RMSELoss_20260804_051431,ModelSwinT_std0.1_90k_RMSELoss,RMSELoss,2026-08-04 05:14:31,28/200,2026-08-04 08:08:46,0.067980,0.078530,False,0.00005000,364.08,59985503,8,42
ModelSwinT_std0.1_90k_RMSELoss_20260804_051431,ModelSwinT_std0.1_90k_RMSELoss,RMSELoss,2026-08-04 05:14:31,29/200,2026-08-04 08:14:50,0.067480,0.078144,False,0.00005000,363.72,59985503,8,42
ModelSwinT_std0.1_90k_RMSELoss_20260804_051431,ModelSwinT_std0.1_90k_RMSELoss,RMSELoss,2026-08-04 05:14:31,30/200,2026-08-04 08:20:58,0.067058,0.076774,True,0.00005000,367.56,59985503,8,42
ModelSwinT_std0.1_90k_RMSELoss_20260804_051431,ModelSwinT_std0.1_90k_RMSELoss,RMSELoss,2026-08-04 05:14:31,31/200,2026-08-04 08:27:09,0.066693,0.078233,False,0.00005000,361.21,59985503,8,42
ModelSwinT_std0.1_90k_RMSELoss_20260804_051431,ModelSwinT_std0.1_90k_RMSELoss,RMSELoss,2026-08-04 05:14:31,32/200,2026-08-04 08:33:16,0.066008,0.076762,True,0.00005000,366.76,59985503,8,42
ModelSwinT_std0.1_90k_RMSELoss_20260804_051431,ModelSwinT_std0.1_90k_RMSELoss,RMSELoss,2026-08-04 05:14:31,33/200,2026-08-04 08:39:29,0.065729,0.078200,False,0.00005000,363.37,59985503,8,42
ModelSwinT_std0.1_90k_RMSELoss_20260804_051431,ModelSwinT_std0.1_90k_RMSELoss,RMSELoss,2026-08-04 05:14:31,34/200,2026-08-04 08:45:38,0.065375,0.078078,False,0.00005000,368.52,59985503,8,42
ModelSwinT_std0.1_90k_RMSELoss_20260804_051431,ModelSwinT_std0.1_90k_RMSELoss,RMSELoss,2026-08-04 05:14:31,35/200,2026-08-04 08:51:41,0.065157,0.077882,False,0.00005000,363.79,59985503,8,42
ModelSwinT_std0.1_90k_RMSELoss_20260804_051431,ModelSwinT_std0.1_90k_RMSELoss,RMSELoss,2026-08-04 05:14:31,36/200,2026-08-04 08:57:50,0.064611,0.075766,True,0.00005000,368.43,59985503,8,42
ModelSwinT_std0.1_90k_RMSELoss_20260804_051431,ModelSwinT_std0.1_90k_RMSELoss,RMSELoss,2026-08-04 05:14:31,37/200,2026-08-04 09:04:04,0.064241,0.075670,True,0.00005000,363.97,59985503,8,42
ModelSwinT_std0.1_90k_RMSELoss_20260804_051431,ModelSwinT_std0.1_90k_RMSELoss,RMSELoss,2026-08-04 05:14:31,38/200,2026-08-04 09:10:16,0.063862,0.076096,False,0.00005000,362.41,59985503,8,42
ModelSwinT_std0.1_90k_RMSELoss_20260804_051431,ModelSwinT_std0.1_90k_RMSELoss,RMSELoss,2026-08-04 05:14:31,39/200,2026-08-04 09:16:26,0.063553,0.076795,False,0.00005000,369.78,59985503,8,42
ModelSwinT_std0.1_90k_RMSELoss_20260804_051431,ModelSwinT_std0.1_90k_RMSELoss,RMSELoss,2026-08-04 05:14:31,40/200,2026-08-04 09:22:33,0.063117,0.076108,False,0.00002500,366.57,59985503,8,42
ModelSwinT_std0.1_90k_RMSELoss_20260804_051431,ModelSwinT_std0.1_90k_RMSELoss,RMSELoss,2026-08-04 05:14:31,41/200,2026-08-04 09:28:37,0.060379,0.075339,True,0.00002500,364.17,59985503,8,42
ModelSwinT_std0.1_90k_RMSELoss_20260804_051431,ModelSwinT_std0.1_90k_RMSELoss,RMSELoss,2026-08-04 05:14:31,42/200,2026-08-04 09:34:50,0.059483,0.075879,False,0.00002500,363.15,59985503,8,42
ModelSwinT_std0.1_90k_RMSELoss_20260804_051431,ModelSwinT_std0.1_90k_RMSELoss,RMSELoss,2026-08-04 05:14:31,43/200,2026-08-04 09:41:03,0.059161,0.074824,True,0.00002500,372.52,59985503,8,42
ModelSwinT_std0.1_90k_RMSELoss_20260804_051431,ModelSwinT_std0.1_90k_RMSELoss,RMSELoss,2026-08-04 05:14:31,44/200,2026-08-04 09:47:14,0.058565,0.075317,False,0.00002500,361.86,59985503,8,42
ModelSwinT_std0.1_90k_RMSELoss_20260804_051431,ModelSwinT_std0.1_90k_RMSELoss,RMSELoss,2026-08-04 05:14:31,45/200,2026-08-04 09:53:21,0.058302,0.075485,False,0.00002500,366.58,59985503,8,42
ModelSwinT_std0.1_90k_RMSELoss_20260804_051431,ModelSwinT_std0.1_90k_RMSELoss,RMSELoss,2026-08-04 05:14:31,46/200,2026-08-04 09:59:24,0.057862,0.074972,False,0.00002500,363.22,59985503,8,42
ModelSwinT_std0.1_90k_RMSELoss_20260804_051431,ModelSwinT_std0.1_90k_RMSELoss,RMSELoss,2026-08-04 05:14:31,47/200,2026-08-04 10:05:28,0.057560,0.075495,False,0.00002500,364.15,59985503,8,42
ModelSwinT_std0.1_90k_RMSELoss_20260804_051431,ModelSwinT_std0.1_90k_RMSELoss,RMSELoss,2026-08-04 05:14:31,48/200,2026-08-04 10:11:35,0.057206,0.075136,False,0.00002500,366.85,59985503,8,42
ModelSwinT_std0.1_90k_RMSELoss_20260804_051431,ModelSwinT_std0.1_90k_RMSELoss,RMSELoss,2026-08-04 05:14:31,49/200,2026-08-04 10:17:43,0.057001,0.076443,False,0.00002500,368.21,59985503,8,42
ModelSwinT_std0.1_90k_RMSELoss_20260804_051431,ModelSwinT_std0.1_90k_RMSELoss,RMSELoss,2026-08-04 05:14:31,50/200,2026-08-04 10:23:46,0.056590,0.075089,False,0.00002500,362.81,59985503,8,42
ModelSwinT_std0.1_90k_RMSELoss_20260804_051431,ModelSwinT_std0.1_90k_RMSELoss,RMSELoss,2026-08-04 05:14:31,51/200,2026-08-04 10:29:54,0.056442,0.074941,False,0.00002500,368.08,59985503,8,42
ModelSwinT_std0.1_90k_RMSELoss_20260804_051431,ModelSwinT_std0.1_90k_RMSELoss,RMSELoss,2026-08-04 05:14:31,52/200,2026-08-04 10:35:58,0.056161,0.074571,True,0.00002500,364.00,59985503,8,42
ModelSwinT_std0.1_90k_RMSELoss_20260804_051431,ModelSwinT_std0.1_90k_RMSELoss,RMSELoss,2026-08-04 05:14:31,53/200,2026-08-04 10:42:14,0.055820,0.074501,True,0.00002500,365.30,59985503,8,42
ModelSwinT_std0.1_90k_RMSELoss_20260804_051431,ModelSwinT_std0.1_90k_RMSELoss,RMSELoss,2026-08-04 05:14:31,54/200,2026-08-04 10:48:29,0.055757,0.076047,False,0.00002500,364.92,59985503,8,42
ModelSwinT_std0.1_90k_RMSELoss_20260804_051431,ModelSwinT_std0.1_90k_RMSELoss,RMSELoss,2026-08-04 05:14:31,55/200,2026-08-04 10:54:40,0.055470,0.074261,True,0.00002500,371.71,59985503,8,42
ModelSwinT_std0.1_90k_RMSELoss_20260804_051431,ModelSwinT_std0.1_90k_RMSELoss,RMSELoss,2026-08-04 05:14:31,56/200,2026-08-04 11:00:54,0.055213,0.074945,False,0.00002500,363.76,59985503,8,42
ModelSwinT_std0.1_90k_RMSELoss_20260804_051431,ModelSwinT_std0.1_90k_RMSELoss,RMSELoss,2026-08-04 05:14:31,57/200,2026-08-04 11:07:04,0.054913,0.075706,False,0.00002500,369.68,59985503,8,42
ModelSwinT_std0.1_90k_RMSELoss_20260804_051431,ModelSwinT_std0.1_90k_RMSELoss,RMSELoss,2026-08-04 05:14:31,58/200,2026-08-04 11:13:11,0.054601,0.075022,False,0.00002500,367.34,59985503,8,42
ModelSwinT_std0.1_90k_RMSELoss_20260804_051431,ModelSwinT_std0.1_90k_RMSELoss,RMSELoss,2026-08-04 05:14:31,59/200,2026-08-04 11:19:20,0.054358,0.074799,False,0.00002500,368.36,59985503,8,42
ModelSwinT_std0.1_90k_RMSELoss_20260804_051431,ModelSwinT_std0.1_90k_RMSELoss,RMSELoss,2026-08-04 05:14:31,60/200,2026-08-04 11:25:29,0.054216,0.075364,False,0.00001250,369.00,59985503,8,42
ModelSwinT_std0.1_90k_RMSELoss_20260804_051431,ModelSwinT_std0.1_90k_RMSELoss,RMSELoss,2026-08-04 05:14:31,61/200,2026-08-04 11:31:37,0.052543,0.075465,False,0.00001250,368.62,59985503,8,42
ModelSwinT_std0.1_90k_RMSELoss_20260804_051431,ModelSwinT_std0.1_90k_RMSELoss,RMSELoss,2026-08-04 05:14:31,62/200,2026-08-04 11:37:41,0.052110,0.076166,False,0.00001250,363.63,59985503,8,42
ModelSwinT_std0.1_90k_RMSELoss_20260804_051431,ModelSwinT_std0.1_90k_RMSELoss,RMSELoss,2026-08-04 05:14:31,63/200,2026-08-04 11:43:54,0.051802,0.074238,True,0.00001250,372.79,59985503,8,42
ModelSwinT_std0.1_90k_RMSELoss_20260804_051431,ModelSwinT_std0.1_90k_RMSELoss,RMSELoss,2026-08-04 05:14:31,64/200,2026-08-04 11:50:16,0.051677,0.074274,False,0.00001250,371.82,59985503,8,42
ModelSwinT_std0.1_90k_RMSELoss_20260804_051431,ModelSwinT_std0.1_90k_RMSELoss,RMSELoss,2026-08-04 05:14:31,65/200,2026-08-04 11:56:19,0.051398,0.074811,False,0.00001250,363.26,59985503,8,42
ModelSwinT_std0.1_90k_RMSELoss_20260804_051431,ModelSwinT_std0.1_90k_RMSELoss,RMSELoss,2026-08-04 05:14:31,66/200,2026-08-04 12:02:21,0.051115,0.075615,False,0.00001250,361.82,59985503,8,42
ModelSwinT_std0.1_90k_RMSELoss_20260804_051431,ModelSwinT_std0.1_90k_RMSELoss,RMSELoss,2026-08-04 05:14:31,67/200,2026-08-04 12:08:27,0.051070,0.075408,False,0.00001250,366.05,59985503,8,42
ModelSwinT_std0.1_90k_RMSELoss_20260804_051431,ModelSwinT_std0.1_90k_RMSELoss,RMSELoss,2026-08-04 05:14:31,68/200,2026-08-04 12:14:35,0.050824,0.076377,False,0.00001250,368.27,59985503,8,42
ModelSwinT_std0.1_90k_RMSELoss_20260804_051431,ModelSwinT_std0.1_90k_RMSELoss,RMSELoss,2026-08-04 05:14:31,69/200,2026-08-04 12:20:43,0.050690,0.075343,False,0.00001250,368.21,59985503,8,42
ModelSwinT_std0.1_90k_RMSELoss_20260804_051431,ModelSwinT_std0.1_90k_RMSELoss,RMSELoss,2026-08-04 05:14:31,70/200,2026-08-04 12:26:50,0.050642,0.075800,False,0.00001250,366.87,59985503,8,42
ModelSwinT_std0.1_90k_RMSELoss_20260804_051431,ModelSwinT_std0.1_90k_RMSELoss,RMSELoss,2026-08-04 05:14:31,71/200,2026-08-04 12:32:57,0.050257,0.074568,False,0.00001250,366.85,59985503,8,42
ModelSwinT_std0.1_90k_RMSELoss_20260804_051431,ModelSwinT_std0.1_90k_RMSELoss,RMSELoss,2026-08-04 05:14:31,72/200,2026-08-04 12:39:07,0.050365,0.075075,False,0.00001250,369.47,59985503,8,42
ModelSwinT_std0.1_90k_RMSELoss_20260804_051431,ModelSwinT_std0.1_90k_RMSELoss,RMSELoss,2026-08-04 05:14:31,73/200,2026-08-04 12:45:08,0.050047,0.074895,False,0.00001250,361.46,59985503,8,42
ModelSwinT_std0.1_90k_RMSELoss_20260804_051431,ModelSwinT_std0.1_90k_RMSELoss,RMSELoss,2026-08-04 05:14:31,74/200,2026-08-04 12:51:17,0.049916,0.076420,False,0.00001250,368.83,59985503,8,42
ModelSwinT_std0.1_90k_RMSELoss_20260804_051431,ModelSwinT_std0.1_90k_RMSELoss,RMSELoss,2026-08-04 05:14:31,75/200,2026-08-04 12:57:26,0.049768,0.075724,False,0.00001250,369.48,59985503,8,42
ModelSwinT_std0.1_90k_RMSELoss_20260804_051431,ModelSwinT_std0.1_90k_RMSELoss,RMSELoss,2026-08-04 05:14:31,76/200,2026-08-04 13:03:33,0.049553,0.075840,False,0.00001250,366.71,59985503,8,42
ModelSwinT_std0.1_90k_RMSELoss_20260804_051431,ModelSwinT_std0.1_90k_RMSELoss,RMSELoss,2026-08-04 05:14:31,77/200,2026-08-04 13:09:44,0.049485,0.075412,False,0.00001250,370.52,59985503,8,42
ModelSwinT_std0.1_90k_RMSELoss_20260804_051431,ModelSwinT_std0.1_90k_RMSELoss,RMSELoss,2026-08-04 05:14:31,78/200,2026-08-04 13:15:57,0.049276,0.075130,False,0.00001250,373.39,59985503,8,42
ModelSwinT_std0.1_90k_RMSELoss_20260804_051431,ModelSwinT_std0.1_90k_RMSELoss,RMSELoss,2026-08-04 05:14:31,79/200,2026-08-04 13:22:03,0.049285,0.076284,False,0.00001250,366.08,59985503,8,42
ModelSwinT_std0.1_90k_RMSELoss_20260804_051431,ModelSwinT_std0.1_90k_RMSELoss,RMSELoss,2026-08-04 05:14:31,80/200,2026-08-04 13:28:10,0.048998,0.075744,False,0.00000625,367.03,59985503,8,42
ModelSwinT_std0.1_90k_RMSELoss_20260804_051431,ModelSwinT_std0.1_90k_RMSELoss,RMSELoss,2026-08-04 05:14:31,81/200,2026-08-04 13:34:16,0.048050,0.075531,False,0.00000625,365.96,59985503,8,42
ModelSwinT_std0.1_90k_RMSELoss_20260804_051431,ModelSwinT_std0.1_90k_RMSELoss,RMSELoss,2026-08-04 05:14:31,82/200,2026-08-04 13:40:26,0.047919,0.075352,False,0.00000625,370.21,59985503,8,42
ModelSwinT_std0.1_90k_RMSELoss_20260804_051431,ModelSwinT_std0.1_90k_RMSELoss,RMSELoss,2026-08-04 05:14:31,83/200,2026-08-04 13:46:30,0.047775,0.075439,False,0.00000625,363.26,59985503,8,42
ModelSwinT_std0.1_90k_RMSELoss_20260804_051431,ModelSwinT_std0.1_90k_RMSELoss,RMSELoss,2026-08-04 05:14:31,84/200,2026-08-04 13:52:32,0.047570,0.076405,False,0.00000625,362.28,59985503,8,42
ModelSwinT_std0.1_90k_RMSELoss_20260804_051431,ModelSwinT_std0.1_90k_RMSELoss,RMSELoss,2026-08-04 05:14:31,85/200,2026-08-04 13:58:42,0.047615,0.076264,False,0.00000625,369.81,59985503,8,42
ModelSwinT_std0.1_90k_RMSELoss_20260804_051431,ModelSwinT_std0.1_90k_RMSELoss,RMSELoss,2026-08-04 05:14:31,86/200,2026-08-04 14:04:47,0.047469,0.076248,False,0.00000625,364.92,59985503,8,42
ModelSwinT_std0.1_90k_RMSELoss_20260804_051431,ModelSwinT_std0.1_90k_RMSELoss,RMSELoss,2026-08-04 05:14:31,87/200,2026-08-04 14:10:51,0.047509,0.075639,False,0.00000625,364.02,59985503,8,42
ModelSwinT_std0.1_90k_RMSELoss_20260804_051431,ModelSwinT_std0.1_90k_RMSELoss,RMSELoss,2026-08-04 05:14:31,88/200,2026-08-04 14:16:53,0.047258,0.076225,False,0.00000625,362.72,59985503,8,42
ModelSwinT_std0.1_90k_RMSELoss_20260804_051431,ModelSwinT_std0.1_90k_RMSELoss,RMSELoss,2026-08-04 05:14:31,89/200,2026-08-04 14:23:00,0.047186,0.076797,False,0.00000625,366.66,59985503,8,42
ModelSwinT_std0.1_90k_RMSELoss_20260804_051431,ModelSwinT_std0.1_90k_RMSELoss,RMSELoss,2026-08-04 05:14:31,90/200,2026-08-04 14:29:13,0.046973,0.076235,False,0.00000625,372.55,59985503,8,42
ModelSwinT_std0.1_90k_RMSELoss_20260804_051431,ModelSwinT_std0.1_90k_RMSELoss,RMSELoss,2026-08-04 05:14:31,91/200,2026-08-04 14:35:22,0.046995,0.076079,False,0.00000625,369.15,59985503,8,42
ModelSwinT_std0.1_90k_RMSELoss_20260804_051431,ModelSwinT_std0.1_90k_RMSELoss,RMSELoss,2026-08-04 05:14:31,92/200,2026-08-04 14:41:27,0.046847,0.076184,False,0.00000625,364.96,59985503,8,42
ModelSwinT_std0.1_90k_RMSELoss_20260804_051431,ModelSwinT_std0.1_90k_RMSELoss,RMSELoss,2026-08-04 05:14:31,93/200,2026-08-04 14:47:34,0.046837,0.076342,False,0.00000625,367.63,59985503,8,42
ModelSwinT_std0.1_90k_RMSELoss_20260804_051431,ModelSwinT_std0.1_90k_RMSELoss,RMSELoss,2026-08-04 05:14:31,94/200,2026-08-04 14:53:38,0.046718,0.076141,False,0.00000625,363.50,59985503,8,42
ModelSwinT_std0.1_90k_RMSELoss_20260804_051431,ModelSwinT_std0.1_90k_RMSELoss,RMSELoss,2026-08-04 05:14:31,95/200,2026-08-04 14:59:42,0.046652,0.075805,False,0.00000625,364.15,59985503,8,42
ModelSwinT_std0.1_90k_RMSELoss_20260804_051431,ModelSwinT_std0.1_90k_RMSELoss,RMSELoss,2026-08-04 05:14:31,96/200,2026-08-04 15:05:45,0.046515,0.077033,False,0.00000625,363.18,59985503,8,42
ModelSwinT_std0.1_90k_RMSELoss_20260804_051431,ModelSwinT_std0.1_90k_RMSELoss,RMSELoss,2026-08-04 05:14:31,97/200,2026-08-04 15:11:53,0.046446,0.075349,False,0.00000625,367.60,59985503,8,42
ModelSwinT_std0.1_90k_RMSELoss_20260804_051431,ModelSwinT_std0.1_90k_RMSELoss,RMSELoss,2026-08-04 05:14:31,98/200,2026-08-04 15:17:59,0.046245,0.076625,False,0.00000625,366.20,59985503,8,42
ModelSwinT_std0.1_90k_RMSELoss_20260804_051431,ModelSwinT_std0.1_90k_RMSELoss,RMSELoss,2026-08-04 05:14:31,99/200,2026-08-04 15:24:04,0.046363,0.076390,False,0.00000625,365.29,59985503,8,42
ModelSwinT_std0.1_90k_RMSELoss_20260804_051431,ModelSwinT_std0.1_90k_RMSELoss,RMSELoss,2026-08-04 05:14:31,100/200,2026-08-04 15:30:14,0.046094,0.077119,False,0.00000313,369.18,59985503,8,42
ModelSwinT_std0.1_90k_RMSELoss_20260804_051431,ModelSwinT_std0.1_90k_RMSELoss,RMSELoss,2026-08-04 05:14:31,101/200,2026-08-04 15:36:21,0.045767,0.076309,False,0.00000313,367.09,59985503,8,42
ModelSwinT_std0.1_90k_RMSELoss_20260804_051431,ModelSwinT_std0.1_90k_RMSELoss,RMSELoss,2026-08-04 05:14:31,102/200,2026-08-04 15:42:26,0.045745,0.076792,False,0.00000313,365.57,59985503,8,42
ModelSwinT_std0.1_90k_RMSELoss_20260804_051431,ModelSwinT_std0.1_90k_RMSELoss,RMSELoss,2026-08-04 05:14:31,103/200,2026-08-04 15:48:36,0.045602,0.076700,False,0.00000313,369.37,59985503,8,42
ModelSwinT_std0.1_90k_RMSELoss_20260804_051431,ModelSwinT_std0.1_90k_RMSELoss,RMSELoss,2026-08-04 05:14:31,104/200,2026-08-04 15:54:43,0.045605,0.076678,False,0.00000313,367.31,59985503,8,42
ModelSwinT_std0.1_90k_RMSELoss_20260804_051431,ModelSwinT_std0.1_90k_RMSELoss,RMSELoss,2026-08-04 05:14:31,105/200,2026-08-04 16:00:52,0.045439,0.076923,False,0.00000313,369.31,59985503,8,42
ModelSwinT_std0.1_90k_RMSELoss_20260804_051431,ModelSwinT_std0.1_90k_RMSELoss,RMSELoss,2026-08-04 05:14:31,106/200,2026-08-04 16:06:58,0.045487,0.076376,False,0.00000313,366.09,59985503,8,42
ModelSwinT_std0.1_90k_RMSELoss_20260804_051431,ModelSwinT_std0.1_90k_RMSELoss,RMSELoss,2026-08-04 05:14:31,107/200,2026-08-04 16:13:09,0.045441,0.077081,False,0.00000313,370.26,59985503,8,42
ModelSwinT_std0.1_90k_RMSELoss_20260804_051431,ModelSwinT_std0.1_90k_RMSELoss,RMSELoss,2026-08-04 05:14:31,108/200,2026-08-04 16:19:18,0.045340,0.077273,False,0.00000313,369.12,59985503,8,42
ModelSwinT_std0.02_90k_RMSELoss_20260729_004034,ModelSwinT_std0.02_90k_RMSELoss,RMSELoss,2026-07-29 00:40:34,1/200,2026-07-29 00:46:34,0.119261,0.103099,True,0.00010000,358.11,59985503,8,42
ModelSwinT_std0.02_90k_RMSELoss_20260729_004034,ModelSwinT_std0.02_90k_RMSELoss,RMSELoss,2026-07-29 00:40:34,2/200,2026-07-29 00:52:39,0.101942,0.100414,True,0.00010000,355.15,59985503,8,42
ModelSwinT_std0.02_90k_RMSELoss_20260729_004034,ModelSwinT_std0.02_90k_RMSELoss,RMSELoss,2026-07-29 00:40:34,3/200,2026-07-29 00:58:43,0.096317,0.093996,True,0.00010000,354.11,59985503,8,42
ModelSwinT_std0.02_90k_RMSELoss_20260729_004034,ModelSwinT_std0.02_90k_RMSELoss,RMSELoss,2026-07-29 00:40:34,4/200,2026-07-29 01:04:50,0.092665,0.089180,True,0.00010000,357.16,59985503,8,42
ModelSwinT_std0.02_90k_RMSELoss_20260729_004034,ModelSwinT_std0.02_90k_RMSELoss,RMSELoss,2026-07-29 00:40:34,5/200,2026-07-29 01:10:54,0.089889,0.092152,False,0.00010000,354.20,59985503,8,42
ModelSwinT_std0.02_90k_RMSELoss_20260729_004034,ModelSwinT_std0.02_90k_RMSELoss,RMSELoss,2026-07-29 00:40:34,6/200,2026-07-29 01:16:53,0.087710,0.087616,True,0.00010000,358.87,59985503,8,42
ModelSwinT_std0.02_90k_RMSELoss_20260729_004034,ModelSwinT_std0.02_90k_RMSELoss,RMSELoss,2026-07-29 00:40:34,7/200,2026-07-29 01:22:57,0.085640,0.085073,True,0.00010000,354.31,59985503,8,42
ModelSwinT_std0.02_90k_RMSELoss_20260729_004034,ModelSwinT_std0.02_90k_RMSELoss,RMSELoss,2026-07-29 00:40:34,8/200,2026-07-29 01:29:03,0.083807,0.083915,True,0.00010000,355.69,59985503,8,42
ModelSwinT_std0.02_90k_RMSELoss_20260729_004034,ModelSwinT_std0.02_90k_RMSELoss,RMSELoss,2026-07-29 00:40:34,9/200,2026-07-29 01:35:06,0.082075,0.082118,True,0.00010000,353.81,59985503,8,42
ModelSwinT_std0.02_90k_RMSELoss_20260729_004034,ModelSwinT_std0.02_90k_RMSELoss,RMSELoss,2026-07-29 00:40:34,10/200,2026-07-29 01:41:11,0.080652,0.082081,True,0.00010000,354.33,59985503,8,42
ModelSwinT_std0.02_90k_RMSELoss_20260729_004034,ModelSwinT_std0.02_90k_RMSELoss,RMSELoss,2026-07-29 00:40:34,11/200,2026-07-29 01:47:16,0.078836,0.080517,True,0.00010000,355.16,59985503,8,42
ModelSwinT_std0.02_90k_RMSELoss_20260729_004034,ModelSwinT_std0.02_90k_RMSELoss,RMSELoss,2026-07-29 00:40:34,12/200,2026-07-29 01:53:19,0.077658,0.081657,False,0.00010000,353.18,59985503,8,42
ModelSwinT_std0.02_90k_RMSELoss_20260729_004034,ModelSwinT_std0.02_90k_RMSELoss,RMSELoss,2026-07-29 00:40:34,13/200,2026-07-29 01:59:18,0.076065,0.080142,True,0.00010000,358.85,59985503,8,42
ModelSwinT_std0.02_90k_RMSELoss_20260729_004034,ModelSwinT_std0.02_90k_RMSELoss,RMSELoss,2026-07-29 00:40:34,14/200,2026-07-29 02:05:28,0.075079,0.079510,True,0.00010000,360.11,59985503,8,42
ModelSwinT_std0.02_90k_RMSELoss_20260729_004034,ModelSwinT_std0.02_90k_RMSELoss,RMSELoss,2026-07-29 00:40:34,15/200,2026-07-29 02:11:46,0.073946,0.078327,True,0.00010000,368.33,59985503,8,42
ModelSwinT_std0.02_90k_RMSELoss_20260729_004034,ModelSwinT_std0.02_90k_RMSELoss,RMSELoss,2026-07-29 00:40:34,16/200,2026-07-29 02:17:54,0.072599,0.079641,False,0.00010000,358.08,59985503,8,42
ModelSwinT_std0.02_90k_RMSELoss_20260729_004034,ModelSwinT_std0.02_90k_RMSELoss,RMSELoss,2026-07-29 00:40:34,17/200,2026-07-29 02:23:54,0.071850,0.077741,True,0.00010000,359.59,59985503,8,42
ModelSwinT_std0.02_90k_RMSELoss_20260729_004034,ModelSwinT_std0.02_90k_RMSELoss,RMSELoss,2026-07-29 00:40:34,18/200,2026-07-29 02:30:02,0.070613,0.077460,True,0.00010000,357.95,59985503,8,42
ModelSwinT_std0.02_90k_RMSELoss_20260729_004034,ModelSwinT_std0.02_90k_RMSELoss,RMSELoss,2026-07-29 00:40:34,19/200,2026-07-29 02:36:07,0.069688,0.079494,False,0.00010000,354.80,59985503,8,42
ModelSwinT_std0.02_90k_RMSELoss_20260729_004034,ModelSwinT_std0.02_90k_RMSELoss,RMSELoss,2026-07-29 00:40:34,20/200,2026-07-29 02:41:59,0.068910,0.076646,True,0.00005000,352.36,59985503,8,42
ModelSwinT_std0.02_90k_RMSELoss_20260729_004034,ModelSwinT_std0.02_90k_RMSELoss,RMSELoss,2026-07-29 00:40:34,21/200,2026-07-29 02:48:14,0.063745,0.072971,True,0.00005000,364.97,59985503,8,42
ModelSwinT_std0.02_90k_RMSELoss_20260729_004034,ModelSwinT_std0.02_90k_RMSELoss,RMSELoss,2026-07-29 00:40:34,22/200,2026-07-29 02:54:18,0.061699,0.072448,True,0.00005000,354.31,59985503,8,42
ModelSwinT_std0.02_90k_RMSELoss_20260729_004034,ModelSwinT_std0.02_90k_RMSELoss,RMSELoss,2026-07-29 00:40:34,23/200,2026-07-29 03:00:22,0.060719,0.072130,True,0.00005000,353.67,59985503,8,42
ModelSwinT_std0.02_90k_RMSELoss_20260729_004034,ModelSwinT_std0.02_90k_RMSELoss,RMSELoss,2026-07-29 00:40:34,24/200,2026-07-29 03:06:27,0.059812,0.072570,False,0.00005000,355.10,59985503,8,42
ModelSwinT_std0.02_90k_RMSELoss_20260729_004034,ModelSwinT_std0.02_90k_RMSELoss,RMSELoss,2026-07-29 00:40:34,25/200,2026-07-29 03:12:20,0.059006,0.072265,False,0.00005000,353.37,59985503,8,42
ModelSwinT_std0.02_90k_RMSELoss_20260729_004034,ModelSwinT_std0.02_90k_RMSELoss,RMSELoss,2026-07-29 00:40:34,26/200,2026-07-29 03:18:14,0.058231,0.071886,True,0.00005000,353.65,59985503,8,42
ModelSwinT_std0.02_90k_RMSELoss_20260729_004034,ModelSwinT_std0.02_90k_RMSELoss,RMSELoss,2026-07-29 00:40:34,27/200,2026-07-29 03:24:18,0.057562,0.071569,True,0.00005000,353.84,59985503,8,42
ModelSwinT_std0.02_90k_RMSELoss_20260729_004034,ModelSwinT_std0.02_90k_RMSELoss,RMSELoss,2026-07-29 00:40:34,28/200,2026-07-29 03:30:24,0.056896,0.072739,False,0.00005000,356.24,59985503,8,42
ModelSwinT_std0.02_90k_RMSELoss_20260729_004034,ModelSwinT_std0.02_90k_RMSELoss,RMSELoss,2026-07-29 00:40:34,29/200,2026-07-29 03:36:16,0.056353,0.071721,False,0.00005000,352.09,59985503,8,42
ModelSwinT_std0.02_90k_RMSELoss_20260729_004034,ModelSwinT_std0.02_90k_RMSELoss,RMSELoss,2026-07-29 00:40:34,30/200,2026-07-29 03:42:10,0.055890,0.071472,True,0.00005000,353.47,59985503,8,42
ModelSwinT_std0.02_90k_RMSELoss_20260729_004034,ModelSwinT_std0.02_90k_RMSELoss,RMSELoss,2026-07-29 00:40:34,31/200,2026-07-29 03:48:13,0.055121,0.070891,True,0.00005000,353.60,59985503,8,42
ModelSwinT_std0.02_90k_RMSELoss_20260729_004034,ModelSwinT_std0.02_90k_RMSELoss,RMSELoss,2026-07-29 00:40:34,32/200,2026-07-29 03:54:17,0.054755,0.070491,True,0.00005000,353.71,59985503,8,42
ModelSwinT_std0.02_90k_RMSELoss_20260729_004034,ModelSwinT_std0.02_90k_RMSELoss,RMSELoss,2026-07-29 00:40:34,33/200,2026-07-29 04:00:21,0.054308,0.071102,False,0.00005000,353.86,59985503,8,42
ModelSwinT_std0.02_90k_RMSELoss_20260729_004034,ModelSwinT_std0.02_90k_RMSELoss,RMSELoss,2026-07-29 00:40:34,34/200,2026-07-29 04:06:16,0.053835,0.071177,False,0.00005000,355.76,59985503,8,42
ModelSwinT_std0.02_90k_RMSELoss_20260729_004034,ModelSwinT_std0.02_90k_RMSELoss,RMSELoss,2026-07-29 00:40:34,35/200,2026-07-29 04:12:14,0.053314,0.070932,False,0.00005000,357.65,59985503,8,42
ModelSwinT_std0.02_90k_RMSELoss_20260729_004034,ModelSwinT_std0.02_90k_RMSELoss,RMSELoss,2026-07-29 00:40:34,36/200,2026-07-29 04:18:12,0.052747,0.070475,True,0.00005000,357.68,59985503,8,42
ModelSwinT_std0.02_90k_RMSELoss_20260729_004034,ModelSwinT_std0.02_90k_RMSELoss,RMSELoss,2026-07-29 00:40:34,37/200,2026-07-29 04:24:18,0.052586,0.070484,False,0.00005000,356.46,59985503,8,42
ModelSwinT_std0.02_90k_RMSELoss_20260729_004034,ModelSwinT_std0.02_90k_RMSELoss,RMSELoss,2026-07-29 00:40:34,38/200,2026-07-29 04:30:12,0.052135,0.070049,True,0.00005000,353.90,59985503,8,42
ModelSwinT_std0.02_90k_RMSELoss_20260729_004034,ModelSwinT_std0.02_90k_RMSELoss,RMSELoss,2026-07-29 00:40:34,39/200,2026-07-29 04:36:16,0.051700,0.070408,False,0.00005000,354.39,59985503,8,42
ModelSwinT_std0.02_90k_RMSELoss_20260729_004034,ModelSwinT_std0.02_90k_RMSELoss,RMSELoss,2026-07-29 00:40:34,40/200,2026-07-29 04:42:15,0.051129,0.070093,False,0.00002500,358.48,59985503,8,42
ModelSwinT_std0.02_90k_RMSELoss_20260729_004034,ModelSwinT_std0.02_90k_RMSELoss,RMSELoss,2026-07-29 00:40:34,41/200,2026-07-29 04:48:10,0.048162,0.068799,True,0.00002500,354.65,59985503,8,42
ModelSwinT_std0.02_90k_RMSELoss_20260729_004034,ModelSwinT_std0.02_90k_RMSELoss,RMSELoss,2026-07-29 00:40:34,42/200,2026-07-29 04:54:14,0.047055,0.068798,True,0.00002500,354.51,59985503,8,42
ModelSwinT_std0.02_90k_RMSELoss_20260729_004034,ModelSwinT_std0.02_90k_RMSELoss,RMSELoss,2026-07-29 00:40:34,43/200,2026-07-29 05:00:20,0.046601,0.068834,False,0.00002500,356.31,59985503,8,42
ModelSwinT_std0.02_90k_RMSELoss_20260729_004034,ModelSwinT_std0.02_90k_RMSELoss,RMSELoss,2026-07-29 00:40:34,44/200,2026-07-29 05:06:17,0.045852,0.068478,True,0.00002500,356.26,59985503,8,42
ModelSwinT_std0.02_90k_RMSELoss_20260729_004034,ModelSwinT_std0.02_90k_RMSELoss,RMSELoss,2026-07-29 00:40:34,45/200,2026-07-29 05:12:19,0.045584,0.068710,False,0.00002500,352.49,59985503,8,42
ModelSwinT_std0.02_90k_RMSELoss_20260729_004034,ModelSwinT_std0.02_90k_RMSELoss,RMSELoss,2026-07-29 00:40:34,46/200,2026-07-29 05:18:17,0.045224,0.068167,True,0.00002500,358.27,59985503,8,42
ModelSwinT_std0.02_90k_RMSELoss_20260729_004034,ModelSwinT_std0.02_90k_RMSELoss,RMSELoss,2026-07-29 00:40:34,47/200,2026-07-29 05:24:21,0.044752,0.068199,False,0.00002500,353.11,59985503,8,42
ModelSwinT_std0.02_90k_RMSELoss_20260729_004034,ModelSwinT_std0.02_90k_RMSELoss,RMSELoss,2026-07-29 00:40:34,48/200,2026-07-29 05:30:13,0.044633,0.068597,False,0.00002500,352.80,59985503,8,42
ModelSwinT_std0.02_90k_RMSELoss_20260729_004034,ModelSwinT_std0.02_90k_RMSELoss,RMSELoss,2026-07-29 00:40:34,49/200,2026-07-29 05:36:12,0.044179,0.069089,False,0.00002500,358.26,59985503,8,42
ModelSwinT_std0.02_90k_RMSELoss_20260729_004034,ModelSwinT_std0.02_90k_RMSELoss,RMSELoss,2026-07-29 00:40:34,50/200,2026-07-29 05:42:14,0.043827,0.067965,True,0.00002500,362.78,59985503,8,42
ModelSwinT_std0.02_90k_RMSELoss_20260729_004034,ModelSwinT_std0.02_90k_RMSELoss,RMSELoss,2026-07-29 00:40:34,51/200,2026-07-29 05:48:17,0.043769,0.069042,False,0.00002500,352.63,59985503,8,42
ModelSwinT_std0.02_90k_RMSELoss_20260729_004034,ModelSwinT_std0.02_90k_RMSELoss,RMSELoss,2026-07-29 00:40:34,52/200,2026-07-29 05:54:11,0.043294,0.068207,False,0.00002500,353.98,59985503,8,42
ModelSwinT_std0.02_90k_RMSELoss_20260729_004034,ModelSwinT_std0.02_90k_RMSELoss,RMSELoss,2026-07-29 00:40:34,53/200,2026-07-29 06:00:06,0.043048,0.068446,False,0.00002500,354.56,59985503,8,42
ModelSwinT_std0.02_90k_RMSELoss_20260729_004034,ModelSwinT_std0.02_90k_RMSELoss,RMSELoss,2026-07-29 00:40:34,54/200,2026-07-29 06:06:03,0.042790,0.067973,False,0.00002500,357.73,59985503,8,42
ModelSwinT_std0.02_90k_RMSELoss_20260729_004034,ModelSwinT_std0.02_90k_RMSELoss,RMSELoss,2026-07-29 00:40:34,55/200,2026-07-29 06:11:56,0.042556,0.068163,False,0.00002500,352.61,59985503,8,42
ModelSwinT_std0.02_90k_RMSELoss_20260729_004034,ModelSwinT_std0.02_90k_RMSELoss,RMSELoss,2026-07-29 00:40:34,56/200,2026-07-29 06:17:52,0.042212,0.068243,False,0.00002500,356.23,59985503,8,42
ModelSwinT_std0.02_90k_RMSELoss_20260729_004034,ModelSwinT_std0.02_90k_RMSELoss,RMSELoss,2026-07-29 00:40:34,57/200,2026-07-29 06:23:47,0.042038,0.068304,False,0.00002500,354.71,59985503,8,42
ModelSwinT_std0.02_90k_RMSELoss_20260729_004034,ModelSwinT_std0.02_90k_RMSELoss,RMSELoss,2026-07-29 00:40:34,58/200,2026-07-29 06:29:45,0.041893,0.067905,True,0.00002500,357.89,59985503,8,42
ModelSwinT_std0.02_90k_RMSELoss_20260729_004034,ModelSwinT_std0.02_90k_RMSELoss,RMSELoss,2026-07-29 00:40:34,59/200,2026-07-29 06:35:50,0.041571,0.067847,True,0.00002500,355.07,59985503,8,42
ModelSwinT_std0.02_90k_RMSELoss_20260729_004034,ModelSwinT_std0.02_90k_RMSELoss,RMSELoss,2026-07-29 00:40:34,60/200,2026-07-29 06:41:54,0.041194,0.068410,False,0.00001250,354.55,59985503,8,42
ModelSwinT_std0.02_90k_RMSELoss_20260729_004034,ModelSwinT_std0.02_90k_RMSELoss,RMSELoss,2026-07-29 00:40:34,61/200,2026-07-29 06:47:50,0.039606,0.067746,True,0.00001250,355.56,59985503,8,42
ModelSwinT_std0.02_90k_RMSELoss_20260729_004034,ModelSwinT_std0.02_90k_RMSELoss,RMSELoss,2026-07-29 00:40:34,62/200,2026-07-29 06:53:54,0.039082,0.067726,True,0.00001250,354.21,59985503,8,42
ModelSwinT_std0.02_90k_RMSELoss_20260729_004034,ModelSwinT_std0.02_90k_RMSELoss,RMSELoss,2026-07-29 00:40:34,63/200,2026-07-29 06:59:58,0.038857,0.067658,True,0.00001250,353.28,59985503,8,42
ModelSwinT_std0.02_90k_RMSELoss_20260729_004034,ModelSwinT_std0.02_90k_RMSELoss,RMSELoss,2026-07-29 00:40:34,64/200,2026-07-29 07:06:03,0.038546,0.067635,True,0.00001250,355.81,59985503,8,42
ModelSwinT_std0.02_90k_RMSELoss_20260729_004034,ModelSwinT_std0.02_90k_RMSELoss,RMSELoss,2026-07-29 00:40:34,65/200,2026-07-29 07:12:07,0.038384,0.067569,True,0.00001250,353.84,59985503,8,42
ModelSwinT_std0.02_90k_RMSELoss_20260729_004034,ModelSwinT_std0.02_90k_RMSELoss,RMSELoss,2026-07-29 00:40:34,66/200,2026-07-29 07:18:15,0.038194,0.067357,True,0.00001250,358.28,59985503,8,42
ModelSwinT_std0.02_90k_RMSELoss_20260729_004034,ModelSwinT_std0.02_90k_RMSELoss,RMSELoss,2026-07-29 00:40:34,67/200,2026-07-29 07:24:19,0.038083,0.067557,False,0.00001250,353.92,59985503,8,42
ModelSwinT_std0.02_90k_RMSELoss_20260729_004034,ModelSwinT_std0.02_90k_RMSELoss,RMSELoss,2026-07-29 00:40:34,68/200,2026-07-29 07:30:13,0.037835,0.067495,False,0.00001250,353.44,59985503,8,42
ModelSwinT_std0.02_90k_RMSELoss_20260729_004034,ModelSwinT_std0.02_90k_RMSELoss,RMSELoss,2026-07-29 00:40:34,69/200,2026-07-29 07:36:11,0.037780,0.067652,False,0.00001250,358.18,59985503,8,42
ModelSwinT_std0.02_90k_RMSELoss_20260729_004034,ModelSwinT_std0.02_90k_RMSELoss,RMSELoss,2026-07-29 00:40:34,70/200,2026-07-29 07:42:09,0.037565,0.067471,False,0.00001250,358.11,59985503,8,42
ModelSwinT_std0.02_90k_RMSELoss_20260729_004034,ModelSwinT_std0.02_90k_RMSELoss,RMSELoss,2026-07-29 00:40:34,71/200,2026-07-29 07:48:04,0.037272,0.067388,False,0.00001250,354.62,59985503,8,42
ModelSwinT_std0.02_90k_RMSELoss_20260729_004034,ModelSwinT_std0.02_90k_RMSELoss,RMSELoss,2026-07-29 00:40:34,72/200,2026-07-29 07:54:03,0.037261,0.067799,False,0.00001250,359.88,59985503,8,42
ModelSwinT_std0.02_90k_RMSELoss_20260729_004034,ModelSwinT_std0.02_90k_RMSELoss,RMSELoss,2026-07-29 00:40:34,73/200,2026-07-29 08:00:00,0.037058,0.067191,True,0.00001250,357.04,59985503,8,42
ModelSwinT_std0.02_90k_RMSELoss_20260729_004034,ModelSwinT_std0.02_90k_RMSELoss,RMSELoss,2026-07-29 00:40:34,74/200,2026-07-29 08:06:07,0.037002,0.067449,False,0.00001250,356.76,59985503,8,42
ModelSwinT_std0.02_90k_RMSELoss_20260729_004034,ModelSwinT_std0.02_90k_RMSELoss,RMSELoss,2026-07-29 00:40:34,75/200,2026-07-29 08:12:02,0.036764,0.067233,False,0.00001250,354.26,59985503,8,42
ModelSwinT_std0.02_90k_RMSELoss_20260729_004034,ModelSwinT_std0.02_90k_RMSELoss,RMSELoss,2026-07-29 00:40:34,76/200,2026-07-29 08:17:56,0.036617,0.067300,False,0.00001250,354.48,59985503,8,42
ModelSwinT_std0.02_90k_RMSELoss_20260729_004034,ModelSwinT_std0.02_90k_RMSELoss,RMSELoss,2026-07-29 00:40:34,77/200,2026-07-29 08:23:54,0.036512,0.067308,False,0.00001250,358.03,59985503,8,42
ModelSwinT_std0.02_90k_RMSELoss_20260729_004034,ModelSwinT_std0.02_90k_RMSELoss,RMSELoss,2026-07-29 00:40:34,78/200,2026-07-29 08:29:48,0.036368,0.067077,True,0.00001250,353.62,59985503,8,42
ModelSwinT_std0.02_90k_RMSELoss_20260729_004034,ModelSwinT_std0.02_90k_RMSELoss,RMSELoss,2026-07-29 00:40:34,79/200,2026-07-29 08:35:51,0.036271,0.067247,False,0.00001250,352.98,59985503,8,42
ModelSwinT_std0.02_90k_RMSELoss_20260729_004034,ModelSwinT_std0.02_90k_RMSELoss,RMSELoss,2026-07-29 00:40:34,80/200,2026-07-29 08:41:47,0.036159,0.067127,False,0.00000625,356.51,59985503,8,42
ModelSwinT_std0.02_90k_RMSELoss_20260729_004034,ModelSwinT_std0.02_90k_RMSELoss,RMSELoss,2026-07-29 00:40:34,81/200,2026-07-29 08:47:45,0.035293,0.066934,True,0.00000625,358.33,59985503,8,42
ModelSwinT_std0.02_90k_RMSELoss_20260729_004034,ModelSwinT_std0.02_90k_RMSELoss,RMSELoss,2026-07-29 00:40:34,82/200,2026-07-29 08:53:48,0.035085,0.067125,False,0.00000625,352.99,59985503,8,42
ModelSwinT_std0.02_90k_RMSELoss_20260729_004034,ModelSwinT_std0.02_90k_RMSELoss,RMSELoss,2026-07-29 00:40:34,83/200,2026-07-29 08:59:46,0.034789,0.066986,False,0.00000625,357.04,59985503,8,42
ModelSwinT_std0.02_90k_RMSELoss_20260729_004034,ModelSwinT_std0.02_90k_RMSELoss,RMSELoss,2026-07-29 00:40:34,84/200,2026-07-29 09:05:44,0.034832,0.067030,False,0.00000625,358.47,59985503,8,42
ModelSwinT_std0.02_90k_RMSELoss_20260729_004034,ModelSwinT_std0.02_90k_RMSELoss,RMSELoss,2026-07-29 00:40:34,85/200,2026-07-29 09:11:38,0.034738,0.067070,False,0.00000625,353.71,59985503,8,42
ModelSwinT_std0.02_90k_RMSELoss_20260729_004034,ModelSwinT_std0.02_90k_RMSELoss,RMSELoss,2026-07-29 00:40:34,86/200,2026-07-29 09:17:28,0.034639,0.066975,False,0.00000625,349.88,59985503,8,42
ModelSwinT_std0.02_90k_RMSELoss_20260729_004034,ModelSwinT_std0.02_90k_RMSELoss,RMSELoss,2026-07-29 00:40:34,87/200,2026-07-29 09:23:25,0.034481,0.066966,False,0.00000625,357.53,59985503,8,42
ModelSwinT_std0.02_90k_RMSELoss_20260729_004034,ModelSwinT_std0.02_90k_RMSELoss,RMSELoss,2026-07-29 00:40:34,88/200,2026-07-29 09:29:19,0.034374,0.066780,True,0.00000625,354.29,59985503,8,42
ModelSwinT_std0.02_90k_RMSELoss_20260729_004034,ModelSwinT_std0.02_90k_RMSELoss,RMSELoss,2026-07-29 00:40:34,89/200,2026-07-29 09:35:24,0.034451,0.066866,False,0.00000625,354.93,59985503,8,42
ModelSwinT_std0.02_90k_RMSELoss_20260729_004034,ModelSwinT_std0.02_90k_RMSELoss,RMSELoss,2026-07-29 00:40:34,90/200,2026-07-29 09:41:19,0.034178,0.066953,False,0.00000625,354.80,59985503,8,42
ModelSwinT_std0.02_90k_RMSELoss_20260729_004034,ModelSwinT_std0.02_90k_RMSELoss,RMSELoss,2026-07-29 00:40:34,91/200,2026-07-29 09:47:13,0.034189,0.067096,False,0.00000625,353.91,59985503,8,42
ModelSwinT_std0.02_90k_RMSELoss_20260729_004034,ModelSwinT_std0.02_90k_RMSELoss,RMSELoss,2026-07-29 00:40:34,92/200,2026-07-29 09:53:07,0.034002,0.066908,False,0.00000625,354.03,59985503,8,42
ModelSwinT_std0.02_90k_RMSELoss_20260729_004034,ModelSwinT_std0.02_90k_RMSELoss,RMSELoss,2026-07-29 00:40:34,93/200,2026-07-29 09:59:03,0.033999,0.066720,True,0.00000625,355.97,59985503,8,42
ModelSwinT_std0.02_90k_RMSELoss_20260729_004034,ModelSwinT_std0.02_90k_RMSELoss,RMSELoss,2026-07-29 00:40:34,94/200,2026-07-29 10:05:06,0.033874,0.066896,False,0.00000625,353.30,59985503,8,42
ModelSwinT_std0.02_90k_RMSELoss_20260729_004034,ModelSwinT_std0.02_90k_RMSELoss,RMSELoss,2026-07-29 00:40:34,95/200,2026-07-29 10:11:08,0.033852,0.066839,False,0.00000625,361.28,59985503,8,42
ModelSwinT_std0.02_90k_RMSELoss_20260729_004034,ModelSwinT_std0.02_90k_RMSELoss,RMSELoss,2026-07-29 00:40:34,96/200,2026-07-29 10:17:06,0.033660,0.066949,False,0.00000625,358.46,59985503,8,42
ModelSwinT_std0.02_90k_RMSELoss_20260729_004034,ModelSwinT_std0.02_90k_RMSELoss,RMSELoss,2026-07-29 00:40:34,97/200,2026-07-29 10:22:58,0.033746,0.066772,False,0.00000625,351.73,59985503,8,42
ModelSwinT_std0.02_90k_RMSELoss_20260729_004034,ModelSwinT_std0.02_90k_RMSELoss,RMSELoss,2026-07-29 00:40:34,98/200,2026-07-29 10:28:53,0.033617,0.067078,False,0.00000625,355.23,59985503,8,42
ModelSwinT_std0.02_90k_RMSELoss_20260729_004034,ModelSwinT_std0.02_90k_RMSELoss,RMSELoss,2026-07-29 00:40:34,99/200,2026-07-29 10:34:53,0.033415,0.067056,False,0.00000625,359.65,59985503,8,42
ModelSwinT_std0.02_90k_RMSELoss_20260729_004034,ModelSwinT_std0.02_90k_RMSELoss,RMSELoss,2026-07-29 00:40:34,100/200,2026-07-29 10:40:47,0.033453,0.066790,False,0.00000313,354.00,59985503,8,42
ModelSwinT_std0.02_90k_RMSELoss_20260729_004034,ModelSwinT_std0.02_90k_RMSELoss,RMSELoss,2026-07-29 00:40:34,101/200,2026-07-29 10:46:44,0.033056,0.066765,False,0.00000313,357.37,59985503,8,42
ModelSwinT_std0.02_90k_RMSELoss_20260729_004034,ModelSwinT_std0.02_90k_RMSELoss,RMSELoss,2026-07-29 00:40:34,102/200,2026-07-29 10:52:37,0.032923,0.066807,False,0.00000313,352.61,59985503,8,42
ModelSwinT_std0.02_90k_RMSELoss_20260729_004034,ModelSwinT_std0.02_90k_RMSELoss,RMSELoss,2026-07-29 00:40:34,103/200,2026-07-29 10:58:30,0.032880,0.066749,False,0.00000313,352.84,59985503,8,42
ModelSwinT_std0.02_90k_RMSELoss_20260729_004034,ModelSwinT_std0.02_90k_RMSELoss,RMSELoss,2026-07-29 00:40:34,104/200,2026-07-29 11:04:29,0.032918,0.066753,False,0.00000313,359.23,59985503,8,42
ModelSwinT_std0.02_90k_RMSELoss_20260729_004034,ModelSwinT_std0.02_90k_RMSELoss,RMSELoss,2026-07-29 00:40:34,105/200,2026-07-29 11:10:25,0.032836,0.066900,False,0.00000313,355.95,59985503,8,42
ModelSwinT_std0.02_90k_RMSELoss_20260729_004034,ModelSwinT_std0.02_90k_RMSELoss,RMSELoss,2026-07-29 00:40:34,106/200,2026-07-29 11:16:18,0.032755,0.066611,True,0.00000313,353.56,59985503,8,42
ModelSwinT_std0.02_90k_RMSELoss_20260729_004034,ModelSwinT_std0.02_90k_RMSELoss,RMSELoss,2026-07-29 00:40:34,107/200,2026-07-29 11:22:23,0.032608,0.066750,False,0.00000313,354.16,59985503,8,42
ModelSwinT_std0.02_90k_RMSELoss_20260729_004034,ModelSwinT_std0.02_90k_RMSELoss,RMSELoss,2026-07-29 00:40:34,108/200,2026-07-29 11:28:18,0.032628,0.066816,False,0.00000313,355.37,59985503,8,42
ModelSwinT_std0.02_90k_RMSELoss_20260729_004034,ModelSwinT_std0.02_90k_RMSELoss,RMSELoss,2026-07-29 00:40:34,109/200,2026-07-29 11:34:14,0.032616,0.066689,False,0.00000313,356.26,59985503,8,42
ModelSwinT_std0.02_90k_RMSELoss_20260729_004034,ModelSwinT_std0.02_90k_RMSELoss,RMSELoss,2026-07-29 00:40:34,110/200,2026-07-29 11:40:12,0.032465,0.066814,False,0.00000313,357.73,59985503,8,42
ModelSwinT_std0.02_90k_RMSELoss_20260729_004034,ModelSwinT_std0.02_90k_RMSELoss,RMSELoss,2026-07-29 00:40:34,111/200,2026-07-29 11:46:06,0.032438,0.066595,True,0.00000313,354.45,59985503,8,42
ModelSwinT_std0.02_90k_RMSELoss_20260729_004034,ModelSwinT_std0.02_90k_RMSELoss,RMSELoss,2026-07-29 00:40:34,112/200,2026-07-29 11:52:10,0.032428,0.066880,False,0.00000313,353.91,59985503,8,42
ModelSwinT_std0.02_90k_RMSELoss_20260729_004034,ModelSwinT_std0.02_90k_RMSELoss,RMSELoss,2026-07-29 00:40:34,113/200,2026-07-29 11:58:09,0.032404,0.066905,False,0.00000313,358.62,59985503,8,42
ModelSwinT_std0.02_90k_RMSELoss_20260729_004034,ModelSwinT_std0.02_90k_RMSELoss,RMSELoss,2026-07-29 00:40:34,114/200,2026-07-29 12:04:02,0.032461,0.066862,False,0.00000313,353.12,59985503,8,42
ModelSwinT_std0.02_90k_RMSELoss_20260729_004034,ModelSwinT_std0.02_90k_RMSELoss,RMSELoss,2026-07-29 00:40:34,115/200,2026-07-29 12:09:56,0.032368,0.066769,False,0.00000313,353.91,59985503,8,42
ModelSwinT_std0.02_90k_RMSELoss_20260729_004034,ModelSwinT_std0.02_90k_RMSELoss,RMSELoss,2026-07-29 00:40:34,116/200,2026-07-29 12:15:54,0.032295,0.066920,False,0.00000313,358.29,59985503,8,42
ModelSwinT_std0.02_90k_RMSELoss_20260729_004034,ModelSwinT_std0.02_90k_RMSELoss,RMSELoss,2026-07-29 00:40:34,117/200,2026-07-29 12:21:49,0.032131,0.066842,False,0.00000313,354.59,59985503,8,42
ModelSwinT_std0.02_90k_RMSELoss_20260729_004034,ModelSwinT_std0.02_90k_RMSELoss,RMSELoss,2026-07-29 00:40:34,118/200,2026-07-29 12:27:48,0.032275,0.066847,False,0.00000313,358.82,59985503,8,42
ModelSwinT_std0.02_90k_RMSELoss_20260729_004034,ModelSwinT_std0.02_90k_RMSELoss,RMSELoss,2026-07-29 00:40:34,119/200,2026-07-29 12:33:45,0.032118,0.066725,False,0.00000313,357.59,59985503,8,42
ModelSwinT_std0.02_90k_RMSELoss_20260729_004034,ModelSwinT_std0.02_90k_RMSELoss,RMSELoss,2026-07-29 00:40:34,120/200,2026-07-29 12:39:43,0.032125,0.066889,False,0.00000156,358.25,59985503,8,42
ModelSwinT_std0.02_90k_RMSELoss_20260729_004034,ModelSwinT_std0.02_90k_RMSELoss,RMSELoss,2026-07-29 00:40:34,121/200,2026-07-29 12:45:38,0.032021,0.066760,False,0.00000156,354.44,59985503,8,42
ModelSwinT_std0.02_90k_RMSELoss_20260729_004034,ModelSwinT_std0.02_90k_RMSELoss,RMSELoss,2026-07-29 00:40:34,122/200,2026-07-29 12:51:34,0.031797,0.066723,False,0.00000156,355.58,59985503,8,42
ModelSwinT_std0.02_90k_RMSELoss_20260729_004034,ModelSwinT_std0.02_90k_RMSELoss,RMSELoss,2026-07-29 00:40:34,123/200,2026-07-29 12:57:31,0.031808,0.066689,False,0.00000156,357.68,59985503,8,42
ModelSwinT_std0.02_90k_RMSELoss_20260729_004034,ModelSwinT_std0.02_90k_RMSELoss,RMSELoss,2026-07-29 00:40:34,124/200,2026-07-29 13:03:29,0.031768,0.066799,False,0.00000156,357.92,59985503,8,42
ModelSwinT_std0.02_90k_RMSELoss_20260729_004034,ModelSwinT_std0.02_90k_RMSELoss,RMSELoss,2026-07-29 00:40:34,125/200,2026-07-29 13:09:24,0.031768,0.066726,False,0.00000156,354.40,59985503,8,42
ModelSwinT_std0.02_90k_RMSELoss_20260729_004034,ModelSwinT_std0.02_90k_RMSELoss,RMSELoss,2026-07-29 00:40:34,126/200,2026-07-29 13:15:23,0.031778,0.066754,False,0.00000156,359.78,59985503,8,42
ModelSwinT_std0.02_90k_RMSELoss_20260729_004034,ModelSwinT_std0.02_90k_RMSELoss,RMSELoss,2026-07-29 00:40:34,127/200,2026-07-29 13:21:19,0.031625,0.066664,False,0.00000156,355.66,59985503,8,42
ModelSwinT_std0.02_90k_RMSELoss_20260729_004034,ModelSwinT_std0.02_90k_RMSELoss,RMSELoss,2026-07-29 00:40:34,128/200,2026-07-29 13:27:18,0.031807,0.066734,False,0.00000156,358.65,59985503,8,42
ModelSwinT_std0.02_90k_RMSELoss_20260729_004034,ModelSwinT_std0.02_90k_RMSELoss,RMSELoss,2026-07-29 00:40:34,129/200,2026-07-29 13:33:19,0.031721,0.066705,False,0.00000156,361.29,59985503,8,42
ModelSwinT_std0.02_90k_RMSELoss_20260729_004034,ModelSwinT_std0.02_90k_RMSELoss,RMSELoss,2026-07-29 00:40:34,130/200,2026-07-29 13:39:15,0.031700,0.066611,False,0.00000156,355.71,59985503,8,42
ModelSwinT_std0.02_90k_RMSELoss_20260729_004034,ModelSwinT_std0.02_90k_RMSELoss,RMSELoss,2026-07-29 00:40:34,131/200,2026-07-29 13:45:08,0.031566,0.066634,False,0.00000156,353.60,59985503,8,42
ModelSwinT_std0.02_90k_RMSELoss_20260729_004034,ModelSwinT_std0.02_90k_RMSELoss,RMSELoss,2026-07-29 00:40:34,132/200,2026-07-29 13:51:02,0.031623,0.066669,False,0.00000156,353.26,59985503,8,42
ModelSwinT_std0.02_90k_RMSELoss_20260729_004034,ModelSwinT_std0.02_90k_RMSELoss,RMSELoss,2026-07-29 00:40:34,133/200,2026-07-29 13:56:57,0.031604,0.066682,False,0.00000156,355.37,59985503,8,42
ModelSwinT_std0.02_90k_RMSELoss_20260729_004034,ModelSwinT_std0.02_90k_RMSELoss,RMSELoss,2026-07-29 00:40:34,134/200,2026-07-29 14:02:52,0.031527,0.066730,False,0.00000156,355.22,59985503,8,42
ModelSwinT_std0.02_90k_RMSELoss_20260729_004034,ModelSwinT_std0.02_90k_RMSELoss,RMSELoss,2026-07-29 00:40:34,135/200,2026-07-29 14:08:50,0.031708,0.066727,False,0.00000156,358.10,59985503,8,42
ModelSwinT_std0.02_90k_RMSELoss_20260729_004034,ModelSwinT_std0.02_90k_RMSELoss,RMSELoss,2026-07-29 00:40:34,136/200,2026-07-29 14:14:52,0.031401,0.066663,False,0.00000156,361.70,59985503,8,42
ModelSwinT_std0.02_90k_RMSELoss_20260729_004034,ModelSwinT_std0.02_90k_RMSELoss,RMSELoss,2026-07-29 00:40:34,137/200,2026-07-29 14:20:48,0.031506,0.066753,False,0.00000156,356.07,59985503,8,42
ModelSwinT_std0.02_90k_RMSELoss_20260729_004034,ModelSwinT_std0.02_90k_RMSELoss,RMSELoss,2026-07-29 00:40:34,138/200,2026-07-29 14:26:50,0.031489,0.066632,False,0.00000156,362.11,59985503,8,42
ModelSwinT_std0.02_90k_RMSELoss_20260729_004034,ModelSwinT_std0.02_90k_RMSELoss,RMSELoss,2026-07-29 00:40:34,139/200,2026-07-29 14:32:47,0.031471,0.066699,False,0.00000156,356.63,59985503,8,42
ModelSwinT_std0.02_90k_RMSELoss_20260729_004034,ModelSwinT_std0.02_90k_RMSELoss,RMSELoss,2026-07-29 00:40:34,140/200,2026-07-29 14:38:45,0.031385,0.066706,False,0.00000078,358.65,59985503,8,42
ModelSwinT_std0.02_90k_RMSELoss_20260729_004034,ModelSwinT_std0.02_90k_RMSELoss,RMSELoss,2026-07-29 00:40:34,141/200,2026-07-29 14:44:45,0.031263,0.066710,False,0.00000078,359.66,59985503,8,42
ModelSwinT_std0.02_90k_RMSELoss_20260729_004034,ModelSwinT_std0.02_90k_RMSELoss,RMSELoss,2026-07-29 00:40:34,142/200,2026-07-29 14:50:40,0.031322,0.066723,False,0.00000078,354.46,59985503,8,42
ModelSwinT_std0.02_90k_RMSELoss_20260729_004034,ModelSwinT_std0.02_90k_RMSELoss,RMSELoss,2026-07-29 00:40:34,143/200,2026-07-29 14:56:35,0.031302,0.066635,False,0.00000078,355.03,59985503,8,42
ModelSwinT_std0.02_90k_RMSELoss_20260729_004034,ModelSwinT_std0.02_90k_RMSELoss,RMSELoss,2026-07-29 00:40:34,144/200,2026-07-29 15:02:28,0.031268,0.066644,False,0.00000078,353.72,59985503,8,42
ModelSwinT_std0.02_90k_RMSELoss_20260729_004034,ModelSwinT_std0.02_90k_RMSELoss,RMSELoss,2026-07-29 00:40:34,145/200,2026-07-29 15:08:22,0.031313,0.066639,False,0.00000078,353.89,59985503,8,42
ModelSwinT_std0.02_90k_RMSELoss_20260729_004034,ModelSwinT_std0.02_90k_RMSELoss,RMSELoss,2026-07-29 00:40:34,146/200,2026-07-29 15:14:23,0.031312,0.066711,False,0.00000078,360.92,59985503,8,42
ModelSwinT_std0.02_90k_RMSELoss_20260729_004034,ModelSwinT_std0.02_90k_RMSELoss,RMSELoss,2026-07-29 00:40:34,147/200,2026-07-29 15:20:17,0.031228,0.066619,False,0.00000078,354.02,59985503,8,42
ModelSwinT_std0.02_90k_RMSELoss_20260729_004034,ModelSwinT_std0.02_90k_RMSELoss,RMSELoss,2026-07-29 00:40:34,148/200,2026-07-29 15:26:12,0.031252,0.066619,False,0.00000078,355.22,59985503,8,42
ModelSwinT_std0.02_90k_RMSELoss_20260729_004034,ModelSwinT_std0.02_90k_RMSELoss,RMSELoss,2026-07-29 00:40:34,149/200,2026-07-29 15:32:06,0.031267,0.066686,False,0.00000078,353.13,59985503,8,42
ModelSwinT_std0.02_90k_RMSELoss_20260729_004034,ModelSwinT_std0.02_90k_RMSELoss,RMSELoss,2026-07-29 00:40:34,150/200,2026-07-29 15:38:02,0.031227,0.066674,False,0.00000078,356.75,59985503,8,42
ModelSwinT_std0.02_90k_RMSELoss_20260729_004034,ModelSwinT_std0.02_90k_RMSELoss,RMSELoss,2026-07-29 00:40:34,151/200,2026-07-29 15:43:57,0.031301,0.066624,False,0.00000078,355.11,59985503,8,42
ModelSwinT_std0.02_90k_RMSELoss_20260729_004034,ModelSwinT_std0.02_90k_RMSELoss,RMSELoss,2026-07-29 00:40:34,152/200,2026-07-29 15:49:50,0.031264,0.066618,False,0.00000078,352.57,59985503,8,42
ModelSwinT_std0.02_90k_RMSELoss_20260729_004034,ModelSwinT_std0.02_90k_RMSELoss,RMSELoss,2026-07-29 00:40:34,153/200,2026-07-29 15:55:44,0.031152,0.066592,True,0.00000078,353.84,59985503,8,42
ModelSwinT_std0.02_90k_RMSELoss_20260729_004034,ModelSwinT_std0.02_90k_RMSELoss,RMSELoss,2026-07-29 00:40:34,154/200,2026-07-29 16:01:47,0.031182,0.066571,True,0.00000078,352.93,59985503,8,42
ModelSwinT_std0.02_90k_RMSELoss_20260729_004034,ModelSwinT_std0.02_90k_RMSELoss,RMSELoss,2026-07-29 00:40:34,155/200,2026-07-29 16:07:49,0.031168,0.066631,False,0.00000078,352.51,59985503,8,42
ModelSwinT_std0.02_90k_RMSELoss_20260729_004034,ModelSwinT_std0.02_90k_RMSELoss,RMSELoss,2026-07-29 00:40:34,156/200,2026-07-29 16:13:45,0.031211,0.066582,False,0.00000078,355.73,59985503,8,42
ModelSwinT_std0.02_90k_RMSELoss_20260729_004034,ModelSwinT_std0.02_90k_RMSELoss,RMSELoss,2026-07-29 00:40:34,157/200,2026-07-29 16:19:39,0.031152,0.066673,False,0.00000078,353.91,59985503,8,42
ModelSwinT_std0.02_90k_RMSELoss_20260729_004034,ModelSwinT_std0.02_90k_RMSELoss,RMSELoss,2026-07-29 00:40:34,158/200,2026-07-29 16:25:36,0.031163,0.066642,False,0.00000078,357.47,59985503,8,42
ModelSwinT_std0.02_90k_RMSELoss_20260729_004034,ModelSwinT_std0.02_90k_RMSELoss,RMSELoss,2026-07-29 00:40:34,159/200,2026-07-29 16:31:29,0.031221,0.066672,False,0.00000078,352.89,59985503,8,42
ModelSwinT_std0.02_90k_RMSELoss_20260729_004034,ModelSwinT_std0.02_90k_RMSELoss,RMSELoss,2026-07-29 00:40:34,160/200,2026-07-29 16:37:22,0.031159,0.066639,False,0.00000039,352.40,59985503,8,42
ModelSwinT_std0.02_90k_RMSELoss_20260729_004034,ModelSwinT_std0.02_90k_RMSELoss,RMSELoss,2026-07-29 00:40:34,161/200,2026-07-29 16:43:15,0.031095,0.066591,False,0.00000039,353.23,59985503,8,42
ModelSwinT_std0.02_90k_RMSELoss_20260729_004034,ModelSwinT_std0.02_90k_RMSELoss,RMSELoss,2026-07-29 00:40:34,162/200,2026-07-29 16:49:07,0.030962,0.066622,False,0.00000039,352.00,59985503,8,42
ModelSwinT_std0.02_90k_RMSELoss_20260729_004034,ModelSwinT_std0.02_90k_RMSELoss,RMSELoss,2026-07-29 00:40:34,163/200,2026-07-29 16:55:01,0.031111,0.066586,False,0.00000039,354.30,59985503,8,42
ModelSwinT_std0.02_90k_RMSELoss_20260729_004034,ModelSwinT_std0.02_90k_RMSELoss,RMSELoss,2026-07-29 00:40:34,164/200,2026-07-29 17:01:00,0.031021,0.066661,False,0.00000039,358.29,59985503,8,42
ModelSwinT_std0.02_90k_RMSELoss_20260729_004034,ModelSwinT_std0.02_90k_RMSELoss,RMSELoss,2026-07-29 00:40:34,165/200,2026-07-29 17:06:57,0.031009,0.066629,False,0.00000039,356.97,59985503,8,42
ModelSwinT_std0.02_90k_RMSELoss_20260729_004034,ModelSwinT_std0.02_90k_RMSELoss,RMSELoss,2026-07-29 00:40:34,166/200,2026-07-29 17:12:54,0.031055,0.066652,False,0.00000039,357.79,59985503,8,42
ModelSwinT_std0.02_90k_RMSELoss_20260729_004034,ModelSwinT_std0.02_90k_RMSELoss,RMSELoss,2026-07-29 00:40:34,167/200,2026-07-29 17:18:51,0.030982,0.066625,False,0.00000039,356.95,59985503,8,42
ModelSwinT_std0.02_90k_RMSELoss_20260729_004034,ModelSwinT_std0.02_90k_RMSELoss,RMSELoss,2026-07-29 00:40:34,168/200,2026-07-29 17:24:51,0.030998,0.066686,False,0.00000039,359.81,59985503,8,42
ModelSwinT_std0.02_90k_RMSELoss_20260729_004034,ModelSwinT_std0.02_90k_RMSELoss,RMSELoss,2026-07-29 00:40:34,169/200,2026-07-29 17:30:48,0.031005,0.066689,False,0.00000039,357.34,59985503,8,42
ModelSwinT_std0.02_90k_RMSELoss_20260729_004034,ModelSwinT_std0.02_90k_RMSELoss,RMSELoss,2026-07-29 00:40:34,170/200,2026-07-29 17:36:43,0.031022,0.066687,False,0.00000039,354.47,59985503,8,42
ModelSwinT_std0.02_90k_RMSELoss_20260729_004034,ModelSwinT_std0.02_90k_RMSELoss,RMSELoss,2026-07-29 00:40:34,171/200,2026-07-29 17:42:38,0.030956,0.066625,False,0.00000039,354.94,59985503,8,42
ModelSwinT_std0.02_90k_RMSELoss_20260729_004034,ModelSwinT_std0.02_90k_RMSELoss,RMSELoss,2026-07-29 00:40:34,172/200,2026-07-29 17:48:32,0.030984,0.066603,False,0.00000039,354.13,59985503,8,42
ModelSwinT_std0.02_90k_RMSELoss_20260729_004034,ModelSwinT_std0.02_90k_RMSELoss,RMSELoss,2026-07-29 00:40:34,173/200,2026-07-29 17:54:27,0.031078,0.066661,False,0.00000039,354.84,59985503,8,42
ModelSwinT_std0.02_90k_RMSELoss_20260729_004034,ModelSwinT_std0.02_90k_RMSELoss,RMSELoss,2026-07-29 00:40:34,174/200,2026-07-29 18:00:24,0.031013,0.066579,False,0.00000039,357.19,59985503,8,42
ModelSwinT_std0.02_90k_RMSELoss_20260729_004034,ModelSwinT_std0.02_90k_RMSELoss,RMSELoss,2026-07-29 00:40:34,175/200,2026-07-29 18:06:23,0.031007,0.066618,False,0.00000039,358.78,59985503,8,42
ModelSwinT_std0.02_90k_RMSELoss_20260729_004034,ModelSwinT_std0.02_90k_RMSELoss,RMSELoss,2026-07-29 00:40:34,176/200,2026-07-29 18:12:22,0.030926,0.066657,False,0.00000039,358.98,59985503,8,42
ModelSwinT_std0.02_90k_RMSELoss_20260729_004034,ModelSwinT_std0.02_90k_RMSELoss,RMSELoss,2026-07-29 00:40:34,177/200,2026-07-29 18:18:20,0.030984,0.066628,False,0.00000039,357.69,59985503,8,42
ModelSwinT_std0.02_90k_RMSELoss_20260729_004034,ModelSwinT_std0.02_90k_RMSELoss,RMSELoss,2026-07-29 00:40:34,178/200,2026-07-29 18:24:16,0.030894,0.066617,False,0.00000039,355.94,59985503,8,42
ModelSwinT_std0.02_90k_RMSELoss_20260729_004034,ModelSwinT_std0.02_90k_RMSELoss,RMSELoss,2026-07-29 00:40:34,179/200,2026-07-29 18:30:13,0.030943,0.066593,False,0.00000039,357.64,59985503,8,42
ModelSwinT_std0.02_90k_RMSELoss_20260729_004034,ModelSwinT_std0.02_90k_RMSELoss,RMSELoss,2026-07-29 00:40:34,180/200,2026-07-29 18:36:13,0.030928,0.066611,False,0.00000020,359.44,59985503,8,42
ModelSwinT_std0.02_90k_RMSELoss_20260729_004034,ModelSwinT_std0.02_90k_RMSELoss,RMSELoss,2026-07-29 00:40:34,181/200,2026-07-29 18:42:10,0.031038,0.066644,False,0.00000020,357.67,59985503,8,42
ModelSwinT_std0.02_90k_RMSELoss_20260729_004034,ModelSwinT_std0.02_90k_RMSELoss,RMSELoss,2026-07-29 00:40:34,182/200,2026-07-29 18:48:07,0.030853,0.066623,False,0.00000020,357.02,59985503,8,42
ModelSwinT_std0.02_90k_RMSELoss_20260729_004034,ModelSwinT_std0.02_90k_RMSELoss,RMSELoss,2026-07-29 00:40:34,183/200,2026-07-29 18:54:00,0.031024,0.066615,False,0.00000020,352.71,59985503,8,42
ModelSwinT_std0.02_90k_RMSELoss_20260729_004034,ModelSwinT_std0.02_90k_RMSELoss,RMSELoss,2026-07-29 00:40:34,184/200,2026-07-29 18:59:54,0.030908,0.066629,False,0.00000020,353.49,59985503,8,42
ModelSwinT_std0.02_90k_RMSELoss_20260729_004034,ModelSwinT_std0.02_90k_RMSELoss,RMSELoss,2026-07-29 00:40:34,185/200,2026-07-29 19:05:56,0.030877,0.066610,False,0.00000020,362.15,59985503,8,42
ModelSwinT_std0.02_90k_RMSELoss_20260729_004034,ModelSwinT_std0.02_90k_RMSELoss,RMSELoss,2026-07-29 00:40:34,186/200,2026-07-29 19:11:55,0.030855,0.066604,False,0.00000020,359.20,59985503,8,42
ModelSwinT_std0.02_90k_RMSELoss_20260729_004034,ModelSwinT_std0.02_90k_RMSELoss,RMSELoss,2026-07-29 00:40:34,187/200,2026-07-29 19:17:52,0.030923,0.066600,False,0.00000020,357.05,59985503,8,42
ModelSwinT_std0.02_90k_RMSELoss_20260729_004034,ModelSwinT_std0.02_90k_RMSELoss,RMSELoss,2026-07-29 00:40:34,188/200,2026-07-29 19:23:56,0.030832,0.066600,False,0.00000020,364.23,59985503,8,42
ModelSwinT_std0.02_90k_RMSELoss_20260729_004034,ModelSwinT_std0.02_90k_RMSELoss,RMSELoss,2026-07-29 00:40:34,189/200,2026-07-29 19:29:49,0.030908,0.066618,False,0.00000020,352.84,59985503,8,42
ModelSwinT_std0.02_90k_RMSELoss_20260729_004034,ModelSwinT_std0.02_90k_RMSELoss,RMSELoss,2026-07-29 00:40:34,190/200,2026-07-29 19:35:46,0.030984,0.066597,False,0.00000020,357.08,59985503,8,42
ModelSwinT_std0.02_90k_RMSELoss_20260729_004034,ModelSwinT_std0.02_90k_RMSELoss,RMSELoss,2026-07-29 00:40:34,191/200,2026-07-29 19:41:42,0.030826,0.066623,False,0.00000020,355.70,59985503,8,42
ModelSwinT_std0.02_90k_RMSELoss_20260729_004034,ModelSwinT_std0.02_90k_RMSELoss,RMSELoss,2026-07-29 00:40:34,192/200,2026-07-29 19:47:35,0.030944,0.066633,False,0.00000020,353.15,59985503,8,42
ModelSwinT_std0.02_90k_RMSELoss_20260729_004034,ModelSwinT_std0.02_90k_RMSELoss,RMSELoss,2026-07-29 00:40:34,193/200,2026-07-29 19:53:31,0.030934,0.066627,False,0.00000020,356.07,59985503,8,42
ModelSwinT_std0.02_90k_RMSELoss_20260729_004034,ModelSwinT_std0.02_90k_RMSELoss,RMSELoss,2026-07-29 00:40:34,194/200,2026-07-29 19:59:24,0.030850,0.066600,False,0.00000020,352.62,59985503,8,42
ModelSwinT_std0.02_90k_RMSELoss_20260729_004034,ModelSwinT_std0.02_90k_RMSELoss,RMSELoss,2026-07-29 00:40:34,195/200,2026-07-29 20:05:21,0.030909,0.066576,False,0.00000020,357.08,59985503,8,42
ModelSwinT_std0.02_90k_RMSELoss_20260729_004034,ModelSwinT_std0.02_90k_RMSELoss,RMSELoss,2026-07-29 00:40:34,196/200,2026-07-29 20:11:15,0.030828,0.066610,False,0.00000020,353.70,59985503,8,42
ModelSwinT_std0.02_90k_RMSELoss_20260729_004034,ModelSwinT_std0.02_90k_RMSELoss,RMSELoss,2026-07-29 00:40:34,197/200,2026-07-29 20:17:13,0.030991,0.066632,False,0.00000020,358.76,59985503,8,42
ModelSwinT_std0.02_90k_RMSELoss_20260729_004034,ModelSwinT_std0.02_90k_RMSELoss,RMSELoss,2026-07-29 00:40:34,198/200,2026-07-29 20:23:13,0.030872,0.066628,False,0.00000020,359.21,59985503,8,42
ModelSwinT_std0.02_90k_RMSELoss_20260729_004034,ModelSwinT_std0.02_90k_RMSELoss,RMSELoss,2026-07-29 00:40:34,199/200,2026-07-29 20:29:08,0.030812,0.066577,False,0.00000020,355.40,59985503,8,42
ModelSwinT_std0.05_90k_RMSELoss_20260801_000228,ModelSwinT_std0.05_90k_RMSELoss,RMSELoss,2026-08-01 00:02:28,1/200,2026-08-01 00:08:23,0.120913,0.105404,True,0.00010000,353.83,59985503,8,42
ModelSwinT_std0.05_90k_RMSELoss_20260801_000228,ModelSwinT_std0.05_90k_RMSELoss,RMSELoss,2026-08-01 00:02:28,2/200,2026-08-01 00:14:26,0.104538,0.101112,True,0.00010000,353.21,59985503,8,42
ModelSwinT_std0.05_90k_RMSELoss_20260801_000228,ModelSwinT_std0.05_90k_RMSELoss,RMSELoss,2026-08-01 00:02:28,3/200,2026-08-01 00:20:39,0.098442,0.095676,True,0.00010000,363.31,59985503,8,42
ModelSwinT_std0.05_90k_RMSELoss_20260801_000228,ModelSwinT_std0.05_90k_RMSELoss,RMSELoss,2026-08-01 00:02:28,4/200,2026-08-01 00:26:53,0.094839,0.092033,True,0.00010000,363.85,59985503,8,42
ModelSwinT_std0.05_90k_RMSELoss_20260801_000228,ModelSwinT_std0.05_90k_RMSELoss,RMSELoss,2026-08-01 00:02:28,5/200,2026-08-01 00:32:58,0.092278,0.090971,True,0.00010000,354.58,59985503,8,42
ModelSwinT_std0.05_90k_RMSELoss_20260801_000228,ModelSwinT_std0.05_90k_RMSELoss,RMSELoss,2026-08-01 00:02:28,6/200,2026-08-01 00:39:02,0.090134,0.091110,False,0.00010000,355.04,59985503,8,42
ModelSwinT_std0.05_90k_RMSELoss_20260801_000228,ModelSwinT_std0.05_90k_RMSELoss,RMSELoss,2026-08-01 00:02:28,7/200,2026-08-01 00:44:58,0.088250,0.086913,True,0.00010000,355.35,59985503,8,42
ModelSwinT_std0.05_90k_RMSELoss_20260801_000228,ModelSwinT_std0.05_90k_RMSELoss,RMSELoss,2026-08-01 00:02:28,8/200,2026-08-01 00:51:01,0.086830,0.085517,True,0.00010000,352.94,59985503,8,42
ModelSwinT_std0.05_90k_RMSELoss_20260801_000228,ModelSwinT_std0.05_90k_RMSELoss,RMSELoss,2026-08-01 00:02:28,9/200,2026-08-01 00:57:04,0.085241,0.085656,False,0.00010000,353.22,59985503,8,42
ModelSwinT_std0.05_90k_RMSELoss_20260801_000228,ModelSwinT_std0.05_90k_RMSELoss,RMSELoss,2026-08-01 00:02:28,10/200,2026-08-01 01:03:01,0.083852,0.083917,True,0.00010000,357.35,59985503,8,42
ModelSwinT_std0.05_90k_RMSELoss_20260801_000228,ModelSwinT_std0.05_90k_RMSELoss,RMSELoss,2026-08-01 00:02:28,11/200,2026-08-01 01:09:10,0.082391,0.083349,True,0.00010000,359.37,59985503,8,42
ModelSwinT_std0.05_90k_RMSELoss_20260801_000228,ModelSwinT_std0.05_90k_RMSELoss,RMSELoss,2026-08-01 00:02:28,12/200,2026-08-01 01:15:13,0.081251,0.083538,False,0.00010000,353.12,59985503,8,42
ModelSwinT_std0.05_90k_RMSELoss_20260801_000228,ModelSwinT_std0.05_90k_RMSELoss,RMSELoss,2026-08-01 00:02:28,13/200,2026-08-01 01:21:13,0.079985,0.082556,True,0.00010000,359.33,59985503,8,42
ModelSwinT_std0.05_90k_RMSELoss_20260801_000228,ModelSwinT_std0.05_90k_RMSELoss,RMSELoss,2026-08-01 00:02:28,14/200,2026-08-01 01:27:16,0.078847,0.081430,True,0.00010000,353.06,59985503,8,42
ModelSwinT_std0.05_90k_RMSELoss_20260801_000228,ModelSwinT_std0.05_90k_RMSELoss,RMSELoss,2026-08-01 00:02:28,15/200,2026-08-01 01:33:21,0.077955,0.080592,True,0.00010000,354.96,59985503,8,42
ModelSwinT_std0.05_90k_RMSELoss_20260801_000228,ModelSwinT_std0.05_90k_RMSELoss,RMSELoss,2026-08-01 00:02:28,16/200,2026-08-01 01:39:25,0.076966,0.080685,False,0.00010000,354.67,59985503,8,42
ModelSwinT_std0.05_90k_RMSELoss_20260801_000228,ModelSwinT_std0.05_90k_RMSELoss,RMSELoss,2026-08-01 00:02:28,17/200,2026-08-01 01:45:21,0.076080,0.079953,True,0.00010000,355.43,59985503,8,42
ModelSwinT_std0.05_90k_RMSELoss_20260801_000228,ModelSwinT_std0.05_90k_RMSELoss,RMSELoss,2026-08-01 00:02:28,18/200,2026-08-01 01:51:24,0.075164,0.078686,True,0.00010000,353.51,59985503,8,42
ModelSwinT_std0.05_90k_RMSELoss_20260801_000228,ModelSwinT_std0.05_90k_RMSELoss,RMSELoss,2026-08-01 00:02:28,19/200,2026-08-01 01:57:28,0.074562,0.080357,False,0.00010000,353.75,59985503,8,42
ModelSwinT_std0.05_90k_RMSELoss_20260801_000228,ModelSwinT_std0.05_90k_RMSELoss,RMSELoss,2026-08-01 00:02:28,20/200,2026-08-01 02:03:26,0.073600,0.078165,True,0.00005000,358.79,59985503,8,42
ModelSwinT_std0.05_90k_RMSELoss_20260801_000228,ModelSwinT_std0.05_90k_RMSELoss,RMSELoss,2026-08-01 00:02:28,21/200,2026-08-01 02:09:28,0.068844,0.075011,True,0.00005000,351.75,59985503,8,42
ModelSwinT_std0.05_90k_RMSELoss_20260801_000228,ModelSwinT_std0.05_90k_RMSELoss,RMSELoss,2026-08-01 00:02:28,22/200,2026-08-01 02:15:33,0.067242,0.074581,True,0.00005000,355.32,59985503,8,42
ModelSwinT_std0.05_90k_RMSELoss_20260801_000228,ModelSwinT_std0.05_90k_RMSELoss,RMSELoss,2026-08-01 00:02:28,23/200,2026-08-01 02:21:37,0.066242,0.074299,True,0.00005000,354.31,59985503,8,42
ModelSwinT_std0.05_90k_RMSELoss_20260801_000228,ModelSwinT_std0.05_90k_RMSELoss,RMSELoss,2026-08-01 00:02:28,24/200,2026-08-01 02:27:45,0.065483,0.074329,False,0.00005000,357.55,59985503,8,42
ModelSwinT_std0.05_90k_RMSELoss_20260801_000228,ModelSwinT_std0.05_90k_RMSELoss,RMSELoss,2026-08-01 00:02:28,25/200,2026-08-01 02:33:44,0.064816,0.074460,False,0.00005000,359.22,59985503,8,42
ModelSwinT_std0.05_90k_RMSELoss_20260801_000228,ModelSwinT_std0.05_90k_RMSELoss,RMSELoss,2026-08-01 00:02:28,26/200,2026-08-01 02:39:42,0.064226,0.074439,False,0.00005000,358.17,59985503,8,42
ModelSwinT_std0.05_90k_RMSELoss_20260801_000228,ModelSwinT_std0.05_90k_RMSELoss,RMSELoss,2026-08-01 00:02:28,27/200,2026-08-01 02:45:38,0.063580,0.072888,True,0.00005000,355.91,59985503,8,42
ModelSwinT_std0.05_90k_RMSELoss_20260801_000228,ModelSwinT_std0.05_90k_RMSELoss,RMSELoss,2026-08-01 00:02:28,28/200,2026-08-01 02:51:42,0.063027,0.074034,False,0.00005000,354.31,59985503,8,42
ModelSwinT_std0.05_90k_RMSELoss_20260801_000228,ModelSwinT_std0.05_90k_RMSELoss,RMSELoss,2026-08-01 00:02:28,29/200,2026-08-01 02:57:40,0.062342,0.074203,False,0.00005000,357.73,59985503,8,42
ModelSwinT_std0.05_90k_RMSELoss_20260801_000228,ModelSwinT_std0.05_90k_RMSELoss,RMSELoss,2026-08-01 00:02:28,30/200,2026-08-01 03:03:38,0.061992,0.072787,True,0.00005000,358.18,59985503,8,42
ModelSwinT_std0.05_90k_RMSELoss_20260801_000228,ModelSwinT_std0.05_90k_RMSELoss,RMSELoss,2026-08-01 00:02:28,31/200,2026-08-01 03:09:48,0.061453,0.073162,False,0.00005000,359.42,59985503,8,42
ModelSwinT_std0.05_90k_RMSELoss_20260801_000228,ModelSwinT_std0.05_90k_RMSELoss,RMSELoss,2026-08-01 00:02:28,32/200,2026-08-01 03:15:45,0.061060,0.073179,False,0.00005000,357.45,59985503,8,42
ModelSwinT_std0.05_90k_RMSELoss_20260801_000228,ModelSwinT_std0.05_90k_RMSELoss,RMSELoss,2026-08-01 00:02:28,33/200,2026-08-01 03:21:40,0.060687,0.073450,False,0.00005000,354.78,59985503,8,42
ModelSwinT_std0.05_90k_RMSELoss_20260801_000228,ModelSwinT_std0.05_90k_RMSELoss,RMSELoss,2026-08-01 00:02:28,34/200,2026-08-01 03:27:33,0.060078,0.073307,False,0.00005000,353.14,59985503,8,42
ModelSwinT_std0.05_90k_RMSELoss_20260801_000228,ModelSwinT_std0.05_90k_RMSELoss,RMSELoss,2026-08-01 00:02:28,35/200,2026-08-01 03:33:26,0.059739,0.073140,False,0.00005000,352.55,59985503,8,42
ModelSwinT_std0.05_90k_RMSELoss_20260801_000228,ModelSwinT_std0.05_90k_RMSELoss,RMSELoss,2026-08-01 00:02:28,36/200,2026-08-01 03:39:24,0.059338,0.072847,False,0.00005000,357.98,59985503,8,42
ModelSwinT_std0.05_90k_RMSELoss_20260801_000228,ModelSwinT_std0.05_90k_RMSELoss,RMSELoss,2026-08-01 00:02:28,37/200,2026-08-01 03:45:27,0.059019,0.072754,True,0.00005000,363.19,59985503,8,42
ModelSwinT_std0.05_90k_RMSELoss_20260801_000228,ModelSwinT_std0.05_90k_RMSELoss,RMSELoss,2026-08-01 00:02:28,38/200,2026-08-01 03:51:31,0.058647,0.072197,True,0.00005000,354.02,59985503,8,42
ModelSwinT_std0.05_90k_RMSELoss_20260801_000228,ModelSwinT_std0.05_90k_RMSELoss,RMSELoss,2026-08-01 00:02:28,39/200,2026-08-01 03:57:40,0.058218,0.072753,False,0.00005000,359.22,59985503,8,42
ModelSwinT_std0.05_90k_RMSELoss_20260801_000228,ModelSwinT_std0.05_90k_RMSELoss,RMSELoss,2026-08-01 00:02:28,40/200,2026-08-01 04:03:37,0.057787,0.071685,True,0.00002500,357.41,59985503,8,42
ModelSwinT_std0.05_90k_RMSELoss_20260801_000228,ModelSwinT_std0.05_90k_RMSELoss,RMSELoss,2026-08-01 00:02:28,41/200,2026-08-01 04:09:42,0.055014,0.070488,True,0.00002500,354.76,59985503,8,42
ModelSwinT_std0.05_90k_RMSELoss_20260801_000228,ModelSwinT_std0.05_90k_RMSELoss,RMSELoss,2026-08-01 00:02:28,42/200,2026-08-01 04:15:46,0.054108,0.070719,False,0.00002500,354.63,59985503,8,42
ModelSwinT_std0.05_90k_RMSELoss_20260801_000228,ModelSwinT_std0.05_90k_RMSELoss,RMSELoss,2026-08-01 00:02:28,43/200,2026-08-01 04:21:40,0.053571,0.070727,False,0.00002500,353.44,59985503,8,42
ModelSwinT_std0.05_90k_RMSELoss_20260801_000228,ModelSwinT_std0.05_90k_RMSELoss,RMSELoss,2026-08-01 00:02:28,44/200,2026-08-01 04:27:36,0.053048,0.070857,False,0.00002500,356.22,59985503,8,42
ModelSwinT_std0.05_90k_RMSELoss_20260801_000228,ModelSwinT_std0.05_90k_RMSELoss,RMSELoss,2026-08-01 00:02:28,45/200,2026-08-01 04:33:30,0.052766,0.070994,False,0.00002500,354.40,59985503,8,42
ModelSwinT_std0.05_90k_RMSELoss_20260801_000228,ModelSwinT_std0.05_90k_RMSELoss,RMSELoss,2026-08-01 00:02:28,46/200,2026-08-01 04:39:27,0.052334,0.069906,True,0.00002500,356.64,59985503,8,42
ModelSwinT_std0.05_90k_RMSELoss_20260801_000228,ModelSwinT_std0.05_90k_RMSELoss,RMSELoss,2026-08-01 00:02:28,47/200,2026-08-01 04:45:32,0.052117,0.070257,False,0.00002500,354.68,59985503,8,42
ModelSwinT_std0.05_90k_RMSELoss_20260801_000228,ModelSwinT_std0.05_90k_RMSELoss,RMSELoss,2026-08-01 00:02:28,48/200,2026-08-01 04:51:30,0.051798,0.070982,False,0.00002500,358.56,59985503,8,42
ModelSwinT_std0.05_90k_RMSELoss_20260801_000228,ModelSwinT_std0.05_90k_RMSELoss,RMSELoss,2026-08-01 00:02:28,49/200,2026-08-01 04:57:32,0.051393,0.070936,False,0.00002500,361.67,59985503,8,42
ModelSwinT_std0.05_90k_RMSELoss_20260801_000228,ModelSwinT_std0.05_90k_RMSELoss,RMSELoss,2026-08-01 00:02:28,50/200,2026-08-01 05:03:24,0.051036,0.070211,False,0.00002500,352.21,59985503,8,42
ModelSwinT_std0.05_90k_RMSELoss_20260801_000228,ModelSwinT_std0.05_90k_RMSELoss,RMSELoss,2026-08-01 00:02:28,51/200,2026-08-01 05:09:22,0.050879,0.071044,False,0.00002500,357.39,59985503,8,42
ModelSwinT_std0.05_90k_RMSELoss_20260801_000228,ModelSwinT_std0.05_90k_RMSELoss,RMSELoss,2026-08-01 00:02:28,52/200,2026-08-01 05:15:14,0.050567,0.070286,False,0.00002500,352.76,59985503,8,42
ModelSwinT_std0.05_90k_RMSELoss_20260801_000228,ModelSwinT_std0.05_90k_RMSELoss,RMSELoss,2026-08-01 00:02:28,53/200,2026-08-01 05:21:09,0.050269,0.070732,False,0.00002500,354.83,59985503,8,42
ModelSwinT_std0.05_90k_RMSELoss_20260801_000228,ModelSwinT_std0.05_90k_RMSELoss,RMSELoss,2026-08-01 00:02:28,54/200,2026-08-01 05:27:09,0.050231,0.070190,False,0.00002500,359.89,59985503,8,42
ModelSwinT_std0.05_90k_RMSELoss_20260801_000228,ModelSwinT_std0.05_90k_RMSELoss,RMSELoss,2026-08-01 00:02:28,55/200,2026-08-01 05:33:08,0.049926,0.070057,False,0.00002500,358.53,59985503,8,42
ModelSwinT_std0.05_90k_RMSELoss_20260801_000228,ModelSwinT_std0.05_90k_RMSELoss,RMSELoss,2026-08-01 00:02:28,56/200,2026-08-01 05:39:01,0.049568,0.070158,False,0.00002500,353.61,59985503,8,42
ModelSwinT_std0.05_90k_RMSELoss_20260801_000228,ModelSwinT_std0.05_90k_RMSELoss,RMSELoss,2026-08-01 00:02:28,57/200,2026-08-01 05:44:55,0.049279,0.069688,True,0.00002500,353.70,59985503,8,42
ModelSwinT_std0.05_90k_RMSELoss_20260801_000228,ModelSwinT_std0.05_90k_RMSELoss,RMSELoss,2026-08-01 00:02:28,58/200,2026-08-01 05:50:58,0.049018,0.069766,False,0.00002500,353.17,59985503,8,42
ModelSwinT_std0.05_90k_RMSELoss_20260801_000228,ModelSwinT_std0.05_90k_RMSELoss,RMSELoss,2026-08-01 00:02:28,59/200,2026-08-01 05:56:54,0.048854,0.070312,False,0.00002500,355.87,59985503,8,42
ModelSwinT_std0.05_90k_RMSELoss_20260801_000228,ModelSwinT_std0.05_90k_RMSELoss,RMSELoss,2026-08-01 00:02:28,60/200,2026-08-01 06:02:47,0.048526,0.070418,False,0.00001250,353.23,59985503,8,42
ModelSwinT_std0.05_90k_RMSELoss_20260801_000228,ModelSwinT_std0.05_90k_RMSELoss,RMSELoss,2026-08-01 00:02:28,61/200,2026-08-01 06:08:42,0.046923,0.069382,True,0.00001250,354.48,59985503,8,42
ModelSwinT_std0.05_90k_RMSELoss_20260801_000228,ModelSwinT_std0.05_90k_RMSELoss,RMSELoss,2026-08-01 00:02:28,62/200,2026-08-01 06:14:44,0.046430,0.069665,False,0.00001250,352.87,59985503,8,42
ModelSwinT_std0.05_90k_RMSELoss_20260801_000228,ModelSwinT_std0.05_90k_RMSELoss,RMSELoss,2026-08-01 00:02:28,63/200,2026-08-01 06:20:40,0.046039,0.069448,False,0.00001250,356.19,59985503,8,42
ModelSwinT_std0.05_90k_RMSELoss_20260801_000228,ModelSwinT_std0.05_90k_RMSELoss,RMSELoss,2026-08-01 00:02:28,64/200,2026-08-01 06:26:33,0.045994,0.069335,True,0.00001250,352.21,59985503,8,42
ModelSwinT_std0.05_90k_RMSELoss_20260801_000228,ModelSwinT_std0.05_90k_RMSELoss,RMSELoss,2026-08-01 00:02:28,65/200,2026-08-01 06:32:35,0.045827,0.069142,True,0.00001250,352.39,59985503,8,42
ModelSwinT_std0.05_90k_RMSELoss_20260801_000228,ModelSwinT_std0.05_90k_RMSELoss,RMSELoss,2026-08-01 00:02:28,66/200,2026-08-01 06:38:39,0.045629,0.069114,True,0.00001250,353.60,59985503,8,42
ModelSwinT_std0.05_90k_RMSELoss_20260801_000228,ModelSwinT_std0.05_90k_RMSELoss,RMSELoss,2026-08-01 00:02:28,67/200,2026-08-01 06:44:41,0.045411,0.069322,False,0.00001250,352.63,59985503,8,42
ModelSwinT_std0.05_90k_RMSELoss_20260801_000228,ModelSwinT_std0.05_90k_RMSELoss,RMSELoss,2026-08-01 00:02:28,68/200,2026-08-01 06:50:36,0.045119,0.069432,False,0.00001250,355.08,59985503,8,42
ModelSwinT_std0.05_90k_RMSELoss_20260801_000228,ModelSwinT_std0.05_90k_RMSELoss,RMSELoss,2026-08-01 00:02:28,69/200,2026-08-01 06:56:33,0.044993,0.070090,False,0.00001250,356.32,59985503,8,42
ModelSwinT_std0.05_90k_RMSELoss_20260801_000228,ModelSwinT_std0.05_90k_RMSELoss,RMSELoss,2026-08-01 00:02:28,70/200,2026-08-01 07:02:26,0.044999,0.069386,False,0.00001250,353.02,59985503,8,42
ModelSwinT_std0.05_90k_RMSELoss_20260801_000228,ModelSwinT_std0.05_90k_RMSELoss,RMSELoss,2026-08-01 00:02:28,71/200,2026-08-01 07:08:22,0.044610,0.068876,True,0.00001250,356.21,59985503,8,42
ModelSwinT_std0.05_90k_RMSELoss_20260801_000228,ModelSwinT_std0.05_90k_RMSELoss,RMSELoss,2026-08-01 00:02:28,72/200,2026-08-01 07:14:25,0.044688,0.069138,False,0.00001250,353.78,59985503,8,42
ModelSwinT_std0.05_90k_RMSELoss_20260801_000228,ModelSwinT_std0.05_90k_RMSELoss,RMSELoss,2026-08-01 00:02:28,73/200,2026-08-01 07:20:23,0.044422,0.069183,False,0.00001250,357.84,59985503,8,42
ModelSwinT_std0.05_90k_RMSELoss_20260801_000228,ModelSwinT_std0.05_90k_RMSELoss,RMSELoss,2026-08-01 00:02:28,74/200,2026-08-01 07:26:17,0.044323,0.069627,False,0.00001250,353.39,59985503,8,42
ModelSwinT_std0.05_90k_RMSELoss_20260801_000228,ModelSwinT_std0.05_90k_RMSELoss,RMSELoss,2026-08-01 00:02:28,75/200,2026-08-01 07:32:15,0.044076,0.069684,False,0.00001250,358.60,59985503,8,42
ModelSwinT_std0.05_90k_RMSELoss_20260801_000228,ModelSwinT_std0.05_90k_RMSELoss,RMSELoss,2026-08-01 00:02:28,76/200,2026-08-01 07:38:13,0.043924,0.069184,False,0.00001250,357.41,59985503,8,42
ModelSwinT_std0.05_90k_RMSELoss_20260801_000228,ModelSwinT_std0.05_90k_RMSELoss,RMSELoss,2026-08-01 00:02:28,77/200,2026-08-01 07:44:05,0.043883,0.069216,False,0.00001250,352.68,59985503,8,42
ModelSwinT_std0.05_90k_RMSELoss_20260801_000228,ModelSwinT_std0.05_90k_RMSELoss,RMSELoss,2026-08-01 00:02:28,78/200,2026-08-01 07:50:04,0.043706,0.068934,False,0.00001250,358.67,59985503,8,42
ModelSwinT_std0.05_90k_RMSELoss_20260801_000228,ModelSwinT_std0.05_90k_RMSELoss,RMSELoss,2026-08-01 00:02:28,79/200,2026-08-01 07:56:01,0.043554,0.069214,False,0.00001250,357.07,59985503,8,42
ModelSwinT_std0.05_90k_RMSELoss_20260801_000228,ModelSwinT_std0.05_90k_RMSELoss,RMSELoss,2026-08-01 00:02:28,80/200,2026-08-01 08:01:55,0.043402,0.068876,False,0.00000625,354.12,59985503,8,42
ModelSwinT_std0.05_90k_RMSELoss_20260801_000228,ModelSwinT_std0.05_90k_RMSELoss,RMSELoss,2026-08-01 00:02:28,81/200,2026-08-01 08:07:48,0.042598,0.068650,True,0.00000625,352.76,59985503,8,42
ModelSwinT_std0.05_90k_RMSELoss_20260801_000228,ModelSwinT_std0.05_90k_RMSELoss,RMSELoss,2026-08-01 00:02:28,82/200,2026-08-01 08:13:50,0.042331,0.069092,False,0.00000625,352.09,59985503,8,42
ModelSwinT_std0.05_90k_RMSELoss_20260801_000228,ModelSwinT_std0.05_90k_RMSELoss,RMSELoss,2026-08-01 00:02:28,83/200,2026-08-01 08:19:48,0.042041,0.069065,False,0.00000625,357.34,59985503,8,42
ModelSwinT_std0.05_90k_RMSELoss_20260801_000228,ModelSwinT_std0.05_90k_RMSELoss,RMSELoss,2026-08-01 00:02:28,84/200,2026-08-01 08:25:40,0.042124,0.069026,False,0.00000625,352.63,59985503,8,42
ModelSwinT_std0.05_90k_RMSELoss_20260801_000228,ModelSwinT_std0.05_90k_RMSELoss,RMSELoss,2026-08-01 00:02:28,85/200,2026-08-01 08:31:34,0.042033,0.068925,False,0.00000625,353.84,59985503,8,42
ModelSwinT_std0.05_90k_RMSELoss_20260801_000228,ModelSwinT_std0.05_90k_RMSELoss,RMSELoss,2026-08-01 00:02:28,86/200,2026-08-01 08:37:29,0.041842,0.068779,False,0.00000625,354.85,59985503,8,42
ModelSwinT_std0.05_90k_RMSELoss_20260801_000228,ModelSwinT_std0.05_90k_RMSELoss,RMSELoss,2026-08-01 00:02:28,87/200,2026-08-01 08:43:25,0.041816,0.068674,False,0.00000625,356.35,59985503,8,42
ModelSwinT_std0.05_90k_RMSELoss_20260801_000228,ModelSwinT_std0.05_90k_RMSELoss,RMSELoss,2026-08-01 00:02:28,88/200,2026-08-01 08:49:20,0.041674,0.068569,True,0.00000625,354.55,59985503,8,42
ModelSwinT_std0.05_90k_RMSELoss_20260801_000228,ModelSwinT_std0.05_90k_RMSELoss,RMSELoss,2026-08-01 00:02:28,89/200,2026-08-01 08:55:23,0.041681,0.068669,False,0.00000625,353.57,59985503,8,42
ModelSwinT_std0.05_90k_RMSELoss_20260801_000228,ModelSwinT_std0.05_90k_RMSELoss,RMSELoss,2026-08-01 00:02:28,90/200,2026-08-01 09:01:18,0.041441,0.068761,False,0.00000625,354.84,59985503,8,42
ModelSwinT_std0.05_90k_RMSELoss_20260801_000228,ModelSwinT_std0.05_90k_RMSELoss,RMSELoss,2026-08-01 00:02:28,91/200,2026-08-01 09:07:17,0.041546,0.068824,False,0.00000625,358.33,59985503,8,42
ModelSwinT_std0.05_90k_RMSELoss_20260801_000228,ModelSwinT_std0.05_90k_RMSELoss,RMSELoss,2026-08-01 00:02:28,92/200,2026-08-01 09:13:12,0.041320,0.068804,False,0.00000625,355.45,59985503,8,42
ModelSwinT_std0.05_90k_RMSELoss_20260801_000228,ModelSwinT_std0.05_90k_RMSELoss,RMSELoss,2026-08-01 00:02:28,93/200,2026-08-01 09:19:05,0.041122,0.068875,False,0.00000625,353.10,59985503,8,42
ModelSwinT_std0.05_90k_RMSELoss_20260801_000228,ModelSwinT_std0.05_90k_RMSELoss,RMSELoss,2026-08-01 00:02:28,94/200,2026-08-01 09:24:58,0.041163,0.068992,False,0.00000625,352.92,59985503,8,42
ModelSwinT_std0.05_90k_RMSELoss_20260801_000228,ModelSwinT_std0.05_90k_RMSELoss,RMSELoss,2026-08-01 00:02:28,95/200,2026-08-01 09:30:51,0.041118,0.068457,True,0.00000625,352.80,59985503,8,42
ModelSwinT_std0.05_90k_RMSELoss_20260801_000228,ModelSwinT_std0.05_90k_RMSELoss,RMSELoss,2026-08-01 00:02:28,96/200,2026-08-01 09:36:56,0.040966,0.068762,False,0.00000625,355.50,59985503,8,42
ModelSwinT_std0.05_90k_RMSELoss_20260801_000228,ModelSwinT_std0.05_90k_RMSELoss,RMSELoss,2026-08-01 00:02:28,97/200,2026-08-01 09:42:54,0.040961,0.068421,True,0.00000625,357.49,59985503,8,42
ModelSwinT_std0.05_90k_RMSELoss_20260801_000228,ModelSwinT_std0.05_90k_RMSELoss,RMSELoss,2026-08-01 00:02:28,98/200,2026-08-01 09:48:59,0.040852,0.068954,False,0.00000625,354.89,59985503,8,42
ModelSwinT_std0.05_90k_RMSELoss_20260801_000228,ModelSwinT_std0.05_90k_RMSELoss,RMSELoss,2026-08-01 00:02:28,99/200,2026-08-01 09:54:54,0.040862,0.068863,False,0.00000625,354.93,59985503,8,42
ModelSwinT_std0.05_90k_RMSELoss_20260801_000228,ModelSwinT_std0.05_90k_RMSELoss,RMSELoss,2026-08-01 00:02:28,100/200,2026-08-01 10:00:47,0.040637,0.068652,False,0.00000313,353.50,59985503,8,42
ModelSwinT_std0.05_90k_RMSELoss_20260801_000228,ModelSwinT_std0.05_90k_RMSELoss,RMSELoss,2026-08-01 00:02:28,101/200,2026-08-01 10:06:46,0.040310,0.068738,False,0.00000313,359.11,59985503,8,42
ModelSwinT_std0.05_90k_RMSELoss_20260801_000228,ModelSwinT_std0.05_90k_RMSELoss,RMSELoss,2026-08-01 00:02:28,102/200,2026-08-01 10:12:42,0.040144,0.068760,False,0.00000313,355.94,59985503,8,42
ModelSwinT_std0.05_90k_RMSELoss_20260801_000228,ModelSwinT_std0.05_90k_RMSELoss,RMSELoss,2026-08-01 00:02:28,103/200,2026-08-01 10:18:39,0.040136,0.068758,False,0.00000313,357.28,59985503,8,42
ModelSwinT_std0.05_90k_RMSELoss_20260801_000228,ModelSwinT_std0.05_90k_RMSELoss,RMSELoss,2026-08-01 00:02:28,104/200,2026-08-01 10:24:32,0.040117,0.068655,False,0.00000313,352.78,59985503,8,42
ModelSwinT_std0.05_90k_RMSELoss_20260801_000228,ModelSwinT_std0.05_90k_RMSELoss,RMSELoss,2026-08-01 00:02:28,105/200,2026-08-01 10:30:29,0.040066,0.068731,False,0.00000313,356.65,59985503,8,42
ModelSwinT_std0.05_90k_RMSELoss_20260801_000228,ModelSwinT_std0.05_90k_RMSELoss,RMSELoss,2026-08-01 00:02:28,106/200,2026-08-01 10:36:28,0.039948,0.068691,False,0.00000313,358.56,59985503,8,42
ModelSwinT_std0.05_90k_RMSELoss_20260801_000228,ModelSwinT_std0.05_90k_RMSELoss,RMSELoss,2026-08-01 00:02:28,107/200,2026-08-01 10:42:25,0.039809,0.068704,False,0.00000313,357.49,59985503,8,42
ModelSwinT_std0.05_90k_RMSELoss_20260801_000228,ModelSwinT_std0.05_90k_RMSELoss,RMSELoss,2026-08-01 00:02:28,108/200,2026-08-01 10:48:17,0.039853,0.068729,False,0.00000313,352.00,59985503,8,42
ModelSwinT_std0.05_90k_RMSELoss_20260801_000228,ModelSwinT_std0.05_90k_RMSELoss,RMSELoss,2026-08-01 00:02:28,109/200,2026-08-01 10:54:10,0.039896,0.068659,False,0.00000313,352.98,59985503,8,42
ModelSwinT_std0.05_90k_RMSELoss_20260801_000228,ModelSwinT_std0.05_90k_RMSELoss,RMSELoss,2026-08-01 00:02:28,110/200,2026-08-01 11:00:02,0.039666,0.068720,False,0.00000313,351.83,59985503,8,42
ModelSwinT_std0.05_90k_RMSELoss_20260801_000228,ModelSwinT_std0.05_90k_RMSELoss,RMSELoss,2026-08-01 00:02:28,111/200,2026-08-01 11:05:55,0.039570,0.068597,False,0.00000313,353.44,59985503,8,42
ModelSwinT_std0.05_90k_RMSELoss_20260801_000228,ModelSwinT_std0.05_90k_RMSELoss,RMSELoss,2026-08-01 00:02:28,112/200,2026-08-01 11:11:47,0.039620,0.068666,False,0.00000313,352.14,59985503,8,42
ModelSwinT_std0.05_90k_RMSELoss_20260801_000228,ModelSwinT_std0.05_90k_RMSELoss,RMSELoss,2026-08-01 00:02:28,113/200,2026-08-01 11:17:48,0.039615,0.068698,False,0.00000313,360.85,59985503,8,42
ModelSwinT_std0.05_90k_RMSELoss_20260801_000228,ModelSwinT_std0.05_90k_RMSELoss,RMSELoss,2026-08-01 00:02:28,114/200,2026-08-01 11:23:40,0.039669,0.068682,False,0.00000313,351.55,59985503,8,42
ModelSwinT_std0.05_90k_RMSELoss_20260801_000228,ModelSwinT_std0.05_90k_RMSELoss,RMSELoss,2026-08-01 00:02:28,115/200,2026-08-01 11:29:38,0.039577,0.068695,False,0.00000313,357.69,59985503,8,42
ModelSwinT_std0.05_90k_RMSELoss_20260801_000228,ModelSwinT_std0.05_90k_RMSELoss,RMSELoss,2026-08-01 00:02:28,116/200,2026-08-01 11:35:33,0.039543,0.068796,False,0.00000313,354.97,59985503,8,42
ModelSwinT_std0.05_90k_RMSELoss_20260801_000228,ModelSwinT_std0.05_90k_RMSELoss,RMSELoss,2026-08-01 00:02:28,117/200,2026-08-01 11:41:26,0.039397,0.068795,False,0.00000313,353.51,59985503,8,42
ModelSwinT_std0.05_90k_RMSELoss_20260801_000228,ModelSwinT_std0.05_90k_RMSELoss,RMSELoss,2026-08-01 00:02:28,118/200,2026-08-01 11:47:24,0.039432,0.068953,False,0.00000313,357.58,59985503,8,42
ModelSwinT_std0.05_90k_RMSELoss_20260801_000228,ModelSwinT_std0.05_90k_RMSELoss,RMSELoss,2026-08-01 00:02:28,119/200,2026-08-01 11:53:25,0.039386,0.068646,False,0.00000313,361.35,59985503,8,42
ModelSwinT_std0.05_90k_RMSELoss_20260801_000228,ModelSwinT_std0.05_90k_RMSELoss,RMSELoss,2026-08-01 00:02:28,120/200,2026-08-01 11:59:16,0.039312,0.068740,False,0.00000156,351.44,59985503,8,42
ModelSwinT_std0.05_90k_RMSELoss_20260801_000228,ModelSwinT_std0.05_90k_RMSELoss,RMSELoss,2026-08-01 00:02:28,121/200,2026-08-01 12:05:15,0.039133,0.068759,False,0.00000156,358.13,59985503,8,42
ModelSwinT_std0.05_90k_RMSELoss_20260801_000228,ModelSwinT_std0.05_90k_RMSELoss,RMSELoss,2026-08-01 00:02:28,122/200,2026-08-01 12:11:11,0.038936,0.068910,False,0.00000156,356.44,59985503,8,42
ModelSwinT_std0.05_90k_RMSELoss_20260801_000228,ModelSwinT_std0.05_90k_RMSELoss,RMSELoss,2026-08-01 00:02:28,123/200,2026-08-01 12:17:07,0.038969,0.068820,False,0.00000156,356.07,59985503,8,42
ModelSwinT_std0.05_90k_RMSELoss_20260801_000228,ModelSwinT_std0.05_90k_RMSELoss,RMSELoss,2026-08-01 00:02:28,124/200,2026-08-01 12:23:00,0.038974,0.068617,False,0.00000156,353.37,59985503,8,42
ModelSwinT_std0.05_90k_RMSELoss_20260801_000228,ModelSwinT_std0.05_90k_RMSELoss,RMSELoss,2026-08-01 00:02:28,125/200,2026-08-01 12:28:57,0.038919,0.068451,False,0.00000156,356.47,59985503,8,42
ModelSwinT_std0.05_90k_RMSELoss_20260801_000228,ModelSwinT_std0.05_90k_RMSELoss,RMSELoss,2026-08-01 00:02:28,126/200,2026-08-01 12:34:51,0.038830,0.068646,False,0.00000156,354.48,59985503,8,42
ModelSwinT_std0.05_90k_RMSELoss_20260801_000228,ModelSwinT_std0.05_90k_RMSELoss,RMSELoss,2026-08-01 00:02:28,127/200,2026-08-01 12:40:49,0.038820,0.068638,False,0.00000156,357.45,59985503,8,42
ModelSwinT_std0.05_90k_RMSELoss_20260801_000228,ModelSwinT_std0.05_90k_RMSELoss,RMSELoss,2026-08-01 00:02:28,128/200,2026-08-01 12:46:44,0.038834,0.068638,False,0.00000156,355.11,59985503,8,42
ModelSwinT_std0.05_90k_RMSELoss_20260801_000228,ModelSwinT_std0.05_90k_RMSELoss,RMSELoss,2026-08-01 00:02:28,129/200,2026-08-01 12:52:43,0.038786,0.068658,False,0.00000156,358.76,59985503,8,42
ModelSwinT_std0.05_90k_RMSELoss_20260801_000228,ModelSwinT_std0.05_90k_RMSELoss,RMSELoss,2026-08-01 00:02:28,130/200,2026-08-01 12:58:40,0.038655,0.068685,False,0.00000156,357.60,59985503,8,42
ModelSwinT_std0.05_90k_RMSELoss_20260801_000228,ModelSwinT_std0.05_90k_RMSELoss,RMSELoss,2026-08-01 00:02:28,131/200,2026-08-01 13:04:38,0.038732,0.068595,False,0.00000156,357.13,59985503,8,42
ModelSwinT_std0.05_90k_RMSELoss_20260801_000228,ModelSwinT_std0.05_90k_RMSELoss,RMSELoss,2026-08-01 00:02:28,132/200,2026-08-01 13:10:37,0.038815,0.068614,False,0.00000156,359.59,59985503,8,42
ModelSwinT_std0.05_90k_RMSELoss_20260801_000228,ModelSwinT_std0.05_90k_RMSELoss,RMSELoss,2026-08-01 00:02:28,133/200,2026-08-01 13:16:31,0.038691,0.068750,False,0.00000156,353.55,59985503,8,42
ModelSwinT_std0.05_90k_RMSELoss_20260801_000228,ModelSwinT_std0.05_90k_RMSELoss,RMSELoss,2026-08-01 00:02:28,134/200,2026-08-01 13:22:28,0.038653,0.068837,False,0.00000156,357.21,59985503,8,42
ModelSwinT_std0.05_90k_RMSELoss_20260801_000228,ModelSwinT_std0.05_90k_RMSELoss,RMSELoss,2026-08-01 00:02:28,135/200,2026-08-01 13:28:27,0.038833,0.068480,False,0.00000156,358.72,59985503,8,42
ModelSwinT_std0.05_90k_RMSELoss_20260801_000228,ModelSwinT_std0.05_90k_RMSELoss,RMSELoss,2026-08-01 00:02:28,136/200,2026-08-01 13:34:25,0.038568,0.068626,False,0.00000156,358.30,59985503,8,42
ModelSwinT_std0.05_90k_RMSELoss_20260801_000228,ModelSwinT_std0.05_90k_RMSELoss,RMSELoss,2026-08-01 00:02:28,137/200,2026-08-01 13:40:21,0.038615,0.068598,False,0.00000156,355.56,59985503,8,42
ModelSwinT_std0.05_90k_RMSELoss_20260801_000228,ModelSwinT_std0.05_90k_RMSELoss,RMSELoss,2026-08-01 00:02:28,138/200,2026-08-01 13:46:20,0.038659,0.068663,False,0.00000156,359.71,59985503,8,42
ModelSwinT_std0.05_90k_RMSELoss_20260801_000228,ModelSwinT_std0.05_90k_RMSELoss,RMSELoss,2026-08-01 00:02:28,139/200,2026-08-01 13:52:16,0.038546,0.068751,False,0.00000156,355.36,59985503,8,42
ModelSwinT_std0.05_90k_RMSELoss_20260801_000228,ModelSwinT_std0.05_90k_RMSELoss,RMSELoss,2026-08-01 00:02:28,140/200,2026-08-01 13:58:08,0.038687,0.068626,False,0.00000078,352.57,59985503,8,42
ModelSwinT_std0.05_90k_RMSELoss_20260801_000228,ModelSwinT_std0.05_90k_RMSELoss,RMSELoss,2026-08-01 00:02:28,141/200,2026-08-01 14:04:06,0.038486,0.068590,False,0.00000078,357.61,59985503,8,42
ModelSwinT_std0.05_90k_RMSELoss_20260801_000228,ModelSwinT_std0.05_90k_RMSELoss,RMSELoss,2026-08-01 00:02:28,142/200,2026-08-01 14:10:03,0.038440,0.068541,False,0.00000078,357.17,59985503,8,42
ModelSwinT_std0.08_90k_RMSELoss_20260806_193200,ModelSwinT_std0.08_90k_RMSELoss,RMSELoss,2026-08-06 19:32:00,1/200,2026-08-06 19:37:55,0.121587,0.106420,True,0.00010000,354.02,59985503,8,42
ModelSwinT_std0.08_90k_RMSELoss_20260806_193200,ModelSwinT_std0.08_90k_RMSELoss,RMSELoss,2026-08-06 19:32:00,2/200,2026-08-06 19:44:01,0.105645,0.102139,True,0.00010000,355.43,59985503,8,42
ModelSwinT_std0.08_90k_RMSELoss_20260806_193200,ModelSwinT_std0.08_90k_RMSELoss,RMSELoss,2026-08-06 19:32:00,3/200,2026-08-06 19:50:04,0.100117,0.098200,True,0.00010000,353.62,59985503,8,42
ModelSwinT_std0.08_90k_RMSELoss_20260806_193200,ModelSwinT_std0.08_90k_RMSELoss,RMSELoss,2026-08-06 19:32:00,4/200,2026-08-06 19:56:08,0.096870,0.093342,True,0.00010000,353.54,59985503,8,42
ModelSwinT_std0.08_90k_RMSELoss_20260806_193200,ModelSwinT_std0.08_90k_RMSELoss,RMSELoss,2026-08-06 19:32:00,5/200,2026-08-06 20:02:19,0.094441,0.094487,False,0.00010000,361.28,59985503,8,42
ModelSwinT_std0.08_90k_RMSELoss_20260806_193200,ModelSwinT_std0.08_90k_RMSELoss,RMSELoss,2026-08-06 19:32:00,6/200,2026-08-06 20:08:17,0.092435,0.091506,True,0.00010000,357.85,59985503,8,42
ModelSwinT_std0.08_90k_RMSELoss_20260806_193200,ModelSwinT_std0.08_90k_RMSELoss,RMSELoss,2026-08-06 19:32:00,7/200,2026-08-06 20:14:23,0.090591,0.090384,True,0.00010000,356.54,59985503,8,42
ModelSwinT_std0.08_90k_RMSELoss_20260806_193200,ModelSwinT_std0.08_90k_RMSELoss,RMSELoss,2026-08-06 19:32:00,8/200,2026-08-06 20:20:27,0.089218,0.088747,True,0.00010000,354.05,59985503,8,42
ModelSwinT_std0.08_90k_RMSELoss_20260806_193200,ModelSwinT_std0.08_90k_RMSELoss,RMSELoss,2026-08-06 19:32:00,9/200,2026-08-06 20:26:27,0.087912,0.089504,False,0.00010000,350.06,59985503,8,42
ModelSwinT_std0.08_90k_RMSELoss_20260806_193200,ModelSwinT_std0.08_90k_RMSELoss,RMSELoss,2026-08-06 19:32:00,10/200,2026-08-06 20:32:21,0.086627,0.086745,True,0.00010000,353.49,59985503,8,42
ModelSwinT_std0.08_90k_RMSELoss_20260806_193200,ModelSwinT_std0.08_90k_RMSELoss,RMSELoss,2026-08-06 19:32:00,11/200,2026-08-06 20:38:25,0.085100,0.084854,True,0.00010000,354.29,59985503,8,42
ModelSwinT_std0.08_90k_RMSELoss_20260806_193200,ModelSwinT_std0.08_90k_RMSELoss,RMSELoss,2026-08-06 19:32:00,12/200,2026-08-06 20:44:36,0.084270,0.087086,False,0.00010000,361.46,59985503,8,42
ModelSwinT_std0.08_90k_RMSELoss_20260806_193200,ModelSwinT_std0.08_90k_RMSELoss,RMSELoss,2026-08-06 19:32:00,13/200,2026-08-06 20:50:30,0.083096,0.083162,True,0.00010000,353.55,59985503,8,42
ModelSwinT_std0.08_90k_RMSELoss_20260806_193200,ModelSwinT_std0.08_90k_RMSELoss,RMSELoss,2026-08-06 19:32:00,14/200,2026-08-06 20:56:32,0.082357,0.083644,False,0.00010000,352.60,59985503,8,42
ModelSwinT_std0.08_90k_RMSELoss_20260806_193200,ModelSwinT_std0.08_90k_RMSELoss,RMSELoss,2026-08-06 19:32:00,15/200,2026-08-06 21:02:29,0.081357,0.082117,True,0.00010000,357.27,59985503,8,42
ModelSwinT_std0.08_90k_RMSELoss_20260806_193200,ModelSwinT_std0.08_90k_RMSELoss,RMSELoss,2026-08-06 19:32:00,16/200,2026-08-06 21:08:36,0.080196,0.083509,False,0.00010000,356.65,59985503,8,42
ModelSwinT_std0.08_90k_RMSELoss_20260806_193200,ModelSwinT_std0.08_90k_RMSELoss,RMSELoss,2026-08-06 19:32:00,17/200,2026-08-06 21:14:30,0.079546,0.083348,False,0.00010000,353.98,59985503,8,42
ModelSwinT_std0.08_90k_RMSELoss_20260806_193200,ModelSwinT_std0.08_90k_RMSELoss,RMSELoss,2026-08-06 19:32:00,18/200,2026-08-06 21:20:23,0.078711,0.081476,True,0.00010000,353.48,59985503,8,42
ModelSwinT_std0.08_90k_RMSELoss_20260806_193200,ModelSwinT_std0.08_90k_RMSELoss,RMSELoss,2026-08-06 19:32:00,19/200,2026-08-06 21:26:29,0.078060,0.081112,True,0.00010000,355.92,59985503,8,42
ModelSwinT_std0.08_90k_RMSELoss_20260806_193200,ModelSwinT_std0.08_90k_RMSELoss,RMSELoss,2026-08-06 19:32:00,20/200,2026-08-06 21:32:32,0.077161,0.081326,False,0.00005000,353.18,59985503,8,42
ModelSwinT_std0.08_90k_RMSELoss_20260806_193200,ModelSwinT_std0.08_90k_RMSELoss,RMSELoss,2026-08-06 19:32:00,21/200,2026-08-06 21:38:30,0.072721,0.077581,True,0.00005000,357.69,59985503,8,42
ModelSwinT_std0.08_90k_RMSELoss_20260806_193200,ModelSwinT_std0.08_90k_RMSELoss,RMSELoss,2026-08-06 19:32:00,22/200,2026-08-06 21:44:30,0.071241,0.077018,True,0.00005000,350.35,59985503,8,42
ModelSwinT_std0.08_90k_RMSELoss_20260806_193200,ModelSwinT_std0.08_90k_RMSELoss,RMSELoss,2026-08-06 19:32:00,23/200,2026-08-06 21:50:43,0.070277,0.076822,True,0.00005000,362.66,59985503,8,42
ModelSwinT_std0.08_90k_RMSELoss_20260806_193200,ModelSwinT_std0.08_90k_RMSELoss,RMSELoss,2026-08-06 19:32:00,24/200,2026-08-06 21:56:43,0.069611,0.076807,True,0.00005000,350.45,59985503,8,42
ModelSwinT_std0.08_90k_RMSELoss_20260806_193200,ModelSwinT_std0.08_90k_RMSELoss,RMSELoss,2026-08-06 19:32:00,25/200,2026-08-06 22:02:47,0.069009,0.077543,False,0.00005000,353.35,59985503,8,42
ModelSwinT_std0.08_90k_RMSELoss_20260806_193200,ModelSwinT_std0.08_90k_RMSELoss,RMSELoss,2026-08-06 19:32:00,26/200,2026-08-06 22:08:41,0.068284,0.077069,False,0.00005000,354.91,59985503,8,42
ModelSwinT_std0.08_90k_RMSELoss_20260806_193200,ModelSwinT_std0.08_90k_RMSELoss,RMSELoss,2026-08-06 19:32:00,27/200,2026-08-06 22:14:39,0.067659,0.075686,True,0.00005000,357.78,59985503,8,42
ModelSwinT_std0.08_90k_RMSELoss_20260806_193200,ModelSwinT_std0.08_90k_RMSELoss,RMSELoss,2026-08-06 19:32:00,28/200,2026-08-06 22:20:44,0.067222,0.077264,False,0.00005000,355.27,59985503,8,42
ModelSwinT_std0.08_90k_RMSELoss_20260806_193200,ModelSwinT_std0.08_90k_RMSELoss,RMSELoss,2026-08-06 19:32:00,29/200,2026-08-06 22:26:40,0.066739,0.078212,False,0.00005000,355.77,59985503,8,42
ModelSwinT_std0.08_90k_RMSELoss_20260806_193200,ModelSwinT_std0.08_90k_RMSELoss,RMSELoss,2026-08-06 19:32:00,30/200,2026-08-06 22:32:37,0.066267,0.075775,False,0.00005000,357.15,59985503,8,42
ModelSwinT_std0.08_90k_RMSELoss_20260806_193200,ModelSwinT_std0.08_90k_RMSELoss,RMSELoss,2026-08-06 19:32:00,31/200,2026-08-06 22:38:31,0.065930,0.078204,False,0.00005000,353.51,59985503,8,42
ModelSwinT_std0.08_90k_RMSELoss_20260806_193200,ModelSwinT_std0.08_90k_RMSELoss,RMSELoss,2026-08-06 19:32:00,32/200,2026-08-06 22:44:28,0.065425,0.075688,False,0.00005000,357.60,59985503,8,42
ModelSwinT_std0.08_90k_RMSELoss_20260806_193200,ModelSwinT_std0.08_90k_RMSELoss,RMSELoss,2026-08-06 19:32:00,33/200,2026-08-06 22:50:22,0.065018,0.075857,False,0.00005000,353.67,59985503,8,42
ModelSwinT_std0.08_90k_RMSELoss_20260806_193200,ModelSwinT_std0.08_90k_RMSELoss,RMSELoss,2026-08-06 19:32:00,34/200,2026-08-06 22:56:20,0.064635,0.075881,False,0.00005000,357.60,59985503,8,42
ModelSwinT_std0.08_90k_RMSELoss_20260806_193200,ModelSwinT_std0.08_90k_RMSELoss,RMSELoss,2026-08-06 19:32:00,35/200,2026-08-06 23:02:19,0.064224,0.077111,False,0.00005000,359.21,59985503,8,42
ModelSwinT_std0.08_90k_RMSELoss_20260806_193200,ModelSwinT_std0.08_90k_RMSELoss,RMSELoss,2026-08-06 19:32:00,36/200,2026-08-06 23:08:15,0.063761,0.074840,True,0.00005000,356.05,59985503,8,42
ModelSwinT_std0.08_90k_RMSELoss_20260806_193200,ModelSwinT_std0.08_90k_RMSELoss,RMSELoss,2026-08-06 19:32:00,37/200,2026-08-06 23:14:18,0.063554,0.074981,False,0.00005000,353.15,59985503,8,42
ModelSwinT_std0.08_90k_RMSELoss_20260806_193200,ModelSwinT_std0.08_90k_RMSELoss,RMSELoss,2026-08-06 19:32:00,38/200,2026-08-06 23:20:11,0.062974,0.075178,False,0.00005000,353.20,59985503,8,42
ModelSwinT_std0.08_90k_RMSELoss_20260806_193200,ModelSwinT_std0.08_90k_RMSELoss,RMSELoss,2026-08-06 19:32:00,39/200,2026-08-06 23:26:09,0.062667,0.075825,False,0.00005000,357.57,59985503,8,42
ModelSwinT_std0.08_90k_RMSELoss_20260806_193200,ModelSwinT_std0.08_90k_RMSELoss,RMSELoss,2026-08-06 19:32:00,40/200,2026-08-06 23:32:06,0.062134,0.074304,True,0.00002500,357.48,59985503,8,42
ModelSwinT_std0.08_90k_RMSELoss_20260806_193200,ModelSwinT_std0.08_90k_RMSELoss,RMSELoss,2026-08-06 19:32:00,41/200,2026-08-06 23:38:10,0.059554,0.073936,True,0.00002500,353.35,59985503,8,42
ModelSwinT_std0.08_90k_RMSELoss_20260806_193200,ModelSwinT_std0.08_90k_RMSELoss,RMSELoss,2026-08-06 19:32:00,42/200,2026-08-06 23:44:13,0.058642,0.073796,True,0.00002500,353.17,59985503,8,42
ModelSwinT_std0.08_90k_RMSELoss_20260806_193200,ModelSwinT_std0.08_90k_RMSELoss,RMSELoss,2026-08-06 19:32:00,43/200,2026-08-06 23:50:16,0.058325,0.073897,False,0.00002500,353.34,59985503,8,42
ModelSwinT_std0.08_90k_RMSELoss_20260806_193200,ModelSwinT_std0.08_90k_RMSELoss,RMSELoss,2026-08-06 19:32:00,44/200,2026-08-06 23:56:10,0.057707,0.074445,False,0.00002500,353.56,59985503,8,42
ModelSwinT_std0.08_90k_RMSELoss_20260806_193200,ModelSwinT_std0.08_90k_RMSELoss,RMSELoss,2026-08-06 19:32:00,45/200,2026-08-07 00:02:06,0.057464,0.073007,True,0.00002500,355.98,59985503,8,42
ModelSwinT_std0.08_90k_RMSELoss_20260806_193200,ModelSwinT_std0.08_90k_RMSELoss,RMSELoss,2026-08-06 19:32:00,46/200,2026-08-07 00:08:07,0.057150,0.073226,False,0.00002500,351.41,59985503,8,42
ModelSwinT_std0.08_90k_RMSELoss_20260806_193200,ModelSwinT_std0.08_90k_RMSELoss,RMSELoss,2026-08-06 19:32:00,47/200,2026-08-07 00:14:06,0.056751,0.072792,True,0.00002500,359.13,59985503,8,42
ModelSwinT_std0.08_90k_RMSELoss_20260806_193200,ModelSwinT_std0.08_90k_RMSELoss,RMSELoss,2026-08-06 19:32:00,48/200,2026-08-07 00:20:10,0.056470,0.073486,False,0.00002500,354.22,59985503,8,42
ModelSwinT_std0.08_90k_RMSELoss_20260806_193200,ModelSwinT_std0.08_90k_RMSELoss,RMSELoss,2026-08-06 19:32:00,49/200,2026-08-07 00:26:09,0.056188,0.074115,False,0.00002500,359.07,59985503,8,42
ModelSwinT_std0.08_90k_RMSELoss_20260806_193200,ModelSwinT_std0.08_90k_RMSELoss,RMSELoss,2026-08-06 19:32:00,50/200,2026-08-07 00:32:08,0.055905,0.073751,False,0.00002500,359.06,59985503,8,42
ModelSwinT_std0.08_90k_RMSELoss_20260806_193200,ModelSwinT_std0.08_90k_RMSELoss,RMSELoss,2026-08-06 19:32:00,51/200,2026-08-07 00:38:01,0.055682,0.074641,False,0.00002500,352.95,59985503,8,42
ModelSwinT_std0.08_90k_RMSELoss_20260806_193200,ModelSwinT_std0.08_90k_RMSELoss,RMSELoss,2026-08-06 19:32:00,52/200,2026-08-07 00:43:57,0.055308,0.072635,True,0.00002500,355.94,59985503,8,42
ModelSwinT_std0.08_90k_RMSELoss_20260806_193200,ModelSwinT_std0.08_90k_RMSELoss,RMSELoss,2026-08-06 19:32:00,53/200,2026-08-07 00:50:02,0.055165,0.073522,False,0.00002500,355.03,59985503,8,42
ModelSwinT_std0.08_90k_RMSELoss_20260806_193200,ModelSwinT_std0.08_90k_RMSELoss,RMSELoss,2026-08-06 19:32:00,54/200,2026-08-07 00:55:57,0.054847,0.073408,False,0.00002500,354.81,59985503,8,42
ModelSwinT_std0.08_90k_RMSELoss_20260806_193200,ModelSwinT_std0.08_90k_RMSELoss,RMSELoss,2026-08-06 19:32:00,55/200,2026-08-07 01:01:52,0.054635,0.072573,True,0.00002500,354.83,59985503,8,42
ModelSwinT_std0.08_90k_RMSELoss_20260806_193200,ModelSwinT_std0.08_90k_RMSELoss,RMSELoss,2026-08-06 19:32:00,56/200,2026-08-07 01:07:57,0.054281,0.073228,False,0.00002500,355.69,59985503,8,42
ModelSwinT_std0.08_90k_RMSELoss_20260806_193200,ModelSwinT_std0.08_90k_RMSELoss,RMSELoss,2026-08-06 19:32:00,57/200,2026-08-07 01:13:56,0.054060,0.073884,False,0.00002500,358.34,59985503,8,42
ModelSwinT_std0.08_90k_RMSELoss_20260806_193200,ModelSwinT_std0.08_90k_RMSELoss,RMSELoss,2026-08-06 19:32:00,58/200,2026-08-07 01:19:51,0.053923,0.072492,True,0.00002500,354.92,59985503,8,42
ModelSwinT_std0.08_90k_RMSELoss_20260806_193200,ModelSwinT_std0.08_90k_RMSELoss,RMSELoss,2026-08-06 19:32:00,59/200,2026-08-07 01:25:59,0.053579,0.072374,True,0.00002500,358.26,59985503,8,42
ModelSwinT_std0.08_90k_RMSELoss_20260806_193200,ModelSwinT_std0.08_90k_RMSELoss,RMSELoss,2026-08-06 19:32:00,60/200,2026-08-07 01:32:02,0.053324,0.073148,False,0.00001250,353.30,59985503,8,42
ModelSwinT_std0.08_90k_RMSELoss_20260806_193200,ModelSwinT_std0.08_90k_RMSELoss,RMSELoss,2026-08-06 19:32:00,61/200,2026-08-07 01:38:00,0.051797,0.072508,False,0.00001250,358.06,59985503,8,42
ModelSwinT_std0.08_90k_RMSELoss_20260806_193200,ModelSwinT_std0.08_90k_RMSELoss,RMSELoss,2026-08-06 19:32:00,62/200,2026-08-07 01:43:55,0.051387,0.074011,False,0.00001250,355.00,59985503,8,42
ModelSwinT_std0.08_90k_RMSELoss_20260806_193200,ModelSwinT_std0.08_90k_RMSELoss,RMSELoss,2026-08-06 19:32:00,63/200,2026-08-07 01:49:50,0.051073,0.072389,False,0.00001250,355.22,59985503,8,42
ModelSwinT_std0.08_90k_RMSELoss_20260806_193200,ModelSwinT_std0.08_90k_RMSELoss,RMSELoss,2026-08-06 19:32:00,64/200,2026-08-07 01:55:46,0.050948,0.072312,True,0.00001250,355.97,59985503,8,42
ModelSwinT_std0.08_90k_RMSELoss_20260806_193200,ModelSwinT_std0.08_90k_RMSELoss,RMSELoss,2026-08-06 19:32:00,65/200,2026-08-07 02:01:50,0.050640,0.072580,False,0.00001250,353.13,59985503,8,42
ModelSwinT_std0.08_90k_RMSELoss_20260806_193200,ModelSwinT_std0.08_90k_RMSELoss,RMSELoss,2026-08-06 19:32:00,66/200,2026-08-07 02:07:44,0.050435,0.072761,False,0.00001250,354.43,59985503,8,42
ModelSwinT_std0.08_90k_RMSELoss_20260806_193200,ModelSwinT_std0.08_90k_RMSELoss,RMSELoss,2026-08-06 19:32:00,67/200,2026-08-07 02:13:42,0.050279,0.072549,False,0.00001250,358.43,59985503,8,42
ModelSwinT_std0.08_90k_RMSELoss_20260806_193200,ModelSwinT_std0.08_90k_RMSELoss,RMSELoss,2026-08-06 19:32:00,68/200,2026-08-07 02:19:41,0.050040,0.073270,False,0.00001250,358.71,59985503,8,42
ModelSwinT_std0.08_90k_RMSELoss_20260806_193200,ModelSwinT_std0.08_90k_RMSELoss,RMSELoss,2026-08-06 19:32:00,69/200,2026-08-07 02:25:36,0.050021,0.074174,False,0.00001250,354.64,59985503,8,42
ModelSwinT_std0.08_90k_RMSELoss_20260806_193200,ModelSwinT_std0.08_90k_RMSELoss,RMSELoss,2026-08-06 19:32:00,70/200,2026-08-07 02:31:34,0.049885,0.072707,False,0.00001250,358.70,59985503,8,42
ModelSwinT_std0.08_90k_RMSELoss_20260806_193200,ModelSwinT_std0.08_90k_RMSELoss,RMSELoss,2026-08-06 19:32:00,71/200,2026-08-07 02:37:33,0.049523,0.072338,False,0.00001250,358.76,59985503,8,42
ModelSwinT_std0.08_90k_RMSELoss_20260806_193200,ModelSwinT_std0.08_90k_RMSELoss,RMSELoss,2026-08-06 19:32:00,72/200,2026-08-07 02:43:31,0.049628,0.072658,False,0.00001250,357.26,59985503,8,42
ModelSwinT_std0.08_90k_RMSELoss_20260806_193200,ModelSwinT_std0.08_90k_RMSELoss,RMSELoss,2026-08-06 19:32:00,73/200,2026-08-07 02:49:27,0.049439,0.072491,False,0.00001250,356.74,59985503,8,42
ModelSwinT_std0.08_90k_RMSELoss_20260806_193200,ModelSwinT_std0.08_90k_RMSELoss,RMSELoss,2026-08-06 19:32:00,74/200,2026-08-07 02:55:20,0.049274,0.073245,False,0.00001250,353.12,59985503,8,42
ModelSwinT_std0.08_90k_RMSELoss_20260806_193200,ModelSwinT_std0.08_90k_RMSELoss,RMSELoss,2026-08-06 19:32:00,75/200,2026-08-07 03:01:14,0.049083,0.073462,False,0.00001250,353.26,59985503,8,42
ModelSwinT_std0.08_90k_RMSELoss_20260806_193200,ModelSwinT_std0.08_90k_RMSELoss,RMSELoss,2026-08-06 19:32:00,76/200,2026-08-07 03:07:10,0.048608,0.073782,False,0.00001250,356.35,59985503,8,42
ModelSwinT_std0.08_90k_RMSELoss_20260806_193200,ModelSwinT_std0.08_90k_RMSELoss,RMSELoss,2026-08-06 19:32:00,77/200,2026-08-07 03:13:14,0.048878,0.072884,False,0.00001250,364.41,59985503,8,42
ModelSwinT_std0.08_90k_RMSELoss_20260806_193200,ModelSwinT_std0.08_90k_RMSELoss,RMSELoss,2026-08-06 19:32:00,78/200,2026-08-07 03:19:12,0.048536,0.073082,False,0.00001250,357.74,59985503,8,42
ModelSwinT_std0.08_90k_RMSELoss_20260806_193200,ModelSwinT_std0.08_90k_RMSELoss,RMSELoss,2026-08-06 19:32:00,79/200,2026-08-07 03:25:10,0.048568,0.072756,False,0.00001250,357.43,59985503,8,42
ModelSwinT_std0.08_90k_RMSELoss_20260806_193200,ModelSwinT_std0.08_90k_RMSELoss,RMSELoss,2026-08-06 19:32:00,80/200,2026-08-07 03:31:11,0.048309,0.072922,False,0.00000625,360.91,59985503,8,42
ModelSwinT_std0.08_90k_RMSELoss_20260806_193200,ModelSwinT_std0.08_90k_RMSELoss,RMSELoss,2026-08-06 19:32:00,81/200,2026-08-07 03:37:09,0.047392,0.072513,False,0.00000625,358.76,59985503,8,42
ModelSwinT_std0.08_90k_RMSELoss_20260806_193200,ModelSwinT_std0.08_90k_RMSELoss,RMSELoss,2026-08-06 19:32:00,82/200,2026-08-07 03:43:07,0.047221,0.072558,False,0.00000625,358.14,59985503,8,42
ModelSwinT_std0.08_90k_RMSELoss_20260806_193200,ModelSwinT_std0.08_90k_RMSELoss,RMSELoss,2026-08-06 19:32:00,83/200,2026-08-07 03:49:06,0.047042,0.072793,False,0.00000625,358.29,59985503,8,42
ModelSwinT_std0.08_90k_RMSELoss_20260806_193200,ModelSwinT_std0.08_90k_RMSELoss,RMSELoss,2026-08-06 19:32:00,84/200,2026-08-07 03:55:05,0.047018,0.073131,False,0.00000625,358.91,59985503,8,42
ModelSwinT_std0.08_90k_RMSELoss_20260806_193200,ModelSwinT_std0.08_90k_RMSELoss,RMSELoss,2026-08-06 19:32:00,85/200,2026-08-07 04:01:05,0.046885,0.072905,False,0.00000625,360.82,59985503,8,42
ModelSwinT_std0.08_90k_RMSELoss_20260806_193200,ModelSwinT_std0.08_90k_RMSELoss,RMSELoss,2026-08-06 19:32:00,86/200,2026-08-07 04:06:58,0.046844,0.072889,False,0.00000625,352.38,59985503,8,42
ModelSwinT_std0.08_90k_RMSELoss_20260806_193200,ModelSwinT_std0.08_90k_RMSELoss,RMSELoss,2026-08-06 19:32:00,87/200,2026-08-07 04:12:51,0.046803,0.072793,False,0.00000625,353.47,59985503,8,42
ModelSwinT_std0.08_90k_RMSELoss_20260806_193200,ModelSwinT_std0.08_90k_RMSELoss,RMSELoss,2026-08-06 19:32:00,88/200,2026-08-07 04:18:50,0.046521,0.072992,False,0.00000625,358.21,59985503,8,42
ModelSwinT_std0.08_90k_RMSELoss_20260806_193200,ModelSwinT_std0.08_90k_RMSELoss,RMSELoss,2026-08-06 19:32:00,89/200,2026-08-07 04:24:49,0.046704,0.072953,False,0.00000625,359.18,59985503,8,42
ModelSwinT_std0.08_90k_RMSELoss_20260806_193200,ModelSwinT_std0.08_90k_RMSELoss,RMSELoss,2026-08-06 19:32:00,90/200,2026-08-07 04:30:49,0.046363,0.072994,False,0.00000625,360.67,59985503,8,42
ModelSwinT_std0.08_90k_RMSELoss_20260806_193200,ModelSwinT_std0.08_90k_RMSELoss,RMSELoss,2026-08-06 19:32:00,91/200,2026-08-07 04:36:43,0.046348,0.073100,False,0.00000625,353.72,59985503,8,42
ModelSwinT_std0.08_90k_RMSELoss_20260806_193200,ModelSwinT_std0.08_90k_RMSELoss,RMSELoss,2026-08-06 19:32:00,92/200,2026-08-07 04:42:37,0.046253,0.073121,False,0.00000625,354.07,59985503,8,42
ModelSwinT_std0.08_90k_RMSELoss_20260806_193200,ModelSwinT_std0.08_90k_RMSELoss,RMSELoss,2026-08-06 19:32:00,93/200,2026-08-07 04:48:31,0.046034,0.073265,False,0.00000625,353.41,59985503,8,42
ModelSwinT_std0.08_90k_RMSELoss_20260806_193200,ModelSwinT_std0.08_90k_RMSELoss,RMSELoss,2026-08-06 19:32:00,94/200,2026-08-07 04:54:23,0.046045,0.073315,False,0.00000625,352.50,59985503,8,42
ModelSwinT_std0.08_90k_RMSELoss_20260806_193200,ModelSwinT_std0.08_90k_RMSELoss,RMSELoss,2026-08-06 19:32:00,95/200,2026-08-07 05:00:19,0.046053,0.072635,False,0.00000625,355.98,59985503,8,42
ModelSwinT_std0.08_90k_RMSELoss_20260806_193200,ModelSwinT_std0.08_90k_RMSELoss,RMSELoss,2026-08-06 19:32:00,96/200,2026-08-07 05:06:13,0.045915,0.073089,False,0.00000625,354.15,59985503,8,42
ModelSwinT_std0.08_90k_RMSELoss_20260806_193200,ModelSwinT_std0.08_90k_RMSELoss,RMSELoss,2026-08-06 19:32:00,97/200,2026-08-07 05:12:07,0.045839,0.072490,False,0.00000625,354.05,59985503,8,42
ModelSwinT_std0.08_90k_RMSELoss_20260806_193200,ModelSwinT_std0.08_90k_RMSELoss,RMSELoss,2026-08-06 19:32:00,98/200,2026-08-07 05:18:00,0.045701,0.073482,False,0.00000625,353.06,59985503,8,42
ModelSwinT_std0.08_90k_RMSELoss_20260806_193200,ModelSwinT_std0.08_90k_RMSELoss,RMSELoss,2026-08-06 19:32:00,99/200,2026-08-07 05:23:57,0.045707,0.073338,False,0.00000625,356.16,59985503,8,42
ModelSwinT_std0.08_90k_RMSELoss_20260806_193200,ModelSwinT_std0.08_90k_RMSELoss,RMSELoss,2026-08-06 19:32:00,100/200,2026-08-07 05:29:51,0.045628,0.073139,False,0.00000313,353.92,59985503,8,42
ModelSwinT_std0.08_90k_RMSELoss_20260806_193200,ModelSwinT_std0.08_90k_RMSELoss,RMSELoss,2026-08-06 19:32:00,101/200,2026-08-07 05:35:46,0.045144,0.072947,False,0.00000313,355.70,59985503,8,42
ModelSwinT_std0.08_90k_RMSELoss_20260806_193200,ModelSwinT_std0.08_90k_RMSELoss,RMSELoss,2026-08-06 19:32:00,102/200,2026-08-07 05:41:44,0.045098,0.073263,False,0.00000313,357.69,59985503,8,42
ModelSwinT_std0.08_90k_RMSELoss_20260806_193200,ModelSwinT_std0.08_90k_RMSELoss,RMSELoss,2026-08-06 19:32:00,103/200,2026-08-07 05:47:46,0.045000,0.073157,False,0.00000313,361.65,59985503,8,42
ModelSwinT_std0.08_90k_RMSELoss_20260806_193200,ModelSwinT_std0.08_90k_RMSELoss,RMSELoss,2026-08-06 19:32:00,104/200,2026-08-07 05:53:42,0.044972,0.072815,False,0.00000313,356.21,59985503,8,42
ModelSwinT_std0.08_90k_RMSELoss_20260806_193200,ModelSwinT_std0.08_90k_RMSELoss,RMSELoss,2026-08-06 19:32:00,105/200,2026-08-07 05:59:40,0.044874,0.073738,False,0.00000313,358.08,59985503,8,42
ModelSwinT_std0.08_90k_RMSELoss_20260806_193200,ModelSwinT_std0.08_90k_RMSELoss,RMSELoss,2026-08-06 19:32:00,106/200,2026-08-07 06:05:37,0.044958,0.073030,False,0.00000313,357.06,59985503,8,42
ModelSwinT_std0.08_90k_RMSELoss_20260806_193200,ModelSwinT_std0.08_90k_RMSELoss,RMSELoss,2026-08-06 19:32:00,107/200,2026-08-07 06:11:36,0.044805,0.073252,False,0.00000313,359.30,59985503,8,42
ModelSwinT_std0.08_90k_RMSELoss_20260806_193200,ModelSwinT_std0.08_90k_RMSELoss,RMSELoss,2026-08-06 19:32:00,108/200,2026-08-07 06:17:35,0.044748,0.073445,False,0.00000313,358.94,59985503,8,42
ModelSwinT_std0.08_90k_RMSELoss_20260806_193200,ModelSwinT_std0.08_90k_RMSELoss,RMSELoss,2026-08-06 19:32:00,109/200,2026-08-07 06:23:34,0.044667,0.073137,False,0.00000313,359.18,59985503,8,42