run_id,model_name,criterion,run_started_at,epoch,epoch_timestamp,train_loss,val_loss,is_best,learning_rate,epoch_duration_sec,num_params,batch_size,seed
Resnet50_fvs_No_Noise_90k_RMSELoss_20260720_174345,Resnet50_fvs_No_Noise_90k_RMSELoss,RMSELoss,2026-07-20 17:43:45,1/200,2026-07-20 17:48:43,0.110912,0.097432,True,0.00010000,296.97,57284901,8,42
Resnet50_fvs_No_Noise_90k_RMSELoss_20260720_174345,Resnet50_fvs_No_Noise_90k_RMSELoss,RMSELoss,2026-07-20 17:43:45,2/200,2026-07-20 17:53:44,0.094973,0.090117,True,0.00010000,289.71,57284901,8,42
Resnet50_fvs_No_Noise_90k_RMSELoss_20260720_174345,Resnet50_fvs_No_Noise_90k_RMSELoss,RMSELoss,2026-07-20 17:43:45,3/200,2026-07-20 17:58:41,0.088032,0.086623,True,0.00010000,285.43,57284901,8,42
Resnet50_fvs_No_Noise_90k_RMSELoss_20260720_174345,Resnet50_fvs_No_Noise_90k_RMSELoss,RMSELoss,2026-07-20 17:43:45,4/200,2026-07-20 18:03:51,0.082980,0.081036,True,0.00010000,299.04,57284901,8,42
Resnet50_fvs_No_Noise_90k_RMSELoss_20260720_174345,Resnet50_fvs_No_Noise_90k_RMSELoss,RMSELoss,2026-07-20 17:43:45,5/200,2026-07-20 18:08:53,0.079296,0.082540,False,0.00010000,291.12,57284901,8,42
Resnet50_fvs_No_Noise_90k_RMSELoss_20260720_174345,Resnet50_fvs_No_Noise_90k_RMSELoss,RMSELoss,2026-07-20 17:43:45,6/200,2026-07-20 18:13:38,0.075750,0.080490,True,0.00010000,285.24,57284901,8,42
Resnet50_fvs_No_Noise_90k_RMSELoss_20260720_174345,Resnet50_fvs_No_Noise_90k_RMSELoss,RMSELoss,2026-07-20 17:43:45,7/200,2026-07-20 18:18:32,0.072585,0.077498,True,0.00010000,283.22,57284901,8,42
Resnet50_fvs_No_Noise_90k_RMSELoss_20260720_174345,Resnet50_fvs_No_Noise_90k_RMSELoss,RMSELoss,2026-07-20 17:43:45,8/200,2026-07-20 18:23:45,0.069573,0.075086,True,0.00010000,301.80,57284901,8,42
Resnet50_fvs_No_Noise_90k_RMSELoss_20260720_174345,Resnet50_fvs_No_Noise_90k_RMSELoss,RMSELoss,2026-07-20 17:43:45,9/200,2026-07-20 18:28:49,0.066625,0.075004,True,0.00010000,293.54,57284901,8,42
Resnet50_fvs_No_Noise_90k_RMSELoss_20260720_174345,Resnet50_fvs_No_Noise_90k_RMSELoss,RMSELoss,2026-07-20 17:43:45,10/200,2026-07-20 18:33:50,0.064028,0.074226,True,0.00010000,290.22,57284901,8,42
Resnet50_fvs_No_Noise_90k_RMSELoss_20260720_174345,Resnet50_fvs_No_Noise_90k_RMSELoss,RMSELoss,2026-07-20 17:43:45,11/200,2026-07-20 18:38:51,0.061307,0.072464,True,0.00010000,290.57,57284901,8,42
Resnet50_fvs_No_Noise_90k_RMSELoss_20260720_174345,Resnet50_fvs_No_Noise_90k_RMSELoss,RMSELoss,2026-07-20 17:43:45,12/200,2026-07-20 18:43:51,0.059336,0.072162,True,0.00010000,289.39,57284901,8,42
Resnet50_fvs_No_Noise_90k_RMSELoss_20260720_174345,Resnet50_fvs_No_Noise_90k_RMSELoss,RMSELoss,2026-07-20 17:43:45,13/200,2026-07-20 18:48:53,0.057203,0.072107,True,0.00010000,291.19,57284901,8,42
Resnet50_fvs_No_Noise_90k_RMSELoss_20260720_174345,Resnet50_fvs_No_Noise_90k_RMSELoss,RMSELoss,2026-07-20 17:43:45,14/200,2026-07-20 18:53:47,0.055124,0.072724,False,0.00010000,283.47,57284901,8,42
Resnet50_fvs_No_Noise_90k_RMSELoss_20260720_174345,Resnet50_fvs_No_Noise_90k_RMSELoss,RMSELoss,2026-07-20 17:43:45,15/200,2026-07-20 18:58:37,0.053348,0.070358,True,0.00010000,289.68,57284901,8,42
Resnet50_fvs_No_Noise_90k_RMSELoss_20260720_174345,Resnet50_fvs_No_Noise_90k_RMSELoss,RMSELoss,2026-07-20 17:43:45,16/200,2026-07-20 19:03:32,0.051435,0.069999,True,0.00010000,283.95,57284901,8,42
Resnet50_fvs_No_Noise_90k_RMSELoss_20260720_174345,Resnet50_fvs_No_Noise_90k_RMSELoss,RMSELoss,2026-07-20 17:43:45,17/200,2026-07-20 19:08:32,0.049971,0.070860,False,0.00010000,289.10,57284901,8,42
Resnet50_fvs_No_Noise_90k_RMSELoss_20260720_174345,Resnet50_fvs_No_Noise_90k_RMSELoss,RMSELoss,2026-07-20 17:43:45,18/200,2026-07-20 19:13:16,0.048392,0.071931,False,0.00010000,283.72,57284901,8,42
Resnet50_fvs_No_Noise_90k_RMSELoss_20260720_174345,Resnet50_fvs_No_Noise_90k_RMSELoss,RMSELoss,2026-07-20 17:43:45,19/200,2026-07-20 19:18:14,0.047020,0.069746,True,0.00010000,298.31,57284901,8,42
Resnet50_fvs_No_Noise_90k_RMSELoss_20260720_174345,Resnet50_fvs_No_Noise_90k_RMSELoss,RMSELoss,2026-07-20 17:43:45,20/200,2026-07-20 19:23:08,0.045685,0.069255,True,0.00005000,283.33,57284901,8,42
Resnet50_fvs_No_Noise_90k_RMSELoss_20260720_174345,Resnet50_fvs_No_Noise_90k_RMSELoss,RMSELoss,2026-07-20 17:43:45,21/200,2026-07-20 19:28:07,0.039967,0.066180,True,0.00005000,288.29,57284901,8,42
Resnet50_fvs_No_Noise_90k_RMSELoss_20260720_174345,Resnet50_fvs_No_Noise_90k_RMSELoss,RMSELoss,2026-07-20 17:43:45,22/200,2026-07-20 19:33:14,0.036163,0.066399,False,0.00005000,296.59,57284901,8,42
Resnet50_fvs_No_Noise_90k_RMSELoss_20260720_174345,Resnet50_fvs_No_Noise_90k_RMSELoss,RMSELoss,2026-07-20 17:43:45,23/200,2026-07-20 19:37:57,0.034669,0.065533,True,0.00005000,283.21,57284901,8,42
Resnet50_fvs_No_Noise_90k_RMSELoss_20260720_174345,Resnet50_fvs_No_Noise_90k_RMSELoss,RMSELoss,2026-07-20 17:43:45,24/200,2026-07-20 19:42:50,0.033329,0.065695,False,0.00005000,282.31,57284901,8,42
Resnet50_fvs_No_Noise_90k_RMSELoss_20260720_174345,Resnet50_fvs_No_Noise_90k_RMSELoss,RMSELoss,2026-07-20 17:43:45,25/200,2026-07-20 19:47:39,0.032248,0.065466,True,0.00005000,288.68,57284901,8,42
Resnet50_fvs_No_Noise_90k_RMSELoss_20260720_174345,Resnet50_fvs_No_Noise_90k_RMSELoss,RMSELoss,2026-07-20 17:43:45,26/200,2026-07-20 19:52:35,0.031186,0.065676,False,0.00005000,283.45,57284901,8,42
Resnet50_fvs_No_Noise_90k_RMSELoss_20260720_174345,Resnet50_fvs_No_Noise_90k_RMSELoss,RMSELoss,2026-07-20 17:43:45,27/200,2026-07-20 19:57:17,0.030303,0.065522,False,0.00005000,282.50,57284901,8,42
Resnet50_fvs_No_Noise_90k_RMSELoss_20260720_174345,Resnet50_fvs_No_Noise_90k_RMSELoss,RMSELoss,2026-07-20 17:43:45,28/200,2026-07-20 20:02:05,0.029309,0.065647,False,0.00005000,288.11,57284901,8,42
Resnet50_fvs_No_Noise_90k_RMSELoss_20260720_174345,Resnet50_fvs_No_Noise_90k_RMSELoss,RMSELoss,2026-07-20 17:43:45,29/200,2026-07-20 20:06:49,0.028489,0.065173,True,0.00005000,283.54,57284901,8,42
Resnet50_fvs_No_Noise_90k_RMSELoss_20260720_174345,Resnet50_fvs_No_Noise_90k_RMSELoss,RMSELoss,2026-07-20 17:43:45,30/200,2026-07-20 20:11:54,0.027754,0.065495,False,0.00005000,294.87,57284901,8,42
Resnet50_fvs_No_Noise_90k_RMSELoss_20260720_174345,Resnet50_fvs_No_Noise_90k_RMSELoss,RMSELoss,2026-07-20 17:43:45,31/200,2026-07-20 20:16:37,0.027030,0.065428,False,0.00005000,282.48,57284901,8,42
Resnet50_fvs_No_Noise_90k_RMSELoss_20260720_174345,Resnet50_fvs_No_Noise_90k_RMSELoss,RMSELoss,2026-07-20 17:43:45,32/200,2026-07-20 20:21:20,0.026361,0.064912,True,0.00005000,283.65,57284901,8,42
Resnet50_fvs_No_Noise_90k_RMSELoss_20260720_174345,Resnet50_fvs_No_Noise_90k_RMSELoss,RMSELoss,2026-07-20 17:43:45,33/200,2026-07-20 20:26:14,0.025661,0.065246,False,0.00005000,282.98,57284901,8,42
Resnet50_fvs_No_Noise_90k_RMSELoss_20260720_174345,Resnet50_fvs_No_Noise_90k_RMSELoss,RMSELoss,2026-07-20 17:43:45,34/200,2026-07-20 20:31:03,0.025061,0.064990,False,0.00005000,288.97,57284901,8,42
Resnet50_fvs_No_Noise_90k_RMSELoss_20260720_174345,Resnet50_fvs_No_Noise_90k_RMSELoss,RMSELoss,2026-07-20 17:43:45,35/200,2026-07-20 20:35:46,0.024475,0.064844,True,0.00005000,283.14,57284901,8,42
Resnet50_fvs_No_Noise_90k_RMSELoss_20260720_174345,Resnet50_fvs_No_Noise_90k_RMSELoss,RMSELoss,2026-07-20 17:43:45,36/200,2026-07-20 20:40:39,0.023957,0.064845,False,0.00005000,282.02,57284901,8,42
Resnet50_fvs_No_Noise_90k_RMSELoss_20260720_174345,Resnet50_fvs_No_Noise_90k_RMSELoss,RMSELoss,2026-07-20 17:43:45,37/200,2026-07-20 20:45:24,0.023459,0.065202,False,0.00005000,285.46,57284901,8,42
Resnet50_fvs_No_Noise_90k_RMSELoss_20260720_174345,Resnet50_fvs_No_Noise_90k_RMSELoss,RMSELoss,2026-07-20 17:43:45,38/200,2026-07-20 20:50:08,0.022897,0.064591,True,0.00005000,283.91,57284901,8,42
Resnet50_fvs_No_Noise_90k_RMSELoss_20260720_174345,Resnet50_fvs_No_Noise_90k_RMSELoss,RMSELoss,2026-07-20 17:43:45,39/200,2026-07-20 20:55:11,0.022421,0.064934,False,0.00005000,285.14,57284901,8,42
Resnet50_fvs_No_Noise_90k_RMSELoss_20260720_174345,Resnet50_fvs_No_Noise_90k_RMSELoss,RMSELoss,2026-07-20 17:43:45,40/200,2026-07-20 20:59:54,0.021969,0.064737,False,0.00002500,282.46,57284901,8,42
Resnet50_fvs_No_Noise_90k_RMSELoss_20260720_174345,Resnet50_fvs_No_Noise_90k_RMSELoss,RMSELoss,2026-07-20 17:43:45,41/200,2026-07-20 21:04:42,0.019538,0.063574,True,0.00002500,288.41,57284901,8,42
Resnet50_fvs_No_Noise_90k_RMSELoss_20260720_174345,Resnet50_fvs_No_Noise_90k_RMSELoss,RMSELoss,2026-07-20 17:43:45,42/200,2026-07-20 21:09:40,0.017430,0.063504,True,0.00002500,287.48,57284901,8,42
Resnet50_fvs_No_Noise_90k_RMSELoss_20260720_174345,Resnet50_fvs_No_Noise_90k_RMSELoss,RMSELoss,2026-07-20 17:43:45,43/200,2026-07-20 21:14:38,0.016826,0.063395,True,0.00002500,287.15,57284901,8,42
Resnet50_fvs_No_Noise_90k_RMSELoss_20260720_174345,Resnet50_fvs_No_Noise_90k_RMSELoss,RMSELoss,2026-07-20 17:43:45,44/200,2026-07-20 21:19:49,0.016353,0.063479,False,0.00002500,293.48,57284901,8,42
Resnet50_fvs_No_Noise_90k_RMSELoss_20260720_174345,Resnet50_fvs_No_Noise_90k_RMSELoss,RMSELoss,2026-07-20 17:43:45,45/200,2026-07-20 21:24:42,0.015998,0.063584,False,0.00002500,292.12,57284901,8,42
Resnet50_fvs_No_Noise_90k_RMSELoss_20260720_174345,Resnet50_fvs_No_Noise_90k_RMSELoss,RMSELoss,2026-07-20 17:43:45,46/200,2026-07-20 21:29:30,0.015643,0.063444,False,0.00002500,288.74,57284901,8,42
Resnet50_fvs_No_Noise_90k_RMSELoss_20260720_174345,Resnet50_fvs_No_Noise_90k_RMSELoss,RMSELoss,2026-07-20 17:43:45,47/200,2026-07-20 21:34:13,0.015342,0.063515,False,0.00002500,282.59,57284901,8,42
Resnet50_fvs_No_Noise_90k_RMSELoss_20260720_174345,Resnet50_fvs_No_Noise_90k_RMSELoss,RMSELoss,2026-07-20 17:43:45,48/200,2026-07-20 21:39:07,0.015052,0.063303,True,0.00002500,294.39,57284901,8,42
Resnet50_fvs_No_Noise_90k_RMSELoss_20260720_174345,Resnet50_fvs_No_Noise_90k_RMSELoss,RMSELoss,2026-07-20 17:43:45,49/200,2026-07-20 21:44:04,0.014800,0.063495,False,0.00002500,285.60,57284901,8,42
Resnet50_fvs_No_Noise_90k_RMSELoss_20260720_174345,Resnet50_fvs_No_Noise_90k_RMSELoss,RMSELoss,2026-07-20 17:43:45,50/200,2026-07-20 21:48:57,0.014581,0.063602,False,0.00002500,293.26,57284901,8,42
Resnet50_fvs_No_Noise_90k_RMSELoss_20260720_174345,Resnet50_fvs_No_Noise_90k_RMSELoss,RMSELoss,2026-07-20 17:43:45,51/200,2026-07-20 21:53:46,0.014333,0.063572,False,0.00002500,288.83,57284901,8,42
Resnet50_fvs_No_Noise_90k_RMSELoss_20260720_174345,Resnet50_fvs_No_Noise_90k_RMSELoss,RMSELoss,2026-07-20 17:43:45,52/200,2026-07-20 21:58:29,0.014115,0.063351,False,0.00002500,282.62,57284901,8,42
Resnet50_fvs_No_Noise_90k_RMSELoss_20260720_174345,Resnet50_fvs_No_Noise_90k_RMSELoss,RMSELoss,2026-07-20 17:43:45,53/200,2026-07-20 22:03:17,0.013888,0.063425,False,0.00002500,287.97,57284901,8,42
Resnet50_fvs_No_Noise_90k_RMSELoss_20260720_174345,Resnet50_fvs_No_Noise_90k_RMSELoss,RMSELoss,2026-07-20 17:43:45,54/200,2026-07-20 22:08:00,0.013701,0.063417,False,0.00002500,283.23,57284901,8,42
Resnet50_fvs_No_Noise_90k_RMSELoss_20260720_174345,Resnet50_fvs_No_Noise_90k_RMSELoss,RMSELoss,2026-07-20 17:43:45,55/200,2026-07-20 22:12:43,0.013479,0.063348,False,0.00002500,282.77,57284901,8,42
Resnet50_fvs_No_Noise_90k_RMSELoss_20260720_174345,Resnet50_fvs_No_Noise_90k_RMSELoss,RMSELoss,2026-07-20 17:43:45,56/200,2026-07-20 22:17:25,0.013315,0.063447,False,0.00002500,282.32,57284901,8,42
Resnet50_fvs_No_Noise_90k_RMSELoss_20260720_174345,Resnet50_fvs_No_Noise_90k_RMSELoss,RMSELoss,2026-07-20 17:43:45,57/200,2026-07-20 22:22:07,0.013073,0.063200,True,0.00002500,282.58,57284901,8,42
Resnet50_fvs_No_Noise_90k_RMSELoss_20260720_174345,Resnet50_fvs_No_Noise_90k_RMSELoss,RMSELoss,2026-07-20 17:43:45,58/200,2026-07-20 22:27:19,0.012971,0.063212,False,0.00002500,301.03,57284901,8,42
Resnet50_fvs_No_Noise_90k_RMSELoss_20260720_174345,Resnet50_fvs_No_Noise_90k_RMSELoss,RMSELoss,2026-07-20 17:43:45,59/200,2026-07-20 22:32:12,0.012738,0.063397,False,0.00002500,292.74,57284901,8,42
Resnet50_fvs_No_Noise_90k_RMSELoss_20260720_174345,Resnet50_fvs_No_Noise_90k_RMSELoss,RMSELoss,2026-07-20 17:43:45,60/200,2026-07-20 22:36:55,0.012594,0.063328,False,0.00001250,283.11,57284901,8,42
Resnet50_fvs_No_Noise_90k_RMSELoss_20260720_174345,Resnet50_fvs_No_Noise_90k_RMSELoss,RMSELoss,2026-07-20 17:43:45,61/200,2026-07-20 22:41:38,0.011628,0.063002,True,0.00001250,283.27,57284901,8,42
Resnet50_fvs_No_Noise_90k_RMSELoss_20260720_174345,Resnet50_fvs_No_Noise_90k_RMSELoss,RMSELoss,2026-07-20 17:43:45,62/200,2026-07-20 22:46:32,0.010749,0.062919,True,0.00001250,283.62,57284901,8,42
Resnet50_fvs_No_Noise_90k_RMSELoss_20260720_174345,Resnet50_fvs_No_Noise_90k_RMSELoss,RMSELoss,2026-07-20 17:43:45,63/200,2026-07-20 22:51:40,0.010483,0.062974,False,0.00001250,296.64,57284901,8,42
Resnet50_fvs_No_Noise_90k_RMSELoss_20260720_174345,Resnet50_fvs_No_Noise_90k_RMSELoss,RMSELoss,2026-07-20 17:43:45,64/200,2026-07-20 22:56:29,0.010335,0.062918,True,0.00001250,289.47,57284901,8,42
Resnet50_fvs_No_Noise_90k_RMSELoss_20260720_174345,Resnet50_fvs_No_Noise_90k_RMSELoss,RMSELoss,2026-07-20 17:43:45,65/200,2026-07-20 23:01:23,0.010182,0.062849,True,0.00001250,283.02,57284901,8,42
Resnet50_fvs_No_Noise_90k_RMSELoss_20260720_174345,Resnet50_fvs_No_Noise_90k_RMSELoss,RMSELoss,2026-07-20 17:43:45,66/200,2026-07-20 23:06:39,0.010103,0.062859,False,0.00001250,305.06,57284901,8,42
Resnet50_fvs_No_Noise_90k_RMSELoss_20260720_174345,Resnet50_fvs_No_Noise_90k_RMSELoss,RMSELoss,2026-07-20 17:43:45,67/200,2026-07-20 23:11:21,0.009957,0.062847,True,0.00001250,282.77,57284901,8,42
Resnet50_fvs_No_Noise_90k_RMSELoss_20260720_174345,Resnet50_fvs_No_Noise_90k_RMSELoss,RMSELoss,2026-07-20 17:43:45,68/200,2026-07-20 23:16:16,0.009862,0.062964,False,0.00001250,283.48,57284901,8,42
Resnet50_fvs_No_Noise_90k_RMSELoss_20260720_174345,Resnet50_fvs_No_Noise_90k_RMSELoss,RMSELoss,2026-07-20 17:43:45,69/200,2026-07-20 23:20:59,0.009739,0.062895,False,0.00001250,283.40,57284901,8,42
Resnet50_fvs_No_Noise_90k_RMSELoss_20260720_174345,Resnet50_fvs_No_Noise_90k_RMSELoss,RMSELoss,2026-07-20 17:43:45,70/200,2026-07-20 23:25:43,0.009645,0.062942,False,0.00001250,283.32,57284901,8,42
Resnet50_fvs_No_Noise_90k_RMSELoss_20260720_174345,Resnet50_fvs_No_Noise_90k_RMSELoss,RMSELoss,2026-07-20 17:43:45,71/200,2026-07-20 23:30:26,0.009572,0.063030,False,0.00001250,282.92,57284901,8,42
Resnet50_fvs_No_Noise_90k_RMSELoss_20260720_174345,Resnet50_fvs_No_Noise_90k_RMSELoss,RMSELoss,2026-07-20 17:43:45,72/200,2026-07-20 23:35:16,0.009480,0.062976,False,0.00001250,290.59,57284901,8,42
Resnet50_fvs_No_Noise_90k_RMSELoss_20260720_174345,Resnet50_fvs_No_Noise_90k_RMSELoss,RMSELoss,2026-07-20 17:43:45,73/200,2026-07-20 23:40:00,0.009383,0.062862,False,0.00001250,283.71,57284901,8,42
Resnet50_fvs_No_Noise_90k_RMSELoss_20260720_174345,Resnet50_fvs_No_Noise_90k_RMSELoss,RMSELoss,2026-07-20 17:43:45,74/200,2026-07-20 23:44:43,0.009305,0.063075,False,0.00001250,283.38,57284901,8,42
Resnet50_fvs_No_Noise_90k_RMSELoss_20260720_174345,Resnet50_fvs_No_Noise_90k_RMSELoss,RMSELoss,2026-07-20 17:43:45,75/200,2026-07-20 23:49:30,0.009222,0.062794,True,0.00001250,286.78,57284901,8,42
Resnet50_fvs_No_Noise_90k_RMSELoss_20260720_174345,Resnet50_fvs_No_Noise_90k_RMSELoss,RMSELoss,2026-07-20 17:43:45,76/200,2026-07-20 23:54:35,0.009164,0.062820,False,0.00001250,289.18,57284901,8,42
Resnet50_fvs_No_Noise_90k_RMSELoss_20260720_174345,Resnet50_fvs_No_Noise_90k_RMSELoss,RMSELoss,2026-07-20 17:43:45,77/200,2026-07-20 23:59:33,0.009086,0.062919,False,0.00001250,297.64,57284901,8,42
Resnet50_fvs_No_Noise_90k_RMSELoss_20260720_174345,Resnet50_fvs_No_Noise_90k_RMSELoss,RMSELoss,2026-07-20 17:43:45,78/200,2026-07-21 00:04:23,0.009002,0.062906,False,0.00001250,290.35,57284901,8,42
Resnet50_fvs_No_Noise_90k_RMSELoss_20260720_174345,Resnet50_fvs_No_Noise_90k_RMSELoss,RMSELoss,2026-07-20 17:43:45,79/200,2026-07-21 00:09:29,0.008905,0.062867,False,0.00001250,305.77,57284901,8,42
Resnet50_fvs_No_Noise_90k_RMSELoss_20260720_174345,Resnet50_fvs_No_Noise_90k_RMSELoss,RMSELoss,2026-07-20 17:43:45,80/200,2026-07-21 00:14:11,0.008834,0.062961,False,0.00000625,282.55,57284901,8,42
Resnet50_fvs_No_Noise_90k_RMSELoss_20260720_174345,Resnet50_fvs_No_Noise_90k_RMSELoss,RMSELoss,2026-07-20 17:43:45,81/200,2026-07-21 00:18:58,0.008443,0.062831,False,0.00000625,287.12,57284901,8,42
Resnet50_fvs_No_Noise_90k_RMSELoss_20260720_174345,Resnet50_fvs_No_Noise_90k_RMSELoss,RMSELoss,2026-07-20 17:43:45,82/200,2026-07-21 00:23:41,0.008088,0.062750,True,0.00000625,282.48,57284901,8,42
Resnet50_fvs_No_Noise_90k_RMSELoss_20260720_174345,Resnet50_fvs_No_Noise_90k_RMSELoss,RMSELoss,2026-07-20 17:43:45,83/200,2026-07-21 00:28:43,0.007972,0.062803,False,0.00000625,291.97,57284901,8,42
Resnet50_fvs_No_Noise_90k_RMSELoss_20260720_174345,Resnet50_fvs_No_Noise_90k_RMSELoss,RMSELoss,2026-07-20 17:43:45,84/200,2026-07-21 00:33:25,0.007888,0.062768,False,0.00000625,281.75,57284901,8,42
Resnet50_fvs_No_Noise_90k_RMSELoss_20260720_174345,Resnet50_fvs_No_Noise_90k_RMSELoss,RMSELoss,2026-07-20 17:43:45,85/200,2026-07-21 00:38:10,0.007839,0.062756,False,0.00000625,284.71,57284901,8,42
Resnet50_fvs_No_Noise_90k_RMSELoss_20260720_174345,Resnet50_fvs_No_Noise_90k_RMSELoss,RMSELoss,2026-07-20 17:43:45,86/200,2026-07-21 00:42:52,0.007770,0.062752,False,0.00000625,282.20,57284901,8,42
Resnet50_fvs_No_Noise_90k_RMSELoss_20260720_174345,Resnet50_fvs_No_Noise_90k_RMSELoss,RMSELoss,2026-07-20 17:43:45,87/200,2026-07-21 00:47:34,0.007731,0.062783,False,0.00000625,282.42,57284901,8,42
Resnet50_fvs_No_Noise_90k_RMSELoss_20260720_174345,Resnet50_fvs_No_Noise_90k_RMSELoss,RMSELoss,2026-07-20 17:43:45,88/200,2026-07-21 00:52:17,0.007672,0.062664,True,0.00000625,282.43,57284901,8,42
Resnet50_fvs_No_Noise_90k_RMSELoss_20260720_174345,Resnet50_fvs_No_Noise_90k_RMSELoss,RMSELoss,2026-07-20 17:43:45,89/200,2026-07-21 00:57:15,0.007629,0.062712,False,0.00000625,287.24,57284901,8,42
Resnet50_fvs_No_Noise_90k_RMSELoss_20260720_174345,Resnet50_fvs_No_Noise_90k_RMSELoss,RMSELoss,2026-07-20 17:43:45,90/200,2026-07-21 01:02:08,0.007577,0.062742,False,0.00000625,293.43,57284901,8,42
Resnet50_fvs_No_Noise_90k_RMSELoss_20260720_174345,Resnet50_fvs_No_Noise_90k_RMSELoss,RMSELoss,2026-07-20 17:43:45,91/200,2026-07-21 01:06:56,0.007539,0.062704,False,0.00000625,287.90,57284901,8,42
Resnet50_fvs_No_Noise_90k_RMSELoss_20260720_174345,Resnet50_fvs_No_Noise_90k_RMSELoss,RMSELoss,2026-07-20 17:43:45,92/200,2026-07-21 01:11:52,0.007510,0.062742,False,0.00000625,295.75,57284901,8,42
Resnet50_fvs_No_Noise_90k_RMSELoss_20260720_174345,Resnet50_fvs_No_Noise_90k_RMSELoss,RMSELoss,2026-07-20 17:43:45,93/200,2026-07-21 01:16:33,0.007478,0.062786,False,0.00000625,281.69,57284901,8,42
Resnet50_fvs_No_Noise_90k_RMSELoss_20260720_174345,Resnet50_fvs_No_Noise_90k_RMSELoss,RMSELoss,2026-07-20 17:43:45,94/200,2026-07-21 01:21:19,0.007423,0.062800,False,0.00000625,285.80,57284901,8,42
Resnet50_fvs_No_Noise_90k_RMSELoss_20260720_174345,Resnet50_fvs_No_Noise_90k_RMSELoss,RMSELoss,2026-07-20 17:43:45,95/200,2026-07-21 01:26:13,0.007422,0.062833,False,0.00000625,293.49,57284901,8,42
Resnet50_fvs_No_Noise_90k_RMSELoss_20260720_174345,Resnet50_fvs_No_Noise_90k_RMSELoss,RMSELoss,2026-07-20 17:43:45,96/200,2026-07-21 01:31:01,0.007367,0.062785,False,0.00000625,288.21,57284901,8,42
Resnet50_fvs_No_Noise_90k_RMSELoss_20260720_174345,Resnet50_fvs_No_Noise_90k_RMSELoss,RMSELoss,2026-07-20 17:43:45,97/200,2026-07-21 01:35:43,0.007333,0.062801,False,0.00000625,282.45,57284901,8,42
Resnet50_fvs_No_Noise_90k_RMSELoss_20260720_174345,Resnet50_fvs_No_Noise_90k_RMSELoss,RMSELoss,2026-07-20 17:43:45,98/200,2026-07-21 01:40:27,0.007284,0.062789,False,0.00000625,283.56,57284901,8,42
Resnet50_fvs_No_Noise_90k_RMSELoss_20260720_174345,Resnet50_fvs_No_Noise_90k_RMSELoss,RMSELoss,2026-07-20 17:43:45,99/200,2026-07-21 01:45:10,0.007253,0.062848,False,0.00000625,282.66,57284901,8,42
Resnet50_fvs_No_Noise_90k_RMSELoss_20260720_174345,Resnet50_fvs_No_Noise_90k_RMSELoss,RMSELoss,2026-07-20 17:43:45,100/200,2026-07-21 01:49:53,0.007244,0.062684,False,0.00000313,282.93,57284901,8,42
Resnet50_fvs_No_Noise_90k_RMSELoss_20260720_174345,Resnet50_fvs_No_Noise_90k_RMSELoss,RMSELoss,2026-07-20 17:43:45,101/200,2026-07-21 01:54:45,0.007034,0.062748,False,0.00000313,292.51,57284901,8,42
Resnet50_fvs_No_Noise_90k_RMSELoss_20260720_174345,Resnet50_fvs_No_Noise_90k_RMSELoss,RMSELoss,2026-07-20 17:43:45,102/200,2026-07-21 01:59:36,0.006908,0.062720,False,0.00000313,291.31,57284901,8,42
Resnet50_fvs_No_Noise_90k_RMSELoss_20260720_174345,Resnet50_fvs_No_Noise_90k_RMSELoss,RMSELoss,2026-07-20 17:43:45,103/200,2026-07-21 02:04:21,0.006853,0.062760,False,0.00000313,284.17,57284901,8,42
Resnet50_fvs_No_Noise_90k_RMSELoss_20260720_174345,Resnet50_fvs_No_Noise_90k_RMSELoss,RMSELoss,2026-07-20 17:43:45,104/200,2026-07-21 02:09:05,0.006802,0.062792,False,0.00000313,284.53,57284901,8,42
Resnet50_fvs_No_Noise_90k_RMSELoss_20260720_174345,Resnet50_fvs_No_Noise_90k_RMSELoss,RMSELoss,2026-07-20 17:43:45,105/200,2026-07-21 02:13:56,0.006768,0.062682,False,0.00000313,291.13,57284901,8,42
Resnet50_fvs_No_Noise_90k_RMSELoss_20260720_174345,Resnet50_fvs_No_Noise_90k_RMSELoss,RMSELoss,2026-07-20 17:43:45,106/200,2026-07-21 02:18:40,0.006765,0.062769,False,0.00000313,283.85,57284901,8,42
Resnet50_fvs_No_Noise_90k_RMSELoss_20260720_174345,Resnet50_fvs_No_Noise_90k_RMSELoss,RMSELoss,2026-07-20 17:43:45,107/200,2026-07-21 02:23:27,0.006734,0.062788,False,0.00000313,286.78,57284901,8,42
Resnet50_fvs_No_Noise_90k_RMSELoss_20260720_174345,Resnet50_fvs_No_Noise_90k_RMSELoss,RMSELoss,2026-07-20 17:43:45,108/200,2026-07-21 02:28:08,0.006712,0.062772,False,0.00000313,281.15,57284901,8,42
Resnet50_fvs_No_Noise_90k_RMSELoss_20260720_174345,Resnet50_fvs_No_Noise_90k_RMSELoss,RMSELoss,2026-07-20 17:43:45,109/200,2026-07-21 02:32:50,0.006685,0.062744,False,0.00000313,281.97,57284901,8,42
Resnet50_fvs_No_Noise_90k_RMSELoss_20260720_174345,Resnet50_fvs_No_Noise_90k_RMSELoss,RMSELoss,2026-07-20 17:43:45,110/200,2026-07-21 02:37:31,0.006664,0.062737,False,0.00000313,280.97,57284901,8,42
Resnet50_fvs_No_Noise_90k_RMSELoss_20260720_174345,Resnet50_fvs_No_Noise_90k_RMSELoss,RMSELoss,2026-07-20 17:43:45,111/200,2026-07-21 02:42:13,0.006636,0.062767,False,0.00000313,282.21,57284901,8,42
Resnet50_fvs_No_Noise_90k_RMSELoss_20260720_174345,Resnet50_fvs_No_Noise_90k_RMSELoss,RMSELoss,2026-07-20 17:43:45,112/200,2026-07-21 02:46:56,0.006622,0.062749,False,0.00000313,282.53,57284901,8,42
Resnet50_fvs_No_Noise_90k_RMSELoss_20260720_174345,Resnet50_fvs_No_Noise_90k_RMSELoss,RMSELoss,2026-07-20 17:43:45,113/200,2026-07-21 02:51:38,0.006617,0.062763,False,0.00000313,282.02,57284901,8,42
Resnet50_fvs_No_Noise_90k_RMSELoss_20260720_174345,Resnet50_fvs_No_Noise_90k_RMSELoss,RMSELoss,2026-07-20 17:43:45,114/200,2026-07-21 02:56:25,0.006581,0.062789,False,0.00000313,287.25,57284901,8,42
Resnet50_fvs_No_Noise_90k_RMSELoss_20260720_174345,Resnet50_fvs_No_Noise_90k_RMSELoss,RMSELoss,2026-07-20 17:43:45,115/200,2026-07-21 03:01:06,0.006554,0.062750,False,0.00000313,280.84,57284901,8,42
Resnet50_fvs_No_Noise_90k_RMSELoss_20260720_174345,Resnet50_fvs_No_Noise_90k_RMSELoss,RMSELoss,2026-07-20 17:43:45,116/200,2026-07-21 03:05:47,0.006556,0.062731,False,0.00000313,281.09,57284901,8,42
Resnet50_fvs_No_Noise_90k_RMSELoss_20260720_174345,Resnet50_fvs_No_Noise_90k_RMSELoss,RMSELoss,2026-07-20 17:43:45,117/200,2026-07-21 03:10:30,0.006532,0.062792,False,0.00000313,282.50,57284901,8,42
Resnet50_fvs_No_Noise_90k_RMSELoss_20260720_174345,Resnet50_fvs_No_Noise_90k_RMSELoss,RMSELoss,2026-07-20 17:43:45,118/200,2026-07-21 03:15:13,0.006526,0.062776,False,0.00000313,283.15,57284901,8,42
Resnet50_fvs_No_Noise_90k_RMSELoss_20260720_174345,Resnet50_fvs_No_Noise_90k_RMSELoss,RMSELoss,2026-07-20 17:43:45,119/200,2026-07-21 03:19:56,0.006501,0.062764,False,0.00000313,282.91,57284901,8,42
Resnet50_fvs_No_Noise_90k_RMSELoss_20260720_174345,Resnet50_fvs_No_Noise_90k_RMSELoss,RMSELoss,2026-07-20 17:43:45,120/200,2026-07-21 03:24:37,0.006491,0.062703,False,0.00000156,281.67,57284901,8,42
Resnet50_fvs_No_Noise_90k_RMSELoss_20260720_174345,Resnet50_fvs_No_Noise_90k_RMSELoss,RMSELoss,2026-07-20 17:43:45,121/200,2026-07-21 03:29:20,0.006405,0.062747,False,0.00000156,282.50,57284901,8,42
Resnet50_fvs_No_Noise_90k_RMSELoss_20260720_174345,Resnet50_fvs_No_Noise_90k_RMSELoss,RMSELoss,2026-07-20 17:43:45,122/200,2026-07-21 03:34:08,0.006359,0.062736,False,0.00000156,287.80,57284901,8,42
Resnet50_fvs_No_Noise_90k_RMSELoss_20260720_174345,Resnet50_fvs_No_Noise_90k_RMSELoss,RMSELoss,2026-07-20 17:43:45,123/200,2026-07-21 03:38:54,0.006335,0.062724,False,0.00000156,285.97,57284901,8,42
Resnet50_fvs_No_Noise_90k_RMSELoss_20260720_174345,Resnet50_fvs_No_Noise_90k_RMSELoss,RMSELoss,2026-07-20 17:43:45,124/200,2026-07-21 03:43:43,0.006309,0.062780,False,0.00000156,289.62,57284901,8,42
Resnet50_fvs_No_Noise_90k_RMSELoss_20260720_174345,Resnet50_fvs_No_Noise_90k_RMSELoss,RMSELoss,2026-07-20 17:43:45,125/200,2026-07-21 03:48:27,0.006289,0.062700,False,0.00000156,283.88,57284901,8,42
Resnet50_fvs_No_Noise_90k_RMSELoss_20260720_174345,Resnet50_fvs_No_Noise_90k_RMSELoss,RMSELoss,2026-07-20 17:43:45,126/200,2026-07-21 03:53:09,0.006280,0.062704,False,0.00000156,282.09,57284901,8,42
Resnet50_fvs_No_Noise_90k_RMSELoss_20260720_174345,Resnet50_fvs_No_Noise_90k_RMSELoss,RMSELoss,2026-07-20 17:43:45,127/200,2026-07-21 03:57:51,0.006258,0.062694,False,0.00000156,281.51,57284901,8,42
Resnet50_fvs_No_Noise_90k_RMSELoss_20260720_174345,Resnet50_fvs_No_Noise_90k_RMSELoss,RMSELoss,2026-07-20 17:43:45,128/200,2026-07-21 04:02:33,0.006249,0.062795,False,0.00000156,282.48,57284901,8,42
Resnet50_fvs_No_Noise_90k_RMSELoss_20260720_174345,Resnet50_fvs_No_Noise_90k_RMSELoss,RMSELoss,2026-07-20 17:43:45,129/200,2026-07-21 04:07:15,0.006243,0.062746,False,0.00000156,281.43,57284901,8,42
Resnet50_fvs_No_Noise_90k_RMSELoss_20260720_174345,Resnet50_fvs_No_Noise_90k_RMSELoss,RMSELoss,2026-07-20 17:43:45,130/200,2026-07-21 04:11:57,0.006235,0.062684,False,0.00000156,281.99,57284901,8,42
Resnet50_fvs_No_Noise_90k_RMSELoss_20260720_174345,Resnet50_fvs_No_Noise_90k_RMSELoss,RMSELoss,2026-07-20 17:43:45,131/200,2026-07-21 04:16:38,0.006220,0.062742,False,0.00000156,281.04,57284901,8,42
Resnet50_fvs_No_Noise_90k_RMSELoss_20260720_174345,Resnet50_fvs_No_Noise_90k_RMSELoss,RMSELoss,2026-07-20 17:43:45,132/200,2026-07-21 04:21:21,0.006202,0.062738,False,0.00000156,283.40,57284901,8,42
Resnet50_fvs_No_Noise_90k_RMSELoss_20260720_174345,Resnet50_fvs_No_Noise_90k_RMSELoss,RMSELoss,2026-07-20 17:43:45,133/200,2026-07-21 04:26:04,0.006185,0.062728,False,0.00000156,283.10,57284901,8,42
Resnet50_fvs_std0.1_90k_RMSELoss_20260803_051151,Resnet50_fvs_std0.1_90k_RMSELoss,RMSELoss,2026-08-03 05:11:51,1/200,2026-08-03 05:16:02,0.112175,0.113362,True,0.00010000,249.34,57284901,8,42
Resnet50_fvs_std0.1_90k_RMSELoss_20260803_051151,Resnet50_fvs_std0.1_90k_RMSELoss,RMSELoss,2026-08-03 05:11:51,2/200,2026-08-03 05:20:22,0.097768,0.100059,True,0.00010000,250.25,57284901,8,42
Resnet50_fvs_std0.1_90k_RMSELoss_20260803_051151,Resnet50_fvs_std0.1_90k_RMSELoss,RMSELoss,2026-08-03 05:11:51,3/200,2026-08-03 05:24:41,0.091912,0.113318,False,0.00010000,249.45,57284901,8,42
Resnet50_fvs_std0.1_90k_RMSELoss_20260803_051151,Resnet50_fvs_std0.1_90k_RMSELoss,RMSELoss,2026-08-03 05:11:51,4/200,2026-08-03 05:28:50,0.087974,0.097934,True,0.00010000,248.81,57284901,8,42
Resnet50_fvs_std0.1_90k_RMSELoss_20260803_051151,Resnet50_fvs_std0.1_90k_RMSELoss,RMSELoss,2026-08-03 05:11:51,5/200,2026-08-03 05:33:11,0.085039,0.100708,False,0.00010000,251.59,57284901,8,42
Resnet50_fvs_std0.1_90k_RMSELoss_20260803_051151,Resnet50_fvs_std0.1_90k_RMSELoss,RMSELoss,2026-08-03 05:11:51,6/200,2026-08-03 05:37:20,0.082601,0.096108,True,0.00010000,248.47,57284901,8,42
Resnet50_fvs_std0.1_90k_RMSELoss_20260803_051151,Resnet50_fvs_std0.1_90k_RMSELoss,RMSELoss,2026-08-03 05:11:51,7/200,2026-08-03 05:41:38,0.080444,0.090220,True,0.00010000,248.78,57284901,8,42
Resnet50_fvs_std0.1_90k_RMSELoss_20260803_051151,Resnet50_fvs_std0.1_90k_RMSELoss,RMSELoss,2026-08-03 05:11:51,8/200,2026-08-03 05:45:56,0.078675,0.096464,False,0.00010000,248.14,57284901,8,42
Resnet50_fvs_std0.1_90k_RMSELoss_20260803_051151,Resnet50_fvs_std0.1_90k_RMSELoss,RMSELoss,2026-08-03 05:11:51,9/200,2026-08-03 05:50:04,0.076680,0.094418,False,0.00010000,248.13,57284901,8,42
Resnet50_fvs_std0.1_90k_RMSELoss_20260803_051151,Resnet50_fvs_std0.1_90k_RMSELoss,RMSELoss,2026-08-03 05:11:51,10/200,2026-08-03 05:54:12,0.075137,0.092188,False,0.00010000,247.71,57284901,8,42
Resnet50_fvs_std0.1_90k_RMSELoss_20260803_051151,Resnet50_fvs_std0.1_90k_RMSELoss,RMSELoss,2026-08-03 05:11:51,11/200,2026-08-03 05:58:21,0.073217,0.089159,True,0.00010000,248.98,57284901,8,42
Resnet50_fvs_std0.1_90k_RMSELoss_20260803_051151,Resnet50_fvs_std0.1_90k_RMSELoss,RMSELoss,2026-08-03 05:11:51,12/200,2026-08-03 06:02:40,0.071687,0.093979,False,0.00010000,248.70,57284901,8,42
Resnet50_fvs_std0.1_90k_RMSELoss_20260803_051151,Resnet50_fvs_std0.1_90k_RMSELoss,RMSELoss,2026-08-03 05:11:51,13/200,2026-08-03 06:06:47,0.070186,0.095833,False,0.00010000,247.67,57284901,8,42
Resnet50_fvs_std0.1_90k_RMSELoss_20260803_051151,Resnet50_fvs_std0.1_90k_RMSELoss,RMSELoss,2026-08-03 05:11:51,14/200,2026-08-03 06:10:55,0.068812,0.089522,False,0.00010000,248.03,57284901,8,42
Resnet50_fvs_std0.1_90k_RMSELoss_20260803_051151,Resnet50_fvs_std0.1_90k_RMSELoss,RMSELoss,2026-08-03 05:11:51,15/200,2026-08-03 06:15:04,0.067606,0.088655,True,0.00010000,248.42,57284901,8,42
Resnet50_fvs_std0.1_90k_RMSELoss_20260803_051151,Resnet50_fvs_std0.1_90k_RMSELoss,RMSELoss,2026-08-03 05:11:51,16/200,2026-08-03 06:19:24,0.066095,0.094398,False,0.00010000,250.01,57284901,8,42
Resnet50_fvs_std0.1_90k_RMSELoss_20260803_051151,Resnet50_fvs_std0.1_90k_RMSELoss,RMSELoss,2026-08-03 05:11:51,17/200,2026-08-03 06:23:35,0.065086,0.096028,False,0.00010000,250.96,57284901,8,42
Resnet50_fvs_std0.1_90k_RMSELoss_20260803_051151,Resnet50_fvs_std0.1_90k_RMSELoss,RMSELoss,2026-08-03 05:11:51,18/200,2026-08-03 06:27:46,0.063664,0.092812,False,0.00010000,251.58,57284901,8,42
Resnet50_fvs_std0.1_90k_RMSELoss_20260803_051151,Resnet50_fvs_std0.1_90k_RMSELoss,RMSELoss,2026-08-03 05:11:51,19/200,2026-08-03 06:31:55,0.062489,0.088766,False,0.00010000,248.82,57284901,8,42
Resnet50_fvs_std0.1_90k_RMSELoss_20260803_051151,Resnet50_fvs_std0.1_90k_RMSELoss,RMSELoss,2026-08-03 05:11:51,20/200,2026-08-03 06:36:05,0.061405,0.089892,False,0.00005000,249.50,57284901,8,42
Resnet50_fvs_std0.1_90k_RMSELoss_20260803_051151,Resnet50_fvs_std0.1_90k_RMSELoss,RMSELoss,2026-08-03 05:11:51,21/200,2026-08-03 06:40:14,0.056243,0.087715,True,0.00005000,249.62,57284901,8,42
Resnet50_fvs_std0.1_90k_RMSELoss_20260803_051151,Resnet50_fvs_std0.1_90k_RMSELoss,RMSELoss,2026-08-03 05:11:51,22/200,2026-08-03 06:44:32,0.053984,0.085590,True,0.00005000,248.12,57284901,8,42
Resnet50_fvs_std0.1_90k_RMSELoss_20260803_051151,Resnet50_fvs_std0.1_90k_RMSELoss,RMSELoss,2026-08-03 05:11:51,23/200,2026-08-03 06:48:51,0.052591,0.086993,False,0.00005000,249.42,57284901,8,42
Resnet50_fvs_std0.1_90k_RMSELoss_20260803_051151,Resnet50_fvs_std0.1_90k_RMSELoss,RMSELoss,2026-08-03 05:11:51,24/200,2026-08-03 06:53:00,0.051389,0.090324,False,0.00005000,248.36,57284901,8,42
Resnet50_fvs_std0.1_90k_RMSELoss_20260803_051151,Resnet50_fvs_std0.1_90k_RMSELoss,RMSELoss,2026-08-03 05:11:51,25/200,2026-08-03 06:57:09,0.050442,0.087432,False,0.00005000,249.21,57284901,8,42
Resnet50_fvs_std0.1_90k_RMSELoss_20260803_051151,Resnet50_fvs_std0.1_90k_RMSELoss,RMSELoss,2026-08-03 05:11:51,26/200,2026-08-03 07:01:18,0.049430,0.090054,False,0.00005000,248.87,57284901,8,42
Resnet50_fvs_std0.1_90k_RMSELoss_20260803_051151,Resnet50_fvs_std0.1_90k_RMSELoss,RMSELoss,2026-08-03 05:11:51,27/200,2026-08-03 07:05:27,0.048748,0.090107,False,0.00005000,248.97,57284901,8,42
Resnet50_fvs_std0.1_90k_RMSELoss_20260803_051151,Resnet50_fvs_std0.1_90k_RMSELoss,RMSELoss,2026-08-03 05:11:51,28/200,2026-08-03 07:09:35,0.047788,0.095508,False,0.00005000,247.84,57284901,8,42
Resnet50_fvs_std0.1_90k_RMSELoss_20260803_051151,Resnet50_fvs_std0.1_90k_RMSELoss,RMSELoss,2026-08-03 05:11:51,29/200,2026-08-03 07:13:44,0.047096,0.085411,True,0.00005000,249.00,57284901,8,42
Resnet50_fvs_std0.1_90k_RMSELoss_20260803_051151,Resnet50_fvs_std0.1_90k_RMSELoss,RMSELoss,2026-08-03 05:11:51,30/200,2026-08-03 07:18:03,0.046484,0.084851,True,0.00005000,249.48,57284901,8,42
Resnet50_fvs_std0.1_90k_RMSELoss_20260803_051151,Resnet50_fvs_std0.1_90k_RMSELoss,RMSELoss,2026-08-03 05:11:51,31/200,2026-08-03 07:22:21,0.045770,0.087759,False,0.00005000,247.68,57284901,8,42
Resnet50_fvs_std0.1_90k_RMSELoss_20260803_051151,Resnet50_fvs_std0.1_90k_RMSELoss,RMSELoss,2026-08-03 05:11:51,32/200,2026-08-03 07:26:31,0.045016,0.085853,False,0.00005000,250.53,57284901,8,42
Resnet50_fvs_std0.1_90k_RMSELoss_20260803_051151,Resnet50_fvs_std0.1_90k_RMSELoss,RMSELoss,2026-08-03 05:11:51,33/200,2026-08-03 07:30:40,0.044325,0.090126,False,0.00005000,248.69,57284901,8,42
Resnet50_fvs_std0.1_90k_RMSELoss_20260803_051151,Resnet50_fvs_std0.1_90k_RMSELoss,RMSELoss,2026-08-03 05:11:51,34/200,2026-08-03 07:34:47,0.043794,0.092671,False,0.00005000,247.47,57284901,8,42
Resnet50_fvs_std0.1_90k_RMSELoss_20260803_051151,Resnet50_fvs_std0.1_90k_RMSELoss,RMSELoss,2026-08-03 05:11:51,35/200,2026-08-03 07:38:56,0.043143,0.093225,False,0.00005000,248.37,57284901,8,42
Resnet50_fvs_std0.1_90k_RMSELoss_20260803_051151,Resnet50_fvs_std0.1_90k_RMSELoss,RMSELoss,2026-08-03 05:11:51,36/200,2026-08-03 07:43:04,0.042643,0.089367,False,0.00005000,247.80,57284901,8,42
Resnet50_fvs_std0.1_90k_RMSELoss_20260803_051151,Resnet50_fvs_std0.1_90k_RMSELoss,RMSELoss,2026-08-03 05:11:51,37/200,2026-08-03 07:47:11,0.041994,0.085037,False,0.00005000,247.71,57284901,8,42
Resnet50_fvs_std0.1_90k_RMSELoss_20260803_051151,Resnet50_fvs_std0.1_90k_RMSELoss,RMSELoss,2026-08-03 05:11:51,38/200,2026-08-03 07:51:19,0.041601,0.085170,False,0.00005000,248.12,57284901,8,42
Resnet50_fvs_std0.1_90k_RMSELoss_20260803_051151,Resnet50_fvs_std0.1_90k_RMSELoss,RMSELoss,2026-08-03 05:11:51,39/200,2026-08-03 07:55:28,0.040946,0.085519,False,0.00005000,248.29,57284901,8,42
Resnet50_fvs_std0.1_90k_RMSELoss_20260803_051151,Resnet50_fvs_std0.1_90k_RMSELoss,RMSELoss,2026-08-03 05:11:51,40/200,2026-08-03 07:59:36,0.040315,0.087344,False,0.00002500,248.43,57284901,8,42
Resnet50_fvs_std0.1_90k_RMSELoss_20260803_051151,Resnet50_fvs_std0.1_90k_RMSELoss,RMSELoss,2026-08-03 05:11:51,41/200,2026-08-03 08:03:45,0.037554,0.083028,True,0.00002500,248.76,57284901,8,42
Resnet50_fvs_std0.1_90k_RMSELoss_20260803_051151,Resnet50_fvs_std0.1_90k_RMSELoss,RMSELoss,2026-08-03 05:11:51,42/200,2026-08-03 08:08:02,0.036346,0.083819,False,0.00002500,247.62,57284901,8,42
Resnet50_fvs_std0.1_90k_RMSELoss_20260803_051151,Resnet50_fvs_std0.1_90k_RMSELoss,RMSELoss,2026-08-03 05:11:51,43/200,2026-08-03 08:12:11,0.035496,0.086495,False,0.00002500,248.72,57284901,8,42
Resnet50_fvs_std0.1_90k_RMSELoss_20260803_051151,Resnet50_fvs_std0.1_90k_RMSELoss,RMSELoss,2026-08-03 05:11:51,44/200,2026-08-03 08:16:19,0.035101,0.085280,False,0.00002500,247.67,57284901,8,42
Resnet50_fvs_std0.1_90k_RMSELoss_20260803_051151,Resnet50_fvs_std0.1_90k_RMSELoss,RMSELoss,2026-08-03 05:11:51,45/200,2026-08-03 08:20:27,0.034673,0.084868,False,0.00002500,248.65,57284901,8,42
Resnet50_fvs_std0.1_90k_RMSELoss_20260803_051151,Resnet50_fvs_std0.1_90k_RMSELoss,RMSELoss,2026-08-03 05:11:51,46/200,2026-08-03 08:24:35,0.034204,0.086638,False,0.00002500,247.38,57284901,8,42
Resnet50_fvs_std0.1_90k_RMSELoss_20260803_051151,Resnet50_fvs_std0.1_90k_RMSELoss,RMSELoss,2026-08-03 05:11:51,47/200,2026-08-03 08:28:47,0.033893,0.086620,False,0.00002500,251.94,57284901,8,42
Resnet50_fvs_std0.1_90k_RMSELoss_20260803_051151,Resnet50_fvs_std0.1_90k_RMSELoss,RMSELoss,2026-08-03 05:11:51,48/200,2026-08-03 08:32:55,0.033349,0.086627,False,0.00002500,248.08,57284901,8,42
Resnet50_fvs_std0.1_90k_RMSELoss_20260803_051151,Resnet50_fvs_std0.1_90k_RMSELoss,RMSELoss,2026-08-03 05:11:51,49/200,2026-08-03 08:37:03,0.033159,0.086176,False,0.00002500,247.99,57284901,8,42
Resnet50_fvs_std0.1_90k_RMSELoss_20260803_051151,Resnet50_fvs_std0.1_90k_RMSELoss,RMSELoss,2026-08-03 05:11:51,50/200,2026-08-03 08:41:11,0.032690,0.085547,False,0.00002500,248.39,57284901,8,42
Resnet50_fvs_std0.1_90k_RMSELoss_20260803_051151,Resnet50_fvs_std0.1_90k_RMSELoss,RMSELoss,2026-08-03 05:11:51,51/200,2026-08-03 08:45:19,0.032430,0.083234,False,0.00002500,247.92,57284901,8,42
Resnet50_fvs_std0.1_90k_RMSELoss_20260803_051151,Resnet50_fvs_std0.1_90k_RMSELoss,RMSELoss,2026-08-03 05:11:51,52/200,2026-08-03 08:49:26,0.032121,0.083977,False,0.00002500,247.20,57284901,8,42
Resnet50_fvs_std0.1_90k_RMSELoss_20260803_051151,Resnet50_fvs_std0.1_90k_RMSELoss,RMSELoss,2026-08-03 05:11:51,53/200,2026-08-03 08:53:35,0.031835,0.084275,False,0.00002500,248.85,57284901,8,42
Resnet50_fvs_std0.1_90k_RMSELoss_20260803_051151,Resnet50_fvs_std0.1_90k_RMSELoss,RMSELoss,2026-08-03 05:11:51,54/200,2026-08-03 08:57:43,0.031583,0.085344,False,0.00002500,248.13,57284901,8,42
Resnet50_fvs_std0.1_90k_RMSELoss_20260803_051151,Resnet50_fvs_std0.1_90k_RMSELoss,RMSELoss,2026-08-03 05:11:51,55/200,2026-08-03 09:01:53,0.031191,0.082892,True,0.00002500,249.36,57284901,8,42
Resnet50_fvs_std0.1_90k_RMSELoss_20260803_051151,Resnet50_fvs_std0.1_90k_RMSELoss,RMSELoss,2026-08-03 05:11:51,56/200,2026-08-03 09:06:12,0.031060,0.084458,False,0.00002500,249.33,57284901,8,42
Resnet50_fvs_std0.1_90k_RMSELoss_20260803_051151,Resnet50_fvs_std0.1_90k_RMSELoss,RMSELoss,2026-08-03 05:11:51,57/200,2026-08-03 09:10:20,0.030699,0.082343,True,0.00002500,247.80,57284901,8,42
Resnet50_fvs_std0.1_90k_RMSELoss_20260803_051151,Resnet50_fvs_std0.1_90k_RMSELoss,RMSELoss,2026-08-03 05:11:51,58/200,2026-08-03 09:14:37,0.030459,0.081814,True,0.00002500,247.72,57284901,8,42
Resnet50_fvs_std0.1_90k_RMSELoss_20260803_051151,Resnet50_fvs_std0.1_90k_RMSELoss,RMSELoss,2026-08-03 05:11:51,59/200,2026-08-03 09:18:55,0.030246,0.082447,False,0.00002500,247.72,57284901,8,42
Resnet50_fvs_std0.1_90k_RMSELoss_20260803_051151,Resnet50_fvs_std0.1_90k_RMSELoss,RMSELoss,2026-08-03 05:11:51,60/200,2026-08-03 09:23:04,0.029959,0.081617,True,0.00001250,248.87,57284901,8,42
Resnet50_fvs_std0.1_90k_RMSELoss_20260803_051151,Resnet50_fvs_std0.1_90k_RMSELoss,RMSELoss,2026-08-03 05:11:51,61/200,2026-08-03 09:27:25,0.028628,0.081242,True,0.00001250,251.52,57284901,8,42
Resnet50_fvs_std0.1_90k_RMSELoss_20260803_051151,Resnet50_fvs_std0.1_90k_RMSELoss,RMSELoss,2026-08-03 05:11:51,62/200,2026-08-03 09:31:44,0.027852,0.081915,False,0.00001250,248.98,57284901,8,42
Resnet50_fvs_std0.1_90k_RMSELoss_20260803_051151,Resnet50_fvs_std0.1_90k_RMSELoss,RMSELoss,2026-08-03 05:11:51,63/200,2026-08-03 09:35:51,0.027646,0.081583,False,0.00001250,247.31,57284901,8,42
Resnet50_fvs_std0.1_90k_RMSELoss_20260803_051151,Resnet50_fvs_std0.1_90k_RMSELoss,RMSELoss,2026-08-03 05:11:51,64/200,2026-08-03 09:39:59,0.027397,0.082577,False,0.00001250,247.67,57284901,8,42
Resnet50_fvs_std0.1_90k_RMSELoss_20260803_051151,Resnet50_fvs_std0.1_90k_RMSELoss,RMSELoss,2026-08-03 05:11:51,65/200,2026-08-03 09:44:06,0.027194,0.082219,False,0.00001250,247.09,57284901,8,42
Resnet50_fvs_std0.1_90k_RMSELoss_20260803_051151,Resnet50_fvs_std0.1_90k_RMSELoss,RMSELoss,2026-08-03 05:11:51,66/200,2026-08-03 09:48:14,0.026971,0.081980,False,0.00001250,247.84,57284901,8,42
Resnet50_fvs_std0.1_90k_RMSELoss_20260803_051151,Resnet50_fvs_std0.1_90k_RMSELoss,RMSELoss,2026-08-03 05:11:51,67/200,2026-08-03 09:52:21,0.026909,0.082506,False,0.00001250,247.00,57284901,8,42
Resnet50_fvs_std0.1_90k_RMSELoss_20260803_051151,Resnet50_fvs_std0.1_90k_RMSELoss,RMSELoss,2026-08-03 05:11:51,68/200,2026-08-03 09:56:29,0.026661,0.081855,False,0.00001250,247.91,57284901,8,42
Resnet50_fvs_std0.1_90k_RMSELoss_20260803_051151,Resnet50_fvs_std0.1_90k_RMSELoss,RMSELoss,2026-08-03 05:11:51,69/200,2026-08-03 10:00:36,0.026453,0.083011,False,0.00001250,247.79,57284901,8,42
Resnet50_fvs_std0.1_90k_RMSELoss_20260803_051151,Resnet50_fvs_std0.1_90k_RMSELoss,RMSELoss,2026-08-03 05:11:51,70/200,2026-08-03 10:04:45,0.026253,0.079299,True,0.00001250,248.49,57284901,8,42
Resnet50_fvs_std0.1_90k_RMSELoss_20260803_051151,Resnet50_fvs_std0.1_90k_RMSELoss,RMSELoss,2026-08-03 05:11:51,71/200,2026-08-03 10:09:02,0.026083,0.081260,False,0.00001250,247.66,57284901,8,42
Resnet50_fvs_std0.1_90k_RMSELoss_20260803_051151,Resnet50_fvs_std0.1_90k_RMSELoss,RMSELoss,2026-08-03 05:11:51,72/200,2026-08-03 10:13:12,0.025990,0.082200,False,0.00001250,249.10,57284901,8,42
Resnet50_fvs_std0.1_90k_RMSELoss_20260803_051151,Resnet50_fvs_std0.1_90k_RMSELoss,RMSELoss,2026-08-03 05:11:51,73/200,2026-08-03 10:17:19,0.025874,0.081643,False,0.00001250,247.42,57284901,8,42
Resnet50_fvs_std0.1_90k_RMSELoss_20260803_051151,Resnet50_fvs_std0.1_90k_RMSELoss,RMSELoss,2026-08-03 05:11:51,74/200,2026-08-03 10:21:27,0.025678,0.081638,False,0.00001250,248.01,57284901,8,42
Resnet50_fvs_std0.1_90k_RMSELoss_20260803_051151,Resnet50_fvs_std0.1_90k_RMSELoss,RMSELoss,2026-08-03 05:11:51,75/200,2026-08-03 10:25:38,0.025584,0.081450,False,0.00001250,250.78,57284901,8,42
Resnet50_fvs_std0.1_90k_RMSELoss_20260803_051151,Resnet50_fvs_std0.1_90k_RMSELoss,RMSELoss,2026-08-03 05:11:51,76/200,2026-08-03 10:29:46,0.025519,0.080528,False,0.00001250,248.61,57284901,8,42
Resnet50_fvs_std0.1_90k_RMSELoss_20260803_051151,Resnet50_fvs_std0.1_90k_RMSELoss,RMSELoss,2026-08-03 05:11:51,77/200,2026-08-03 10:33:54,0.025369,0.081625,False,0.00001250,247.80,57284901,8,42
Resnet50_fvs_std0.1_90k_RMSELoss_20260803_051151,Resnet50_fvs_std0.1_90k_RMSELoss,RMSELoss,2026-08-03 05:11:51,78/200,2026-08-03 10:38:02,0.025172,0.081820,False,0.00001250,247.60,57284901,8,42
Resnet50_fvs_std0.1_90k_RMSELoss_20260803_051151,Resnet50_fvs_std0.1_90k_RMSELoss,RMSELoss,2026-08-03 05:11:51,79/200,2026-08-03 10:42:10,0.025064,0.081396,False,0.00001250,248.34,57284901,8,42
Resnet50_fvs_std0.1_90k_RMSELoss_20260803_051151,Resnet50_fvs_std0.1_90k_RMSELoss,RMSELoss,2026-08-03 05:11:51,80/200,2026-08-03 10:46:18,0.024919,0.080694,False,0.00000625,247.67,57284901,8,42
Resnet50_fvs_std0.1_90k_RMSELoss_20260803_051151,Resnet50_fvs_std0.1_90k_RMSELoss,RMSELoss,2026-08-03 05:11:51,81/200,2026-08-03 10:50:26,0.024259,0.081279,False,0.00000625,247.73,57284901,8,42
Resnet50_fvs_std0.1_90k_RMSELoss_20260803_051151,Resnet50_fvs_std0.1_90k_RMSELoss,RMSELoss,2026-08-03 05:11:51,82/200,2026-08-03 10:54:35,0.023967,0.081513,False,0.00000625,249.18,57284901,8,42
Resnet50_fvs_std0.1_90k_RMSELoss_20260803_051151,Resnet50_fvs_std0.1_90k_RMSELoss,RMSELoss,2026-08-03 05:11:51,83/200,2026-08-03 10:58:43,0.023790,0.081657,False,0.00000625,248.55,57284901,8,42
Resnet50_fvs_std0.1_90k_RMSELoss_20260803_051151,Resnet50_fvs_std0.1_90k_RMSELoss,RMSELoss,2026-08-03 05:11:51,84/200,2026-08-03 11:02:51,0.023575,0.080646,False,0.00000625,247.61,57284901,8,42
Resnet50_fvs_std0.1_90k_RMSELoss_20260803_051151,Resnet50_fvs_std0.1_90k_RMSELoss,RMSELoss,2026-08-03 05:11:51,85/200,2026-08-03 11:06:58,0.023609,0.080999,False,0.00000625,247.44,57284901,8,42
Resnet50_fvs_std0.1_90k_RMSELoss_20260803_051151,Resnet50_fvs_std0.1_90k_RMSELoss,RMSELoss,2026-08-03 05:11:51,86/200,2026-08-03 11:11:06,0.023436,0.080789,False,0.00000625,248.08,57284901,8,42
Resnet50_fvs_std0.1_90k_RMSELoss_20260803_051151,Resnet50_fvs_std0.1_90k_RMSELoss,RMSELoss,2026-08-03 05:11:51,87/200,2026-08-03 11:15:15,0.023457,0.081908,False,0.00000625,248.13,57284901,8,42
Resnet50_fvs_std0.1_90k_RMSELoss_20260803_051151,Resnet50_fvs_std0.1_90k_RMSELoss,RMSELoss,2026-08-03 05:11:51,88/200,2026-08-03 11:19:22,0.023324,0.080995,False,0.00000625,247.69,57284901,8,42
Resnet50_fvs_std0.1_90k_RMSELoss_20260803_051151,Resnet50_fvs_std0.1_90k_RMSELoss,RMSELoss,2026-08-03 05:11:51,89/200,2026-08-03 11:23:32,0.023289,0.081054,False,0.00000625,249.91,57284901,8,42
Resnet50_fvs_std0.1_90k_RMSELoss_20260803_051151,Resnet50_fvs_std0.1_90k_RMSELoss,RMSELoss,2026-08-03 05:11:51,90/200,2026-08-03 11:27:39,0.023052,0.080558,False,0.00000625,247.13,57284901,8,42
Resnet50_fvs_std0.1_90k_RMSELoss_20260803_051151,Resnet50_fvs_std0.1_90k_RMSELoss,RMSELoss,2026-08-03 05:11:51,91/200,2026-08-03 11:31:47,0.023015,0.080418,False,0.00000625,247.50,57284901,8,42
Resnet50_fvs_std0.1_90k_RMSELoss_20260803_051151,Resnet50_fvs_std0.1_90k_RMSELoss,RMSELoss,2026-08-03 05:11:51,92/200,2026-08-03 11:35:55,0.022946,0.081164,False,0.00000625,247.99,57284901,8,42
Resnet50_fvs_std0.1_90k_RMSELoss_20260803_051151,Resnet50_fvs_std0.1_90k_RMSELoss,RMSELoss,2026-08-03 05:11:51,93/200,2026-08-03 11:40:03,0.022997,0.080465,False,0.00000625,248.38,57284901,8,42
Resnet50_fvs_std0.1_90k_RMSELoss_20260803_051151,Resnet50_fvs_std0.1_90k_RMSELoss,RMSELoss,2026-08-03 05:11:51,94/200,2026-08-03 11:44:11,0.022849,0.080392,False,0.00000625,247.48,57284901,8,42
Resnet50_fvs_std0.1_90k_RMSELoss_20260803_051151,Resnet50_fvs_std0.1_90k_RMSELoss,RMSELoss,2026-08-03 05:11:51,95/200,2026-08-03 11:48:20,0.022805,0.080962,False,0.00000625,249.13,57284901,8,42
Resnet50_fvs_std0.1_90k_RMSELoss_20260803_051151,Resnet50_fvs_std0.1_90k_RMSELoss,RMSELoss,2026-08-03 05:11:51,96/200,2026-08-03 11:52:28,0.022660,0.080144,False,0.00000625,247.78,57284901,8,42
Resnet50_fvs_std0.1_90k_RMSELoss_20260803_051151,Resnet50_fvs_std0.1_90k_RMSELoss,RMSELoss,2026-08-03 05:11:51,97/200,2026-08-03 11:56:36,0.022632,0.079802,False,0.00000625,248.67,57284901,8,42
Resnet50_fvs_std0.1_90k_RMSELoss_20260803_051151,Resnet50_fvs_std0.1_90k_RMSELoss,RMSELoss,2026-08-03 05:11:51,98/200,2026-08-03 12:00:45,0.022622,0.080098,False,0.00000625,248.38,57284901,8,42
Resnet50_fvs_std0.1_90k_RMSELoss_20260803_051151,Resnet50_fvs_std0.1_90k_RMSELoss,RMSELoss,2026-08-03 05:11:51,99/200,2026-08-03 12:04:53,0.022512,0.080871,False,0.00000625,247.96,57284901,8,42
Resnet50_fvs_std0.1_90k_RMSELoss_20260803_051151,Resnet50_fvs_std0.1_90k_RMSELoss,RMSELoss,2026-08-03 05:11:51,100/200,2026-08-03 12:09:00,0.022477,0.079814,False,0.00000313,247.31,57284901,8,42
Resnet50_fvs_std0.1_90k_RMSELoss_20260803_051151,Resnet50_fvs_std0.1_90k_RMSELoss,RMSELoss,2026-08-03 05:11:51,101/200,2026-08-03 12:13:08,0.022016,0.079780,False,0.00000313,247.95,57284901,8,42
Resnet50_fvs_std0.1_90k_RMSELoss_20260803_051151,Resnet50_fvs_std0.1_90k_RMSELoss,RMSELoss,2026-08-03 05:11:51,102/200,2026-08-03 12:17:16,0.022057,0.080284,False,0.00000313,248.30,57284901,8,42
Resnet50_fvs_std0.1_90k_RMSELoss_20260803_051151,Resnet50_fvs_std0.1_90k_RMSELoss,RMSELoss,2026-08-03 05:11:51,103/200,2026-08-03 12:21:24,0.021930,0.081328,False,0.00000313,247.43,57284901,8,42
Resnet50_fvs_std0.1_90k_RMSELoss_20260803_051151,Resnet50_fvs_std0.1_90k_RMSELoss,RMSELoss,2026-08-03 05:11:51,104/200,2026-08-03 12:25:32,0.021834,0.080357,False,0.00000313,248.35,57284901,8,42
Resnet50_fvs_std0.1_90k_RMSELoss_20260803_051151,Resnet50_fvs_std0.1_90k_RMSELoss,RMSELoss,2026-08-03 05:11:51,105/200,2026-08-03 12:29:41,0.021696,0.080331,False,0.00000313,249.13,57284901,8,42
Resnet50_fvs_std0.1_90k_RMSELoss_20260803_051151,Resnet50_fvs_std0.1_90k_RMSELoss,RMSELoss,2026-08-03 05:11:51,106/200,2026-08-03 12:33:48,0.021728,0.079745,False,0.00000313,246.84,57284901,8,42
Resnet50_fvs_std0.1_90k_RMSELoss_20260803_051151,Resnet50_fvs_std0.1_90k_RMSELoss,RMSELoss,2026-08-03 05:11:51,107/200,2026-08-03 12:37:56,0.021780,0.080173,False,0.00000313,248.07,57284901,8,42
Resnet50_fvs_std0.1_90k_RMSELoss_20260803_051151,Resnet50_fvs_std0.1_90k_RMSELoss,RMSELoss,2026-08-03 05:11:51,108/200,2026-08-03 12:42:04,0.021605,0.079588,False,0.00000313,247.78,57284901,8,42
Resnet50_fvs_std0.1_90k_RMSELoss_20260803_051151,Resnet50_fvs_std0.1_90k_RMSELoss,RMSELoss,2026-08-03 05:11:51,109/200,2026-08-03 12:46:14,0.021621,0.079506,False,0.00000313,249.65,57284901,8,42
Resnet50_fvs_std0.1_90k_RMSELoss_20260803_051151,Resnet50_fvs_std0.1_90k_RMSELoss,RMSELoss,2026-08-03 05:11:51,110/200,2026-08-03 12:50:22,0.021500,0.079726,False,0.00000313,248.34,57284901,8,42
Resnet50_fvs_std0.1_90k_RMSELoss_20260803_051151,Resnet50_fvs_std0.1_90k_RMSELoss,RMSELoss,2026-08-03 05:11:51,111/200,2026-08-03 12:54:33,0.021460,0.079663,False,0.00000313,250.56,57284901,8,42
Resnet50_fvs_std0.1_90k_RMSELoss_20260803_051151,Resnet50_fvs_std0.1_90k_RMSELoss,RMSELoss,2026-08-03 05:11:51,112/200,2026-08-03 12:58:41,0.021463,0.080776,False,0.00000313,248.31,57284901,8,42
Resnet50_fvs_std0.1_90k_RMSELoss_20260803_051151,Resnet50_fvs_std0.1_90k_RMSELoss,RMSELoss,2026-08-03 05:11:51,113/200,2026-08-03 13:02:48,0.021413,0.080682,False,0.00000313,247.35,57284901,8,42
Resnet50_fvs_std0.1_90k_RMSELoss_20260803_051151,Resnet50_fvs_std0.1_90k_RMSELoss,RMSELoss,2026-08-03 05:11:51,114/200,2026-08-03 13:06:57,0.021438,0.079698,False,0.00000313,248.91,57284901,8,42
Resnet50_fvs_std0.1_90k_RMSELoss_20260803_051151,Resnet50_fvs_std0.1_90k_RMSELoss,RMSELoss,2026-08-03 05:11:51,115/200,2026-08-03 13:11:06,0.021334,0.080421,False,0.00000313,249.00,57284901,8,42
Resnet50_fvs_std0.02_90k_RMSELoss_20260728_005745,Resnet50_fvs_std0.02_90k_RMSELoss,RMSELoss,2026-07-28 00:57:45,1/200,2026-07-28 01:01:53,0.110864,0.096197,True,0.00010000,247.42,57284901,8,42
Resnet50_fvs_std0.02_90k_RMSELoss_20260728_005745,Resnet50_fvs_std0.02_90k_RMSELoss,RMSELoss,2026-07-28 00:57:45,2/200,2026-07-28 01:06:13,0.094895,0.090758,True,0.00010000,249.96,57284901,8,42
Resnet50_fvs_std0.02_90k_RMSELoss_20260728_005745,Resnet50_fvs_std0.02_90k_RMSELoss,RMSELoss,2026-07-28 00:57:45,3/200,2026-07-28 01:10:32,0.088183,0.088436,True,0.00010000,249.63,57284901,8,42
Resnet50_fvs_std0.02_90k_RMSELoss_20260728_005745,Resnet50_fvs_std0.02_90k_RMSELoss,RMSELoss,2026-07-28 00:57:45,4/200,2026-07-28 01:14:55,0.083418,0.081509,True,0.00010000,252.62,57284901,8,42
Resnet50_fvs_std0.02_90k_RMSELoss_20260728_005745,Resnet50_fvs_std0.02_90k_RMSELoss,RMSELoss,2026-07-28 00:57:45,5/200,2026-07-28 01:19:14,0.079959,0.081032,True,0.00010000,249.70,57284901,8,42
Resnet50_fvs_std0.02_90k_RMSELoss_20260728_005745,Resnet50_fvs_std0.02_90k_RMSELoss,RMSELoss,2026-07-28 00:57:45,6/200,2026-07-28 01:23:33,0.076684,0.076857,True,0.00010000,248.54,57284901,8,42
Resnet50_fvs_std0.02_90k_RMSELoss_20260728_005745,Resnet50_fvs_std0.02_90k_RMSELoss,RMSELoss,2026-07-28 00:57:45,7/200,2026-07-28 01:27:51,0.073847,0.075830,True,0.00010000,248.85,57284901,8,42
Resnet50_fvs_std0.02_90k_RMSELoss_20260728_005745,Resnet50_fvs_std0.02_90k_RMSELoss,RMSELoss,2026-07-28 00:57:45,8/200,2026-07-28 01:32:09,0.071087,0.075980,False,0.00010000,248.25,57284901,8,42
Resnet50_fvs_std0.02_90k_RMSELoss_20260728_005745,Resnet50_fvs_std0.02_90k_RMSELoss,RMSELoss,2026-07-28 00:57:45,9/200,2026-07-28 01:36:18,0.068380,0.075666,True,0.00010000,248.35,57284901,8,42
Resnet50_fvs_std0.02_90k_RMSELoss_20260728_005745,Resnet50_fvs_std0.02_90k_RMSELoss,RMSELoss,2026-07-28 00:57:45,10/200,2026-07-28 01:40:37,0.066178,0.075486,True,0.00010000,248.87,57284901,8,42
Resnet50_fvs_std0.02_90k_RMSELoss_20260728_005745,Resnet50_fvs_std0.02_90k_RMSELoss,RMSELoss,2026-07-28 00:57:45,11/200,2026-07-28 01:44:54,0.063491,0.072751,True,0.00010000,247.43,57284901,8,42
Resnet50_fvs_std0.02_90k_RMSELoss_20260728_005745,Resnet50_fvs_std0.02_90k_RMSELoss,RMSELoss,2026-07-28 00:57:45,12/200,2026-07-28 01:49:12,0.061563,0.072885,False,0.00010000,248.40,57284901,8,42
Resnet50_fvs_std0.02_90k_RMSELoss_20260728_005745,Resnet50_fvs_std0.02_90k_RMSELoss,RMSELoss,2026-07-28 00:57:45,13/200,2026-07-28 01:53:20,0.059829,0.071921,True,0.00010000,247.98,57284901,8,42
Resnet50_fvs_std0.02_90k_RMSELoss_20260728_005745,Resnet50_fvs_std0.02_90k_RMSELoss,RMSELoss,2026-07-28 00:57:45,14/200,2026-07-28 01:57:39,0.057991,0.073492,False,0.00010000,249.51,57284901,8,42
Resnet50_fvs_std0.02_90k_RMSELoss_20260728_005745,Resnet50_fvs_std0.02_90k_RMSELoss,RMSELoss,2026-07-28 00:57:45,15/200,2026-07-28 02:01:49,0.056245,0.072801,False,0.00010000,249.23,57284901,8,42
Resnet50_fvs_std0.02_90k_RMSELoss_20260728_005745,Resnet50_fvs_std0.02_90k_RMSELoss,RMSELoss,2026-07-28 00:57:45,16/200,2026-07-28 02:05:58,0.054481,0.070561,True,0.00010000,249.21,57284901,8,42
Resnet50_fvs_std0.02_90k_RMSELoss_20260728_005745,Resnet50_fvs_std0.02_90k_RMSELoss,RMSELoss,2026-07-28 00:57:45,17/200,2026-07-28 02:10:16,0.052999,0.070726,False,0.00010000,248.04,57284901,8,42
Resnet50_fvs_std0.02_90k_RMSELoss_20260728_005745,Resnet50_fvs_std0.02_90k_RMSELoss,RMSELoss,2026-07-28 00:57:45,18/200,2026-07-28 02:14:24,0.051482,0.070755,False,0.00010000,248.59,57284901,8,42
Resnet50_fvs_std0.02_90k_RMSELoss_20260728_005745,Resnet50_fvs_std0.02_90k_RMSELoss,RMSELoss,2026-07-28 00:57:45,19/200,2026-07-28 02:18:33,0.050225,0.071351,False,0.00010000,248.97,57284901,8,42
Resnet50_fvs_std0.02_90k_RMSELoss_20260728_005745,Resnet50_fvs_std0.02_90k_RMSELoss,RMSELoss,2026-07-28 00:57:45,20/200,2026-07-28 02:22:45,0.048856,0.070242,True,0.00005000,251.79,57284901,8,42
Resnet50_fvs_std0.02_90k_RMSELoss_20260728_005745,Resnet50_fvs_std0.02_90k_RMSELoss,RMSELoss,2026-07-28 00:57:45,21/200,2026-07-28 02:27:04,0.043242,0.067630,True,0.00005000,248.78,57284901,8,42
Resnet50_fvs_std0.02_90k_RMSELoss_20260728_005745,Resnet50_fvs_std0.02_90k_RMSELoss,RMSELoss,2026-07-28 00:57:45,22/200,2026-07-28 02:31:22,0.039953,0.067194,True,0.00005000,248.24,57284901,8,42
Resnet50_fvs_std0.02_90k_RMSELoss_20260728_005745,Resnet50_fvs_std0.02_90k_RMSELoss,RMSELoss,2026-07-28 00:57:45,23/200,2026-07-28 02:35:41,0.038488,0.066703,True,0.00005000,248.99,57284901,8,42
Resnet50_fvs_std0.02_90k_RMSELoss_20260728_005745,Resnet50_fvs_std0.02_90k_RMSELoss,RMSELoss,2026-07-28 00:57:45,24/200,2026-07-28 02:39:59,0.037113,0.066866,False,0.00005000,248.35,57284901,8,42
Resnet50_fvs_std0.02_90k_RMSELoss_20260728_005745,Resnet50_fvs_std0.02_90k_RMSELoss,RMSELoss,2026-07-28 00:57:45,25/200,2026-07-28 02:44:08,0.036024,0.067210,False,0.00005000,248.98,57284901,8,42
Resnet50_fvs_std0.02_90k_RMSELoss_20260728_005745,Resnet50_fvs_std0.02_90k_RMSELoss,RMSELoss,2026-07-28 00:57:45,26/200,2026-07-28 02:48:16,0.034986,0.066370,True,0.00005000,248.49,57284901,8,42
Resnet50_fvs_std0.02_90k_RMSELoss_20260728_005745,Resnet50_fvs_std0.02_90k_RMSELoss,RMSELoss,2026-07-28 00:57:45,27/200,2026-07-28 02:52:35,0.034000,0.066599,False,0.00005000,248.74,57284901,8,42
Resnet50_fvs_std0.02_90k_RMSELoss_20260728_005745,Resnet50_fvs_std0.02_90k_RMSELoss,RMSELoss,2026-07-28 00:57:45,28/200,2026-07-28 02:56:44,0.033154,0.066669,False,0.00005000,249.32,57284901,8,42
Resnet50_fvs_std0.02_90k_RMSELoss_20260728_005745,Resnet50_fvs_std0.02_90k_RMSELoss,RMSELoss,2026-07-28 00:57:45,29/200,2026-07-28 03:00:53,0.032366,0.066496,False,0.00005000,248.79,57284901,8,42
Resnet50_fvs_std0.02_90k_RMSELoss_20260728_005745,Resnet50_fvs_std0.02_90k_RMSELoss,RMSELoss,2026-07-28 00:57:45,30/200,2026-07-28 03:05:03,0.031606,0.066660,False,0.00005000,250.11,57284901,8,42
Resnet50_fvs_std0.02_90k_RMSELoss_20260728_005745,Resnet50_fvs_std0.02_90k_RMSELoss,RMSELoss,2026-07-28 00:57:45,31/200,2026-07-28 03:09:12,0.030934,0.066670,False,0.00005000,249.13,57284901,8,42
Resnet50_fvs_std0.02_90k_RMSELoss_20260728_005745,Resnet50_fvs_std0.02_90k_RMSELoss,RMSELoss,2026-07-28 00:57:45,32/200,2026-07-28 03:13:21,0.030276,0.066233,True,0.00005000,248.67,57284901,8,42
Resnet50_fvs_std0.02_90k_RMSELoss_20260728_005745,Resnet50_fvs_std0.02_90k_RMSELoss,RMSELoss,2026-07-28 00:57:45,33/200,2026-07-28 03:17:39,0.029606,0.066972,False,0.00005000,248.26,57284901,8,42
Resnet50_fvs_std0.02_90k_RMSELoss_20260728_005745,Resnet50_fvs_std0.02_90k_RMSELoss,RMSELoss,2026-07-28 00:57:45,34/200,2026-07-28 03:21:51,0.028989,0.066400,False,0.00005000,251.62,57284901,8,42
Resnet50_fvs_std0.02_90k_RMSELoss_20260728_005745,Resnet50_fvs_std0.02_90k_RMSELoss,RMSELoss,2026-07-28 00:57:45,35/200,2026-07-28 03:25:59,0.028401,0.066445,False,0.00005000,248.41,57284901,8,42
Resnet50_fvs_std0.02_90k_RMSELoss_20260728_005745,Resnet50_fvs_std0.02_90k_RMSELoss,RMSELoss,2026-07-28 00:57:45,36/200,2026-07-28 03:30:08,0.027856,0.066393,False,0.00005000,249.17,57284901,8,42
Resnet50_fvs_std0.02_90k_RMSELoss_20260728_005745,Resnet50_fvs_std0.02_90k_RMSELoss,RMSELoss,2026-07-28 00:57:45,37/200,2026-07-28 03:34:18,0.027310,0.066502,False,0.00005000,249.08,57284901,8,42
Resnet50_fvs_std0.02_90k_RMSELoss_20260728_005745,Resnet50_fvs_std0.02_90k_RMSELoss,RMSELoss,2026-07-28 00:57:45,38/200,2026-07-28 03:38:26,0.026846,0.066049,True,0.00005000,248.64,57284901,8,42
Resnet50_fvs_std0.02_90k_RMSELoss_20260728_005745,Resnet50_fvs_std0.02_90k_RMSELoss,RMSELoss,2026-07-28 00:57:45,39/200,2026-07-28 03:42:46,0.026323,0.066558,False,0.00005000,249.49,57284901,8,42
Resnet50_fvs_std0.02_90k_RMSELoss_20260728_005745,Resnet50_fvs_std0.02_90k_RMSELoss,RMSELoss,2026-07-28 00:57:45,40/200,2026-07-28 03:46:54,0.025970,0.066136,False,0.00002500,248.08,57284901,8,42
Resnet50_fvs_std0.02_90k_RMSELoss_20260728_005745,Resnet50_fvs_std0.02_90k_RMSELoss,RMSELoss,2026-07-28 00:57:45,41/200,2026-07-28 03:51:03,0.023470,0.065420,True,0.00002500,248.94,57284901,8,42
Resnet50_fvs_std0.02_90k_RMSELoss_20260728_005745,Resnet50_fvs_std0.02_90k_RMSELoss,RMSELoss,2026-07-28 00:57:45,42/200,2026-07-28 03:55:20,0.021668,0.065194,True,0.00002500,248.06,57284901,8,42
Resnet50_fvs_std0.02_90k_RMSELoss_20260728_005745,Resnet50_fvs_std0.02_90k_RMSELoss,RMSELoss,2026-07-28 00:57:45,43/200,2026-07-28 03:59:40,0.021062,0.065100,True,0.00002500,249.48,57284901,8,42
Resnet50_fvs_std0.02_90k_RMSELoss_20260728_005745,Resnet50_fvs_std0.02_90k_RMSELoss,RMSELoss,2026-07-28 00:57:45,44/200,2026-07-28 04:03:58,0.020541,0.065207,False,0.00002500,248.02,57284901,8,42
Resnet50_fvs_std0.02_90k_RMSELoss_20260728_005745,Resnet50_fvs_std0.02_90k_RMSELoss,RMSELoss,2026-07-28 00:57:45,45/200,2026-07-28 04:08:06,0.020137,0.065315,False,0.00002500,248.78,57284901,8,42
Resnet50_fvs_std0.02_90k_RMSELoss_20260728_005745,Resnet50_fvs_std0.02_90k_RMSELoss,RMSELoss,2026-07-28 00:57:45,46/200,2026-07-28 04:12:16,0.019817,0.065250,False,0.00002500,249.31,57284901,8,42
Resnet50_fvs_std0.02_90k_RMSELoss_20260728_005745,Resnet50_fvs_std0.02_90k_RMSELoss,RMSELoss,2026-07-28 00:57:45,47/200,2026-07-28 04:16:24,0.019477,0.065198,False,0.00002500,248.65,57284901,8,42
Resnet50_fvs_std0.02_90k_RMSELoss_20260728_005745,Resnet50_fvs_std0.02_90k_RMSELoss,RMSELoss,2026-07-28 00:57:45,48/200,2026-07-28 04:20:34,0.019214,0.065317,False,0.00002500,249.08,57284901,8,42
Resnet50_fvs_std0.02_90k_RMSELoss_20260728_005745,Resnet50_fvs_std0.02_90k_RMSELoss,RMSELoss,2026-07-28 00:57:45,49/200,2026-07-28 04:24:46,0.018911,0.065014,True,0.00002500,251.96,57284901,8,42
Resnet50_fvs_std0.02_90k_RMSELoss_20260728_005745,Resnet50_fvs_std0.02_90k_RMSELoss,RMSELoss,2026-07-28 00:57:45,50/200,2026-07-28 04:29:05,0.018707,0.065370,False,0.00002500,249.61,57284901,8,42
Resnet50_fvs_std0.02_90k_RMSELoss_20260728_005745,Resnet50_fvs_std0.02_90k_RMSELoss,RMSELoss,2026-07-28 00:57:45,51/200,2026-07-28 04:33:14,0.018399,0.065398,False,0.00002500,249.00,57284901,8,42
Resnet50_fvs_std0.02_90k_RMSELoss_20260728_005745,Resnet50_fvs_std0.02_90k_RMSELoss,RMSELoss,2026-07-28 00:57:45,52/200,2026-07-28 04:37:23,0.018187,0.065291,False,0.00002500,249.35,57284901,8,42
Resnet50_fvs_std0.02_90k_RMSELoss_20260728_005745,Resnet50_fvs_std0.02_90k_RMSELoss,RMSELoss,2026-07-28 00:57:45,53/200,2026-07-28 04:41:32,0.017972,0.065440,False,0.00002500,248.93,57284901,8,42
Resnet50_fvs_std0.02_90k_RMSELoss_20260728_005745,Resnet50_fvs_std0.02_90k_RMSELoss,RMSELoss,2026-07-28 00:57:45,54/200,2026-07-28 04:45:41,0.017726,0.065025,False,0.00002500,248.21,57284901,8,42
Resnet50_fvs_std0.02_90k_RMSELoss_20260728_005745,Resnet50_fvs_std0.02_90k_RMSELoss,RMSELoss,2026-07-28 00:57:45,55/200,2026-07-28 04:49:49,0.017554,0.065336,False,0.00002500,248.24,57284901,8,42
Resnet50_fvs_std0.02_90k_RMSELoss_20260728_005745,Resnet50_fvs_std0.02_90k_RMSELoss,RMSELoss,2026-07-28 00:57:45,56/200,2026-07-28 04:53:57,0.017321,0.065384,False,0.00002500,248.52,57284901,8,42
Resnet50_fvs_std0.02_90k_RMSELoss_20260728_005745,Resnet50_fvs_std0.02_90k_RMSELoss,RMSELoss,2026-07-28 00:57:45,57/200,2026-07-28 04:58:08,0.017109,0.064801,True,0.00002500,250.55,57284901,8,42
Resnet50_fvs_std0.02_90k_RMSELoss_20260728_005745,Resnet50_fvs_std0.02_90k_RMSELoss,RMSELoss,2026-07-28 00:57:45,58/200,2026-07-28 05:02:27,0.016991,0.064976,False,0.00002500,248.81,57284901,8,42
Resnet50_fvs_std0.02_90k_RMSELoss_20260728_005745,Resnet50_fvs_std0.02_90k_RMSELoss,RMSELoss,2026-07-28 00:57:45,59/200,2026-07-28 05:06:38,0.016866,0.065010,False,0.00002500,251.12,57284901,8,42
Resnet50_fvs_std0.02_90k_RMSELoss_20260728_005745,Resnet50_fvs_std0.02_90k_RMSELoss,RMSELoss,2026-07-28 00:57:45,60/200,2026-07-28 05:10:47,0.016590,0.065089,False,0.00001250,249.76,57284901,8,42
Resnet50_fvs_std0.02_90k_RMSELoss_20260728_005745,Resnet50_fvs_std0.02_90k_RMSELoss,RMSELoss,2026-07-28 00:57:45,61/200,2026-07-28 05:14:57,0.015502,0.064842,False,0.00001250,249.37,57284901,8,42
Resnet50_fvs_std0.02_90k_RMSELoss_20260728_005745,Resnet50_fvs_std0.02_90k_RMSELoss,RMSELoss,2026-07-28 00:57:45,62/200,2026-07-28 05:19:06,0.014776,0.065037,False,0.00001250,249.49,57284901,8,42
Resnet50_fvs_std0.02_90k_RMSELoss_20260728_005745,Resnet50_fvs_std0.02_90k_RMSELoss,RMSELoss,2026-07-28 00:57:45,63/200,2026-07-28 05:23:19,0.014474,0.064748,True,0.00001250,252.85,57284901,8,42
Resnet50_fvs_std0.02_90k_RMSELoss_20260728_005745,Resnet50_fvs_std0.02_90k_RMSELoss,RMSELoss,2026-07-28 00:57:45,64/200,2026-07-28 05:27:38,0.014303,0.064771,False,0.00001250,248.99,57284901,8,42
Resnet50_fvs_std0.02_90k_RMSELoss_20260728_005745,Resnet50_fvs_std0.02_90k_RMSELoss,RMSELoss,2026-07-28 00:57:45,65/200,2026-07-28 05:31:48,0.014134,0.065027,False,0.00001250,249.55,57284901,8,42
Resnet50_fvs_std0.02_90k_RMSELoss_20260728_005745,Resnet50_fvs_std0.02_90k_RMSELoss,RMSELoss,2026-07-28 00:57:45,66/200,2026-07-28 05:35:57,0.014013,0.064908,False,0.00001250,249.71,57284901,8,42
Resnet50_fvs_std0.02_90k_RMSELoss_20260728_005745,Resnet50_fvs_std0.02_90k_RMSELoss,RMSELoss,2026-07-28 00:57:45,67/200,2026-07-28 05:40:07,0.013896,0.064849,False,0.00001250,249.53,57284901,8,42
Resnet50_fvs_std0.02_90k_RMSELoss_20260728_005745,Resnet50_fvs_std0.02_90k_RMSELoss,RMSELoss,2026-07-28 00:57:45,68/200,2026-07-28 05:44:15,0.013740,0.064818,False,0.00001250,248.25,57284901,8,42
Resnet50_fvs_std0.02_90k_RMSELoss_20260728_005745,Resnet50_fvs_std0.02_90k_RMSELoss,RMSELoss,2026-07-28 00:57:45,69/200,2026-07-28 05:48:24,0.013608,0.065121,False,0.00001250,249.42,57284901,8,42
Resnet50_fvs_std0.02_90k_RMSELoss_20260728_005745,Resnet50_fvs_std0.02_90k_RMSELoss,RMSELoss,2026-07-28 00:57:45,70/200,2026-07-28 05:52:33,0.013534,0.064967,False,0.00001250,248.03,57284901,8,42
Resnet50_fvs_std0.02_90k_RMSELoss_20260728_005745,Resnet50_fvs_std0.02_90k_RMSELoss,RMSELoss,2026-07-28 00:57:45,71/200,2026-07-28 05:56:41,0.013444,0.064796,False,0.00001250,248.13,57284901,8,42
Resnet50_fvs_std0.02_90k_RMSELoss_20260728_005745,Resnet50_fvs_std0.02_90k_RMSELoss,RMSELoss,2026-07-28 00:57:45,72/200,2026-07-28 06:00:50,0.013305,0.064841,False,0.00001250,249.25,57284901,8,42
Resnet50_fvs_std0.02_90k_RMSELoss_20260728_005745,Resnet50_fvs_std0.02_90k_RMSELoss,RMSELoss,2026-07-28 00:57:45,73/200,2026-07-28 06:04:58,0.013239,0.065056,False,0.00001250,248.23,57284901,8,42
Resnet50_fvs_std0.02_90k_RMSELoss_20260728_005745,Resnet50_fvs_std0.02_90k_RMSELoss,RMSELoss,2026-07-28 00:57:45,74/200,2026-07-28 06:09:08,0.013109,0.064976,False,0.00001250,250.18,57284901,8,42
Resnet50_fvs_std0.02_90k_RMSELoss_20260728_005745,Resnet50_fvs_std0.02_90k_RMSELoss,RMSELoss,2026-07-28 00:57:45,75/200,2026-07-28 06:13:19,0.012995,0.064897,False,0.00001250,250.16,57284901,8,42
Resnet50_fvs_std0.02_90k_RMSELoss_20260728_005745,Resnet50_fvs_std0.02_90k_RMSELoss,RMSELoss,2026-07-28 00:57:45,76/200,2026-07-28 06:17:27,0.012974,0.064877,False,0.00001250,248.36,57284901,8,42
Resnet50_fvs_std0.02_90k_RMSELoss_20260728_005745,Resnet50_fvs_std0.02_90k_RMSELoss,RMSELoss,2026-07-28 00:57:45,77/200,2026-07-28 06:21:40,0.012841,0.064932,False,0.00001250,252.89,57284901,8,42
Resnet50_fvs_std0.02_90k_RMSELoss_20260728_005745,Resnet50_fvs_std0.02_90k_RMSELoss,RMSELoss,2026-07-28 00:57:45,78/200,2026-07-28 06:25:49,0.012743,0.064905,False,0.00001250,249.35,57284901,8,42
Resnet50_fvs_std0.02_90k_RMSELoss_20260728_005745,Resnet50_fvs_std0.02_90k_RMSELoss,RMSELoss,2026-07-28 00:57:45,79/200,2026-07-28 06:29:59,0.012693,0.065069,False,0.00001250,249.37,57284901,8,42
Resnet50_fvs_std0.02_90k_RMSELoss_20260728_005745,Resnet50_fvs_std0.02_90k_RMSELoss,RMSELoss,2026-07-28 00:57:45,80/200,2026-07-28 06:34:08,0.012599,0.064926,False,0.00000625,249.81,57284901,8,42
Resnet50_fvs_std0.02_90k_RMSELoss_20260728_005745,Resnet50_fvs_std0.02_90k_RMSELoss,RMSELoss,2026-07-28 00:57:45,81/200,2026-07-28 06:38:18,0.012152,0.064905,False,0.00000625,249.62,57284901,8,42
Resnet50_fvs_std0.02_90k_RMSELoss_20260728_005745,Resnet50_fvs_std0.02_90k_RMSELoss,RMSELoss,2026-07-28 00:57:45,82/200,2026-07-28 06:42:27,0.011822,0.064823,False,0.00000625,249.06,57284901,8,42
Resnet50_fvs_std0.02_90k_RMSELoss_20260728_005745,Resnet50_fvs_std0.02_90k_RMSELoss,RMSELoss,2026-07-28 00:57:45,83/200,2026-07-28 06:46:39,0.011706,0.064839,False,0.00000625,251.50,57284901,8,42
Resnet50_fvs_std0.02_90k_RMSELoss_20260728_005745,Resnet50_fvs_std0.02_90k_RMSELoss,RMSELoss,2026-07-28 00:57:45,84/200,2026-07-28 06:50:48,0.011564,0.064839,False,0.00000625,249.35,57284901,8,42
Resnet50_fvs_std0.02_90k_RMSELoss_20260728_005745,Resnet50_fvs_std0.02_90k_RMSELoss,RMSELoss,2026-07-28 00:57:45,85/200,2026-07-28 06:54:57,0.011516,0.064789,False,0.00000625,249.18,57284901,8,42
Resnet50_fvs_std0.02_90k_RMSELoss_20260728_005745,Resnet50_fvs_std0.02_90k_RMSELoss,RMSELoss,2026-07-28 00:57:45,86/200,2026-07-28 06:59:06,0.011424,0.064915,False,0.00000625,248.79,57284901,8,42
Resnet50_fvs_std0.02_90k_RMSELoss_20260728_005745,Resnet50_fvs_std0.02_90k_RMSELoss,RMSELoss,2026-07-28 00:57:45,87/200,2026-07-28 07:03:15,0.011430,0.064940,False,0.00000625,249.14,57284901,8,42
Resnet50_fvs_std0.02_90k_RMSELoss_20260728_005745,Resnet50_fvs_std0.02_90k_RMSELoss,RMSELoss,2026-07-28 00:57:45,88/200,2026-07-28 07:07:25,0.011277,0.064811,False,0.00000625,250.29,57284901,8,42
Resnet50_fvs_std0.02_90k_RMSELoss_20260728_005745,Resnet50_fvs_std0.02_90k_RMSELoss,RMSELoss,2026-07-28 00:57:45,89/200,2026-07-28 07:11:34,0.011294,0.064887,False,0.00000625,248.59,57284901,8,42
Resnet50_fvs_std0.02_90k_RMSELoss_20260728_005745,Resnet50_fvs_std0.02_90k_RMSELoss,RMSELoss,2026-07-28 00:57:45,90/200,2026-07-28 07:15:44,0.011197,0.064896,False,0.00000625,250.44,57284901,8,42
Resnet50_fvs_std0.02_90k_RMSELoss_20260728_005745,Resnet50_fvs_std0.02_90k_RMSELoss,RMSELoss,2026-07-28 00:57:45,91/200,2026-07-28 07:19:53,0.011225,0.064746,True,0.00000625,248.81,57284901,8,42
Resnet50_fvs_std0.02_90k_RMSELoss_20260728_005745,Resnet50_fvs_std0.02_90k_RMSELoss,RMSELoss,2026-07-28 00:57:45,92/200,2026-07-28 07:24:12,0.011138,0.064902,False,0.00000625,249.22,57284901,8,42
Resnet50_fvs_std0.02_90k_RMSELoss_20260728_005745,Resnet50_fvs_std0.02_90k_RMSELoss,RMSELoss,2026-07-28 00:57:45,93/200,2026-07-28 07:28:20,0.011087,0.064827,False,0.00000625,247.62,57284901,8,42
Resnet50_fvs_std0.02_90k_RMSELoss_20260728_005745,Resnet50_fvs_std0.02_90k_RMSELoss,RMSELoss,2026-07-28 00:57:45,94/200,2026-07-28 07:32:29,0.011056,0.064870,False,0.00000625,248.91,57284901,8,42
Resnet50_fvs_std0.02_90k_RMSELoss_20260728_005745,Resnet50_fvs_std0.02_90k_RMSELoss,RMSELoss,2026-07-28 00:57:45,95/200,2026-07-28 07:36:41,0.011016,0.064817,False,0.00000625,252.33,57284901,8,42
Resnet50_fvs_std0.02_90k_RMSELoss_20260728_005745,Resnet50_fvs_std0.02_90k_RMSELoss,RMSELoss,2026-07-28 00:57:45,96/200,2026-07-28 07:40:51,0.010963,0.064976,False,0.00000625,249.79,57284901,8,42
Resnet50_fvs_std0.02_90k_RMSELoss_20260728_005745,Resnet50_fvs_std0.02_90k_RMSELoss,RMSELoss,2026-07-28 00:57:45,97/200,2026-07-28 07:45:00,0.010914,0.064965,False,0.00000625,249.16,57284901,8,42
Resnet50_fvs_std0.02_90k_RMSELoss_20260728_005745,Resnet50_fvs_std0.02_90k_RMSELoss,RMSELoss,2026-07-28 00:57:45,98/200,2026-07-28 07:49:10,0.010862,0.064911,False,0.00000625,249.65,57284901,8,42
Resnet50_fvs_std0.02_90k_RMSELoss_20260728_005745,Resnet50_fvs_std0.02_90k_RMSELoss,RMSELoss,2026-07-28 00:57:45,99/200,2026-07-28 07:53:20,0.010810,0.064977,False,0.00000625,249.86,57284901,8,42
Resnet50_fvs_std0.02_90k_RMSELoss_20260728_005745,Resnet50_fvs_std0.02_90k_RMSELoss,RMSELoss,2026-07-28 00:57:45,100/200,2026-07-28 07:57:28,0.010796,0.064869,False,0.00000313,248.58,57284901,8,42
Resnet50_fvs_std0.02_90k_RMSELoss_20260728_005745,Resnet50_fvs_std0.02_90k_RMSELoss,RMSELoss,2026-07-28 00:57:45,101/200,2026-07-28 08:01:37,0.010553,0.064978,False,0.00000313,249.12,57284901,8,42
Resnet50_fvs_std0.02_90k_RMSELoss_20260728_005745,Resnet50_fvs_std0.02_90k_RMSELoss,RMSELoss,2026-07-28 00:57:45,102/200,2026-07-28 08:05:47,0.010436,0.064946,False,0.00000313,249.95,57284901,8,42
Resnet50_fvs_std0.02_90k_RMSELoss_20260728_005745,Resnet50_fvs_std0.02_90k_RMSELoss,RMSELoss,2026-07-28 00:57:45,103/200,2026-07-28 08:09:57,0.010372,0.064930,False,0.00000313,249.29,57284901,8,42
Resnet50_fvs_std0.02_90k_RMSELoss_20260728_005745,Resnet50_fvs_std0.02_90k_RMSELoss,RMSELoss,2026-07-28 00:57:45,104/200,2026-07-28 08:14:07,0.010324,0.064893,False,0.00000313,250.13,57284901,8,42
Resnet50_fvs_std0.02_90k_RMSELoss_20260728_005745,Resnet50_fvs_std0.02_90k_RMSELoss,RMSELoss,2026-07-28 00:57:45,105/200,2026-07-28 08:18:16,0.010274,0.064854,False,0.00000313,249.17,57284901,8,42
Resnet50_fvs_std0.02_90k_RMSELoss_20260728_005745,Resnet50_fvs_std0.02_90k_RMSELoss,RMSELoss,2026-07-28 00:57:45,106/200,2026-07-28 08:22:26,0.010230,0.064963,False,0.00000313,249.61,57284901,8,42
Resnet50_fvs_std0.02_90k_RMSELoss_20260728_005745,Resnet50_fvs_std0.02_90k_RMSELoss,RMSELoss,2026-07-28 00:57:45,107/200,2026-07-28 08:26:35,0.010225,0.064853,False,0.00000313,249.07,57284901,8,42
Resnet50_fvs_std0.02_90k_RMSELoss_20260728_005745,Resnet50_fvs_std0.02_90k_RMSELoss,RMSELoss,2026-07-28 00:57:45,108/200,2026-07-28 08:30:43,0.010185,0.064873,False,0.00000313,248.79,57284901,8,42
Resnet50_fvs_std0.02_90k_RMSELoss_20260728_005745,Resnet50_fvs_std0.02_90k_RMSELoss,RMSELoss,2026-07-28 00:57:45,109/200,2026-07-28 08:34:56,0.010174,0.064985,False,0.00000313,252.26,57284901,8,42
Resnet50_fvs_std0.02_90k_RMSELoss_20260728_005745,Resnet50_fvs_std0.02_90k_RMSELoss,RMSELoss,2026-07-28 00:57:45,110/200,2026-07-28 08:39:05,0.010157,0.064969,False,0.00000313,249.63,57284901,8,42
Resnet50_fvs_std0.02_90k_RMSELoss_20260728_005745,Resnet50_fvs_std0.02_90k_RMSELoss,RMSELoss,2026-07-28 00:57:45,111/200,2026-07-28 08:43:20,0.010107,0.064990,False,0.00000313,254.72,57284901,8,42
Resnet50_fvs_std0.02_90k_RMSELoss_20260728_005745,Resnet50_fvs_std0.02_90k_RMSELoss,RMSELoss,2026-07-28 00:57:45,112/200,2026-07-28 08:47:28,0.010085,0.064988,False,0.00000313,248.25,57284901,8,42
Resnet50_fvs_std0.02_90k_RMSELoss_20260728_005745,Resnet50_fvs_std0.02_90k_RMSELoss,RMSELoss,2026-07-28 00:57:45,113/200,2026-07-28 08:51:35,0.010071,0.065013,False,0.00000313,246.84,57284901,8,42
Resnet50_fvs_std0.02_90k_RMSELoss_20260728_005745,Resnet50_fvs_std0.02_90k_RMSELoss,RMSELoss,2026-07-28 00:57:45,114/200,2026-07-28 08:55:43,0.010043,0.064983,False,0.00000313,247.80,57284901,8,42
Resnet50_fvs_std0.02_90k_RMSELoss_20260728_005745,Resnet50_fvs_std0.02_90k_RMSELoss,RMSELoss,2026-07-28 00:57:45,115/200,2026-07-28 08:59:52,0.010042,0.065001,False,0.00000313,248.57,57284901,8,42
Resnet50_fvs_std0.02_90k_RMSELoss_20260728_005745,Resnet50_fvs_std0.02_90k_RMSELoss,RMSELoss,2026-07-28 00:57:45,116/200,2026-07-28 09:03:59,0.009992,0.064985,False,0.00000313,247.26,57284901,8,42
Resnet50_fvs_std0.02_90k_RMSELoss_20260728_005745,Resnet50_fvs_std0.02_90k_RMSELoss,RMSELoss,2026-07-28 00:57:45,117/200,2026-07-28 09:08:08,0.009988,0.065032,False,0.00000313,248.97,57284901,8,42
Resnet50_fvs_std0.02_90k_RMSELoss_20260728_005745,Resnet50_fvs_std0.02_90k_RMSELoss,RMSELoss,2026-07-28 00:57:45,118/200,2026-07-28 09:12:15,0.009988,0.064898,False,0.00000313,247.02,57284901,8,42
Resnet50_fvs_std0.02_90k_RMSELoss_20260728_005745,Resnet50_fvs_std0.02_90k_RMSELoss,RMSELoss,2026-07-28 00:57:45,119/200,2026-07-28 09:16:24,0.009941,0.064969,False,0.00000313,249.30,57284901,8,42
Resnet50_fvs_std0.02_90k_RMSELoss_20260728_005745,Resnet50_fvs_std0.02_90k_RMSELoss,RMSELoss,2026-07-28 00:57:45,120/200,2026-07-28 09:20:32,0.009909,0.065029,False,0.00000156,247.67,57284901,8,42
Resnet50_fvs_std0.02_90k_RMSELoss_20260728_005745,Resnet50_fvs_std0.02_90k_RMSELoss,RMSELoss,2026-07-28 00:57:45,121/200,2026-07-28 09:24:40,0.009811,0.064959,False,0.00000156,248.58,57284901,8,42
Resnet50_fvs_std0.02_90k_RMSELoss_20260728_005745,Resnet50_fvs_std0.02_90k_RMSELoss,RMSELoss,2026-07-28 00:57:45,122/200,2026-07-28 09:28:49,0.009766,0.064972,False,0.00000156,248.74,57284901,8,42
Resnet50_fvs_std0.02_90k_RMSELoss_20260728_005745,Resnet50_fvs_std0.02_90k_RMSELoss,RMSELoss,2026-07-28 00:57:45,123/200,2026-07-28 09:32:56,0.009717,0.064895,False,0.00000156,247.32,57284901,8,42
Resnet50_fvs_std0.02_90k_RMSELoss_20260728_005745,Resnet50_fvs_std0.02_90k_RMSELoss,RMSELoss,2026-07-28 00:57:45,124/200,2026-07-28 09:37:08,0.009732,0.064990,False,0.00000156,251.46,57284901,8,42
Resnet50_fvs_std0.02_90k_RMSELoss_20260728_005745,Resnet50_fvs_std0.02_90k_RMSELoss,RMSELoss,2026-07-28 00:57:45,125/200,2026-07-28 09:41:16,0.009682,0.064924,False,0.00000156,247.83,57284901,8,42
Resnet50_fvs_std0.02_90k_RMSELoss_20260728_005745,Resnet50_fvs_std0.02_90k_RMSELoss,RMSELoss,2026-07-28 00:57:45,126/200,2026-07-28 09:45:24,0.009668,0.064921,False,0.00000156,248.12,57284901,8,42
Resnet50_fvs_std0.02_90k_RMSELoss_20260728_005745,Resnet50_fvs_std0.02_90k_RMSELoss,RMSELoss,2026-07-28 00:57:45,127/200,2026-07-28 09:49:32,0.009652,0.064913,False,0.00000156,248.02,57284901,8,42
Resnet50_fvs_std0.02_90k_RMSELoss_20260728_005745,Resnet50_fvs_std0.02_90k_RMSELoss,RMSELoss,2026-07-28 00:57:45,128/200,2026-07-28 09:53:39,0.009632,0.064919,False,0.00000156,247.51,57284901,8,42
Resnet50_fvs_std0.02_90k_RMSELoss_20260728_005745,Resnet50_fvs_std0.02_90k_RMSELoss,RMSELoss,2026-07-28 00:57:45,129/200,2026-07-28 09:57:49,0.009618,0.064969,False,0.00000156,249.40,57284901,8,42
Resnet50_fvs_std0.02_90k_RMSELoss_20260728_005745,Resnet50_fvs_std0.02_90k_RMSELoss,RMSELoss,2026-07-28 00:57:45,130/200,2026-07-28 10:01:57,0.009621,0.064910,False,0.00000156,248.07,57284901,8,42
Resnet50_fvs_std0.02_90k_RMSELoss_20260728_005745,Resnet50_fvs_std0.02_90k_RMSELoss,RMSELoss,2026-07-28 00:57:45,131/200,2026-07-28 10:06:05,0.009629,0.064907,False,0.00000156,248.30,57284901,8,42
Resnet50_fvs_std0.02_90k_RMSELoss_20260728_005745,Resnet50_fvs_std0.02_90k_RMSELoss,RMSELoss,2026-07-28 00:57:45,132/200,2026-07-28 10:10:14,0.009576,0.064865,False,0.00000156,248.81,57284901,8,42
Resnet50_fvs_std0.02_90k_RMSELoss_20260728_005745,Resnet50_fvs_std0.02_90k_RMSELoss,RMSELoss,2026-07-28 00:57:45,133/200,2026-07-28 10:14:22,0.009581,0.064911,False,0.00000156,247.49,57284901,8,42
Resnet50_fvs_std0.02_90k_RMSELoss_20260728_005745,Resnet50_fvs_std0.02_90k_RMSELoss,RMSELoss,2026-07-28 00:57:45,134/200,2026-07-28 10:18:29,0.009588,0.064964,False,0.00000156,247.90,57284901,8,42
Resnet50_fvs_std0.02_90k_RMSELoss_20260728_005745,Resnet50_fvs_std0.02_90k_RMSELoss,RMSELoss,2026-07-28 00:57:45,135/200,2026-07-28 10:22:39,0.009529,0.065001,False,0.00000156,249.45,57284901,8,42
Resnet50_fvs_std0.02_90k_RMSELoss_20260728_005745,Resnet50_fvs_std0.02_90k_RMSELoss,RMSELoss,2026-07-28 00:57:45,136/200,2026-07-28 10:26:46,0.009543,0.064892,False,0.00000156,247.22,57284901,8,42
Resnet50_fvs_std0.05_90k_RMSELoss_20260731_015955,Resnet50_fvs_std0.05_90k_RMSELoss,RMSELoss,2026-07-31 01:59:55,1/200,2026-07-31 02:04:12,0.110090,0.099948,True,0.00010000,256.17,57284901,8,42
Resnet50_fvs_std0.05_90k_RMSELoss_20260731_015955,Resnet50_fvs_std0.05_90k_RMSELoss,RMSELoss,2026-07-31 01:59:55,2/200,2026-07-31 02:08:37,0.095678,0.091845,True,0.00010000,254.70,57284901,8,42
Resnet50_fvs_std0.05_90k_RMSELoss_20260731_015955,Resnet50_fvs_std0.05_90k_RMSELoss,RMSELoss,2026-07-31 01:59:55,3/200,2026-07-31 02:13:02,0.089559,0.092514,False,0.00010000,255.15,57284901,8,42
Resnet50_fvs_std0.05_90k_RMSELoss_20260731_015955,Resnet50_fvs_std0.05_90k_RMSELoss,RMSELoss,2026-07-31 01:59:55,4/200,2026-07-31 02:17:17,0.085155,0.084719,True,0.00010000,255.00,57284901,8,42
Resnet50_fvs_std0.05_90k_RMSELoss_20260731_015955,Resnet50_fvs_std0.05_90k_RMSELoss,RMSELoss,2026-07-31 01:59:55,5/200,2026-07-31 02:21:43,0.082006,0.083430,True,0.00010000,256.06,57284901,8,42
Resnet50_fvs_std0.05_90k_RMSELoss_20260731_015955,Resnet50_fvs_std0.05_90k_RMSELoss,RMSELoss,2026-07-31 01:59:55,6/200,2026-07-31 02:26:10,0.078919,0.080609,True,0.00010000,257.05,57284901,8,42
Resnet50_fvs_std0.05_90k_RMSELoss_20260731_015955,Resnet50_fvs_std0.05_90k_RMSELoss,RMSELoss,2026-07-31 01:59:55,7/200,2026-07-31 02:30:34,0.076539,0.080506,True,0.00010000,254.16,57284901,8,42
Resnet50_fvs_std0.05_90k_RMSELoss_20260731_015955,Resnet50_fvs_std0.05_90k_RMSELoss,RMSELoss,2026-07-31 01:59:55,8/200,2026-07-31 02:35:01,0.074434,0.079107,True,0.00010000,256.29,57284901,8,42
Resnet50_fvs_std0.05_90k_RMSELoss_20260731_015955,Resnet50_fvs_std0.05_90k_RMSELoss,RMSELoss,2026-07-31 01:59:55,9/200,2026-07-31 02:39:25,0.072089,0.077665,True,0.00010000,254.30,57284901,8,42
Resnet50_fvs_std0.05_90k_RMSELoss_20260731_015955,Resnet50_fvs_std0.05_90k_RMSELoss,RMSELoss,2026-07-31 01:59:55,10/200,2026-07-31 02:43:50,0.070020,0.075190,True,0.00010000,255.45,57284901,8,42
Resnet50_fvs_std0.05_90k_RMSELoss_20260731_015955,Resnet50_fvs_std0.05_90k_RMSELoss,RMSELoss,2026-07-31 01:59:55,11/200,2026-07-31 02:48:15,0.068044,0.075166,True,0.00010000,254.81,57284901,8,42
Resnet50_fvs_std0.05_90k_RMSELoss_20260731_015955,Resnet50_fvs_std0.05_90k_RMSELoss,RMSELoss,2026-07-31 01:59:55,12/200,2026-07-31 02:52:42,0.066191,0.075832,False,0.00010000,256.96,57284901,8,42
Resnet50_fvs_std0.05_90k_RMSELoss_20260731_015955,Resnet50_fvs_std0.05_90k_RMSELoss,RMSELoss,2026-07-31 01:59:55,13/200,2026-07-31 02:56:58,0.064448,0.075509,False,0.00010000,256.19,57284901,8,42
Resnet50_fvs_std0.05_90k_RMSELoss_20260731_015955,Resnet50_fvs_std0.05_90k_RMSELoss,RMSELoss,2026-07-31 01:59:55,14/200,2026-07-31 03:01:15,0.062903,0.072942,True,0.00010000,257.26,57284901,8,42
Resnet50_fvs_std0.05_90k_RMSELoss_20260731_015955,Resnet50_fvs_std0.05_90k_RMSELoss,RMSELoss,2026-07-31 01:59:55,15/200,2026-07-31 03:05:39,0.061214,0.074311,False,0.00010000,253.63,57284901,8,42
Resnet50_fvs_std0.05_90k_RMSELoss_20260731_015955,Resnet50_fvs_std0.05_90k_RMSELoss,RMSELoss,2026-07-31 01:59:55,16/200,2026-07-31 03:09:53,0.059830,0.073889,False,0.00010000,253.93,57284901,8,42
Resnet50_fvs_std0.05_90k_RMSELoss_20260731_015955,Resnet50_fvs_std0.05_90k_RMSELoss,RMSELoss,2026-07-31 01:59:55,17/200,2026-07-31 03:14:08,0.058570,0.076582,False,0.00010000,255.27,57284901,8,42
Resnet50_fvs_std0.05_90k_RMSELoss_20260731_015955,Resnet50_fvs_std0.05_90k_RMSELoss,RMSELoss,2026-07-31 01:59:55,18/200,2026-07-31 03:18:24,0.057032,0.073385,False,0.00010000,255.62,57284901,8,42
Resnet50_fvs_std0.05_90k_RMSELoss_20260731_015955,Resnet50_fvs_std0.05_90k_RMSELoss,RMSELoss,2026-07-31 01:59:55,19/200,2026-07-31 03:22:43,0.055669,0.072155,True,0.00010000,259.35,57284901,8,42
Resnet50_fvs_std0.05_90k_RMSELoss_20260731_015955,Resnet50_fvs_std0.05_90k_RMSELoss,RMSELoss,2026-07-31 01:59:55,20/200,2026-07-31 03:27:08,0.054599,0.071275,True,0.00005000,254.64,57284901,8,42
Resnet50_fvs_std0.05_90k_RMSELoss_20260731_015955,Resnet50_fvs_std0.05_90k_RMSELoss,RMSELoss,2026-07-31 01:59:55,21/200,2026-07-31 03:31:32,0.049028,0.069360,True,0.00005000,254.32,57284901,8,42
Resnet50_fvs_std0.05_90k_RMSELoss_20260731_015955,Resnet50_fvs_std0.05_90k_RMSELoss,RMSELoss,2026-07-31 01:59:55,22/200,2026-07-31 03:35:57,0.046308,0.069171,True,0.00005000,255.32,57284901,8,42
Resnet50_fvs_std0.05_90k_RMSELoss_20260731_015955,Resnet50_fvs_std0.05_90k_RMSELoss,RMSELoss,2026-07-31 01:59:55,23/200,2026-07-31 03:40:21,0.044921,0.069403,False,0.00005000,254.08,57284901,8,42
Resnet50_fvs_std0.05_90k_RMSELoss_20260731_015955,Resnet50_fvs_std0.05_90k_RMSELoss,RMSELoss,2026-07-31 01:59:55,24/200,2026-07-31 03:44:36,0.043638,0.068835,True,0.00005000,254.36,57284901,8,42
Resnet50_fvs_std0.05_90k_RMSELoss_20260731_015955,Resnet50_fvs_std0.05_90k_RMSELoss,RMSELoss,2026-07-31 01:59:55,25/200,2026-07-31 03:49:00,0.042689,0.068961,False,0.00005000,254.48,57284901,8,42
Resnet50_fvs_std0.05_90k_RMSELoss_20260731_015955,Resnet50_fvs_std0.05_90k_RMSELoss,RMSELoss,2026-07-31 01:59:55,26/200,2026-07-31 03:53:16,0.041694,0.069217,False,0.00005000,255.88,57284901,8,42
Resnet50_fvs_std0.05_90k_RMSELoss_20260731_015955,Resnet50_fvs_std0.05_90k_RMSELoss,RMSELoss,2026-07-31 01:59:55,27/200,2026-07-31 03:57:32,0.040808,0.069610,False,0.00005000,255.37,57284901,8,42
Resnet50_fvs_std0.05_90k_RMSELoss_20260731_015955,Resnet50_fvs_std0.05_90k_RMSELoss,RMSELoss,2026-07-31 01:59:55,28/200,2026-07-31 04:01:50,0.039975,0.069505,False,0.00005000,258.76,57284901,8,42
Resnet50_fvs_std0.05_90k_RMSELoss_20260731_015955,Resnet50_fvs_std0.05_90k_RMSELoss,RMSELoss,2026-07-31 01:59:55,29/200,2026-07-31 04:06:06,0.039158,0.068486,True,0.00005000,255.34,57284901,8,42
Resnet50_fvs_std0.05_90k_RMSELoss_20260731_015955,Resnet50_fvs_std0.05_90k_RMSELoss,RMSELoss,2026-07-31 01:59:55,30/200,2026-07-31 04:10:30,0.038513,0.068898,False,0.00005000,253.88,57284901,8,42
Resnet50_fvs_std0.05_90k_RMSELoss_20260731_015955,Resnet50_fvs_std0.05_90k_RMSELoss,RMSELoss,2026-07-31 01:59:55,31/200,2026-07-31 04:14:45,0.037740,0.068632,False,0.00005000,255.71,57284901,8,42
Resnet50_fvs_std0.05_90k_RMSELoss_20260731_015955,Resnet50_fvs_std0.05_90k_RMSELoss,RMSELoss,2026-07-31 01:59:55,32/200,2026-07-31 04:19:01,0.037115,0.068478,True,0.00005000,255.77,57284901,8,42
Resnet50_fvs_std0.05_90k_RMSELoss_20260731_015955,Resnet50_fvs_std0.05_90k_RMSELoss,RMSELoss,2026-07-31 01:59:55,33/200,2026-07-31 04:23:25,0.036572,0.068829,False,0.00005000,254.08,57284901,8,42
Resnet50_fvs_std0.05_90k_RMSELoss_20260731_015955,Resnet50_fvs_std0.05_90k_RMSELoss,RMSELoss,2026-07-31 01:59:55,34/200,2026-07-31 04:27:39,0.035850,0.069336,False,0.00005000,254.32,57284901,8,42
Resnet50_fvs_std0.05_90k_RMSELoss_20260731_015955,Resnet50_fvs_std0.05_90k_RMSELoss,RMSELoss,2026-07-31 01:59:55,35/200,2026-07-31 04:31:53,0.035241,0.068549,False,0.00005000,253.82,57284901,8,42
Resnet50_fvs_std0.05_90k_RMSELoss_20260731_015955,Resnet50_fvs_std0.05_90k_RMSELoss,RMSELoss,2026-07-31 01:59:55,36/200,2026-07-31 04:36:10,0.034642,0.068456,True,0.00005000,256.31,57284901,8,42
Resnet50_fvs_std0.05_90k_RMSELoss_20260731_015955,Resnet50_fvs_std0.05_90k_RMSELoss,RMSELoss,2026-07-31 01:59:55,37/200,2026-07-31 04:40:32,0.034278,0.068767,False,0.00005000,252.17,57284901,8,42
Resnet50_fvs_std0.05_90k_RMSELoss_20260731_015955,Resnet50_fvs_std0.05_90k_RMSELoss,RMSELoss,2026-07-31 01:59:55,38/200,2026-07-31 04:44:49,0.033558,0.068260,True,0.00005000,257.43,57284901,8,42
Resnet50_fvs_std0.05_90k_RMSELoss_20260731_015955,Resnet50_fvs_std0.05_90k_RMSELoss,RMSELoss,2026-07-31 01:59:55,39/200,2026-07-31 04:49:14,0.033042,0.068670,False,0.00005000,254.79,57284901,8,42
Resnet50_fvs_std0.05_90k_RMSELoss_20260731_015955,Resnet50_fvs_std0.05_90k_RMSELoss,RMSELoss,2026-07-31 01:59:55,40/200,2026-07-31 04:53:28,0.032615,0.068579,False,0.00002500,254.35,57284901,8,42
Resnet50_fvs_std0.05_90k_RMSELoss_20260731_015955,Resnet50_fvs_std0.05_90k_RMSELoss,RMSELoss,2026-07-31 01:59:55,41/200,2026-07-31 04:57:44,0.029764,0.067366,True,0.00002500,256.26,57284901,8,42
Resnet50_fvs_std0.05_90k_RMSELoss_20260731_015955,Resnet50_fvs_std0.05_90k_RMSELoss,RMSELoss,2026-07-31 01:59:55,42/200,2026-07-31 05:02:09,0.028322,0.067557,False,0.00002500,254.20,57284901,8,42
Resnet50_fvs_std0.05_90k_RMSELoss_20260731_015955,Resnet50_fvs_std0.05_90k_RMSELoss,RMSELoss,2026-07-31 01:59:55,43/200,2026-07-31 05:06:24,0.027629,0.067520,False,0.00002500,255.20,57284901,8,42
Resnet50_fvs_std0.05_90k_RMSELoss_20260731_015955,Resnet50_fvs_std0.05_90k_RMSELoss,RMSELoss,2026-07-31 01:59:55,44/200,2026-07-31 05:10:39,0.027223,0.067717,False,0.00002500,254.85,57284901,8,42
Resnet50_fvs_std0.05_90k_RMSELoss_20260731_015955,Resnet50_fvs_std0.05_90k_RMSELoss,RMSELoss,2026-07-31 01:59:55,45/200,2026-07-31 05:14:57,0.026744,0.067624,False,0.00002500,258.32,57284901,8,42
Resnet50_fvs_std0.05_90k_RMSELoss_20260731_015955,Resnet50_fvs_std0.05_90k_RMSELoss,RMSELoss,2026-07-31 01:59:55,46/200,2026-07-31 05:19:14,0.026325,0.067355,True,0.00002500,257.14,57284901,8,42
Resnet50_fvs_std0.05_90k_RMSELoss_20260731_015955,Resnet50_fvs_std0.05_90k_RMSELoss,RMSELoss,2026-07-31 01:59:55,47/200,2026-07-31 05:23:40,0.026023,0.067363,False,0.00002500,255.66,57284901,8,42
Resnet50_fvs_std0.05_90k_RMSELoss_20260731_015955,Resnet50_fvs_std0.05_90k_RMSELoss,RMSELoss,2026-07-31 01:59:55,48/200,2026-07-31 05:27:56,0.025669,0.067787,False,0.00002500,255.90,57284901,8,42
Resnet50_fvs_std0.05_90k_RMSELoss_20260731_015955,Resnet50_fvs_std0.05_90k_RMSELoss,RMSELoss,2026-07-31 01:59:55,49/200,2026-07-31 05:32:13,0.025390,0.067747,False,0.00002500,256.93,57284901,8,42
Resnet50_fvs_std0.05_90k_RMSELoss_20260731_015955,Resnet50_fvs_std0.05_90k_RMSELoss,RMSELoss,2026-07-31 01:59:55,50/200,2026-07-31 05:36:29,0.024973,0.067579,False,0.00002500,256.02,57284901,8,42
Resnet50_fvs_std0.05_90k_RMSELoss_20260731_015955,Resnet50_fvs_std0.05_90k_RMSELoss,RMSELoss,2026-07-31 01:59:55,51/200,2026-07-31 05:40:45,0.024782,0.067615,False,0.00002500,256.88,57284901,8,42
Resnet50_fvs_std0.05_90k_RMSELoss_20260731_015955,Resnet50_fvs_std0.05_90k_RMSELoss,RMSELoss,2026-07-31 01:59:55,52/200,2026-07-31 05:45:01,0.024471,0.067770,False,0.00002500,255.25,57284901,8,42
Resnet50_fvs_std0.05_90k_RMSELoss_20260731_015955,Resnet50_fvs_std0.05_90k_RMSELoss,RMSELoss,2026-07-31 01:59:55,53/200,2026-07-31 05:49:18,0.024219,0.067413,False,0.00002500,256.86,57284901,8,42
Resnet50_fvs_std0.05_90k_RMSELoss_20260731_015955,Resnet50_fvs_std0.05_90k_RMSELoss,RMSELoss,2026-07-31 01:59:55,54/200,2026-07-31 05:53:33,0.023971,0.067908,False,0.00002500,255.60,57284901,8,42
Resnet50_fvs_std0.05_90k_RMSELoss_20260731_015955,Resnet50_fvs_std0.05_90k_RMSELoss,RMSELoss,2026-07-31 01:59:55,55/200,2026-07-31 05:57:50,0.023751,0.067719,False,0.00002500,256.38,57284901,8,42
Resnet50_fvs_std0.05_90k_RMSELoss_20260731_015955,Resnet50_fvs_std0.05_90k_RMSELoss,RMSELoss,2026-07-31 01:59:55,56/200,2026-07-31 06:02:05,0.023453,0.067369,False,0.00002500,255.12,57284901,8,42
Resnet50_fvs_std0.05_90k_RMSELoss_20260731_015955,Resnet50_fvs_std0.05_90k_RMSELoss,RMSELoss,2026-07-31 01:59:55,57/200,2026-07-31 06:06:19,0.023254,0.067369,False,0.00002500,254.69,57284901,8,42
Resnet50_fvs_std0.05_90k_RMSELoss_20260731_015955,Resnet50_fvs_std0.05_90k_RMSELoss,RMSELoss,2026-07-31 01:59:55,58/200,2026-07-31 06:10:35,0.023164,0.067328,True,0.00002500,255.13,57284901,8,42
Resnet50_fvs_std0.05_90k_RMSELoss_20260731_015955,Resnet50_fvs_std0.05_90k_RMSELoss,RMSELoss,2026-07-31 01:59:55,59/200,2026-07-31 06:14:59,0.022784,0.067324,True,0.00002500,254.59,57284901,8,42
Resnet50_fvs_std0.05_90k_RMSELoss_20260731_015955,Resnet50_fvs_std0.05_90k_RMSELoss,RMSELoss,2026-07-31 01:59:55,60/200,2026-07-31 06:19:25,0.022576,0.067368,False,0.00001250,255.95,57284901,8,42
Resnet50_fvs_std0.05_90k_RMSELoss_20260731_015955,Resnet50_fvs_std0.05_90k_RMSELoss,RMSELoss,2026-07-31 01:59:55,61/200,2026-07-31 06:23:40,0.021267,0.066988,True,0.00001250,254.99,57284901,8,42
Resnet50_fvs_std0.05_90k_RMSELoss_20260731_015955,Resnet50_fvs_std0.05_90k_RMSELoss,RMSELoss,2026-07-31 01:59:55,62/200,2026-07-31 06:28:08,0.020701,0.067179,False,0.00001250,257.95,57284901,8,42
Resnet50_fvs_std0.05_90k_RMSELoss_20260731_015955,Resnet50_fvs_std0.05_90k_RMSELoss,RMSELoss,2026-07-31 01:59:55,63/200,2026-07-31 06:32:24,0.020356,0.067081,False,0.00001250,255.92,57284901,8,42
Resnet50_fvs_std0.05_90k_RMSELoss_20260731_015955,Resnet50_fvs_std0.05_90k_RMSELoss,RMSELoss,2026-07-31 01:59:55,64/200,2026-07-31 06:36:39,0.020153,0.067111,False,0.00001250,255.65,57284901,8,42
Resnet50_fvs_std0.05_90k_RMSELoss_20260731_015955,Resnet50_fvs_std0.05_90k_RMSELoss,RMSELoss,2026-07-31 01:59:55,65/200,2026-07-31 06:40:54,0.019963,0.067134,False,0.00001250,254.61,57284901,8,42
Resnet50_fvs_std0.05_90k_RMSELoss_20260731_015955,Resnet50_fvs_std0.05_90k_RMSELoss,RMSELoss,2026-07-31 01:59:55,66/200,2026-07-31 06:45:10,0.019749,0.067065,False,0.00001250,256.32,57284901,8,42
Resnet50_fvs_std0.05_90k_RMSELoss_20260731_015955,Resnet50_fvs_std0.05_90k_RMSELoss,RMSELoss,2026-07-31 01:59:55,67/200,2026-07-31 06:49:27,0.019734,0.067390,False,0.00001250,256.67,57284901,8,42
Resnet50_fvs_std0.05_90k_RMSELoss_20260731_015955,Resnet50_fvs_std0.05_90k_RMSELoss,RMSELoss,2026-07-31 01:59:55,68/200,2026-07-31 06:53:44,0.019534,0.067263,False,0.00001250,256.90,57284901,8,42
Resnet50_fvs_std0.05_90k_RMSELoss_20260731_015955,Resnet50_fvs_std0.05_90k_RMSELoss,RMSELoss,2026-07-31 01:59:55,69/200,2026-07-31 06:58:00,0.019288,0.067159,False,0.00001250,255.86,57284901,8,42
Resnet50_fvs_std0.05_90k_RMSELoss_20260731_015955,Resnet50_fvs_std0.05_90k_RMSELoss,RMSELoss,2026-07-31 01:59:55,70/200,2026-07-31 07:02:17,0.019237,0.067093,False,0.00001250,257.32,57284901,8,42
Resnet50_fvs_std0.05_90k_RMSELoss_20260731_015955,Resnet50_fvs_std0.05_90k_RMSELoss,RMSELoss,2026-07-31 01:59:55,71/200,2026-07-31 07:06:33,0.019071,0.067036,False,0.00001250,256.20,57284901,8,42
Resnet50_fvs_std0.05_90k_RMSELoss_20260731_015955,Resnet50_fvs_std0.05_90k_RMSELoss,RMSELoss,2026-07-31 01:59:55,72/200,2026-07-31 07:10:50,0.018978,0.067002,False,0.00001250,256.25,57284901,8,42
Resnet50_fvs_std0.05_90k_RMSELoss_20260731_015955,Resnet50_fvs_std0.05_90k_RMSELoss,RMSELoss,2026-07-31 01:59:55,73/200,2026-07-31 07:15:04,0.018865,0.067466,False,0.00001250,254.15,57284901,8,42
Resnet50_fvs_std0.05_90k_RMSELoss_20260731_015955,Resnet50_fvs_std0.05_90k_RMSELoss,RMSELoss,2026-07-31 01:59:55,74/200,2026-07-31 07:19:20,0.018748,0.067022,False,0.00001250,255.99,57284901,8,42
Resnet50_fvs_std0.05_90k_RMSELoss_20260731_015955,Resnet50_fvs_std0.05_90k_RMSELoss,RMSELoss,2026-07-31 01:59:55,75/200,2026-07-31 07:23:34,0.018657,0.067049,False,0.00001250,254.21,57284901,8,42
Resnet50_fvs_std0.05_90k_RMSELoss_20260731_015955,Resnet50_fvs_std0.05_90k_RMSELoss,RMSELoss,2026-07-31 01:59:55,76/200,2026-07-31 07:27:50,0.018450,0.067178,False,0.00001250,256.29,57284901,8,42
Resnet50_fvs_std0.05_90k_RMSELoss_20260731_015955,Resnet50_fvs_std0.05_90k_RMSELoss,RMSELoss,2026-07-31 01:59:55,77/200,2026-07-31 07:32:05,0.018433,0.067220,False,0.00001250,255.14,57284901,8,42
Resnet50_fvs_std0.05_90k_RMSELoss_20260731_015955,Resnet50_fvs_std0.05_90k_RMSELoss,RMSELoss,2026-07-31 01:59:55,78/200,2026-07-31 07:36:23,0.018366,0.067216,False,0.00001250,257.90,57284901,8,42
Resnet50_fvs_std0.05_90k_RMSELoss_20260731_015955,Resnet50_fvs_std0.05_90k_RMSELoss,RMSELoss,2026-07-31 01:59:55,79/200,2026-07-31 07:40:40,0.018215,0.067179,False,0.00001250,256.45,57284901,8,42
Resnet50_fvs_std0.05_90k_RMSELoss_20260731_015955,Resnet50_fvs_std0.05_90k_RMSELoss,RMSELoss,2026-07-31 01:59:55,80/200,2026-07-31 07:44:56,0.018039,0.067178,False,0.00000625,256.36,57284901,8,42
Resnet50_fvs_std0.05_90k_RMSELoss_20260731_015955,Resnet50_fvs_std0.05_90k_RMSELoss,RMSELoss,2026-07-31 01:59:55,81/200,2026-07-31 07:49:11,0.017485,0.067339,False,0.00000625,255.16,57284901,8,42
Resnet50_fvs_std0.05_90k_RMSELoss_20260731_015955,Resnet50_fvs_std0.05_90k_RMSELoss,RMSELoss,2026-07-31 01:59:55,82/200,2026-07-31 07:53:27,0.017170,0.067234,False,0.00000625,255.86,57284901,8,42
Resnet50_fvs_std0.05_90k_RMSELoss_20260731_015955,Resnet50_fvs_std0.05_90k_RMSELoss,RMSELoss,2026-07-31 01:59:55,83/200,2026-07-31 07:57:47,0.017029,0.067264,False,0.00000625,259.37,57284901,8,42
Resnet50_fvs_std0.05_90k_RMSELoss_20260731_015955,Resnet50_fvs_std0.05_90k_RMSELoss,RMSELoss,2026-07-31 01:59:55,84/200,2026-07-31 08:02:01,0.016880,0.067172,False,0.00000625,254.21,57284901,8,42
Resnet50_fvs_std0.05_90k_RMSELoss_20260731_015955,Resnet50_fvs_std0.05_90k_RMSELoss,RMSELoss,2026-07-31 01:59:55,85/200,2026-07-31 08:06:17,0.016848,0.067243,False,0.00000625,256.04,57284901,8,42
Resnet50_fvs_std0.05_90k_RMSELoss_20260731_015955,Resnet50_fvs_std0.05_90k_RMSELoss,RMSELoss,2026-07-31 01:59:55,86/200,2026-07-31 08:10:32,0.016722,0.067254,False,0.00000625,254.99,57284901,8,42
Resnet50_fvs_std0.05_90k_RMSELoss_20260731_015955,Resnet50_fvs_std0.05_90k_RMSELoss,RMSELoss,2026-07-31 01:59:55,87/200,2026-07-31 08:14:51,0.016683,0.067282,False,0.00000625,259.22,57284901,8,42
Resnet50_fvs_std0.05_90k_RMSELoss_20260731_015955,Resnet50_fvs_std0.05_90k_RMSELoss,RMSELoss,2026-07-31 01:59:55,88/200,2026-07-31 08:19:07,0.016623,0.067250,False,0.00000625,256.47,57284901,8,42
Resnet50_fvs_std0.05_90k_RMSELoss_20260731_015955,Resnet50_fvs_std0.05_90k_RMSELoss,RMSELoss,2026-07-31 01:59:55,89/200,2026-07-31 08:23:24,0.016557,0.067215,False,0.00000625,256.10,57284901,8,42
Resnet50_fvs_std0.05_90k_RMSELoss_20260731_015955,Resnet50_fvs_std0.05_90k_RMSELoss,RMSELoss,2026-07-31 01:59:55,90/200,2026-07-31 08:27:38,0.016493,0.067285,False,0.00000625,254.71,57284901,8,42
Resnet50_fvs_std0.05_90k_RMSELoss_20260731_015955,Resnet50_fvs_std0.05_90k_RMSELoss,RMSELoss,2026-07-31 01:59:55,91/200,2026-07-31 08:31:53,0.016413,0.067277,False,0.00000625,254.85,57284901,8,42
Resnet50_fvs_std0.05_90k_RMSELoss_20260731_015955,Resnet50_fvs_std0.05_90k_RMSELoss,RMSELoss,2026-07-31 01:59:55,92/200,2026-07-31 08:36:10,0.016331,0.067263,False,0.00000625,256.34,57284901,8,42
Resnet50_fvs_std0.05_90k_RMSELoss_20260731_015955,Resnet50_fvs_std0.05_90k_RMSELoss,RMSELoss,2026-07-31 01:59:55,93/200,2026-07-31 08:40:25,0.016370,0.067240,False,0.00000625,255.88,57284901,8,42
Resnet50_fvs_std0.05_90k_RMSELoss_20260731_015955,Resnet50_fvs_std0.05_90k_RMSELoss,RMSELoss,2026-07-31 01:59:55,94/200,2026-07-31 08:44:42,0.016272,0.067277,False,0.00000625,256.14,57284901,8,42
Resnet50_fvs_std0.05_90k_RMSELoss_20260731_015955,Resnet50_fvs_std0.05_90k_RMSELoss,RMSELoss,2026-07-31 01:59:55,95/200,2026-07-31 08:48:59,0.016206,0.067483,False,0.00000625,257.60,57284901,8,42
Resnet50_fvs_std0.05_90k_RMSELoss_20260731_015955,Resnet50_fvs_std0.05_90k_RMSELoss,RMSELoss,2026-07-31 01:59:55,96/200,2026-07-31 08:53:15,0.016152,0.067087,False,0.00000625,256.20,57284901,8,42
Resnet50_fvs_std0.05_90k_RMSELoss_20260731_015955,Resnet50_fvs_std0.05_90k_RMSELoss,RMSELoss,2026-07-31 01:59:55,97/200,2026-07-31 08:57:31,0.016097,0.067230,False,0.00000625,255.29,57284901,8,42
Resnet50_fvs_std0.05_90k_RMSELoss_20260731_015955,Resnet50_fvs_std0.05_90k_RMSELoss,RMSELoss,2026-07-31 01:59:55,98/200,2026-07-31 09:01:46,0.016021,0.067260,False,0.00000625,255.46,57284901,8,42
Resnet50_fvs_std0.05_90k_RMSELoss_20260731_015955,Resnet50_fvs_std0.05_90k_RMSELoss,RMSELoss,2026-07-31 01:59:55,99/200,2026-07-31 09:06:02,0.016013,0.067294,False,0.00000625,256.36,57284901,8,42
Resnet50_fvs_std0.05_90k_RMSELoss_20260731_015955,Resnet50_fvs_std0.05_90k_RMSELoss,RMSELoss,2026-07-31 01:59:55,100/200,2026-07-31 09:10:19,0.015894,0.067311,False,0.00000313,256.91,57284901,8,42
Resnet50_fvs_std0.05_90k_RMSELoss_20260731_015955,Resnet50_fvs_std0.05_90k_RMSELoss,RMSELoss,2026-07-31 01:59:55,101/200,2026-07-31 09:14:34,0.015578,0.067287,False,0.00000313,254.87,57284901,8,42
Resnet50_fvs_std0.05_90k_RMSELoss_20260731_015955,Resnet50_fvs_std0.05_90k_RMSELoss,RMSELoss,2026-07-31 01:59:55,102/200,2026-07-31 09:18:53,0.015522,0.067279,False,0.00000313,258.88,57284901,8,42
Resnet50_fvs_std0.05_90k_RMSELoss_20260731_015955,Resnet50_fvs_std0.05_90k_RMSELoss,RMSELoss,2026-07-31 01:59:55,103/200,2026-07-31 09:23:08,0.015428,0.067254,False,0.00000313,254.95,57284901,8,42
Resnet50_fvs_std0.05_90k_RMSELoss_20260731_015955,Resnet50_fvs_std0.05_90k_RMSELoss,RMSELoss,2026-07-31 01:59:55,104/200,2026-07-31 09:27:23,0.015373,0.067149,False,0.00000313,255.19,57284901,8,42
Resnet50_fvs_std0.05_90k_RMSELoss_20260731_015955,Resnet50_fvs_std0.05_90k_RMSELoss,RMSELoss,2026-07-31 01:59:55,105/200,2026-07-31 09:31:38,0.015350,0.067273,False,0.00000313,254.72,57284901,8,42
Resnet50_fvs_std0.05_90k_RMSELoss_20260731_015955,Resnet50_fvs_std0.05_90k_RMSELoss,RMSELoss,2026-07-31 01:59:55,106/200,2026-07-31 09:35:53,0.015278,0.067354,False,0.00000313,254.63,57284901,8,42
Resnet50_fvs_std0.08_90k_RMSELoss_20260805_230304,Resnet50_fvs_std0.08_90k_RMSELoss,RMSELoss,2026-08-05 23:03:04,1/200,2026-08-05 23:07:13,0.111139,0.103324,True,0.00010000,248.46,57284901,8,42
Resnet50_fvs_std0.08_90k_RMSELoss_20260805_230304,Resnet50_fvs_std0.08_90k_RMSELoss,RMSELoss,2026-08-05 23:03:04,2/200,2026-08-05 23:11:32,0.096933,0.098790,True,0.00010000,248.73,57284901,8,42
Resnet50_fvs_std0.08_90k_RMSELoss_20260805_230304,Resnet50_fvs_std0.08_90k_RMSELoss,RMSELoss,2026-08-05 23:03:04,3/200,2026-08-05 23:15:50,0.090997,0.102795,False,0.00010000,248.54,57284901,8,42
Resnet50_fvs_std0.08_90k_RMSELoss_20260805_230304,Resnet50_fvs_std0.08_90k_RMSELoss,RMSELoss,2026-08-05 23:03:04,4/200,2026-08-05 23:20:03,0.086961,0.087557,True,0.00010000,252.32,57284901,8,42
Resnet50_fvs_std0.08_90k_RMSELoss_20260805_230304,Resnet50_fvs_std0.08_90k_RMSELoss,RMSELoss,2026-08-05 23:03:04,5/200,2026-08-05 23:24:21,0.083878,0.090623,False,0.00010000,248.95,57284901,8,42
Resnet50_fvs_std0.08_90k_RMSELoss_20260805_230304,Resnet50_fvs_std0.08_90k_RMSELoss,RMSELoss,2026-08-05 23:03:04,6/200,2026-08-05 23:28:30,0.081236,0.087972,False,0.00010000,248.21,57284901,8,42
Resnet50_fvs_std0.08_90k_RMSELoss_20260805_230304,Resnet50_fvs_std0.08_90k_RMSELoss,RMSELoss,2026-08-05 23:03:04,7/200,2026-08-05 23:32:39,0.078986,0.084724,True,0.00010000,249.24,57284901,8,42
Resnet50_fvs_std0.08_90k_RMSELoss_20260805_230304,Resnet50_fvs_std0.08_90k_RMSELoss,RMSELoss,2026-08-05 23:03:04,8/200,2026-08-05 23:36:57,0.076815,0.084647,True,0.00010000,248.73,57284901,8,42
Resnet50_fvs_std0.08_90k_RMSELoss_20260805_230304,Resnet50_fvs_std0.08_90k_RMSELoss,RMSELoss,2026-08-05 23:03:04,9/200,2026-08-05 23:41:16,0.074932,0.085420,False,0.00010000,248.62,57284901,8,42
Resnet50_fvs_std0.08_90k_RMSELoss_20260805_230304,Resnet50_fvs_std0.08_90k_RMSELoss,RMSELoss,2026-08-05 23:03:04,10/200,2026-08-05 23:45:26,0.072907,0.085387,False,0.00010000,250.33,57284901,8,42
Resnet50_fvs_std0.08_90k_RMSELoss_20260805_230304,Resnet50_fvs_std0.08_90k_RMSELoss,RMSELoss,2026-08-05 23:03:04,11/200,2026-08-05 23:49:36,0.071010,0.082170,True,0.00010000,249.53,57284901,8,42
Resnet50_fvs_std0.08_90k_RMSELoss_20260805_230304,Resnet50_fvs_std0.08_90k_RMSELoss,RMSELoss,2026-08-05 23:03:04,12/200,2026-08-05 23:53:54,0.069407,0.091705,False,0.00010000,248.43,57284901,8,42
Resnet50_fvs_std0.08_90k_RMSELoss_20260805_230304,Resnet50_fvs_std0.08_90k_RMSELoss,RMSELoss,2026-08-05 23:03:04,13/200,2026-08-05 23:58:02,0.067755,0.085463,False,0.00010000,248.14,57284901,8,42
Resnet50_fvs_std0.08_90k_RMSELoss_20260805_230304,Resnet50_fvs_std0.08_90k_RMSELoss,RMSELoss,2026-08-05 23:03:04,14/200,2026-08-06 00:02:11,0.066292,0.082558,False,0.00010000,249.15,57284901,8,42
Resnet50_fvs_std0.08_90k_RMSELoss_20260805_230304,Resnet50_fvs_std0.08_90k_RMSELoss,RMSELoss,2026-08-05 23:03:04,15/200,2026-08-06 00:06:19,0.064975,0.084612,False,0.00010000,248.02,57284901,8,42
Resnet50_fvs_std0.08_90k_RMSELoss_20260805_230304,Resnet50_fvs_std0.08_90k_RMSELoss,RMSELoss,2026-08-05 23:03:04,16/200,2026-08-06 00:10:29,0.063469,0.080571,True,0.00010000,249.27,57284901,8,42
Resnet50_fvs_std0.08_90k_RMSELoss_20260805_230304,Resnet50_fvs_std0.08_90k_RMSELoss,RMSELoss,2026-08-05 23:03:04,17/200,2026-08-06 00:14:48,0.062417,0.083583,False,0.00010000,249.71,57284901,8,42
Resnet50_fvs_std0.08_90k_RMSELoss_20260805_230304,Resnet50_fvs_std0.08_90k_RMSELoss,RMSELoss,2026-08-05 23:03:04,18/200,2026-08-06 00:18:56,0.060888,0.077655,True,0.00010000,247.63,57284901,8,42
Resnet50_fvs_std0.08_90k_RMSELoss_20260805_230304,Resnet50_fvs_std0.08_90k_RMSELoss,RMSELoss,2026-08-05 23:03:04,19/200,2026-08-06 00:23:14,0.059840,0.084296,False,0.00010000,248.90,57284901,8,42
Resnet50_fvs_std0.08_90k_RMSELoss_20260805_230304,Resnet50_fvs_std0.08_90k_RMSELoss,RMSELoss,2026-08-05 23:03:04,20/200,2026-08-06 00:27:25,0.058688,0.082699,False,0.00005000,250.59,57284901,8,42
Resnet50_fvs_std0.08_90k_RMSELoss_20260805_230304,Resnet50_fvs_std0.08_90k_RMSELoss,RMSELoss,2026-08-05 23:03:04,21/200,2026-08-06 00:31:33,0.053390,0.078379,False,0.00005000,248.07,57284901,8,42
Resnet50_fvs_std0.08_90k_RMSELoss_20260805_230304,Resnet50_fvs_std0.08_90k_RMSELoss,RMSELoss,2026-08-05 23:03:04,22/200,2026-08-06 00:35:41,0.050865,0.077587,True,0.00005000,248.18,57284901,8,42
Resnet50_fvs_std0.08_90k_RMSELoss_20260805_230304,Resnet50_fvs_std0.08_90k_RMSELoss,RMSELoss,2026-08-05 23:03:04,23/200,2026-08-06 00:39:58,0.049383,0.076454,True,0.00005000,246.56,57284901,8,42
Resnet50_fvs_std0.08_90k_RMSELoss_20260805_230304,Resnet50_fvs_std0.08_90k_RMSELoss,RMSELoss,2026-08-05 23:03:04,24/200,2026-08-06 00:44:16,0.048122,0.076515,False,0.00005000,248.85,57284901,8,42
Resnet50_fvs_std0.08_90k_RMSELoss_20260805_230304,Resnet50_fvs_std0.08_90k_RMSELoss,RMSELoss,2026-08-05 23:03:04,25/200,2026-08-06 00:48:23,0.047169,0.078142,False,0.00005000,246.93,57284901,8,42
Resnet50_fvs_std0.08_90k_RMSELoss_20260805_230304,Resnet50_fvs_std0.08_90k_RMSELoss,RMSELoss,2026-08-05 23:03:04,26/200,2026-08-06 00:52:32,0.046181,0.077799,False,0.00005000,249.12,57284901,8,42
Resnet50_fvs_std0.08_90k_RMSELoss_20260805_230304,Resnet50_fvs_std0.08_90k_RMSELoss,RMSELoss,2026-08-05 23:03:04,27/200,2026-08-06 00:56:40,0.045307,0.075721,True,0.00005000,247.47,57284901,8,42
Resnet50_fvs_std0.08_90k_RMSELoss_20260805_230304,Resnet50_fvs_std0.08_90k_RMSELoss,RMSELoss,2026-08-05 23:03:04,28/200,2026-08-06 01:00:58,0.044512,0.075956,False,0.00005000,248.63,57284901,8,42
Resnet50_fvs_std0.08_90k_RMSELoss_20260805_230304,Resnet50_fvs_std0.08_90k_RMSELoss,RMSELoss,2026-08-05 23:03:04,29/200,2026-08-06 01:05:08,0.043700,0.074639,True,0.00005000,249.33,57284901,8,42
Resnet50_fvs_std0.08_90k_RMSELoss_20260805_230304,Resnet50_fvs_std0.08_90k_RMSELoss,RMSELoss,2026-08-05 23:03:04,30/200,2026-08-06 01:09:26,0.043058,0.075331,False,0.00005000,248.28,57284901,8,42
Resnet50_fvs_std0.08_90k_RMSELoss_20260805_230304,Resnet50_fvs_std0.08_90k_RMSELoss,RMSELoss,2026-08-05 23:03:04,31/200,2026-08-06 01:13:35,0.042203,0.075111,False,0.00005000,249.28,57284901,8,42
Resnet50_fvs_std0.08_90k_RMSELoss_20260805_230304,Resnet50_fvs_std0.08_90k_RMSELoss,RMSELoss,2026-08-05 23:03:04,32/200,2026-08-06 01:17:43,0.041523,0.076068,False,0.00005000,248.36,57284901,8,42
Resnet50_fvs_std0.08_90k_RMSELoss_20260805_230304,Resnet50_fvs_std0.08_90k_RMSELoss,RMSELoss,2026-08-05 23:03:04,33/200,2026-08-06 01:21:52,0.040957,0.077607,False,0.00005000,248.63,57284901,8,42
Resnet50_fvs_std0.08_90k_RMSELoss_20260805_230304,Resnet50_fvs_std0.08_90k_RMSELoss,RMSELoss,2026-08-05 23:03:04,34/200,2026-08-06 01:26:00,0.040345,0.077014,False,0.00005000,248.24,57284901,8,42
Resnet50_fvs_std0.08_90k_RMSELoss_20260805_230304,Resnet50_fvs_std0.08_90k_RMSELoss,RMSELoss,2026-08-05 23:03:04,35/200,2026-08-06 01:30:08,0.039653,0.074960,False,0.00005000,247.99,57284901,8,42
Resnet50_fvs_std0.08_90k_RMSELoss_20260805_230304,Resnet50_fvs_std0.08_90k_RMSELoss,RMSELoss,2026-08-05 23:03:04,36/200,2026-08-06 01:34:20,0.039107,0.073733,True,0.00005000,251.44,57284901,8,42
Resnet50_fvs_std0.08_90k_RMSELoss_20260805_230304,Resnet50_fvs_std0.08_90k_RMSELoss,RMSELoss,2026-08-05 23:03:04,37/200,2026-08-06 01:38:38,0.038538,0.075059,False,0.00005000,248.37,57284901,8,42
Resnet50_fvs_std0.08_90k_RMSELoss_20260805_230304,Resnet50_fvs_std0.08_90k_RMSELoss,RMSELoss,2026-08-05 23:03:04,38/200,2026-08-06 01:42:46,0.038113,0.075421,False,0.00005000,247.83,57284901,8,42
Resnet50_fvs_std0.08_90k_RMSELoss_20260805_230304,Resnet50_fvs_std0.08_90k_RMSELoss,RMSELoss,2026-08-05 23:03:04,39/200,2026-08-06 01:46:55,0.037397,0.076774,False,0.00005000,248.86,57284901,8,42
Resnet50_fvs_std0.08_90k_RMSELoss_20260805_230304,Resnet50_fvs_std0.08_90k_RMSELoss,RMSELoss,2026-08-05 23:03:04,40/200,2026-08-06 01:51:09,0.037034,0.077378,False,0.00002500,254.47,57284901,8,42
Resnet50_fvs_std0.08_90k_RMSELoss_20260805_230304,Resnet50_fvs_std0.08_90k_RMSELoss,RMSELoss,2026-08-05 23:03:04,41/200,2026-08-06 01:55:18,0.034183,0.074288,False,0.00002500,248.97,57284901,8,42
Resnet50_fvs_std0.08_90k_RMSELoss_20260805_230304,Resnet50_fvs_std0.08_90k_RMSELoss,RMSELoss,2026-08-05 23:03:04,42/200,2026-08-06 01:59:27,0.032755,0.073410,True,0.00002500,248.59,57284901,8,42
Resnet50_fvs_std0.08_90k_RMSELoss_20260805_230304,Resnet50_fvs_std0.08_90k_RMSELoss,RMSELoss,2026-08-05 23:03:04,43/200,2026-08-06 02:03:45,0.032045,0.074447,False,0.00002500,248.54,57284901,8,42
Resnet50_fvs_std0.08_90k_RMSELoss_20260805_230304,Resnet50_fvs_std0.08_90k_RMSELoss,RMSELoss,2026-08-05 23:03:04,44/200,2026-08-06 02:07:52,0.031596,0.074656,False,0.00002500,247.18,57284901,8,42
Resnet50_fvs_std0.08_90k_RMSELoss_20260805_230304,Resnet50_fvs_std0.08_90k_RMSELoss,RMSELoss,2026-08-05 23:03:04,45/200,2026-08-06 02:12:01,0.031187,0.073623,False,0.00002500,248.67,57284901,8,42
Resnet50_fvs_std0.08_90k_RMSELoss_20260805_230304,Resnet50_fvs_std0.08_90k_RMSELoss,RMSELoss,2026-08-05 23:03:04,46/200,2026-08-06 02:16:09,0.030762,0.074850,False,0.00002500,248.04,57284901,8,42
Resnet50_fvs_std0.08_90k_RMSELoss_20260805_230304,Resnet50_fvs_std0.08_90k_RMSELoss,RMSELoss,2026-08-05 23:03:04,47/200,2026-08-06 02:20:20,0.030440,0.073786,False,0.00002500,251.38,57284901,8,42
Resnet50_fvs_std0.08_90k_RMSELoss_20260805_230304,Resnet50_fvs_std0.08_90k_RMSELoss,RMSELoss,2026-08-05 23:03:04,48/200,2026-08-06 02:24:29,0.029954,0.073781,False,0.00002500,248.23,57284901,8,42
Resnet50_fvs_std0.08_90k_RMSELoss_20260805_230304,Resnet50_fvs_std0.08_90k_RMSELoss,RMSELoss,2026-08-05 23:03:04,49/200,2026-08-06 02:28:37,0.029791,0.075225,False,0.00002500,248.05,57284901,8,42
Resnet50_fvs_std0.08_90k_RMSELoss_20260805_230304,Resnet50_fvs_std0.08_90k_RMSELoss,RMSELoss,2026-08-05 23:03:04,50/200,2026-08-06 02:32:45,0.029388,0.074483,False,0.00002500,248.24,57284901,8,42
Resnet50_fvs_std0.08_90k_RMSELoss_20260805_230304,Resnet50_fvs_std0.08_90k_RMSELoss,RMSELoss,2026-08-05 23:03:04,51/200,2026-08-06 02:36:54,0.029105,0.073465,False,0.00002500,248.53,57284901,8,42
Resnet50_fvs_std0.08_90k_RMSELoss_20260805_230304,Resnet50_fvs_std0.08_90k_RMSELoss,RMSELoss,2026-08-05 23:03:04,52/200,2026-08-06 02:41:01,0.028832,0.073738,False,0.00002500,247.00,57284901,8,42
Resnet50_fvs_std0.08_90k_RMSELoss_20260805_230304,Resnet50_fvs_std0.08_90k_RMSELoss,RMSELoss,2026-08-05 23:03:04,53/200,2026-08-06 02:45:10,0.028435,0.073149,True,0.00002500,248.96,57284901,8,42
Resnet50_fvs_std0.08_90k_RMSELoss_20260805_230304,Resnet50_fvs_std0.08_90k_RMSELoss,RMSELoss,2026-08-05 23:03:04,54/200,2026-08-06 02:49:28,0.028268,0.073532,False,0.00002500,248.25,57284901,8,42
Resnet50_fvs_std0.08_90k_RMSELoss_20260805_230304,Resnet50_fvs_std0.08_90k_RMSELoss,RMSELoss,2026-08-05 23:03:04,55/200,2026-08-06 02:53:36,0.027925,0.073691,False,0.00002500,248.66,57284901,8,42
Resnet50_fvs_std0.08_90k_RMSELoss_20260805_230304,Resnet50_fvs_std0.08_90k_RMSELoss,RMSELoss,2026-08-05 23:03:04,56/200,2026-08-06 02:57:44,0.027685,0.074013,False,0.00002500,247.86,57284901,8,42
Resnet50_fvs_std0.08_90k_RMSELoss_20260805_230304,Resnet50_fvs_std0.08_90k_RMSELoss,RMSELoss,2026-08-05 23:03:04,57/200,2026-08-06 03:01:52,0.027422,0.073491,False,0.00002500,248.33,57284901,8,42
Resnet50_fvs_std0.08_90k_RMSELoss_20260805_230304,Resnet50_fvs_std0.08_90k_RMSELoss,RMSELoss,2026-08-05 23:03:04,58/200,2026-08-06 03:06:01,0.027193,0.073883,False,0.00002500,248.44,57284901,8,42
Resnet50_fvs_std0.08_90k_RMSELoss_20260805_230304,Resnet50_fvs_std0.08_90k_RMSELoss,RMSELoss,2026-08-05 23:03:04,59/200,2026-08-06 03:10:09,0.026992,0.074057,False,0.00002500,248.58,57284901,8,42
Resnet50_fvs_std0.08_90k_RMSELoss_20260805_230304,Resnet50_fvs_std0.08_90k_RMSELoss,RMSELoss,2026-08-05 23:03:04,60/200,2026-08-06 03:14:18,0.026700,0.073515,False,0.00001250,248.63,57284901,8,42
Resnet50_fvs_std0.08_90k_RMSELoss_20260805_230304,Resnet50_fvs_std0.08_90k_RMSELoss,RMSELoss,2026-08-05 23:03:04,61/200,2026-08-06 03:18:30,0.025300,0.072880,True,0.00001250,251.80,57284901,8,42
Resnet50_fvs_std0.08_90k_RMSELoss_20260805_230304,Resnet50_fvs_std0.08_90k_RMSELoss,RMSELoss,2026-08-05 23:03:04,62/200,2026-08-06 03:22:48,0.024727,0.073197,False,0.00001250,247.95,57284901,8,42
Resnet50_fvs_std0.08_90k_RMSELoss_20260805_230304,Resnet50_fvs_std0.08_90k_RMSELoss,RMSELoss,2026-08-05 23:03:04,63/200,2026-08-06 03:26:56,0.024375,0.073591,False,0.00001250,247.94,57284901,8,42
Resnet50_fvs_std0.08_90k_RMSELoss_20260805_230304,Resnet50_fvs_std0.08_90k_RMSELoss,RMSELoss,2026-08-05 23:03:04,64/200,2026-08-06 03:31:03,0.024193,0.073420,False,0.00001250,247.61,57284901,8,42
Resnet50_fvs_std0.08_90k_RMSELoss_20260805_230304,Resnet50_fvs_std0.08_90k_RMSELoss,RMSELoss,2026-08-05 23:03:04,65/200,2026-08-06 03:35:13,0.023988,0.072965,False,0.00001250,249.38,57284901,8,42
Resnet50_fvs_std0.08_90k_RMSELoss_20260805_230304,Resnet50_fvs_std0.08_90k_RMSELoss,RMSELoss,2026-08-05 23:03:04,66/200,2026-08-06 03:39:20,0.023819,0.072943,False,0.00001250,247.65,57284901,8,42
Resnet50_fvs_std0.08_90k_RMSELoss_20260805_230304,Resnet50_fvs_std0.08_90k_RMSELoss,RMSELoss,2026-08-05 23:03:04,67/200,2026-08-06 03:43:28,0.023765,0.073652,False,0.00001250,247.67,57284901,8,42
Resnet50_fvs_std0.08_90k_RMSELoss_20260805_230304,Resnet50_fvs_std0.08_90k_RMSELoss,RMSELoss,2026-08-05 23:03:04,68/200,2026-08-06 03:47:37,0.023447,0.072467,True,0.00001250,249.39,57284901,8,42
Resnet50_fvs_std0.08_90k_RMSELoss_20260805_230304,Resnet50_fvs_std0.08_90k_RMSELoss,RMSELoss,2026-08-05 23:03:04,69/200,2026-08-06 03:51:55,0.023350,0.073215,False,0.00001250,247.89,57284901,8,42
Resnet50_fvs_std0.08_90k_RMSELoss_20260805_230304,Resnet50_fvs_std0.08_90k_RMSELoss,RMSELoss,2026-08-05 23:03:04,70/200,2026-08-06 03:56:05,0.023136,0.071912,True,0.00001250,249.40,57284901,8,42
Resnet50_fvs_std0.08_90k_RMSELoss_20260805_230304,Resnet50_fvs_std0.08_90k_RMSELoss,RMSELoss,2026-08-05 23:03:04,71/200,2026-08-06 04:00:22,0.023051,0.072834,False,0.00001250,247.99,57284901,8,42
Resnet50_fvs_std0.08_90k_RMSELoss_20260805_230304,Resnet50_fvs_std0.08_90k_RMSELoss,RMSELoss,2026-08-05 23:03:04,72/200,2026-08-06 04:04:31,0.022933,0.072644,False,0.00001250,248.64,57284901,8,42
Resnet50_fvs_std0.08_90k_RMSELoss_20260805_230304,Resnet50_fvs_std0.08_90k_RMSELoss,RMSELoss,2026-08-05 23:03:04,73/200,2026-08-06 04:08:39,0.022774,0.073427,False,0.00001250,248.29,57284901,8,42
Resnet50_fvs_std0.08_90k_RMSELoss_20260805_230304,Resnet50_fvs_std0.08_90k_RMSELoss,RMSELoss,2026-08-05 23:03:04,74/200,2026-08-06 04:12:48,0.022636,0.072964,False,0.00001250,248.43,57284901,8,42
Resnet50_fvs_std0.08_90k_RMSELoss_20260805_230304,Resnet50_fvs_std0.08_90k_RMSELoss,RMSELoss,2026-08-05 23:03:04,75/200,2026-08-06 04:16:59,0.022541,0.073169,False,0.00001250,251.62,57284901,8,42
Resnet50_fvs_std0.08_90k_RMSELoss_20260805_230304,Resnet50_fvs_std0.08_90k_RMSELoss,RMSELoss,2026-08-05 23:03:04,76/200,2026-08-06 04:21:09,0.022276,0.072752,False,0.00001250,249.31,57284901,8,42
Resnet50_fvs_std0.08_90k_RMSELoss_20260805_230304,Resnet50_fvs_std0.08_90k_RMSELoss,RMSELoss,2026-08-05 23:03:04,77/200,2026-08-06 04:25:17,0.022236,0.072839,False,0.00001250,248.16,57284901,8,42
Resnet50_fvs_std0.08_90k_RMSELoss_20260805_230304,Resnet50_fvs_std0.08_90k_RMSELoss,RMSELoss,2026-08-05 23:03:04,78/200,2026-08-06 04:29:25,0.022046,0.073257,False,0.00001250,247.98,57284901,8,42
Resnet50_fvs_std0.08_90k_RMSELoss_20260805_230304,Resnet50_fvs_std0.08_90k_RMSELoss,RMSELoss,2026-08-05 23:03:04,79/200,2026-08-06 04:33:34,0.022018,0.072912,False,0.00001250,249.23,57284901,8,42
Resnet50_fvs_std0.08_90k_RMSELoss_20260805_230304,Resnet50_fvs_std0.08_90k_RMSELoss,RMSELoss,2026-08-05 23:03:04,80/200,2026-08-06 04:37:44,0.021943,0.072357,False,0.00000625,250.10,57284901,8,42
Resnet50_fvs_std0.08_90k_RMSELoss_20260805_230304,Resnet50_fvs_std0.08_90k_RMSELoss,RMSELoss,2026-08-05 23:03:04,81/200,2026-08-06 04:41:52,0.021195,0.072768,False,0.00000625,247.81,57284901,8,42
Resnet50_fvs_std0.08_90k_RMSELoss_20260805_230304,Resnet50_fvs_std0.08_90k_RMSELoss,RMSELoss,2026-08-05 23:03:04,82/200,2026-08-06 04:46:01,0.020909,0.072529,False,0.00000625,248.70,57284901,8,42
Resnet50_fvs_std0.08_90k_RMSELoss_20260805_230304,Resnet50_fvs_std0.08_90k_RMSELoss,RMSELoss,2026-08-05 23:03:04,83/200,2026-08-06 04:50:08,0.020770,0.072749,False,0.00000625,247.13,57284901,8,42
Resnet50_fvs_std0.08_90k_RMSELoss_20260805_230304,Resnet50_fvs_std0.08_90k_RMSELoss,RMSELoss,2026-08-05 23:03:04,84/200,2026-08-06 04:54:18,0.020634,0.072548,False,0.00000625,249.90,57284901,8,42
Resnet50_fvs_std0.08_90k_RMSELoss_20260805_230304,Resnet50_fvs_std0.08_90k_RMSELoss,RMSELoss,2026-08-05 23:03:04,85/200,2026-08-06 04:58:26,0.020498,0.072949,False,0.00000625,248.41,57284901,8,42
Resnet50_fvs_std0.08_90k_RMSELoss_20260805_230304,Resnet50_fvs_std0.08_90k_RMSELoss,RMSELoss,2026-08-05 23:03:04,86/200,2026-08-06 05:02:35,0.020443,0.072360,False,0.00000625,248.67,57284901,8,42
Resnet50_fvs_std0.08_90k_RMSELoss_20260805_230304,Resnet50_fvs_std0.08_90k_RMSELoss,RMSELoss,2026-08-05 23:03:04,87/200,2026-08-06 05:06:44,0.020449,0.072571,False,0.00000625,249.30,57284901,8,42
Resnet50_fvs_std0.08_90k_RMSELoss_20260805_230304,Resnet50_fvs_std0.08_90k_RMSELoss,RMSELoss,2026-08-05 23:03:04,88/200,2026-08-06 05:10:54,0.020346,0.072305,False,0.00000625,249.40,57284901,8,42
Resnet50_fvs_std0.08_90k_RMSELoss_20260805_230304,Resnet50_fvs_std0.08_90k_RMSELoss,RMSELoss,2026-08-05 23:03:04,89/200,2026-08-06 05:15:03,0.020254,0.072851,False,0.00000625,248.99,57284901,8,42
Resnet50_fvs_std0.08_90k_RMSELoss_20260805_230304,Resnet50_fvs_std0.08_90k_RMSELoss,RMSELoss,2026-08-05 23:03:04,90/200,2026-08-06 05:19:11,0.020192,0.072296,False,0.00000625,248.79,57284901,8,42
Resnet50_fvs_std0.08_90k_RMSELoss_20260805_230304,Resnet50_fvs_std0.08_90k_RMSELoss,RMSELoss,2026-08-05 23:03:04,91/200,2026-08-06 05:23:23,0.020092,0.072042,False,0.00000625,251.43,57284901,8,42
Resnet50_fvs_std0.08_90k_RMSELoss_20260805_230304,Resnet50_fvs_std0.08_90k_RMSELoss,RMSELoss,2026-08-05 23:03:04,92/200,2026-08-06 05:27:32,0.020038,0.072846,False,0.00000625,249.20,57284901,8,42
Resnet50_fvs_std0.08_90k_RMSELoss_20260805_230304,Resnet50_fvs_std0.08_90k_RMSELoss,RMSELoss,2026-08-05 23:03:04,93/200,2026-08-06 05:31:42,0.020030,0.072581,False,0.00000625,249.84,57284901,8,42
Resnet50_fvs_std0.08_90k_RMSELoss_20260805_230304,Resnet50_fvs_std0.08_90k_RMSELoss,RMSELoss,2026-08-05 23:03:04,94/200,2026-08-06 05:35:49,0.019856,0.072573,False,0.00000625,247.69,57284901,8,42
Resnet50_fvs_std0.08_90k_RMSELoss_20260805_230304,Resnet50_fvs_std0.08_90k_RMSELoss,RMSELoss,2026-08-05 23:03:04,95/200,2026-08-06 05:39:59,0.019816,0.073013,False,0.00000625,249.67,57284901,8,42
Resnet50_fvs_std0.08_90k_RMSELoss_20260805_230304,Resnet50_fvs_std0.08_90k_RMSELoss,RMSELoss,2026-08-05 23:03:04,96/200,2026-08-06 05:44:07,0.019740,0.072226,False,0.00000625,247.64,57284901,8,42
Resnet50_fvs_std0.08_90k_RMSELoss_20260805_230304,Resnet50_fvs_std0.08_90k_RMSELoss,RMSELoss,2026-08-05 23:03:04,97/200,2026-08-06 05:48:16,0.019692,0.072068,False,0.00000625,248.68,57284901,8,42
Resnet50_fvs_std0.08_90k_RMSELoss_20260805_230304,Resnet50_fvs_std0.08_90k_RMSELoss,RMSELoss,2026-08-05 23:03:04,98/200,2026-08-06 05:52:23,0.019647,0.072616,False,0.00000625,247.93,57284901,8,42
Resnet50_fvs_std0.08_90k_RMSELoss_20260805_230304,Resnet50_fvs_std0.08_90k_RMSELoss,RMSELoss,2026-08-05 23:03:04,99/200,2026-08-06 05:56:32,0.019609,0.072526,False,0.00000625,248.68,57284901,8,42
Resnet50_fvs_std0.08_90k_RMSELoss_20260805_230304,Resnet50_fvs_std0.08_90k_RMSELoss,RMSELoss,2026-08-05 23:03:04,100/200,2026-08-06 06:00:41,0.019499,0.072245,False,0.00000313,249.19,57284901,8,42
Resnet50_fvs_std0.08_90k_RMSELoss_20260805_230304,Resnet50_fvs_std0.08_90k_RMSELoss,RMSELoss,2026-08-05 23:03:04,101/200,2026-08-06 06:04:50,0.019155,0.072247,False,0.00000313,248.46,57284901,8,42
Resnet50_fvs_std0.08_90k_RMSELoss_20260805_230304,Resnet50_fvs_std0.08_90k_RMSELoss,RMSELoss,2026-08-05 23:03:04,102/200,2026-08-06 06:08:58,0.019090,0.072321,False,0.00000313,248.67,57284901,8,42
Resnet50_fvs_std0.08_90k_RMSELoss_20260805_230304,Resnet50_fvs_std0.08_90k_RMSELoss,RMSELoss,2026-08-05 23:03:04,103/200,2026-08-06 06:13:07,0.019002,0.072870,False,0.00000313,248.32,57284901,8,42
Resnet50_fvs_std0.08_90k_RMSELoss_20260805_230304,Resnet50_fvs_std0.08_90k_RMSELoss,RMSELoss,2026-08-05 23:03:04,104/200,2026-08-06 06:17:15,0.018915,0.072121,False,0.00000313,247.82,57284901,8,42
Resnet50_fvs_std0.08_90k_RMSELoss_20260805_230304,Resnet50_fvs_std0.08_90k_RMSELoss,RMSELoss,2026-08-05 23:03:04,105/200,2026-08-06 06:21:26,0.018812,0.072340,False,0.00000313,251.04,57284901,8,42
Resnet50_fvs_std0.08_90k_RMSELoss_20260805_230304,Resnet50_fvs_std0.08_90k_RMSELoss,RMSELoss,2026-08-05 23:03:04,106/200,2026-08-06 06:25:38,0.018846,0.072719,False,0.00000313,251.86,57284901,8,42
Resnet50_fvs_std0.08_90k_RMSELoss_20260805_230304,Resnet50_fvs_std0.08_90k_RMSELoss,RMSELoss,2026-08-05 23:03:04,107/200,2026-08-06 06:29:47,0.018775,0.072686,False,0.00000313,249.21,57284901,8,42
Resnet50_fvs_std0.08_90k_RMSELoss_20260805_230304,Resnet50_fvs_std0.08_90k_RMSELoss,RMSELoss,2026-08-05 23:03:04,108/200,2026-08-06 06:33:55,0.018667,0.072330,False,0.00000313,248.55,57284901,8,42
Resnet50_fvs_std0.08_90k_RMSELoss_20260805_230304,Resnet50_fvs_std0.08_90k_RMSELoss,RMSELoss,2026-08-05 23:03:04,109/200,2026-08-06 06:38:04,0.018677,0.072314,False,0.00000313,248.76,57284901,8,42
Resnet50_fvs_std0.08_90k_RMSELoss_20260805_230304,Resnet50_fvs_std0.08_90k_RMSELoss,RMSELoss,2026-08-05 23:03:04,110/200,2026-08-06 06:42:13,0.018711,0.072097,False,0.00000313,248.81,57284901,8,42
Resnet50_fvs_std0.08_90k_RMSELoss_20260805_230304,Resnet50_fvs_std0.08_90k_RMSELoss,RMSELoss,2026-08-05 23:03:04,111/200,2026-08-06 06:46:21,0.018539,0.072320,False,0.00000313,248.12,57284901,8,42
Resnet50_fvs_std0.08_90k_RMSELoss_20260805_230304,Resnet50_fvs_std0.08_90k_RMSELoss,RMSELoss,2026-08-05 23:03:04,112/200,2026-08-06 06:50:29,0.018636,0.072828,False,0.00000313,247.86,57284901,8,42
Resnet50_fvs_std0.08_90k_RMSELoss_20260805_230304,Resnet50_fvs_std0.08_90k_RMSELoss,RMSELoss,2026-08-05 23:03:04,113/200,2026-08-06 06:54:37,0.018514,0.072667,False,0.00000313,248.10,57284901,8,42
Resnet50_fvs_std0.08_90k_RMSELoss_20260805_230304,Resnet50_fvs_std0.08_90k_RMSELoss,RMSELoss,2026-08-05 23:03:04,114/200,2026-08-06 06:58:44,0.018570,0.072093,False,0.00000313,246.94,57284901,8,42
Resnet50_fvs_std0.08_90k_RMSELoss_20260805_230304,Resnet50_fvs_std0.08_90k_RMSELoss,RMSELoss,2026-08-05 23:03:04,115/200,2026-08-06 07:02:52,0.018497,0.072455,False,0.00000313,248.04,57284901,8,42