run_id,model_name,criterion,run_started_at,epoch,epoch_timestamp,train_loss,val_loss,is_best,learning_rate,epoch_duration_sec,num_params,batch_size,seed
ModelCNN_fvs_No_Noise_150k_RMSELoss_20260717_155940,ModelCNN_fvs_No_Noise_150k_RMSELoss,RMSELoss,2026-07-17 15:59:40,1/200,2026-07-17 16:03:55,0.111272,0.096930,True,0.00010000,254.53,58260749,8,42
ModelCNN_fvs_No_Noise_150k_RMSELoss_20260717_155940,ModelCNN_fvs_No_Noise_150k_RMSELoss,RMSELoss,2026-07-17 15:59:40,2/200,2026-07-17 16:08:11,0.095595,0.089653,True,0.00010000,245.08,58260749,8,42
ModelCNN_fvs_No_Noise_150k_RMSELoss_20260717_155940,ModelCNN_fvs_No_Noise_150k_RMSELoss,RMSELoss,2026-07-17 15:59:40,3/200,2026-07-17 16:12:33,0.088768,0.088457,True,0.00010000,252.55,58260749,8,42
ModelCNN_fvs_No_Noise_150k_RMSELoss_20260717_155940,ModelCNN_fvs_No_Noise_150k_RMSELoss,RMSELoss,2026-07-17 15:59:40,4/200,2026-07-17 16:16:56,0.083671,0.081772,True,0.00010000,252.04,58260749,8,42
ModelCNN_fvs_No_Noise_150k_RMSELoss_20260717_155940,ModelCNN_fvs_No_Noise_150k_RMSELoss,RMSELoss,2026-07-17 15:59:40,5/200,2026-07-17 16:21:13,0.080189,0.081086,True,0.00010000,246.89,58260749,8,42
ModelCNN_fvs_No_Noise_150k_RMSELoss_20260717_155940,ModelCNN_fvs_No_Noise_150k_RMSELoss,RMSELoss,2026-07-17 15:59:40,6/200,2026-07-17 16:25:26,0.076736,0.078450,True,0.00010000,243.43,58260749,8,42
ModelCNN_fvs_No_Noise_150k_RMSELoss_20260717_155940,ModelCNN_fvs_No_Noise_150k_RMSELoss,RMSELoss,2026-07-17 15:59:40,7/200,2026-07-17 16:29:41,0.073677,0.076335,True,0.00010000,244.47,58260749,8,42
ModelCNN_fvs_No_Noise_150k_RMSELoss_20260717_155940,ModelCNN_fvs_No_Noise_150k_RMSELoss,RMSELoss,2026-07-17 15:59:40,8/200,2026-07-17 16:33:55,0.070812,0.076048,True,0.00010000,244.13,58260749,8,42
ModelCNN_fvs_No_Noise_150k_RMSELoss_20260717_155940,ModelCNN_fvs_No_Noise_150k_RMSELoss,RMSELoss,2026-07-17 15:59:40,9/200,2026-07-17 16:38:07,0.067909,0.075363,True,0.00010000,242.22,58260749,8,42
ModelCNN_fvs_No_Noise_150k_RMSELoss_20260717_155940,ModelCNN_fvs_No_Noise_150k_RMSELoss,RMSELoss,2026-07-17 15:59:40,10/200,2026-07-17 16:42:20,0.065486,0.075440,False,0.00010000,242.39,58260749,8,42
ModelCNN_fvs_No_Noise_150k_RMSELoss_20260717_155940,ModelCNN_fvs_No_Noise_150k_RMSELoss,RMSELoss,2026-07-17 15:59:40,11/200,2026-07-17 16:46:22,0.062924,0.073239,True,0.00010000,242.40,58260749,8,42
ModelCNN_fvs_No_Noise_150k_RMSELoss_20260717_155940,ModelCNN_fvs_No_Noise_150k_RMSELoss,RMSELoss,2026-07-17 15:59:40,12/200,2026-07-17 16:50:34,0.060918,0.074695,False,0.00010000,241.84,58260749,8,42
ModelCNN_fvs_No_Noise_150k_RMSELoss_20260717_155940,ModelCNN_fvs_No_Noise_150k_RMSELoss,RMSELoss,2026-07-17 15:59:40,13/200,2026-07-17 16:54:34,0.058828,0.074461,False,0.00010000,239.74,58260749,8,42
ModelCNN_fvs_No_Noise_150k_RMSELoss_20260717_155940,ModelCNN_fvs_No_Noise_150k_RMSELoss,RMSELoss,2026-07-17 15:59:40,14/200,2026-07-17 16:58:36,0.057035,0.072264,True,0.00010000,242.51,58260749,8,42
ModelCNN_fvs_No_Noise_150k_RMSELoss_20260717_155940,ModelCNN_fvs_No_Noise_150k_RMSELoss,RMSELoss,2026-07-17 15:59:40,15/200,2026-07-17 17:02:48,0.055319,0.073695,False,0.00010000,241.37,58260749,8,42
ModelCNN_fvs_No_Noise_150k_RMSELoss_20260717_155940,ModelCNN_fvs_No_Noise_150k_RMSELoss,RMSELoss,2026-07-17 15:59:40,16/200,2026-07-17 17:06:52,0.053606,0.071052,True,0.00010000,244.35,58260749,8,42
ModelCNN_fvs_No_Noise_150k_RMSELoss_20260717_155940,ModelCNN_fvs_No_Noise_150k_RMSELoss,RMSELoss,2026-07-17 15:59:40,17/200,2026-07-17 17:11:04,0.052129,0.071860,False,0.00010000,241.58,58260749,8,42
ModelCNN_fvs_No_Noise_150k_RMSELoss_20260717_155940,ModelCNN_fvs_No_Noise_150k_RMSELoss,RMSELoss,2026-07-17 15:59:40,18/200,2026-07-17 17:15:06,0.050864,0.070649,True,0.00010000,242.61,58260749,8,42
ModelCNN_fvs_No_Noise_150k_RMSELoss_20260717_155940,ModelCNN_fvs_No_Noise_150k_RMSELoss,RMSELoss,2026-07-17 15:59:40,19/200,2026-07-17 17:19:18,0.049525,0.071257,False,0.00010000,241.46,58260749,8,42
ModelCNN_fvs_No_Noise_150k_RMSELoss_20260717_155940,ModelCNN_fvs_No_Noise_150k_RMSELoss,RMSELoss,2026-07-17 15:59:40,20/200,2026-07-17 17:23:20,0.048320,0.069724,True,0.00005000,241.82,58260749,8,42
ModelCNN_fvs_No_Noise_150k_RMSELoss_20260717_155940,ModelCNN_fvs_No_Noise_150k_RMSELoss,RMSELoss,2026-07-17 15:59:40,21/200,2026-07-17 17:27:29,0.042603,0.067219,True,0.00005000,239.83,58260749,8,42
ModelCNN_fvs_No_Noise_150k_RMSELoss_20260717_155940,ModelCNN_fvs_No_Noise_150k_RMSELoss,RMSELoss,2026-07-17 15:59:40,22/200,2026-07-17 17:31:43,0.038897,0.067174,True,0.00005000,243.32,58260749,8,42
ModelCNN_fvs_No_Noise_150k_RMSELoss_20260717_155940,ModelCNN_fvs_No_Noise_150k_RMSELoss,RMSELoss,2026-07-17 15:59:40,23/200,2026-07-17 17:35:55,0.037290,0.066766,True,0.00005000,242.32,58260749,8,42
ModelCNN_fvs_No_Noise_150k_RMSELoss_20260717_155940,ModelCNN_fvs_No_Noise_150k_RMSELoss,RMSELoss,2026-07-17 15:59:40,24/200,2026-07-17 17:40:06,0.036055,0.066809,False,0.00005000,241.03,58260749,8,42
ModelCNN_fvs_No_Noise_150k_RMSELoss_20260717_155940,ModelCNN_fvs_No_Noise_150k_RMSELoss,RMSELoss,2026-07-17 15:59:40,25/200,2026-07-17 17:44:07,0.034848,0.066572,True,0.00005000,241.15,58260749,8,42
ModelCNN_fvs_No_Noise_150k_RMSELoss_20260717_155940,ModelCNN_fvs_No_Noise_150k_RMSELoss,RMSELoss,2026-07-17 15:59:40,26/200,2026-07-17 17:48:18,0.033848,0.066890,False,0.00005000,240.62,58260749,8,42
ModelCNN_fvs_No_Noise_150k_RMSELoss_20260717_155940,ModelCNN_fvs_No_Noise_150k_RMSELoss,RMSELoss,2026-07-17 15:59:40,27/200,2026-07-17 17:52:19,0.032911,0.066656,False,0.00005000,241.62,58260749,8,42
ModelCNN_fvs_No_Noise_150k_RMSELoss_20260717_155940,ModelCNN_fvs_No_Noise_150k_RMSELoss,RMSELoss,2026-07-17 15:59:40,28/200,2026-07-17 17:56:22,0.032121,0.066816,False,0.00005000,242.05,58260749,8,42
ModelCNN_fvs_No_Noise_150k_RMSELoss_20260717_155940,ModelCNN_fvs_No_Noise_150k_RMSELoss,RMSELoss,2026-07-17 15:59:40,29/200,2026-07-17 18:00:23,0.031319,0.066649,False,0.00005000,241.87,58260749,8,42
ModelCNN_fvs_No_Noise_150k_RMSELoss_20260717_155940,ModelCNN_fvs_No_Noise_150k_RMSELoss,RMSELoss,2026-07-17 15:59:40,30/200,2026-07-17 18:04:27,0.030492,0.066377,True,0.00005000,244.07,58260749,8,42
ModelCNN_fvs_No_Noise_150k_RMSELoss_20260717_155940,ModelCNN_fvs_No_Noise_150k_RMSELoss,RMSELoss,2026-07-17 15:59:40,31/200,2026-07-17 18:08:39,0.029744,0.066544,False,0.00005000,241.32,58260749,8,42
ModelCNN_fvs_No_Noise_150k_RMSELoss_20260717_155940,ModelCNN_fvs_No_Noise_150k_RMSELoss,RMSELoss,2026-07-17 15:59:40,32/200,2026-07-17 18:12:44,0.029149,0.066062,True,0.00005000,244.95,58260749,8,42
ModelCNN_fvs_No_Noise_150k_RMSELoss_20260717_155940,ModelCNN_fvs_No_Noise_150k_RMSELoss,RMSELoss,2026-07-17 15:59:40,33/200,2026-07-17 18:16:57,0.028483,0.066305,False,0.00005000,243.07,58260749,8,42
ModelCNN_fvs_No_Noise_150k_RMSELoss_20260717_155940,ModelCNN_fvs_No_Noise_150k_RMSELoss,RMSELoss,2026-07-17 15:59:40,34/200,2026-07-17 18:21:00,0.027923,0.066110,False,0.00005000,243.28,58260749,8,42
ModelCNN_fvs_No_Noise_150k_RMSELoss_20260717_155940,ModelCNN_fvs_No_Noise_150k_RMSELoss,RMSELoss,2026-07-17 15:59:40,35/200,2026-07-17 18:25:04,0.027214,0.066248,False,0.00005000,243.82,58260749,8,42
ModelCNN_fvs_No_Noise_150k_RMSELoss_20260717_155940,ModelCNN_fvs_No_Noise_150k_RMSELoss,RMSELoss,2026-07-17 15:59:40,36/200,2026-07-17 18:29:07,0.026696,0.066214,False,0.00005000,243.42,58260749,8,42
ModelCNN_fvs_No_Noise_150k_RMSELoss_20260717_155940,ModelCNN_fvs_No_Noise_150k_RMSELoss,RMSELoss,2026-07-17 15:59:40,37/200,2026-07-17 18:33:11,0.026182,0.066302,False,0.00005000,243.33,58260749,8,42
ModelCNN_fvs_No_Noise_150k_RMSELoss_20260717_155940,ModelCNN_fvs_No_Noise_150k_RMSELoss,RMSELoss,2026-07-17 15:59:40,38/200,2026-07-17 18:37:13,0.025615,0.065724,True,0.00005000,242.18,58260749,8,42
ModelCNN_fvs_No_Noise_150k_RMSELoss_20260717_155940,ModelCNN_fvs_No_Noise_150k_RMSELoss,RMSELoss,2026-07-17 15:59:40,39/200,2026-07-17 18:41:28,0.025147,0.065822,False,0.00005000,245.34,58260749,8,42
ModelCNN_fvs_No_Noise_150k_RMSELoss_20260717_155940,ModelCNN_fvs_No_Noise_150k_RMSELoss,RMSELoss,2026-07-17 15:59:40,40/200,2026-07-17 18:45:31,0.024618,0.066044,False,0.00002500,243.00,58260749,8,42
ModelCNN_fvs_No_Noise_150k_RMSELoss_20260717_155940,ModelCNN_fvs_No_Noise_150k_RMSELoss,RMSELoss,2026-07-17 15:59:40,41/200,2026-07-17 18:49:33,0.021966,0.064866,True,0.00002500,241.70,58260749,8,42
ModelCNN_fvs_No_Noise_150k_RMSELoss_20260717_155940,ModelCNN_fvs_No_Noise_150k_RMSELoss,RMSELoss,2026-07-17 15:59:40,42/200,2026-07-17 18:53:44,0.019788,0.064767,True,0.00002500,240.91,58260749,8,42
ModelCNN_fvs_No_Noise_150k_RMSELoss_20260717_155940,ModelCNN_fvs_No_Noise_150k_RMSELoss,RMSELoss,2026-07-17 15:59:40,43/200,2026-07-17 18:57:56,0.019093,0.064753,True,0.00002500,241.47,58260749,8,42
ModelCNN_fvs_No_Noise_150k_RMSELoss_20260717_155940,ModelCNN_fvs_No_Noise_150k_RMSELoss,RMSELoss,2026-07-17 15:59:40,44/200,2026-07-17 19:02:07,0.018591,0.064372,True,0.00002500,241.95,58260749,8,42
ModelCNN_fvs_No_Noise_150k_RMSELoss_20260717_155940,ModelCNN_fvs_No_Noise_150k_RMSELoss,RMSELoss,2026-07-17 15:59:40,45/200,2026-07-17 19:06:19,0.018138,0.064617,False,0.00002500,241.11,58260749,8,42
ModelCNN_fvs_No_Noise_150k_RMSELoss_20260717_155940,ModelCNN_fvs_No_Noise_150k_RMSELoss,RMSELoss,2026-07-17 15:59:40,46/200,2026-07-17 19:10:20,0.017791,0.064412,False,0.00002500,241.19,58260749,8,42
ModelCNN_fvs_No_Noise_150k_RMSELoss_20260717_155940,ModelCNN_fvs_No_Noise_150k_RMSELoss,RMSELoss,2026-07-17 15:59:40,47/200,2026-07-17 19:14:21,0.017421,0.064337,True,0.00002500,241.54,58260749,8,42
ModelCNN_fvs_No_Noise_150k_RMSELoss_20260717_155940,ModelCNN_fvs_No_Noise_150k_RMSELoss,RMSELoss,2026-07-17 15:59:40,48/200,2026-07-17 19:18:31,0.017116,0.064740,False,0.00002500,240.06,58260749,8,42
ModelCNN_fvs_No_Noise_150k_RMSELoss_20260717_155940,ModelCNN_fvs_No_Noise_150k_RMSELoss,RMSELoss,2026-07-17 15:59:40,49/200,2026-07-17 19:22:32,0.016766,0.064524,False,0.00002500,240.65,58260749,8,42
ModelCNN_fvs_No_Noise_150k_RMSELoss_20260717_155940,ModelCNN_fvs_No_Noise_150k_RMSELoss,RMSELoss,2026-07-17 15:59:40,50/200,2026-07-17 19:26:32,0.016502,0.064598,False,0.00002500,239.66,58260749,8,42
ModelCNN_fvs_No_Noise_150k_RMSELoss_20260717_155940,ModelCNN_fvs_No_Noise_150k_RMSELoss,RMSELoss,2026-07-17 15:59:40,51/200,2026-07-17 19:30:33,0.016253,0.064599,False,0.00002500,241.02,58260749,8,42
ModelCNN_fvs_No_Noise_150k_RMSELoss_20260717_155940,ModelCNN_fvs_No_Noise_150k_RMSELoss,RMSELoss,2026-07-17 15:59:40,52/200,2026-07-17 19:34:34,0.015952,0.064546,False,0.00002500,240.98,58260749,8,42
ModelCNN_fvs_No_Noise_150k_RMSELoss_20260717_155940,ModelCNN_fvs_No_Noise_150k_RMSELoss,RMSELoss,2026-07-17 15:59:40,53/200,2026-07-17 19:38:35,0.015691,0.064528,False,0.00002500,240.93,58260749,8,42
ModelCNN_fvs_No_Noise_150k_RMSELoss_20260717_155940,ModelCNN_fvs_No_Noise_150k_RMSELoss,RMSELoss,2026-07-17 15:59:40,54/200,2026-07-17 19:42:37,0.015518,0.064322,True,0.00002500,242.15,58260749,8,42
ModelCNN_fvs_No_Noise_150k_RMSELoss_20260717_155940,ModelCNN_fvs_No_Noise_150k_RMSELoss,RMSELoss,2026-07-17 15:59:40,55/200,2026-07-17 19:46:49,0.015232,0.064523,False,0.00002500,242.29,58260749,8,42
ModelCNN_fvs_No_Noise_150k_RMSELoss_20260717_155940,ModelCNN_fvs_No_Noise_150k_RMSELoss,RMSELoss,2026-07-17 15:59:40,56/200,2026-07-17 19:50:54,0.015032,0.064583,False,0.00002500,244.58,58260749,8,42
ModelCNN_fvs_No_Noise_150k_RMSELoss_20260717_155940,ModelCNN_fvs_No_Noise_150k_RMSELoss,RMSELoss,2026-07-17 15:59:40,57/200,2026-07-17 19:54:56,0.014872,0.064293,True,0.00002500,242.09,58260749,8,42
ModelCNN_fvs_No_Noise_150k_RMSELoss_20260717_155940,ModelCNN_fvs_No_Noise_150k_RMSELoss,RMSELoss,2026-07-17 15:59:40,58/200,2026-07-17 19:59:07,0.014630,0.064392,False,0.00002500,240.63,58260749,8,42
ModelCNN_fvs_No_Noise_150k_RMSELoss_20260717_155940,ModelCNN_fvs_No_Noise_150k_RMSELoss,RMSELoss,2026-07-17 15:59:40,59/200,2026-07-17 20:03:08,0.014457,0.064428,False,0.00002500,241.41,58260749,8,42
ModelCNN_fvs_No_Noise_150k_RMSELoss_20260717_155940,ModelCNN_fvs_No_Noise_150k_RMSELoss,RMSELoss,2026-07-17 15:59:40,60/200,2026-07-17 20:07:09,0.014251,0.064318,False,0.00001250,241.40,58260749,8,42
ModelCNN_fvs_No_Noise_150k_RMSELoss_20260717_155940,ModelCNN_fvs_No_Noise_150k_RMSELoss,RMSELoss,2026-07-17 15:59:40,61/200,2026-07-17 20:11:11,0.013129,0.064087,True,0.00001250,242.02,58260749,8,42
ModelCNN_fvs_No_Noise_150k_RMSELoss_20260717_155940,ModelCNN_fvs_No_Noise_150k_RMSELoss,RMSELoss,2026-07-17 15:59:40,62/200,2026-07-17 20:15:24,0.012210,0.064167,False,0.00001250,242.21,58260749,8,42
ModelCNN_fvs_No_Noise_150k_RMSELoss_20260717_155940,ModelCNN_fvs_No_Noise_150k_RMSELoss,RMSELoss,2026-07-17 15:59:40,63/200,2026-07-17 20:19:26,0.011924,0.064126,False,0.00001250,241.91,58260749,8,42
ModelCNN_fvs_No_Noise_150k_RMSELoss_20260717_155940,ModelCNN_fvs_No_Noise_150k_RMSELoss,RMSELoss,2026-07-17 15:59:40,64/200,2026-07-17 20:23:27,0.011746,0.064128,False,0.00001250,241.76,58260749,8,42
ModelCNN_fvs_No_Noise_150k_RMSELoss_20260717_155940,ModelCNN_fvs_No_Noise_150k_RMSELoss,RMSELoss,2026-07-17 15:59:40,65/200,2026-07-17 20:27:27,0.011562,0.064098,False,0.00001250,240.11,58260749,8,42
ModelCNN_fvs_No_Noise_150k_RMSELoss_20260717_155940,ModelCNN_fvs_No_Noise_150k_RMSELoss,RMSELoss,2026-07-17 15:59:40,66/200,2026-07-17 20:31:29,0.011431,0.063955,True,0.00001250,241.42,58260749,8,42
ModelCNN_fvs_No_Noise_150k_RMSELoss_20260717_155940,ModelCNN_fvs_No_Noise_150k_RMSELoss,RMSELoss,2026-07-17 15:59:40,67/200,2026-07-17 20:35:47,0.011266,0.064021,False,0.00001250,248.52,58260749,8,42
ModelCNN_fvs_No_Noise_150k_RMSELoss_20260717_155940,ModelCNN_fvs_No_Noise_150k_RMSELoss,RMSELoss,2026-07-17 15:59:40,68/200,2026-07-17 20:39:48,0.011166,0.063857,True,0.00001250,240.67,58260749,8,42
ModelCNN_fvs_No_Noise_150k_RMSELoss_20260717_155940,ModelCNN_fvs_No_Noise_150k_RMSELoss,RMSELoss,2026-07-17 15:59:40,69/200,2026-07-17 20:43:59,0.011058,0.064065,False,0.00001250,240.79,58260749,8,42
ModelCNN_fvs_No_Noise_150k_RMSELoss_20260717_155940,ModelCNN_fvs_No_Noise_150k_RMSELoss,RMSELoss,2026-07-17 15:59:40,70/200,2026-07-17 20:47:59,0.010936,0.063860,False,0.00001250,240.49,58260749,8,42
ModelCNN_fvs_No_Noise_150k_RMSELoss_20260717_155940,ModelCNN_fvs_No_Noise_150k_RMSELoss,RMSELoss,2026-07-17 15:59:40,71/200,2026-07-17 20:52:01,0.010815,0.064044,False,0.00001250,241.28,58260749,8,42
ModelCNN_fvs_No_Noise_150k_RMSELoss_20260717_155940,ModelCNN_fvs_No_Noise_150k_RMSELoss,RMSELoss,2026-07-17 15:59:40,72/200,2026-07-17 20:56:00,0.010685,0.063941,False,0.00001250,239.58,58260749,8,42
ModelCNN_fvs_No_Noise_150k_RMSELoss_20260717_155940,ModelCNN_fvs_No_Noise_150k_RMSELoss,RMSELoss,2026-07-17 15:59:40,73/200,2026-07-17 21:00:00,0.010617,0.063952,False,0.00001250,239.91,58260749,8,42
ModelCNN_fvs_No_Noise_150k_RMSELoss_20260717_155940,ModelCNN_fvs_No_Noise_150k_RMSELoss,RMSELoss,2026-07-17 15:59:40,74/200,2026-07-17 21:04:01,0.010521,0.063913,False,0.00001250,240.40,58260749,8,42
ModelCNN_fvs_No_Noise_150k_RMSELoss_20260717_155940,ModelCNN_fvs_No_Noise_150k_RMSELoss,RMSELoss,2026-07-17 15:59:40,75/200,2026-07-17 21:08:01,0.010422,0.064147,False,0.00001250,240.67,58260749,8,42
ModelCNN_fvs_No_Noise_150k_RMSELoss_20260717_155940,ModelCNN_fvs_No_Noise_150k_RMSELoss,RMSELoss,2026-07-17 15:59:40,76/200,2026-07-17 21:12:03,0.010370,0.063869,False,0.00001250,241.32,58260749,8,42
ModelCNN_fvs_No_Noise_150k_RMSELoss_20260717_155940,ModelCNN_fvs_No_Noise_150k_RMSELoss,RMSELoss,2026-07-17 15:59:40,77/200,2026-07-17 21:16:03,0.010253,0.064038,False,0.00001250,240.13,58260749,8,42
ModelCNN_fvs_No_Noise_150k_RMSELoss_20260717_155940,ModelCNN_fvs_No_Noise_150k_RMSELoss,RMSELoss,2026-07-17 15:59:40,78/200,2026-07-17 21:20:03,0.010166,0.063930,False,0.00001250,240.03,58260749,8,42
ModelCNN_fvs_No_Noise_150k_RMSELoss_20260717_155940,ModelCNN_fvs_No_Noise_150k_RMSELoss,RMSELoss,2026-07-17 15:59:40,79/200,2026-07-17 21:24:04,0.010104,0.064138,False,0.00001250,241.08,58260749,8,42
ModelCNN_fvs_No_Noise_150k_RMSELoss_20260717_155940,ModelCNN_fvs_No_Noise_150k_RMSELoss,RMSELoss,2026-07-17 15:59:40,80/200,2026-07-17 21:28:05,0.009999,0.063920,False,0.00000625,241.09,58260749,8,42
ModelCNN_fvs_No_Noise_150k_RMSELoss_20260717_155940,ModelCNN_fvs_No_Noise_150k_RMSELoss,RMSELoss,2026-07-17 15:59:40,81/200,2026-07-17 21:32:06,0.009516,0.063894,False,0.00000625,240.64,58260749,8,42
ModelCNN_fvs_No_Noise_150k_RMSELoss_20260717_155940,ModelCNN_fvs_No_Noise_150k_RMSELoss,RMSELoss,2026-07-17 15:59:40,82/200,2026-07-17 21:36:06,0.009142,0.063819,True,0.00000625,240.58,58260749,8,42
ModelCNN_fvs_No_Noise_150k_RMSELoss_20260717_155940,ModelCNN_fvs_No_Noise_150k_RMSELoss,RMSELoss,2026-07-17 15:59:40,83/200,2026-07-17 21:40:16,0.009025,0.063970,False,0.00000625,240.01,58260749,8,42
ModelCNN_fvs_No_Noise_150k_RMSELoss_20260717_155940,ModelCNN_fvs_No_Noise_150k_RMSELoss,RMSELoss,2026-07-17 15:59:40,84/200,2026-07-17 21:44:17,0.008917,0.063895,False,0.00000625,240.29,58260749,8,42
ModelCNN_fvs_No_Noise_150k_RMSELoss_20260717_155940,ModelCNN_fvs_No_Noise_150k_RMSELoss,RMSELoss,2026-07-17 15:59:40,85/200,2026-07-17 21:48:16,0.008860,0.063834,False,0.00000625,239.37,58260749,8,42
ModelCNN_fvs_No_Noise_150k_RMSELoss_20260717_155940,ModelCNN_fvs_No_Noise_150k_RMSELoss,RMSELoss,2026-07-17 15:59:40,86/200,2026-07-17 21:52:17,0.008759,0.063895,False,0.00000625,240.64,58260749,8,42
ModelCNN_fvs_No_Noise_150k_RMSELoss_20260717_155940,ModelCNN_fvs_No_Noise_150k_RMSELoss,RMSELoss,2026-07-17 15:59:40,87/200,2026-07-17 21:56:20,0.008722,0.063887,False,0.00000625,243.46,58260749,8,42
ModelCNN_fvs_No_Noise_150k_RMSELoss_20260717_155940,ModelCNN_fvs_No_Noise_150k_RMSELoss,RMSELoss,2026-07-17 15:59:40,88/200,2026-07-17 22:00:20,0.008671,0.063779,True,0.00000625,240.06,58260749,8,42
ModelCNN_fvs_No_Noise_150k_RMSELoss_20260717_155940,ModelCNN_fvs_No_Noise_150k_RMSELoss,RMSELoss,2026-07-17 15:59:40,89/200,2026-07-17 22:04:31,0.008622,0.063794,False,0.00000625,240.45,58260749,8,42
ModelCNN_fvs_No_Noise_150k_RMSELoss_20260717_155940,ModelCNN_fvs_No_Noise_150k_RMSELoss,RMSELoss,2026-07-17 15:59:40,90/200,2026-07-17 22:08:31,0.008575,0.063827,False,0.00000625,240.84,58260749,8,42
ModelCNN_fvs_No_Noise_150k_RMSELoss_20260717_155940,ModelCNN_fvs_No_Noise_150k_RMSELoss,RMSELoss,2026-07-17 15:59:40,91/200,2026-07-17 22:12:33,0.008515,0.063882,False,0.00000625,241.15,58260749,8,42
ModelCNN_fvs_No_Noise_150k_RMSELoss_20260717_155940,ModelCNN_fvs_No_Noise_150k_RMSELoss,RMSELoss,2026-07-17 15:59:40,92/200,2026-07-17 22:16:34,0.008475,0.063862,False,0.00000625,241.41,58260749,8,42
ModelCNN_fvs_No_Noise_150k_RMSELoss_20260717_155940,ModelCNN_fvs_No_Noise_150k_RMSELoss,RMSELoss,2026-07-17 15:59:40,93/200,2026-07-17 22:20:35,0.008433,0.063767,True,0.00000625,241.34,58260749,8,42
ModelCNN_fvs_No_Noise_150k_RMSELoss_20260717_155940,ModelCNN_fvs_No_Noise_150k_RMSELoss,RMSELoss,2026-07-17 15:59:40,94/200,2026-07-17 22:24:45,0.008403,0.063823,False,0.00000625,239.11,58260749,8,42
ModelCNN_fvs_No_Noise_150k_RMSELoss_20260717_155940,ModelCNN_fvs_No_Noise_150k_RMSELoss,RMSELoss,2026-07-17 15:59:40,95/200,2026-07-17 22:28:46,0.008333,0.063900,False,0.00000625,241.04,58260749,8,42
ModelCNN_fvs_No_Noise_150k_RMSELoss_20260717_155940,ModelCNN_fvs_No_Noise_150k_RMSELoss,RMSELoss,2026-07-17 15:59:40,96/200,2026-07-17 22:32:46,0.008291,0.063942,False,0.00000625,240.90,58260749,8,42
ModelCNN_fvs_No_Noise_150k_RMSELoss_20260717_155940,ModelCNN_fvs_No_Noise_150k_RMSELoss,RMSELoss,2026-07-17 15:59:40,97/200,2026-07-17 22:36:48,0.008274,0.063839,False,0.00000625,241.71,58260749,8,42
ModelCNN_fvs_No_Noise_150k_RMSELoss_20260717_155940,ModelCNN_fvs_No_Noise_150k_RMSELoss,RMSELoss,2026-07-17 15:59:40,98/200,2026-07-17 22:40:50,0.008232,0.063744,True,0.00000625,241.71,58260749,8,42
ModelCNN_fvs_No_Noise_150k_RMSELoss_20260717_155940,ModelCNN_fvs_No_Noise_150k_RMSELoss,RMSELoss,2026-07-17 15:59:40,99/200,2026-07-17 22:45:02,0.008194,0.063855,False,0.00000625,241.57,58260749,8,42
ModelCNN_fvs_No_Noise_150k_RMSELoss_20260717_155940,ModelCNN_fvs_No_Noise_150k_RMSELoss,RMSELoss,2026-07-17 15:59:40,100/200,2026-07-17 22:49:05,0.008148,0.063834,False,0.00000313,243.77,58260749,8,42
ModelCNN_fvs_No_Noise_150k_RMSELoss_20260717_155940,ModelCNN_fvs_No_Noise_150k_RMSELoss,RMSELoss,2026-07-17 15:59:40,101/200,2026-07-17 22:53:08,0.007933,0.063719,True,0.00000313,242.34,58260749,8,42
ModelCNN_fvs_No_Noise_150k_RMSELoss_20260717_155940,ModelCNN_fvs_No_Noise_150k_RMSELoss,RMSELoss,2026-07-17 15:59:40,102/200,2026-07-17 22:57:21,0.007788,0.063796,False,0.00000313,243.04,58260749,8,42
ModelCNN_fvs_No_Noise_150k_RMSELoss_20260717_155940,ModelCNN_fvs_No_Noise_150k_RMSELoss,RMSELoss,2026-07-17 15:59:40,103/200,2026-07-17 23:01:22,0.007715,0.063814,False,0.00000313,241.61,58260749,8,42
ModelCNN_fvs_No_Noise_150k_RMSELoss_20260717_155940,ModelCNN_fvs_No_Noise_150k_RMSELoss,RMSELoss,2026-07-17 15:59:40,104/200,2026-07-17 23:05:23,0.007673,0.063721,False,0.00000313,240.50,58260749,8,42
ModelCNN_fvs_No_Noise_150k_RMSELoss_20260717_155940,ModelCNN_fvs_No_Noise_150k_RMSELoss,RMSELoss,2026-07-17 15:59:40,105/200,2026-07-17 23:09:25,0.007632,0.063795,False,0.00000313,241.72,58260749,8,42
ModelCNN_fvs_No_Noise_150k_RMSELoss_20260717_155940,ModelCNN_fvs_No_Noise_150k_RMSELoss,RMSELoss,2026-07-17 15:59:40,106/200,2026-07-17 23:13:25,0.007616,0.063798,False,0.00000313,240.36,58260749,8,42
ModelCNN_fvs_No_Noise_150k_RMSELoss_20260717_155940,ModelCNN_fvs_No_Noise_150k_RMSELoss,RMSELoss,2026-07-17 15:59:40,107/200,2026-07-17 23:17:27,0.007598,0.063756,False,0.00000313,242.06,58260749,8,42
ModelCNN_fvs_No_Noise_150k_RMSELoss_20260717_155940,ModelCNN_fvs_No_Noise_150k_RMSELoss,RMSELoss,2026-07-17 15:59:40,108/200,2026-07-17 23:21:28,0.007557,0.063749,False,0.00000313,241.35,58260749,8,42
ModelCNN_fvs_No_Noise_150k_RMSELoss_20260717_155940,ModelCNN_fvs_No_Noise_150k_RMSELoss,RMSELoss,2026-07-17 15:59:40,109/200,2026-07-17 23:25:30,0.007536,0.063736,False,0.00000313,241.73,58260749,8,42
ModelCNN_fvs_No_Noise_150k_RMSELoss_20260717_155940,ModelCNN_fvs_No_Noise_150k_RMSELoss,RMSELoss,2026-07-17 15:59:40,110/200,2026-07-17 23:29:33,0.007520,0.063756,False,0.00000313,242.44,58260749,8,42
ModelCNN_fvs_No_Noise_150k_RMSELoss_20260717_155940,ModelCNN_fvs_No_Noise_150k_RMSELoss,RMSELoss,2026-07-17 15:59:40,111/200,2026-07-17 23:33:37,0.007499,0.063773,False,0.00000313,244.19,58260749,8,42
ModelCNN_fvs_No_Noise_150k_RMSELoss_20260717_155940,ModelCNN_fvs_No_Noise_150k_RMSELoss,RMSELoss,2026-07-17 15:59:40,112/200,2026-07-17 23:37:33,0.007466,0.063796,False,0.00000313,236.72,58260749,8,42
ModelCNN_fvs_No_Noise_150k_RMSELoss_20260717_155940,ModelCNN_fvs_No_Noise_150k_RMSELoss,RMSELoss,2026-07-17 15:59:40,113/200,2026-07-17 23:41:28,0.007464,0.063860,False,0.00000313,234.93,58260749,8,42
ModelCNN_fvs_No_Noise_150k_RMSELoss_20260717_155940,ModelCNN_fvs_No_Noise_150k_RMSELoss,RMSELoss,2026-07-17 15:59:40,114/200,2026-07-17 23:45:22,0.007437,0.063843,False,0.00000313,233.79,58260749,8,42
ModelCNN_fvs_No_Noise_150k_RMSELoss_20260717_155940,ModelCNN_fvs_No_Noise_150k_RMSELoss,RMSELoss,2026-07-17 15:59:40,115/200,2026-07-17 23:49:17,0.007421,0.063808,False,0.00000313,234.83,58260749,8,42
ModelCNN_fvs_No_Noise_150k_RMSELoss_20260717_155940,ModelCNN_fvs_No_Noise_150k_RMSELoss,RMSELoss,2026-07-17 15:59:40,116/200,2026-07-17 23:53:12,0.007384,0.063783,False,0.00000313,234.67,58260749,8,42
ModelCNN_fvs_No_Noise_150k_RMSELoss_20260717_155940,ModelCNN_fvs_No_Noise_150k_RMSELoss,RMSELoss,2026-07-17 15:59:40,117/200,2026-07-17 23:57:05,0.007360,0.063817,False,0.00000313,233.09,58260749,8,42
ModelCNN_fvs_No_Noise_150k_RMSELoss_20260717_155940,ModelCNN_fvs_No_Noise_150k_RMSELoss,RMSELoss,2026-07-17 15:59:40,118/200,2026-07-18 00:01:00,0.007355,0.063782,False,0.00000313,235.47,58260749,8,42
ModelCNN_fvs_No_Noise_150k_RMSELoss_20260717_155940,ModelCNN_fvs_No_Noise_150k_RMSELoss,RMSELoss,2026-07-17 15:59:40,119/200,2026-07-18 00:04:56,0.007325,0.063769,False,0.00000313,236.17,58260749,8,42
ModelCNN_fvs_No_Noise_150k_RMSELoss_20260717_155940,ModelCNN_fvs_No_Noise_150k_RMSELoss,RMSELoss,2026-07-17 15:59:40,120/200,2026-07-18 00:08:50,0.007317,0.063725,False,0.00000156,234.01,58260749,8,42
ModelCNN_fvs_No_Noise_150k_RMSELoss_20260717_155940,ModelCNN_fvs_No_Noise_150k_RMSELoss,RMSELoss,2026-07-17 15:59:40,121/200,2026-07-18 00:12:44,0.007197,0.063767,False,0.00000156,233.03,58260749,8,42
ModelCNN_fvs_No_Noise_150k_RMSELoss_20260717_155940,ModelCNN_fvs_No_Noise_150k_RMSELoss,RMSELoss,2026-07-17 15:59:40,122/200,2026-07-18 00:16:37,0.007151,0.063748,False,0.00000156,233.70,58260749,8,42
ModelCNN_fvs_No_Noise_150k_RMSELoss_20260717_155940,ModelCNN_fvs_No_Noise_150k_RMSELoss,RMSELoss,2026-07-17 15:59:40,123/200,2026-07-18 00:20:32,0.007126,0.063788,False,0.00000156,234.89,58260749,8,42
ModelCNN_fvs_No_Noise_150k_RMSELoss_20260717_155940,ModelCNN_fvs_No_Noise_150k_RMSELoss,RMSELoss,2026-07-17 15:59:40,124/200,2026-07-18 00:24:25,0.007112,0.063806,False,0.00000156,232.61,58260749,8,42
ModelCNN_fvs_No_Noise_150k_RMSELoss_20260717_155940,ModelCNN_fvs_No_Noise_150k_RMSELoss,RMSELoss,2026-07-17 15:59:40,125/200,2026-07-18 00:28:17,0.007071,0.063787,False,0.00000156,232.37,58260749,8,42
ModelCNN_fvs_No_Noise_150k_RMSELoss_20260717_155940,ModelCNN_fvs_No_Noise_150k_RMSELoss,RMSELoss,2026-07-17 15:59:40,126/200,2026-07-18 00:32:10,0.007074,0.063822,False,0.00000156,233.11,58260749,8,42
ModelCNN_fvs_No_Noise_150k_RMSELoss_20260717_155940,ModelCNN_fvs_No_Noise_150k_RMSELoss,RMSELoss,2026-07-17 15:59:40,127/200,2026-07-18 00:36:03,0.007065,0.063764,False,0.00000156,232.84,58260749,8,42
ModelCNN_fvs_No_Noise_150k_RMSELoss_20260717_155940,ModelCNN_fvs_No_Noise_150k_RMSELoss,RMSELoss,2026-07-17 15:59:40,128/200,2026-07-18 00:39:56,0.007042,0.063790,False,0.00000156,233.08,58260749,8,42
ModelCNN_fvs_No_Noise_150k_RMSELoss_20260717_155940,ModelCNN_fvs_No_Noise_150k_RMSELoss,RMSELoss,2026-07-17 15:59:40,129/200,2026-07-18 00:43:50,0.007027,0.063761,False,0.00000156,233.35,58260749,8,42
ModelCNN_fvs_No_Noise_150k_RMSELoss_20260717_155940,ModelCNN_fvs_No_Noise_150k_RMSELoss,RMSELoss,2026-07-17 15:59:40,130/200,2026-07-18 00:47:41,0.007012,0.063781,False,0.00000156,231.33,58260749,8,42
ModelCNN_fvs_No_Noise_150k_RMSELoss_20260717_155940,ModelCNN_fvs_No_Noise_150k_RMSELoss,RMSELoss,2026-07-17 15:59:40,131/200,2026-07-18 00:51:33,0.007000,0.063771,False,0.00000156,232.38,58260749,8,42
ModelCNN_fvs_No_Noise_150k_RMSELoss_20260717_155940,ModelCNN_fvs_No_Noise_150k_RMSELoss,RMSELoss,2026-07-17 15:59:40,132/200,2026-07-18 00:55:26,0.006992,0.063726,False,0.00000156,233.21,58260749,8,42
ModelCNN_fvs_No_Noise_150k_RMSELoss_20260717_155940,ModelCNN_fvs_No_Noise_150k_RMSELoss,RMSELoss,2026-07-17 15:59:40,133/200,2026-07-18 00:59:19,0.006980,0.063764,False,0.00000156,232.55,58260749,8,42
ModelCNN_fvs_No_Noise_150k_RMSELoss_20260717_155940,ModelCNN_fvs_No_Noise_150k_RMSELoss,RMSELoss,2026-07-17 15:59:40,134/200,2026-07-18 01:03:13,0.006963,0.063800,False,0.00000156,233.71,58260749,8,42
ModelCNN_fvs_No_Noise_150k_RMSELoss_20260717_155940,ModelCNN_fvs_No_Noise_150k_RMSELoss,RMSELoss,2026-07-17 15:59:40,135/200,2026-07-18 01:07:06,0.006959,0.063850,False,0.00000156,233.44,58260749,8,42
ModelCNN_fvs_No_Noise_150k_RMSELoss_20260717_155940,ModelCNN_fvs_No_Noise_150k_RMSELoss,RMSELoss,2026-07-17 15:59:40,136/200,2026-07-18 01:10:58,0.006956,0.063709,True,0.00000156,232.26,58260749,8,42
ModelCNN_fvs_No_Noise_150k_RMSELoss_20260717_155940,ModelCNN_fvs_No_Noise_150k_RMSELoss,RMSELoss,2026-07-17 15:59:40,137/200,2026-07-18 01:15:02,0.006958,0.063790,False,0.00000156,233.36,58260749,8,42
ModelCNN_fvs_No_Noise_150k_RMSELoss_20260717_155940,ModelCNN_fvs_No_Noise_150k_RMSELoss,RMSELoss,2026-07-17 15:59:40,138/200,2026-07-18 01:18:56,0.006923,0.063713,False,0.00000156,234.21,58260749,8,42
ModelCNN_fvs_No_Noise_150k_RMSELoss_20260717_155940,ModelCNN_fvs_No_Noise_150k_RMSELoss,RMSELoss,2026-07-17 15:59:40,139/200,2026-07-18 01:22:50,0.006913,0.063744,False,0.00000156,233.84,58260749,8,42
ModelCNN_fvs_No_Noise_150k_RMSELoss_20260717_155940,ModelCNN_fvs_No_Noise_150k_RMSELoss,RMSELoss,2026-07-17 15:59:40,140/200,2026-07-18 01:26:43,0.006920,0.063715,False,0.00000078,233.14,58260749,8,42
ModelCNN_fvs_No_Noise_150k_RMSELoss_20260717_155940,ModelCNN_fvs_No_Noise_150k_RMSELoss,RMSELoss,2026-07-17 15:59:40,141/200,2026-07-18 01:30:35,0.006872,0.063794,False,0.00000078,232.37,58260749,8,42
ModelCNN_fvs_No_Noise_150k_RMSELoss_20260717_155940,ModelCNN_fvs_No_Noise_150k_RMSELoss,RMSELoss,2026-07-17 15:59:40,142/200,2026-07-18 01:34:29,0.006852,0.063743,False,0.00000078,233.47,58260749,8,42
ModelCNN_fvs_No_Noise_150k_RMSELoss_20260717_155940,ModelCNN_fvs_No_Noise_150k_RMSELoss,RMSELoss,2026-07-17 15:59:40,143/200,2026-07-18 01:38:22,0.006824,0.063761,False,0.00000078,232.79,58260749,8,42
ModelCNN_fvs_No_Noise_150k_RMSELoss_20260717_155940,ModelCNN_fvs_No_Noise_150k_RMSELoss,RMSELoss,2026-07-17 15:59:40,144/200,2026-07-18 01:42:15,0.006818,0.063816,False,0.00000078,233.19,58260749,8,42
ModelCNN_fvs_No_Noise_150k_RMSELoss_20260717_155940,ModelCNN_fvs_No_Noise_150k_RMSELoss,RMSELoss,2026-07-17 15:59:40,145/200,2026-07-18 01:46:08,0.006816,0.063753,False,0.00000078,233.53,58260749,8,42
ModelCNN_fvs_No_Noise_150k_RMSELoss_20260717_155940,ModelCNN_fvs_No_Noise_150k_RMSELoss,RMSELoss,2026-07-17 15:59:40,146/200,2026-07-18 01:50:01,0.006806,0.063752,False,0.00000078,232.68,58260749,8,42
ModelCNN_fvs_No_Noise_150k_RMSELoss_20260717_155940,ModelCNN_fvs_No_Noise_150k_RMSELoss,RMSELoss,2026-07-17 15:59:40,147/200,2026-07-18 01:53:54,0.006798,0.063725,False,0.00000078,233.26,58260749,8,42
ModelCNN_fvs_No_Noise_150k_RMSELoss_20260717_155940,ModelCNN_fvs_No_Noise_150k_RMSELoss,RMSELoss,2026-07-17 15:59:40,148/200,2026-07-18 01:57:46,0.006787,0.063769,False,0.00000078,231.41,58260749,8,42
ModelCNN_fvs_No_Noise_150k_RMSELoss_20260717_155940,ModelCNN_fvs_No_Noise_150k_RMSELoss,RMSELoss,2026-07-17 15:59:40,149/200,2026-07-18 02:01:39,0.006785,0.063791,False,0.00000078,233.40,58260749,8,42
ModelCNN_fvs_No_Noise_150k_RMSELoss_20260717_155940,ModelCNN_fvs_No_Noise_150k_RMSELoss,RMSELoss,2026-07-17 15:59:40,150/200,2026-07-18 02:05:33,0.006781,0.063784,False,0.00000078,233.71,58260749,8,42
ModelCNN_fvs_No_Noise_150k_RMSELoss_20260717_155940,ModelCNN_fvs_No_Noise_150k_RMSELoss,RMSELoss,2026-07-17 15:59:40,151/200,2026-07-18 02:09:25,0.006772,0.063758,False,0.00000078,231.97,58260749,8,42
ModelCNN_fvs_No_Noise_150k_RMSELoss_20260717_155940,ModelCNN_fvs_No_Noise_150k_RMSELoss,RMSELoss,2026-07-17 15:59:40,152/200,2026-07-18 02:13:18,0.006768,0.063723,False,0.00000078,233.43,58260749,8,42
ModelCNN_fvs_No_Noise_150k_RMSELoss_20260717_155940,ModelCNN_fvs_No_Noise_150k_RMSELoss,RMSELoss,2026-07-17 15:59:40,153/200,2026-07-18 02:17:11,0.006761,0.063757,False,0.00000078,232.91,58260749,8,42
ModelCNN_fvs_No_Noise_150k_RMSELoss_20260717_155940,ModelCNN_fvs_No_Noise_150k_RMSELoss,RMSELoss,2026-07-17 15:59:40,154/200,2026-07-18 02:21:06,0.006753,0.063779,False,0.00000078,234.95,58260749,8,42
ModelCNN_fvs_No_Noise_150k_RMSELoss_20260717_155940,ModelCNN_fvs_No_Noise_150k_RMSELoss,RMSELoss,2026-07-17 15:59:40,155/200,2026-07-18 02:24:59,0.006755,0.063746,False,0.00000078,232.43,58260749,8,42
ModelCNN_fvs_No_Noise_150k_RMSELoss_20260717_155940,ModelCNN_fvs_No_Noise_150k_RMSELoss,RMSELoss,2026-07-17 15:59:40,156/200,2026-07-18 02:28:52,0.006736,0.063770,False,0.00000078,232.99,58260749,8,42
ModelCNN_fvs_No_Noise_150k_RMSELoss_20260717_155940,ModelCNN_fvs_No_Noise_150k_RMSELoss,RMSELoss,2026-07-17 15:59:40,157/200,2026-07-18 02:32:45,0.006736,0.063753,False,0.00000078,233.11,58260749,8,42
ModelCNN_fvs_No_Noise_150k_RMSELoss_20260717_155940,ModelCNN_fvs_No_Noise_150k_RMSELoss,RMSELoss,2026-07-17 15:59:40,158/200,2026-07-18 02:36:37,0.006738,0.063801,False,0.00000078,232.78,58260749,8,42
ModelCNN_fvs_No_Noise_150k_RMSELoss_20260717_155940,ModelCNN_fvs_No_Noise_150k_RMSELoss,RMSELoss,2026-07-17 15:59:40,159/200,2026-07-18 02:40:31,0.006726,0.063716,False,0.00000078,233.55,58260749,8,42
ModelCNN_fvs_No_Noise_150k_RMSELoss_20260717_155940,ModelCNN_fvs_No_Noise_150k_RMSELoss,RMSELoss,2026-07-17 15:59:40,160/200,2026-07-18 02:44:25,0.006713,0.063769,False,0.00000039,234.31,58260749,8,42
ModelCNN_fvs_No_Noise_150k_RMSELoss_20260717_155940,ModelCNN_fvs_No_Noise_150k_RMSELoss,RMSELoss,2026-07-17 15:59:40,161/200,2026-07-18 02:48:21,0.006690,0.063772,False,0.00000039,236.19,58260749,8,42
ModelCNN_fvs_No_Noise_150k_RMSELoss_20260717_155940,ModelCNN_fvs_No_Noise_150k_RMSELoss,RMSELoss,2026-07-17 15:59:40,162/200,2026-07-18 02:52:15,0.006683,0.063739,False,0.00000039,233.25,58260749,8,42
ModelCNN_fvs_No_Noise_150k_RMSELoss_20260717_155940,ModelCNN_fvs_No_Noise_150k_RMSELoss,RMSELoss,2026-07-17 15:59:40,163/200,2026-07-18 02:56:08,0.006689,0.063755,False,0.00000039,233.64,58260749,8,42
ModelCNN_fvs_No_Noise_150k_RMSELoss_20260717_155940,ModelCNN_fvs_No_Noise_150k_RMSELoss,RMSELoss,2026-07-17 15:59:40,164/200,2026-07-18 03:00:02,0.006673,0.063776,False,0.00000039,233.22,58260749,8,42
ModelCNN_fvs_No_Noise_150k_RMSELoss_20260717_155940,ModelCNN_fvs_No_Noise_150k_RMSELoss,RMSELoss,2026-07-17 15:59:40,165/200,2026-07-18 03:03:56,0.006657,0.063701,True,0.00000039,234.13,58260749,8,42
ModelCNN_fvs_No_Noise_150k_RMSELoss_20260717_155940,ModelCNN_fvs_No_Noise_150k_RMSELoss,RMSELoss,2026-07-17 15:59:40,166/200,2026-07-18 03:07:59,0.006674,0.063731,False,0.00000039,233.74,58260749,8,42
ModelCNN_fvs_No_Noise_150k_RMSELoss_20260717_155940,ModelCNN_fvs_No_Noise_150k_RMSELoss,RMSELoss,2026-07-17 15:59:40,167/200,2026-07-18 03:11:54,0.006662,0.063753,False,0.00000039,234.49,58260749,8,42
ModelCNN_fvs_No_Noise_150k_RMSELoss_20260717_155940,ModelCNN_fvs_No_Noise_150k_RMSELoss,RMSELoss,2026-07-17 15:59:40,168/200,2026-07-18 03:15:49,0.006671,0.063765,False,0.00000039,234.85,58260749,8,42
ModelCNN_fvs_No_Noise_150k_RMSELoss_20260717_155940,ModelCNN_fvs_No_Noise_150k_RMSELoss,RMSELoss,2026-07-17 15:59:40,169/200,2026-07-18 03:19:42,0.006662,0.063756,False,0.00000039,233.07,58260749,8,42
ModelCNN_fvs_No_Noise_150k_RMSELoss_20260717_155940,ModelCNN_fvs_No_Noise_150k_RMSELoss,RMSELoss,2026-07-17 15:59:40,170/200,2026-07-18 03:23:36,0.006651,0.063789,False,0.00000039,233.91,58260749,8,42
ModelCNN_fvs_No_Noise_150k_RMSELoss_20260717_155940,ModelCNN_fvs_No_Noise_150k_RMSELoss,RMSELoss,2026-07-17 15:59:40,171/200,2026-07-18 03:27:29,0.006647,0.063772,False,0.00000039,232.91,58260749,8,42
ModelCNN_fvs_No_Noise_150k_RMSELoss_20260717_155940,ModelCNN_fvs_No_Noise_150k_RMSELoss,RMSELoss,2026-07-17 15:59:40,172/200,2026-07-18 03:31:23,0.006650,0.063730,False,0.00000039,234.31,58260749,8,42
ModelCNN_fvs_No_Noise_150k_RMSELoss_20260717_155940,ModelCNN_fvs_No_Noise_150k_RMSELoss,RMSELoss,2026-07-17 15:59:40,173/200,2026-07-18 03:35:18,0.006631,0.063790,False,0.00000039,234.74,58260749,8,42
ModelCNN_fvs_No_Noise_150k_RMSELoss_20260717_155940,ModelCNN_fvs_No_Noise_150k_RMSELoss,RMSELoss,2026-07-17 15:59:40,174/200,2026-07-18 03:39:12,0.006648,0.063780,False,0.00000039,234.47,58260749,8,42
ModelCNN_fvs_No_Noise_150k_RMSELoss_20260717_155940,ModelCNN_fvs_No_Noise_150k_RMSELoss,RMSELoss,2026-07-17 15:59:40,175/200,2026-07-18 03:43:06,0.006642,0.063713,False,0.00000039,233.72,58260749,8,42
ModelCNN_fvs_No_Noise_150k_RMSELoss_20260717_155940,ModelCNN_fvs_No_Noise_150k_RMSELoss,RMSELoss,2026-07-17 15:59:40,176/200,2026-07-18 03:47:02,0.006628,0.063731,False,0.00000039,236.28,58260749,8,42
ModelCNN_fvs_No_Noise_150k_RMSELoss_20260717_155940,ModelCNN_fvs_No_Noise_150k_RMSELoss,RMSELoss,2026-07-17 15:59:40,177/200,2026-07-18 03:50:57,0.006614,0.063732,False,0.00000039,234.70,58260749,8,42
ModelCNN_fvs_No_Noise_150k_RMSELoss_20260717_155940,ModelCNN_fvs_No_Noise_150k_RMSELoss,RMSELoss,2026-07-17 15:59:40,178/200,2026-07-18 03:54:51,0.006631,0.063788,False,0.00000039,234.34,58260749,8,42
ModelCNN_fvs_No_Noise_150k_RMSELoss_20260717_155940,ModelCNN_fvs_No_Noise_150k_RMSELoss,RMSELoss,2026-07-17 15:59:40,179/200,2026-07-18 03:58:44,0.006620,0.063791,False,0.00000039,232.90,58260749,8,42
ModelCNN_fvs_No_Noise_150k_RMSELoss_20260717_155940,ModelCNN_fvs_No_Noise_150k_RMSELoss,RMSELoss,2026-07-17 15:59:40,180/200,2026-07-18 04:02:37,0.006644,0.063747,False,0.00000020,233.17,58260749,8,42
ModelCNN_fvs_No_Noise_150k_RMSELoss_20260717_155940,ModelCNN_fvs_No_Noise_150k_RMSELoss,RMSELoss,2026-07-17 15:59:40,181/200,2026-07-18 04:06:30,0.006617,0.063819,False,0.00000020,232.95,58260749,8,42
ModelCNN_fvs_No_Noise_150k_RMSELoss_20260717_155940,ModelCNN_fvs_No_Noise_150k_RMSELoss,RMSELoss,2026-07-17 15:59:40,182/200,2026-07-18 04:10:24,0.006616,0.063756,False,0.00000020,233.57,58260749,8,42
ModelCNN_fvs_No_Noise_150k_RMSELoss_20260717_155940,ModelCNN_fvs_No_Noise_150k_RMSELoss,RMSELoss,2026-07-17 15:59:40,183/200,2026-07-18 04:14:17,0.006602,0.063771,False,0.00000020,233.44,58260749,8,42
ModelCNN_fvs_No_Noise_150k_RMSELoss_20260717_155940,ModelCNN_fvs_No_Noise_150k_RMSELoss,RMSELoss,2026-07-17 15:59:40,184/200,2026-07-18 04:18:11,0.006607,0.063746,False,0.00000020,233.30,58260749,8,42
ModelCNN_fvs_No_Noise_150k_RMSELoss_20260717_155940,ModelCNN_fvs_No_Noise_150k_RMSELoss,RMSELoss,2026-07-17 15:59:40,185/200,2026-07-18 04:22:06,0.006612,0.063786,False,0.00000020,235.15,58260749,8,42
ModelCNN_fvs_No_Noise_150k_RMSELoss_20260717_155940,ModelCNN_fvs_No_Noise_150k_RMSELoss,RMSELoss,2026-07-17 15:59:40,186/200,2026-07-18 04:26:01,0.006595,0.063774,False,0.00000020,234.92,58260749,8,42
ModelCNN_fvs_No_Noise_150k_RMSELoss_20260717_155940,ModelCNN_fvs_No_Noise_150k_RMSELoss,RMSELoss,2026-07-17 15:59:40,187/200,2026-07-18 04:29:57,0.006598,0.063761,False,0.00000020,236.57,58260749,8,42
ModelCNN_fvs_No_Noise_150k_RMSELoss_20260717_155940,ModelCNN_fvs_No_Noise_150k_RMSELoss,RMSELoss,2026-07-17 15:59:40,188/200,2026-07-18 04:33:57,0.006592,0.063752,False,0.00000020,239.56,58260749,8,42
ModelCNN_fvs_No_Noise_150k_RMSELoss_20260717_155940,ModelCNN_fvs_No_Noise_150k_RMSELoss,RMSELoss,2026-07-17 15:59:40,189/200,2026-07-18 04:37:54,0.006598,0.063750,False,0.00000020,237.08,58260749,8,42
ModelCNN_fvs_No_Noise_150k_RMSELoss_20260717_155940,ModelCNN_fvs_No_Noise_150k_RMSELoss,RMSELoss,2026-07-17 15:59:40,190/200,2026-07-18 04:41:50,0.006591,0.063802,False,0.00000020,235.59,58260749,8,42
ModelCNN_fvs_No_Noise_150k_RMSELoss_20260717_155940,ModelCNN_fvs_No_Noise_150k_RMSELoss,RMSELoss,2026-07-17 15:59:40,191/200,2026-07-18 04:45:46,0.006591,0.063778,False,0.00000020,236.11,58260749,8,42
ModelCNN_fvs_No_Noise_150k_RMSELoss_20260717_155940,ModelCNN_fvs_No_Noise_150k_RMSELoss,RMSELoss,2026-07-17 15:59:40,192/200,2026-07-18 04:49:42,0.006590,0.063764,False,0.00000020,236.20,58260749,8,42
ModelCNN_fvs_No_Noise_150k_RMSELoss_20260717_155940,ModelCNN_fvs_No_Noise_150k_RMSELoss,RMSELoss,2026-07-17 15:59:40,193/200,2026-07-18 04:53:39,0.006592,0.063768,False,0.00000020,236.71,58260749,8,42
ModelCNN_fvs_No_Noise_150k_RMSELoss_20260717_155940,ModelCNN_fvs_No_Noise_150k_RMSELoss,RMSELoss,2026-07-17 15:59:40,194/200,2026-07-18 04:57:34,0.006588,0.063747,False,0.00000020,235.63,58260749,8,42
ModelCNN_fvs_No_Noise_150k_RMSELoss_20260717_155940,ModelCNN_fvs_No_Noise_150k_RMSELoss,RMSELoss,2026-07-17 15:59:40,195/200,2026-07-18 05:01:29,0.006591,0.063759,False,0.00000020,235.04,58260749,8,42
ModelCNN_fvs_No_Noise_150k_RMSELoss_20260717_155940,ModelCNN_fvs_No_Noise_150k_RMSELoss,RMSELoss,2026-07-17 15:59:40,196/200,2026-07-18 05:05:25,0.006586,0.063784,False,0.00000020,235.62,58260749,8,42
ModelCNN_fvs_No_Noise_150k_RMSELoss_20260717_155940,ModelCNN_fvs_No_Noise_150k_RMSELoss,RMSELoss,2026-07-17 15:59:40,197/200,2026-07-18 05:09:19,0.006600,0.063754,False,0.00000020,233.66,58260749,8,42
ModelCNN_fvs_No_Noise_150k_RMSELoss_20260717_155940,ModelCNN_fvs_No_Noise_150k_RMSELoss,RMSELoss,2026-07-17 15:59:40,198/200,2026-07-18 05:13:13,0.006577,0.063779,False,0.00000020,234.15,58260749,8,42
ModelCNN_fvs_No_Noise_150k_RMSELoss_20260717_155940,ModelCNN_fvs_No_Noise_150k_RMSELoss,RMSELoss,2026-07-17 15:59:40,199/200,2026-07-18 05:17:07,0.006593,0.063813,False,0.00000020,233.97,58260749,8,42
ModelCNN_fvs_No_Noise_150k_RMSELoss_20260717_155940,ModelCNN_fvs_No_Noise_150k_RMSELoss,RMSELoss,2026-07-17 15:59:40,200/200,2026-07-18 05:21:00,0.006587,0.063764,False,0.00000010,233.26,58260749,8,42
Resnet50_fvs_No_Noise_150k_RMSELoss_20260720_174345,Resnet50_fvs_No_Noise_150k_RMSELoss,RMSELoss,2026-07-20 17:43:45,1/200,2026-07-20 17:48:43,0.110912,0.097432,True,0.00010000,296.97,57284901,8,42
Resnet50_fvs_No_Noise_150k_RMSELoss_20260720_174345,Resnet50_fvs_No_Noise_150k_RMSELoss,RMSELoss,2026-07-20 17:43:45,2/200,2026-07-20 17:53:44,0.094973,0.090117,True,0.00010000,289.71,57284901,8,42
Resnet50_fvs_No_Noise_150k_RMSELoss_20260720_174345,Resnet50_fvs_No_Noise_150k_RMSELoss,RMSELoss,2026-07-20 17:43:45,3/200,2026-07-20 17:58:41,0.088032,0.086623,True,0.00010000,285.43,57284901,8,42
Resnet50_fvs_No_Noise_150k_RMSELoss_20260720_174345,Resnet50_fvs_No_Noise_150k_RMSELoss,RMSELoss,2026-07-20 17:43:45,4/200,2026-07-20 18:03:51,0.082980,0.081036,True,0.00010000,299.04,57284901,8,42
Resnet50_fvs_No_Noise_150k_RMSELoss_20260720_174345,Resnet50_fvs_No_Noise_150k_RMSELoss,RMSELoss,2026-07-20 17:43:45,5/200,2026-07-20 18:08:53,0.079296,0.082540,False,0.00010000,291.12,57284901,8,42
Resnet50_fvs_No_Noise_150k_RMSELoss_20260720_174345,Resnet50_fvs_No_Noise_150k_RMSELoss,RMSELoss,2026-07-20 17:43:45,6/200,2026-07-20 18:13:38,0.075750,0.080490,True,0.00010000,285.24,57284901,8,42
Resnet50_fvs_No_Noise_150k_RMSELoss_20260720_174345,Resnet50_fvs_No_Noise_150k_RMSELoss,RMSELoss,2026-07-20 17:43:45,7/200,2026-07-20 18:18:32,0.072585,0.077498,True,0.00010000,283.22,57284901,8,42
Resnet50_fvs_No_Noise_150k_RMSELoss_20260720_174345,Resnet50_fvs_No_Noise_150k_RMSELoss,RMSELoss,2026-07-20 17:43:45,8/200,2026-07-20 18:23:45,0.069573,0.075086,True,0.00010000,301.80,57284901,8,42
Resnet50_fvs_No_Noise_150k_RMSELoss_20260720_174345,Resnet50_fvs_No_Noise_150k_RMSELoss,RMSELoss,2026-07-20 17:43:45,9/200,2026-07-20 18:28:49,0.066625,0.075004,True,0.00010000,293.54,57284901,8,42
Resnet50_fvs_No_Noise_150k_RMSELoss_20260720_174345,Resnet50_fvs_No_Noise_150k_RMSELoss,RMSELoss,2026-07-20 17:43:45,10/200,2026-07-20 18:33:50,0.064028,0.074226,True,0.00010000,290.22,57284901,8,42
Resnet50_fvs_No_Noise_150k_RMSELoss_20260720_174345,Resnet50_fvs_No_Noise_150k_RMSELoss,RMSELoss,2026-07-20 17:43:45,11/200,2026-07-20 18:38:51,0.061307,0.072464,True,0.00010000,290.57,57284901,8,42
Resnet50_fvs_No_Noise_150k_RMSELoss_20260720_174345,Resnet50_fvs_No_Noise_150k_RMSELoss,RMSELoss,2026-07-20 17:43:45,12/200,2026-07-20 18:43:51,0.059336,0.072162,True,0.00010000,289.39,57284901,8,42
Resnet50_fvs_No_Noise_150k_RMSELoss_20260720_174345,Resnet50_fvs_No_Noise_150k_RMSELoss,RMSELoss,2026-07-20 17:43:45,13/200,2026-07-20 18:48:53,0.057203,0.072107,True,0.00010000,291.19,57284901,8,42
Resnet50_fvs_No_Noise_150k_RMSELoss_20260720_174345,Resnet50_fvs_No_Noise_150k_RMSELoss,RMSELoss,2026-07-20 17:43:45,14/200,2026-07-20 18:53:47,0.055124,0.072724,False,0.00010000,283.47,57284901,8,42
Resnet50_fvs_No_Noise_150k_RMSELoss_20260720_174345,Resnet50_fvs_No_Noise_150k_RMSELoss,RMSELoss,2026-07-20 17:43:45,15/200,2026-07-20 18:58:37,0.053348,0.070358,True,0.00010000,289.68,57284901,8,42
Resnet50_fvs_No_Noise_150k_RMSELoss_20260720_174345,Resnet50_fvs_No_Noise_150k_RMSELoss,RMSELoss,2026-07-20 17:43:45,16/200,2026-07-20 19:03:32,0.051435,0.069999,True,0.00010000,283.95,57284901,8,42
Resnet50_fvs_No_Noise_150k_RMSELoss_20260720_174345,Resnet50_fvs_No_Noise_150k_RMSELoss,RMSELoss,2026-07-20 17:43:45,17/200,2026-07-20 19:08:32,0.049971,0.070860,False,0.00010000,289.10,57284901,8,42
Resnet50_fvs_No_Noise_150k_RMSELoss_20260720_174345,Resnet50_fvs_No_Noise_150k_RMSELoss,RMSELoss,2026-07-20 17:43:45,18/200,2026-07-20 19:13:16,0.048392,0.071931,False,0.00010000,283.72,57284901,8,42
Resnet50_fvs_No_Noise_150k_RMSELoss_20260720_174345,Resnet50_fvs_No_Noise_150k_RMSELoss,RMSELoss,2026-07-20 17:43:45,19/200,2026-07-20 19:18:14,0.047020,0.069746,True,0.00010000,298.31,57284901,8,42
Resnet50_fvs_No_Noise_150k_RMSELoss_20260720_174345,Resnet50_fvs_No_Noise_150k_RMSELoss,RMSELoss,2026-07-20 17:43:45,20/200,2026-07-20 19:23:08,0.045685,0.069255,True,0.00005000,283.33,57284901,8,42
Resnet50_fvs_No_Noise_150k_RMSELoss_20260720_174345,Resnet50_fvs_No_Noise_150k_RMSELoss,RMSELoss,2026-07-20 17:43:45,21/200,2026-07-20 19:28:07,0.039967,0.066180,True,0.00005000,288.29,57284901,8,42
Resnet50_fvs_No_Noise_150k_RMSELoss_20260720_174345,Resnet50_fvs_No_Noise_150k_RMSELoss,RMSELoss,2026-07-20 17:43:45,22/200,2026-07-20 19:33:14,0.036163,0.066399,False,0.00005000,296.59,57284901,8,42
Resnet50_fvs_No_Noise_150k_RMSELoss_20260720_174345,Resnet50_fvs_No_Noise_150k_RMSELoss,RMSELoss,2026-07-20 17:43:45,23/200,2026-07-20 19:37:57,0.034669,0.065533,True,0.00005000,283.21,57284901,8,42
Resnet50_fvs_No_Noise_150k_RMSELoss_20260720_174345,Resnet50_fvs_No_Noise_150k_RMSELoss,RMSELoss,2026-07-20 17:43:45,24/200,2026-07-20 19:42:50,0.033329,0.065695,False,0.00005000,282.31,57284901,8,42
Resnet50_fvs_No_Noise_150k_RMSELoss_20260720_174345,Resnet50_fvs_No_Noise_150k_RMSELoss,RMSELoss,2026-07-20 17:43:45,25/200,2026-07-20 19:47:39,0.032248,0.065466,True,0.00005000,288.68,57284901,8,42
Resnet50_fvs_No_Noise_150k_RMSELoss_20260720_174345,Resnet50_fvs_No_Noise_150k_RMSELoss,RMSELoss,2026-07-20 17:43:45,26/200,2026-07-20 19:52:35,0.031186,0.065676,False,0.00005000,283.45,57284901,8,42
Resnet50_fvs_No_Noise_150k_RMSELoss_20260720_174345,Resnet50_fvs_No_Noise_150k_RMSELoss,RMSELoss,2026-07-20 17:43:45,27/200,2026-07-20 19:57:17,0.030303,0.065522,False,0.00005000,282.50,57284901,8,42
Resnet50_fvs_No_Noise_150k_RMSELoss_20260720_174345,Resnet50_fvs_No_Noise_150k_RMSELoss,RMSELoss,2026-07-20 17:43:45,28/200,2026-07-20 20:02:05,0.029309,0.065647,False,0.00005000,288.11,57284901,8,42
Resnet50_fvs_No_Noise_150k_RMSELoss_20260720_174345,Resnet50_fvs_No_Noise_150k_RMSELoss,RMSELoss,2026-07-20 17:43:45,29/200,2026-07-20 20:06:49,0.028489,0.065173,True,0.00005000,283.54,57284901,8,42
Resnet50_fvs_No_Noise_150k_RMSELoss_20260720_174345,Resnet50_fvs_No_Noise_150k_RMSELoss,RMSELoss,2026-07-20 17:43:45,30/200,2026-07-20 20:11:54,0.027754,0.065495,False,0.00005000,294.87,57284901,8,42
Resnet50_fvs_No_Noise_150k_RMSELoss_20260720_174345,Resnet50_fvs_No_Noise_150k_RMSELoss,RMSELoss,2026-07-20 17:43:45,31/200,2026-07-20 20:16:37,0.027030,0.065428,False,0.00005000,282.48,57284901,8,42
Resnet50_fvs_No_Noise_150k_RMSELoss_20260720_174345,Resnet50_fvs_No_Noise_150k_RMSELoss,RMSELoss,2026-07-20 17:43:45,32/200,2026-07-20 20:21:20,0.026361,0.064912,True,0.00005000,283.65,57284901,8,42
Resnet50_fvs_No_Noise_150k_RMSELoss_20260720_174345,Resnet50_fvs_No_Noise_150k_RMSELoss,RMSELoss,2026-07-20 17:43:45,33/200,2026-07-20 20:26:14,0.025661,0.065246,False,0.00005000,282.98,57284901,8,42
Resnet50_fvs_No_Noise_150k_RMSELoss_20260720_174345,Resnet50_fvs_No_Noise_150k_RMSELoss,RMSELoss,2026-07-20 17:43:45,34/200,2026-07-20 20:31:03,0.025061,0.064990,False,0.00005000,288.97,57284901,8,42
Resnet50_fvs_No_Noise_150k_RMSELoss_20260720_174345,Resnet50_fvs_No_Noise_150k_RMSELoss,RMSELoss,2026-07-20 17:43:45,35/200,2026-07-20 20:35:46,0.024475,0.064844,True,0.00005000,283.14,57284901,8,42
Resnet50_fvs_No_Noise_150k_RMSELoss_20260720_174345,Resnet50_fvs_No_Noise_150k_RMSELoss,RMSELoss,2026-07-20 17:43:45,36/200,2026-07-20 20:40:39,0.023957,0.064845,False,0.00005000,282.02,57284901,8,42
Resnet50_fvs_No_Noise_150k_RMSELoss_20260720_174345,Resnet50_fvs_No_Noise_150k_RMSELoss,RMSELoss,2026-07-20 17:43:45,37/200,2026-07-20 20:45:24,0.023459,0.065202,False,0.00005000,285.46,57284901,8,42
Resnet50_fvs_No_Noise_150k_RMSELoss_20260720_174345,Resnet50_fvs_No_Noise_150k_RMSELoss,RMSELoss,2026-07-20 17:43:45,38/200,2026-07-20 20:50:08,0.022897,0.064591,True,0.00005000,283.91,57284901,8,42
Resnet50_fvs_No_Noise_150k_RMSELoss_20260720_174345,Resnet50_fvs_No_Noise_150k_RMSELoss,RMSELoss,2026-07-20 17:43:45,39/200,2026-07-20 20:55:11,0.022421,0.064934,False,0.00005000,285.14,57284901,8,42
Resnet50_fvs_No_Noise_150k_RMSELoss_20260720_174345,Resnet50_fvs_No_Noise_150k_RMSELoss,RMSELoss,2026-07-20 17:43:45,40/200,2026-07-20 20:59:54,0.021969,0.064737,False,0.00002500,282.46,57284901,8,42
Resnet50_fvs_No_Noise_150k_RMSELoss_20260720_174345,Resnet50_fvs_No_Noise_150k_RMSELoss,RMSELoss,2026-07-20 17:43:45,41/200,2026-07-20 21:04:42,0.019538,0.063574,True,0.00002500,288.41,57284901,8,42
Resnet50_fvs_No_Noise_150k_RMSELoss_20260720_174345,Resnet50_fvs_No_Noise_150k_RMSELoss,RMSELoss,2026-07-20 17:43:45,42/200,2026-07-20 21:09:40,0.017430,0.063504,True,0.00002500,287.48,57284901,8,42
Resnet50_fvs_No_Noise_150k_RMSELoss_20260720_174345,Resnet50_fvs_No_Noise_150k_RMSELoss,RMSELoss,2026-07-20 17:43:45,43/200,2026-07-20 21:14:38,0.016826,0.063395,True,0.00002500,287.15,57284901,8,42
Resnet50_fvs_No_Noise_150k_RMSELoss_20260720_174345,Resnet50_fvs_No_Noise_150k_RMSELoss,RMSELoss,2026-07-20 17:43:45,44/200,2026-07-20 21:19:49,0.016353,0.063479,False,0.00002500,293.48,57284901,8,42
Resnet50_fvs_No_Noise_150k_RMSELoss_20260720_174345,Resnet50_fvs_No_Noise_150k_RMSELoss,RMSELoss,2026-07-20 17:43:45,45/200,2026-07-20 21:24:42,0.015998,0.063584,False,0.00002500,292.12,57284901,8,42
Resnet50_fvs_No_Noise_150k_RMSELoss_20260720_174345,Resnet50_fvs_No_Noise_150k_RMSELoss,RMSELoss,2026-07-20 17:43:45,46/200,2026-07-20 21:29:30,0.015643,0.063444,False,0.00002500,288.74,57284901,8,42
Resnet50_fvs_No_Noise_150k_RMSELoss_20260720_174345,Resnet50_fvs_No_Noise_150k_RMSELoss,RMSELoss,2026-07-20 17:43:45,47/200,2026-07-20 21:34:13,0.015342,0.063515,False,0.00002500,282.59,57284901,8,42
Resnet50_fvs_No_Noise_150k_RMSELoss_20260720_174345,Resnet50_fvs_No_Noise_150k_RMSELoss,RMSELoss,2026-07-20 17:43:45,48/200,2026-07-20 21:39:07,0.015052,0.063303,True,0.00002500,294.39,57284901,8,42
Resnet50_fvs_No_Noise_150k_RMSELoss_20260720_174345,Resnet50_fvs_No_Noise_150k_RMSELoss,RMSELoss,2026-07-20 17:43:45,49/200,2026-07-20 21:44:04,0.014800,0.063495,False,0.00002500,285.60,57284901,8,42
Resnet50_fvs_No_Noise_150k_RMSELoss_20260720_174345,Resnet50_fvs_No_Noise_150k_RMSELoss,RMSELoss,2026-07-20 17:43:45,50/200,2026-07-20 21:48:57,0.014581,0.063602,False,0.00002500,293.26,57284901,8,42
Resnet50_fvs_No_Noise_150k_RMSELoss_20260720_174345,Resnet50_fvs_No_Noise_150k_RMSELoss,RMSELoss,2026-07-20 17:43:45,51/200,2026-07-20 21:53:46,0.014333,0.063572,False,0.00002500,288.83,57284901,8,42
Resnet50_fvs_No_Noise_150k_RMSELoss_20260720_174345,Resnet50_fvs_No_Noise_150k_RMSELoss,RMSELoss,2026-07-20 17:43:45,52/200,2026-07-20 21:58:29,0.014115,0.063351,False,0.00002500,282.62,57284901,8,42
Resnet50_fvs_No_Noise_150k_RMSELoss_20260720_174345,Resnet50_fvs_No_Noise_150k_RMSELoss,RMSELoss,2026-07-20 17:43:45,53/200,2026-07-20 22:03:17,0.013888,0.063425,False,0.00002500,287.97,57284901,8,42
Resnet50_fvs_No_Noise_150k_RMSELoss_20260720_174345,Resnet50_fvs_No_Noise_150k_RMSELoss,RMSELoss,2026-07-20 17:43:45,54/200,2026-07-20 22:08:00,0.013701,0.063417,False,0.00002500,283.23,57284901,8,42
Resnet50_fvs_No_Noise_150k_RMSELoss_20260720_174345,Resnet50_fvs_No_Noise_150k_RMSELoss,RMSELoss,2026-07-20 17:43:45,55/200,2026-07-20 22:12:43,0.013479,0.063348,False,0.00002500,282.77,57284901,8,42
Resnet50_fvs_No_Noise_150k_RMSELoss_20260720_174345,Resnet50_fvs_No_Noise_150k_RMSELoss,RMSELoss,2026-07-20 17:43:45,56/200,2026-07-20 22:17:25,0.013315,0.063447,False,0.00002500,282.32,57284901,8,42
Resnet50_fvs_No_Noise_150k_RMSELoss_20260720_174345,Resnet50_fvs_No_Noise_150k_RMSELoss,RMSELoss,2026-07-20 17:43:45,57/200,2026-07-20 22:22:07,0.013073,0.063200,True,0.00002500,282.58,57284901,8,42
Resnet50_fvs_No_Noise_150k_RMSELoss_20260720_174345,Resnet50_fvs_No_Noise_150k_RMSELoss,RMSELoss,2026-07-20 17:43:45,58/200,2026-07-20 22:27:19,0.012971,0.063212,False,0.00002500,301.03,57284901,8,42
Resnet50_fvs_No_Noise_150k_RMSELoss_20260720_174345,Resnet50_fvs_No_Noise_150k_RMSELoss,RMSELoss,2026-07-20 17:43:45,59/200,2026-07-20 22:32:12,0.012738,0.063397,False,0.00002500,292.74,57284901,8,42
Resnet50_fvs_No_Noise_150k_RMSELoss_20260720_174345,Resnet50_fvs_No_Noise_150k_RMSELoss,RMSELoss,2026-07-20 17:43:45,60/200,2026-07-20 22:36:55,0.012594,0.063328,False,0.00001250,283.11,57284901,8,42
Resnet50_fvs_No_Noise_150k_RMSELoss_20260720_174345,Resnet50_fvs_No_Noise_150k_RMSELoss,RMSELoss,2026-07-20 17:43:45,61/200,2026-07-20 22:41:38,0.011628,0.063002,True,0.00001250,283.27,57284901,8,42
Resnet50_fvs_No_Noise_150k_RMSELoss_20260720_174345,Resnet50_fvs_No_Noise_150k_RMSELoss,RMSELoss,2026-07-20 17:43:45,62/200,2026-07-20 22:46:32,0.010749,0.062919,True,0.00001250,283.62,57284901,8,42
Resnet50_fvs_No_Noise_150k_RMSELoss_20260720_174345,Resnet50_fvs_No_Noise_150k_RMSELoss,RMSELoss,2026-07-20 17:43:45,63/200,2026-07-20 22:51:40,0.010483,0.062974,False,0.00001250,296.64,57284901,8,42
Resnet50_fvs_No_Noise_150k_RMSELoss_20260720_174345,Resnet50_fvs_No_Noise_150k_RMSELoss,RMSELoss,2026-07-20 17:43:45,64/200,2026-07-20 22:56:29,0.010335,0.062918,True,0.00001250,289.47,57284901,8,42
Resnet50_fvs_No_Noise_150k_RMSELoss_20260720_174345,Resnet50_fvs_No_Noise_150k_RMSELoss,RMSELoss,2026-07-20 17:43:45,65/200,2026-07-20 23:01:23,0.010182,0.062849,True,0.00001250,283.02,57284901,8,42
Resnet50_fvs_No_Noise_150k_RMSELoss_20260720_174345,Resnet50_fvs_No_Noise_150k_RMSELoss,RMSELoss,2026-07-20 17:43:45,66/200,2026-07-20 23:06:39,0.010103,0.062859,False,0.00001250,305.06,57284901,8,42
Resnet50_fvs_No_Noise_150k_RMSELoss_20260720_174345,Resnet50_fvs_No_Noise_150k_RMSELoss,RMSELoss,2026-07-20 17:43:45,67/200,2026-07-20 23:11:21,0.009957,0.062847,True,0.00001250,282.77,57284901,8,42
Resnet50_fvs_No_Noise_150k_RMSELoss_20260720_174345,Resnet50_fvs_No_Noise_150k_RMSELoss,RMSELoss,2026-07-20 17:43:45,68/200,2026-07-20 23:16:16,0.009862,0.062964,False,0.00001250,283.48,57284901,8,42
Resnet50_fvs_No_Noise_150k_RMSELoss_20260720_174345,Resnet50_fvs_No_Noise_150k_RMSELoss,RMSELoss,2026-07-20 17:43:45,69/200,2026-07-20 23:20:59,0.009739,0.062895,False,0.00001250,283.40,57284901,8,42
Resnet50_fvs_No_Noise_150k_RMSELoss_20260720_174345,Resnet50_fvs_No_Noise_150k_RMSELoss,RMSELoss,2026-07-20 17:43:45,70/200,2026-07-20 23:25:43,0.009645,0.062942,False,0.00001250,283.32,57284901,8,42
Resnet50_fvs_No_Noise_150k_RMSELoss_20260720_174345,Resnet50_fvs_No_Noise_150k_RMSELoss,RMSELoss,2026-07-20 17:43:45,71/200,2026-07-20 23:30:26,0.009572,0.063030,False,0.00001250,282.92,57284901,8,42
Resnet50_fvs_No_Noise_150k_RMSELoss_20260720_174345,Resnet50_fvs_No_Noise_150k_RMSELoss,RMSELoss,2026-07-20 17:43:45,72/200,2026-07-20 23:35:16,0.009480,0.062976,False,0.00001250,290.59,57284901,8,42
Resnet50_fvs_No_Noise_150k_RMSELoss_20260720_174345,Resnet50_fvs_No_Noise_150k_RMSELoss,RMSELoss,2026-07-20 17:43:45,73/200,2026-07-20 23:40:00,0.009383,0.062862,False,0.00001250,283.71,57284901,8,42
Resnet50_fvs_No_Noise_150k_RMSELoss_20260720_174345,Resnet50_fvs_No_Noise_150k_RMSELoss,RMSELoss,2026-07-20 17:43:45,74/200,2026-07-20 23:44:43,0.009305,0.063075,False,0.00001250,283.38,57284901,8,42
Resnet50_fvs_No_Noise_150k_RMSELoss_20260720_174345,Resnet50_fvs_No_Noise_150k_RMSELoss,RMSELoss,2026-07-20 17:43:45,75/200,2026-07-20 23:49:30,0.009222,0.062794,True,0.00001250,286.78,57284901,8,42
Resnet50_fvs_No_Noise_150k_RMSELoss_20260720_174345,Resnet50_fvs_No_Noise_150k_RMSELoss,RMSELoss,2026-07-20 17:43:45,76/200,2026-07-20 23:54:35,0.009164,0.062820,False,0.00001250,289.18,57284901,8,42
Resnet50_fvs_No_Noise_150k_RMSELoss_20260720_174345,Resnet50_fvs_No_Noise_150k_RMSELoss,RMSELoss,2026-07-20 17:43:45,77/200,2026-07-20 23:59:33,0.009086,0.062919,False,0.00001250,297.64,57284901,8,42
Resnet50_fvs_No_Noise_150k_RMSELoss_20260720_174345,Resnet50_fvs_No_Noise_150k_RMSELoss,RMSELoss,2026-07-20 17:43:45,78/200,2026-07-21 00:04:23,0.009002,0.062906,False,0.00001250,290.35,57284901,8,42
Resnet50_fvs_No_Noise_150k_RMSELoss_20260720_174345,Resnet50_fvs_No_Noise_150k_RMSELoss,RMSELoss,2026-07-20 17:43:45,79/200,2026-07-21 00:09:29,0.008905,0.062867,False,0.00001250,305.77,57284901,8,42
Resnet50_fvs_No_Noise_150k_RMSELoss_20260720_174345,Resnet50_fvs_No_Noise_150k_RMSELoss,RMSELoss,2026-07-20 17:43:45,80/200,2026-07-21 00:14:11,0.008834,0.062961,False,0.00000625,282.55,57284901,8,42
Resnet50_fvs_No_Noise_150k_RMSELoss_20260720_174345,Resnet50_fvs_No_Noise_150k_RMSELoss,RMSELoss,2026-07-20 17:43:45,81/200,2026-07-21 00:18:58,0.008443,0.062831,False,0.00000625,287.12,57284901,8,42
Resnet50_fvs_No_Noise_150k_RMSELoss_20260720_174345,Resnet50_fvs_No_Noise_150k_RMSELoss,RMSELoss,2026-07-20 17:43:45,82/200,2026-07-21 00:23:41,0.008088,0.062750,True,0.00000625,282.48,57284901,8,42
Resnet50_fvs_No_Noise_150k_RMSELoss_20260720_174345,Resnet50_fvs_No_Noise_150k_RMSELoss,RMSELoss,2026-07-20 17:43:45,83/200,2026-07-21 00:28:43,0.007972,0.062803,False,0.00000625,291.97,57284901,8,42
Resnet50_fvs_No_Noise_150k_RMSELoss_20260720_174345,Resnet50_fvs_No_Noise_150k_RMSELoss,RMSELoss,2026-07-20 17:43:45,84/200,2026-07-21 00:33:25,0.007888,0.062768,False,0.00000625,281.75,57284901,8,42
Resnet50_fvs_No_Noise_150k_RMSELoss_20260720_174345,Resnet50_fvs_No_Noise_150k_RMSELoss,RMSELoss,2026-07-20 17:43:45,85/200,2026-07-21 00:38:10,0.007839,0.062756,False,0.00000625,284.71,57284901,8,42
Resnet50_fvs_No_Noise_150k_RMSELoss_20260720_174345,Resnet50_fvs_No_Noise_150k_RMSELoss,RMSELoss,2026-07-20 17:43:45,86/200,2026-07-21 00:42:52,0.007770,0.062752,False,0.00000625,282.20,57284901,8,42
Resnet50_fvs_No_Noise_150k_RMSELoss_20260720_174345,Resnet50_fvs_No_Noise_150k_RMSELoss,RMSELoss,2026-07-20 17:43:45,87/200,2026-07-21 00:47:34,0.007731,0.062783,False,0.00000625,282.42,57284901,8,42
Resnet50_fvs_No_Noise_150k_RMSELoss_20260720_174345,Resnet50_fvs_No_Noise_150k_RMSELoss,RMSELoss,2026-07-20 17:43:45,88/200,2026-07-21 00:52:17,0.007672,0.062664,True,0.00000625,282.43,57284901,8,42
Resnet50_fvs_No_Noise_150k_RMSELoss_20260720_174345,Resnet50_fvs_No_Noise_150k_RMSELoss,RMSELoss,2026-07-20 17:43:45,89/200,2026-07-21 00:57:15,0.007629,0.062712,False,0.00000625,287.24,57284901,8,42
Resnet50_fvs_No_Noise_150k_RMSELoss_20260720_174345,Resnet50_fvs_No_Noise_150k_RMSELoss,RMSELoss,2026-07-20 17:43:45,90/200,2026-07-21 01:02:08,0.007577,0.062742,False,0.00000625,293.43,57284901,8,42
Resnet50_fvs_No_Noise_150k_RMSELoss_20260720_174345,Resnet50_fvs_No_Noise_150k_RMSELoss,RMSELoss,2026-07-20 17:43:45,91/200,2026-07-21 01:06:56,0.007539,0.062704,False,0.00000625,287.90,57284901,8,42
Resnet50_fvs_No_Noise_150k_RMSELoss_20260720_174345,Resnet50_fvs_No_Noise_150k_RMSELoss,RMSELoss,2026-07-20 17:43:45,92/200,2026-07-21 01:11:52,0.007510,0.062742,False,0.00000625,295.75,57284901,8,42
Resnet50_fvs_No_Noise_150k_RMSELoss_20260720_174345,Resnet50_fvs_No_Noise_150k_RMSELoss,RMSELoss,2026-07-20 17:43:45,93/200,2026-07-21 01:16:33,0.007478,0.062786,False,0.00000625,281.69,57284901,8,42
Resnet50_fvs_No_Noise_150k_RMSELoss_20260720_174345,Resnet50_fvs_No_Noise_150k_RMSELoss,RMSELoss,2026-07-20 17:43:45,94/200,2026-07-21 01:21:19,0.007423,0.062800,False,0.00000625,285.80,57284901,8,42
Resnet50_fvs_No_Noise_150k_RMSELoss_20260720_174345,Resnet50_fvs_No_Noise_150k_RMSELoss,RMSELoss,2026-07-20 17:43:45,95/200,2026-07-21 01:26:13,0.007422,0.062833,False,0.00000625,293.49,57284901,8,42
Resnet50_fvs_No_Noise_150k_RMSELoss_20260720_174345,Resnet50_fvs_No_Noise_150k_RMSELoss,RMSELoss,2026-07-20 17:43:45,96/200,2026-07-21 01:31:01,0.007367,0.062785,False,0.00000625,288.21,57284901,8,42
Resnet50_fvs_No_Noise_150k_RMSELoss_20260720_174345,Resnet50_fvs_No_Noise_150k_RMSELoss,RMSELoss,2026-07-20 17:43:45,97/200,2026-07-21 01:35:43,0.007333,0.062801,False,0.00000625,282.45,57284901,8,42
Resnet50_fvs_No_Noise_150k_RMSELoss_20260720_174345,Resnet50_fvs_No_Noise_150k_RMSELoss,RMSELoss,2026-07-20 17:43:45,98/200,2026-07-21 01:40:27,0.007284,0.062789,False,0.00000625,283.56,57284901,8,42
Resnet50_fvs_No_Noise_150k_RMSELoss_20260720_174345,Resnet50_fvs_No_Noise_150k_RMSELoss,RMSELoss,2026-07-20 17:43:45,99/200,2026-07-21 01:45:10,0.007253,0.062848,False,0.00000625,282.66,57284901,8,42
Resnet50_fvs_No_Noise_150k_RMSELoss_20260720_174345,Resnet50_fvs_No_Noise_150k_RMSELoss,RMSELoss,2026-07-20 17:43:45,100/200,2026-07-21 01:49:53,0.007244,0.062684,False,0.00000313,282.93,57284901,8,42
Resnet50_fvs_No_Noise_150k_RMSELoss_20260720_174345,Resnet50_fvs_No_Noise_150k_RMSELoss,RMSELoss,2026-07-20 17:43:45,101/200,2026-07-21 01:54:45,0.007034,0.062748,False,0.00000313,292.51,57284901,8,42
Resnet50_fvs_No_Noise_150k_RMSELoss_20260720_174345,Resnet50_fvs_No_Noise_150k_RMSELoss,RMSELoss,2026-07-20 17:43:45,102/200,2026-07-21 01:59:36,0.006908,0.062720,False,0.00000313,291.31,57284901,8,42
Resnet50_fvs_No_Noise_150k_RMSELoss_20260720_174345,Resnet50_fvs_No_Noise_150k_RMSELoss,RMSELoss,2026-07-20 17:43:45,103/200,2026-07-21 02:04:21,0.006853,0.062760,False,0.00000313,284.17,57284901,8,42
Resnet50_fvs_No_Noise_150k_RMSELoss_20260720_174345,Resnet50_fvs_No_Noise_150k_RMSELoss,RMSELoss,2026-07-20 17:43:45,104/200,2026-07-21 02:09:05,0.006802,0.062792,False,0.00000313,284.53,57284901,8,42
Resnet50_fvs_No_Noise_150k_RMSELoss_20260720_174345,Resnet50_fvs_No_Noise_150k_RMSELoss,RMSELoss,2026-07-20 17:43:45,105/200,2026-07-21 02:13:56,0.006768,0.062682,False,0.00000313,291.13,57284901,8,42
Resnet50_fvs_No_Noise_150k_RMSELoss_20260720_174345,Resnet50_fvs_No_Noise_150k_RMSELoss,RMSELoss,2026-07-20 17:43:45,106/200,2026-07-21 02:18:40,0.006765,0.062769,False,0.00000313,283.85,57284901,8,42
Resnet50_fvs_No_Noise_150k_RMSELoss_20260720_174345,Resnet50_fvs_No_Noise_150k_RMSELoss,RMSELoss,2026-07-20 17:43:45,107/200,2026-07-21 02:23:27,0.006734,0.062788,False,0.00000313,286.78,57284901,8,42
Resnet50_fvs_No_Noise_150k_RMSELoss_20260720_174345,Resnet50_fvs_No_Noise_150k_RMSELoss,RMSELoss,2026-07-20 17:43:45,108/200,2026-07-21 02:28:08,0.006712,0.062772,False,0.00000313,281.15,57284901,8,42
Resnet50_fvs_No_Noise_150k_RMSELoss_20260720_174345,Resnet50_fvs_No_Noise_150k_RMSELoss,RMSELoss,2026-07-20 17:43:45,109/200,2026-07-21 02:32:50,0.006685,0.062744,False,0.00000313,281.97,57284901,8,42
Resnet50_fvs_No_Noise_150k_RMSELoss_20260720_174345,Resnet50_fvs_No_Noise_150k_RMSELoss,RMSELoss,2026-07-20 17:43:45,110/200,2026-07-21 02:37:31,0.006664,0.062737,False,0.00000313,280.97,57284901,8,42
Resnet50_fvs_No_Noise_150k_RMSELoss_20260720_174345,Resnet50_fvs_No_Noise_150k_RMSELoss,RMSELoss,2026-07-20 17:43:45,111/200,2026-07-21 02:42:13,0.006636,0.062767,False,0.00000313,282.21,57284901,8,42
Resnet50_fvs_No_Noise_150k_RMSELoss_20260720_174345,Resnet50_fvs_No_Noise_150k_RMSELoss,RMSELoss,2026-07-20 17:43:45,112/200,2026-07-21 02:46:56,0.006622,0.062749,False,0.00000313,282.53,57284901,8,42
Resnet50_fvs_No_Noise_150k_RMSELoss_20260720_174345,Resnet50_fvs_No_Noise_150k_RMSELoss,RMSELoss,2026-07-20 17:43:45,113/200,2026-07-21 02:51:38,0.006617,0.062763,False,0.00000313,282.02,57284901,8,42
Resnet50_fvs_No_Noise_150k_RMSELoss_20260720_174345,Resnet50_fvs_No_Noise_150k_RMSELoss,RMSELoss,2026-07-20 17:43:45,114/200,2026-07-21 02:56:25,0.006581,0.062789,False,0.00000313,287.25,57284901,8,42
Resnet50_fvs_No_Noise_150k_RMSELoss_20260720_174345,Resnet50_fvs_No_Noise_150k_RMSELoss,RMSELoss,2026-07-20 17:43:45,115/200,2026-07-21 03:01:06,0.006554,0.062750,False,0.00000313,280.84,57284901,8,42
Resnet50_fvs_No_Noise_150k_RMSELoss_20260720_174345,Resnet50_fvs_No_Noise_150k_RMSELoss,RMSELoss,2026-07-20 17:43:45,116/200,2026-07-21 03:05:47,0.006556,0.062731,False,0.00000313,281.09,57284901,8,42
Resnet50_fvs_No_Noise_150k_RMSELoss_20260720_174345,Resnet50_fvs_No_Noise_150k_RMSELoss,RMSELoss,2026-07-20 17:43:45,117/200,2026-07-21 03:10:30,0.006532,0.062792,False,0.00000313,282.50,57284901,8,42
Resnet50_fvs_No_Noise_150k_RMSELoss_20260720_174345,Resnet50_fvs_No_Noise_150k_RMSELoss,RMSELoss,2026-07-20 17:43:45,118/200,2026-07-21 03:15:13,0.006526,0.062776,False,0.00000313,283.15,57284901,8,42
Resnet50_fvs_No_Noise_150k_RMSELoss_20260720_174345,Resnet50_fvs_No_Noise_150k_RMSELoss,RMSELoss,2026-07-20 17:43:45,119/200,2026-07-21 03:19:56,0.006501,0.062764,False,0.00000313,282.91,57284901,8,42
Resnet50_fvs_No_Noise_150k_RMSELoss_20260720_174345,Resnet50_fvs_No_Noise_150k_RMSELoss,RMSELoss,2026-07-20 17:43:45,120/200,2026-07-21 03:24:37,0.006491,0.062703,False,0.00000156,281.67,57284901,8,42
Resnet50_fvs_No_Noise_150k_RMSELoss_20260720_174345,Resnet50_fvs_No_Noise_150k_RMSELoss,RMSELoss,2026-07-20 17:43:45,121/200,2026-07-21 03:29:20,0.006405,0.062747,False,0.00000156,282.50,57284901,8,42
Resnet50_fvs_No_Noise_150k_RMSELoss_20260720_174345,Resnet50_fvs_No_Noise_150k_RMSELoss,RMSELoss,2026-07-20 17:43:45,122/200,2026-07-21 03:34:08,0.006359,0.062736,False,0.00000156,287.80,57284901,8,42
Resnet50_fvs_No_Noise_150k_RMSELoss_20260720_174345,Resnet50_fvs_No_Noise_150k_RMSELoss,RMSELoss,2026-07-20 17:43:45,123/200,2026-07-21 03:38:54,0.006335,0.062724,False,0.00000156,285.97,57284901,8,42
Resnet50_fvs_No_Noise_150k_RMSELoss_20260720_174345,Resnet50_fvs_No_Noise_150k_RMSELoss,RMSELoss,2026-07-20 17:43:45,124/200,2026-07-21 03:43:43,0.006309,0.062780,False,0.00000156,289.62,57284901,8,42
Resnet50_fvs_No_Noise_150k_RMSELoss_20260720_174345,Resnet50_fvs_No_Noise_150k_RMSELoss,RMSELoss,2026-07-20 17:43:45,125/200,2026-07-21 03:48:27,0.006289,0.062700,False,0.00000156,283.88,57284901,8,42
Resnet50_fvs_No_Noise_150k_RMSELoss_20260720_174345,Resnet50_fvs_No_Noise_150k_RMSELoss,RMSELoss,2026-07-20 17:43:45,126/200,2026-07-21 03:53:09,0.006280,0.062704,False,0.00000156,282.09,57284901,8,42
Resnet50_fvs_No_Noise_150k_RMSELoss_20260720_174345,Resnet50_fvs_No_Noise_150k_RMSELoss,RMSELoss,2026-07-20 17:43:45,127/200,2026-07-21 03:57:51,0.006258,0.062694,False,0.00000156,281.51,57284901,8,42
Resnet50_fvs_No_Noise_150k_RMSELoss_20260720_174345,Resnet50_fvs_No_Noise_150k_RMSELoss,RMSELoss,2026-07-20 17:43:45,128/200,2026-07-21 04:02:33,0.006249,0.062795,False,0.00000156,282.48,57284901,8,42
Resnet50_fvs_No_Noise_150k_RMSELoss_20260720_174345,Resnet50_fvs_No_Noise_150k_RMSELoss,RMSELoss,2026-07-20 17:43:45,129/200,2026-07-21 04:07:15,0.006243,0.062746,False,0.00000156,281.43,57284901,8,42
Resnet50_fvs_No_Noise_150k_RMSELoss_20260720_174345,Resnet50_fvs_No_Noise_150k_RMSELoss,RMSELoss,2026-07-20 17:43:45,130/200,2026-07-21 04:11:57,0.006235,0.062684,False,0.00000156,281.99,57284901,8,42
Resnet50_fvs_No_Noise_150k_RMSELoss_20260720_174345,Resnet50_fvs_No_Noise_150k_RMSELoss,RMSELoss,2026-07-20 17:43:45,131/200,2026-07-21 04:16:38,0.006220,0.062742,False,0.00000156,281.04,57284901,8,42
Resnet50_fvs_No_Noise_150k_RMSELoss_20260720_174345,Resnet50_fvs_No_Noise_150k_RMSELoss,RMSELoss,2026-07-20 17:43:45,132/200,2026-07-21 04:21:21,0.006202,0.062738,False,0.00000156,283.40,57284901,8,42
Resnet50_fvs_No_Noise_150k_RMSELoss_20260720_174345,Resnet50_fvs_No_Noise_150k_RMSELoss,RMSELoss,2026-07-20 17:43:45,133/200,2026-07-21 04:26:04,0.006185,0.062728,False,0.00000156,283.10,57284901,8,42
Resnet34_fvs_No_Noise_150k_RMSELoss_20260721_124133,Resnet34_fvs_No_Noise_150k_RMSELoss,RMSELoss,2026-07-21 12:41:33,1/200,2026-07-21 12:45:52,0.110609,0.097555,True,0.00010000,257.50,53488677,8,42
Resnet34_fvs_No_Noise_150k_RMSELoss_20260721_124133,Resnet34_fvs_No_Noise_150k_RMSELoss,RMSELoss,2026-07-21 12:41:33,2/200,2026-07-21 12:50:30,0.095713,0.089613,True,0.00010000,262.22,53488677,8,42
Resnet34_fvs_No_Noise_150k_RMSELoss_20260721_124133,Resnet34_fvs_No_Noise_150k_RMSELoss,RMSELoss,2026-07-21 12:41:33,3/200,2026-07-21 12:55:08,0.089150,0.087174,True,0.00010000,262.88,53488677,8,42
Resnet34_fvs_No_Noise_150k_RMSELoss_20260721_124133,Resnet34_fvs_No_Noise_150k_RMSELoss,RMSELoss,2026-07-21 12:41:33,4/200,2026-07-21 12:59:36,0.084627,0.083472,True,0.00010000,256.82,53488677,8,42
Resnet34_fvs_No_Noise_150k_RMSELoss_20260721_124133,Resnet34_fvs_No_Noise_150k_RMSELoss,RMSELoss,2026-07-21 12:41:33,5/200,2026-07-21 13:04:15,0.081221,0.082336,True,0.00010000,268.34,53488677,8,42
Resnet34_fvs_No_Noise_150k_RMSELoss_20260721_124133,Resnet34_fvs_No_Noise_150k_RMSELoss,RMSELoss,2026-07-21 12:41:33,6/200,2026-07-21 13:09:04,0.077973,0.080805,True,0.00010000,278.42,53488677,8,42
Resnet34_fvs_No_Noise_150k_RMSELoss_20260721_124133,Resnet34_fvs_No_Noise_150k_RMSELoss,RMSELoss,2026-07-21 12:41:33,7/200,2026-07-21 13:13:37,0.075183,0.079948,True,0.00010000,262.41,53488677,8,42
Resnet34_fvs_No_Noise_150k_RMSELoss_20260721_124133,Resnet34_fvs_No_Noise_150k_RMSELoss,RMSELoss,2026-07-21 12:41:33,8/200,2026-07-21 13:18:03,0.072306,0.076067,True,0.00010000,254.97,53488677,8,42
Resnet34_fvs_No_Noise_150k_RMSELoss_20260721_124133,Resnet34_fvs_No_Noise_150k_RMSELoss,RMSELoss,2026-07-21 12:41:33,9/200,2026-07-21 13:22:36,0.069545,0.075369,True,0.00010000,262.76,53488677,8,42
Resnet34_fvs_No_Noise_150k_RMSELoss_20260721_124133,Resnet34_fvs_No_Noise_150k_RMSELoss,RMSELoss,2026-07-21 12:41:33,10/200,2026-07-21 13:27:03,0.066961,0.073670,True,0.00010000,256.23,53488677,8,42
Resnet34_fvs_No_Noise_150k_RMSELoss_20260721_124133,Resnet34_fvs_No_Noise_150k_RMSELoss,RMSELoss,2026-07-21 12:41:33,11/200,2026-07-21 13:31:30,0.064514,0.073819,False,0.00010000,255.24,53488677,8,42
Resnet34_fvs_No_Noise_150k_RMSELoss_20260721_124133,Resnet34_fvs_No_Noise_150k_RMSELoss,RMSELoss,2026-07-21 12:41:33,12/200,2026-07-21 13:35:57,0.062233,0.073269,True,0.00010000,267.06,53488677,8,42
Resnet34_fvs_No_Noise_150k_RMSELoss_20260721_124133,Resnet34_fvs_No_Noise_150k_RMSELoss,RMSELoss,2026-07-21 12:41:33,13/200,2026-07-21 13:40:24,0.060136,0.072956,True,0.00010000,256.67,53488677,8,42
Resnet34_fvs_No_Noise_150k_RMSELoss_20260721_124133,Resnet34_fvs_No_Noise_150k_RMSELoss,RMSELoss,2026-07-21 12:41:33,14/200,2026-07-21 13:44:55,0.058008,0.072669,True,0.00010000,259.97,53488677,8,42
Resnet34_fvs_No_Noise_150k_RMSELoss_20260721_124133,Resnet34_fvs_No_Noise_150k_RMSELoss,RMSELoss,2026-07-21 12:41:33,15/200,2026-07-21 13:49:24,0.056404,0.073171,False,0.00010000,258.40,53488677,8,42
Resnet34_fvs_No_Noise_150k_RMSELoss_20260721_124133,Resnet34_fvs_No_Noise_150k_RMSELoss,RMSELoss,2026-07-21 12:41:33,16/200,2026-07-21 13:54:02,0.054508,0.072316,True,0.00010000,277.30,53488677,8,42
Resnet34_fvs_No_Noise_150k_RMSELoss_20260721_124133,Resnet34_fvs_No_Noise_150k_RMSELoss,RMSELoss,2026-07-21 12:41:33,17/200,2026-07-21 13:58:40,0.052892,0.071790,True,0.00010000,267.60,53488677,8,42
Resnet34_fvs_No_Noise_150k_RMSELoss_20260721_124133,Resnet34_fvs_No_Noise_150k_RMSELoss,RMSELoss,2026-07-21 12:41:33,18/200,2026-07-21 14:03:05,0.051385,0.071007,True,0.00010000,254.68,53488677,8,42
Resnet34_fvs_No_Noise_150k_RMSELoss_20260721_124133,Resnet34_fvs_No_Noise_150k_RMSELoss,RMSELoss,2026-07-21 12:41:33,19/200,2026-07-21 14:07:32,0.050068,0.071839,False,0.00010000,256.22,53488677,8,42
Resnet34_fvs_No_Noise_150k_RMSELoss_20260721_124133,Resnet34_fvs_No_Noise_150k_RMSELoss,RMSELoss,2026-07-21 12:41:33,20/200,2026-07-21 14:11:48,0.048783,0.071403,False,0.00005000,255.44,53488677,8,42
Resnet34_fvs_No_Noise_150k_RMSELoss_20260721_124133,Resnet34_fvs_No_Noise_150k_RMSELoss,RMSELoss,2026-07-21 12:41:33,21/200,2026-07-21 14:16:02,0.043479,0.068140,True,0.00005000,254.74,53488677,8,42
Resnet34_fvs_No_Noise_150k_RMSELoss_20260721_124133,Resnet34_fvs_No_Noise_150k_RMSELoss,RMSELoss,2026-07-21 12:41:33,22/200,2026-07-21 14:20:40,0.040220,0.067718,True,0.00005000,266.88,53488677,8,42
Resnet34_fvs_No_Noise_150k_RMSELoss_20260721_124133,Resnet34_fvs_No_Noise_150k_RMSELoss,RMSELoss,2026-07-21 12:41:33,23/200,2026-07-21 14:25:08,0.038867,0.067008,True,0.00005000,257.02,53488677,8,42
Resnet34_fvs_No_Noise_150k_RMSELoss_20260721_124133,Resnet34_fvs_No_Noise_150k_RMSELoss,RMSELoss,2026-07-21 12:41:33,24/200,2026-07-21 14:29:38,0.037741,0.067480,False,0.00005000,258.72,53488677,8,42
Resnet34_fvs_No_Noise_150k_RMSELoss_20260721_124133,Resnet34_fvs_No_Noise_150k_RMSELoss,RMSELoss,2026-07-21 12:41:33,25/200,2026-07-21 14:34:14,0.036637,0.067644,False,0.00005000,275.70,53488677,8,42
Resnet34_fvs_No_Noise_150k_RMSELoss_20260721_124133,Resnet34_fvs_No_Noise_150k_RMSELoss,RMSELoss,2026-07-21 12:41:33,26/200,2026-07-21 14:38:43,0.035721,0.067186,False,0.00005000,269.50,53488677,8,42
Resnet34_fvs_No_Noise_150k_RMSELoss_20260721_124133,Resnet34_fvs_No_Noise_150k_RMSELoss,RMSELoss,2026-07-21 12:41:33,27/200,2026-07-21 14:43:13,0.034876,0.067390,False,0.00005000,269.42,53488677,8,42
Resnet34_fvs_No_Noise_150k_RMSELoss_20260721_124133,Resnet34_fvs_No_Noise_150k_RMSELoss,RMSELoss,2026-07-21 12:41:33,28/200,2026-07-21 14:47:41,0.034069,0.067838,False,0.00005000,268.70,53488677,8,42
Resnet34_fvs_No_Noise_150k_RMSELoss_20260721_124133,Resnet34_fvs_No_Noise_150k_RMSELoss,RMSELoss,2026-07-21 12:41:33,29/200,2026-07-21 14:52:11,0.033445,0.067875,False,0.00005000,269.94,53488677,8,42
Resnet34_fvs_No_Noise_150k_RMSELoss_20260721_124133,Resnet34_fvs_No_Noise_150k_RMSELoss,RMSELoss,2026-07-21 12:41:33,30/200,2026-07-21 14:56:39,0.032705,0.067564,False,0.00005000,268.29,53488677,8,42
Resnet34_fvs_No_Noise_150k_RMSELoss_20260721_124133,Resnet34_fvs_No_Noise_150k_RMSELoss,RMSELoss,2026-07-21 12:41:33,31/200,2026-07-21 15:01:08,0.032043,0.067968,False,0.00005000,268.30,53488677,8,42
Resnet34_fvs_No_Noise_150k_RMSELoss_20260721_124133,Resnet34_fvs_No_Noise_150k_RMSELoss,RMSELoss,2026-07-21 12:41:33,32/200,2026-07-21 15:05:37,0.031537,0.068352,False,0.00005000,268.81,53488677,8,42
Resnet34_fvs_No_Noise_150k_RMSELoss_20260721_124133,Resnet34_fvs_No_Noise_150k_RMSELoss,RMSELoss,2026-07-21 12:41:33,33/200,2026-07-21 15:10:04,0.030902,0.067860,False,0.00005000,267.07,53488677,8,42
Resnet34_fvs_No_Noise_150k_RMSELoss_20260721_124133,Resnet34_fvs_No_Noise_150k_RMSELoss,RMSELoss,2026-07-21 12:41:33,34/200,2026-07-21 15:14:30,0.030412,0.067263,False,0.00005000,266.72,53488677,8,42
Resnet34_fvs_No_Noise_150k_RMSELoss_20260721_124133,Resnet34_fvs_No_Noise_150k_RMSELoss,RMSELoss,2026-07-21 12:41:33,35/200,2026-07-21 15:19:01,0.029840,0.067002,True,0.00005000,270.73,53488677,8,42
Resnet34_fvs_No_Noise_150k_RMSELoss_20260721_124133,Resnet34_fvs_No_Noise_150k_RMSELoss,RMSELoss,2026-07-21 12:41:33,36/200,2026-07-21 15:23:40,0.029200,0.067008,False,0.00005000,267.73,53488677,8,42
Resnet34_fvs_No_Noise_150k_RMSELoss_20260721_124133,Resnet34_fvs_No_Noise_150k_RMSELoss,RMSELoss,2026-07-21 12:41:33,37/200,2026-07-21 15:28:07,0.028897,0.067266,False,0.00005000,266.55,53488677,8,42
Resnet34_fvs_No_Noise_150k_RMSELoss_20260721_124133,Resnet34_fvs_No_Noise_150k_RMSELoss,RMSELoss,2026-07-21 12:41:33,38/200,2026-07-21 15:32:32,0.028335,0.066618,True,0.00005000,264.80,53488677,8,42
Resnet34_fvs_No_Noise_150k_RMSELoss_20260721_124133,Resnet34_fvs_No_Noise_150k_RMSELoss,RMSELoss,2026-07-21 12:41:33,39/200,2026-07-21 15:36:57,0.027860,0.066958,False,0.00005000,254.72,53488677,8,42
Resnet34_fvs_No_Noise_150k_RMSELoss_20260721_124133,Resnet34_fvs_No_Noise_150k_RMSELoss,RMSELoss,2026-07-21 12:41:33,40/200,2026-07-21 15:41:13,0.027436,0.067199,False,0.00002500,255.63,53488677,8,42
Resnet34_fvs_No_Noise_150k_RMSELoss_20260721_124133,Resnet34_fvs_No_Noise_150k_RMSELoss,RMSELoss,2026-07-21 12:41:33,41/200,2026-07-21 15:45:28,0.024685,0.065795,True,0.00002500,254.82,53488677,8,42
Resnet34_fvs_No_Noise_150k_RMSELoss_20260721_124133,Resnet34_fvs_No_Noise_150k_RMSELoss,RMSELoss,2026-07-21 12:41:33,42/200,2026-07-21 15:49:55,0.022583,0.066037,False,0.00002500,256.74,53488677,8,42
Resnet34_fvs_No_Noise_150k_RMSELoss_20260721_124133,Resnet34_fvs_No_Noise_150k_RMSELoss,RMSELoss,2026-07-21 12:41:33,43/200,2026-07-21 15:54:11,0.021861,0.065765,True,0.00002500,255.79,53488677,8,42
Resnet34_fvs_No_Noise_150k_RMSELoss_20260721_124133,Resnet34_fvs_No_Noise_150k_RMSELoss,RMSELoss,2026-07-21 12:41:33,44/200,2026-07-21 15:58:36,0.021424,0.065863,False,0.00002500,254.86,53488677,8,42
Resnet34_fvs_No_Noise_150k_RMSELoss_20260721_124133,Resnet34_fvs_No_Noise_150k_RMSELoss,RMSELoss,2026-07-21 12:41:33,45/200,2026-07-21 16:02:52,0.021007,0.065883,False,0.00002500,255.76,53488677,8,42
Resnet34_fvs_No_Noise_150k_RMSELoss_20260721_124133,Resnet34_fvs_No_Noise_150k_RMSELoss,RMSELoss,2026-07-21 12:41:33,46/200,2026-07-21 16:07:13,0.020603,0.065659,True,0.00002500,261.44,53488677,8,42
Resnet34_fvs_No_Noise_150k_RMSELoss_20260721_124133,Resnet34_fvs_No_Noise_150k_RMSELoss,RMSELoss,2026-07-21 12:41:33,47/200,2026-07-21 16:12:01,0.020335,0.065721,False,0.00002500,273.67,53488677,8,42
Resnet34_fvs_No_Noise_150k_RMSELoss_20260721_124133,Resnet34_fvs_No_Noise_150k_RMSELoss,RMSELoss,2026-07-21 12:41:33,48/200,2026-07-21 16:16:17,0.020041,0.065838,False,0.00002500,256.38,53488677,8,42
Resnet34_fvs_No_Noise_150k_RMSELoss_20260721_124133,Resnet34_fvs_No_Noise_150k_RMSELoss,RMSELoss,2026-07-21 12:41:33,49/200,2026-07-21 16:20:34,0.019696,0.065572,True,0.00002500,257.01,53488677,8,42
Resnet34_fvs_No_Noise_150k_RMSELoss_20260721_124133,Resnet34_fvs_No_Noise_150k_RMSELoss,RMSELoss,2026-07-21 12:41:33,50/200,2026-07-21 16:25:02,0.019452,0.065319,True,0.00002500,257.19,53488677,8,42
Resnet34_fvs_No_Noise_150k_RMSELoss_20260721_124133,Resnet34_fvs_No_Noise_150k_RMSELoss,RMSELoss,2026-07-21 12:41:33,51/200,2026-07-21 16:29:30,0.019222,0.065469,False,0.00002500,256.67,53488677,8,42
Resnet34_fvs_No_Noise_150k_RMSELoss_20260721_124133,Resnet34_fvs_No_Noise_150k_RMSELoss,RMSELoss,2026-07-21 12:41:33,52/200,2026-07-21 16:33:47,0.018957,0.065868,False,0.00002500,256.92,53488677,8,42
Resnet34_fvs_No_Noise_150k_RMSELoss_20260721_124133,Resnet34_fvs_No_Noise_150k_RMSELoss,RMSELoss,2026-07-21 12:41:33,53/200,2026-07-21 16:38:02,0.018712,0.065675,False,0.00002500,255.61,53488677,8,42
Resnet34_fvs_No_Noise_150k_RMSELoss_20260721_124133,Resnet34_fvs_No_Noise_150k_RMSELoss,RMSELoss,2026-07-21 12:41:33,54/200,2026-07-21 16:42:26,0.018421,0.065688,False,0.00002500,263.24,53488677,8,42
Resnet34_fvs_No_Noise_150k_RMSELoss_20260721_124133,Resnet34_fvs_No_Noise_150k_RMSELoss,RMSELoss,2026-07-21 12:41:33,55/200,2026-07-21 16:46:40,0.018281,0.065548,False,0.00002500,254.82,53488677,8,42
Resnet34_fvs_No_Noise_150k_RMSELoss_20260721_124133,Resnet34_fvs_No_Noise_150k_RMSELoss,RMSELoss,2026-07-21 12:41:33,56/200,2026-07-21 16:50:56,0.017990,0.065569,False,0.00002500,255.05,53488677,8,42
Resnet34_fvs_No_Noise_150k_RMSELoss_20260721_124133,Resnet34_fvs_No_Noise_150k_RMSELoss,RMSELoss,2026-07-21 12:41:33,57/200,2026-07-21 16:55:11,0.017857,0.065425,False,0.00002500,255.52,53488677,8,42
Resnet34_fvs_No_Noise_150k_RMSELoss_20260721_124133,Resnet34_fvs_No_Noise_150k_RMSELoss,RMSELoss,2026-07-21 12:41:33,58/200,2026-07-21 16:59:25,0.017681,0.065597,False,0.00002500,254.24,53488677,8,42
Resnet34_fvs_No_Noise_150k_RMSELoss_20260721_124133,Resnet34_fvs_No_Noise_150k_RMSELoss,RMSELoss,2026-07-21 12:41:33,59/200,2026-07-21 17:03:53,0.017416,0.065536,False,0.00002500,267.32,53488677,8,42
Resnet34_fvs_No_Noise_150k_RMSELoss_20260721_124133,Resnet34_fvs_No_Noise_150k_RMSELoss,RMSELoss,2026-07-21 12:41:33,60/200,2026-07-21 17:08:30,0.017227,0.065565,False,0.00001250,276.92,53488677,8,42
Resnet34_fvs_No_Noise_150k_RMSELoss_20260721_124133,Resnet34_fvs_No_Noise_150k_RMSELoss,RMSELoss,2026-07-21 12:41:33,61/200,2026-07-21 17:13:05,0.016034,0.065256,True,0.00001250,275.62,53488677,8,42
Resnet34_fvs_No_Noise_150k_RMSELoss_20260721_124133,Resnet34_fvs_No_Noise_150k_RMSELoss,RMSELoss,2026-07-21 12:41:33,62/200,2026-07-21 17:17:51,0.015102,0.065175,True,0.00001250,274.59,53488677,8,42
Resnet34_fvs_No_Noise_150k_RMSELoss_20260721_124133,Resnet34_fvs_No_Noise_150k_RMSELoss,RMSELoss,2026-07-21 12:41:33,63/200,2026-07-21 17:22:40,0.014784,0.065198,False,0.00001250,277.65,53488677,8,42
Resnet34_fvs_No_Noise_150k_RMSELoss_20260721_124133,Resnet34_fvs_No_Noise_150k_RMSELoss,RMSELoss,2026-07-21 12:41:33,64/200,2026-07-21 17:27:16,0.014596,0.065242,False,0.00001250,276.31,53488677,8,42
Resnet34_fvs_No_Noise_150k_RMSELoss_20260721_124133,Resnet34_fvs_No_Noise_150k_RMSELoss,RMSELoss,2026-07-21 12:41:33,65/200,2026-07-21 17:31:52,0.014456,0.065350,False,0.00001250,276.02,53488677,8,42
Resnet34_fvs_No_Noise_150k_RMSELoss_20260721_124133,Resnet34_fvs_No_Noise_150k_RMSELoss,RMSELoss,2026-07-21 12:41:33,66/200,2026-07-21 17:36:25,0.014290,0.065235,False,0.00001250,272.79,53488677,8,42
Resnet34_fvs_No_Noise_150k_RMSELoss_20260721_124133,Resnet34_fvs_No_Noise_150k_RMSELoss,RMSELoss,2026-07-21 12:41:33,67/200,2026-07-21 17:41:03,0.014137,0.065220,False,0.00001250,277.80,53488677,8,42
Resnet34_fvs_No_Noise_150k_RMSELoss_20260721_124133,Resnet34_fvs_No_Noise_150k_RMSELoss,RMSELoss,2026-07-21 12:41:33,68/200,2026-07-21 17:45:38,0.013992,0.065041,True,0.00001250,274.58,53488677,8,42
Resnet34_fvs_No_Noise_150k_RMSELoss_20260721_124133,Resnet34_fvs_No_Noise_150k_RMSELoss,RMSELoss,2026-07-21 12:41:33,69/200,2026-07-21 17:50:23,0.013882,0.065400,False,0.00001250,273.82,53488677,8,42
Resnet34_fvs_No_Noise_150k_RMSELoss_20260721_124133,Resnet34_fvs_No_Noise_150k_RMSELoss,RMSELoss,2026-07-21 12:41:33,70/200,2026-07-21 17:54:56,0.013764,0.065178,False,0.00001250,273.39,53488677,8,42
Resnet34_fvs_No_Noise_150k_RMSELoss_20260721_124133,Resnet34_fvs_No_Noise_150k_RMSELoss,RMSELoss,2026-07-21 12:41:33,71/200,2026-07-21 17:59:31,0.013649,0.065295,False,0.00001250,275.32,53488677,8,42
Resnet34_fvs_No_Noise_150k_RMSELoss_20260721_124133,Resnet34_fvs_No_Noise_150k_RMSELoss,RMSELoss,2026-07-21 12:41:33,72/200,2026-07-21 18:04:05,0.013492,0.065105,False,0.00001250,274.00,53488677,8,42
Resnet34_fvs_No_Noise_150k_RMSELoss_20260721_124133,Resnet34_fvs_No_Noise_150k_RMSELoss,RMSELoss,2026-07-21 12:41:33,73/200,2026-07-21 18:08:38,0.013388,0.065106,False,0.00001250,272.95,53488677,8,42
Resnet34_fvs_No_Noise_150k_RMSELoss_20260721_124133,Resnet34_fvs_No_Noise_150k_RMSELoss,RMSELoss,2026-07-21 12:41:33,74/200,2026-07-21 18:13:12,0.013299,0.065419,False,0.00001250,273.65,53488677,8,42
Resnet34_fvs_No_Noise_150k_RMSELoss_20260721_124133,Resnet34_fvs_No_Noise_150k_RMSELoss,RMSELoss,2026-07-21 12:41:33,75/200,2026-07-21 18:17:49,0.013192,0.065363,False,0.00001250,276.83,53488677,8,42
Resnet34_fvs_No_Noise_150k_RMSELoss_20260721_124133,Resnet34_fvs_No_Noise_150k_RMSELoss,RMSELoss,2026-07-21 12:41:33,76/200,2026-07-21 18:22:27,0.013116,0.065226,False,0.00001250,278.52,53488677,8,42
Resnet34_fvs_No_Noise_150k_RMSELoss_20260721_124133,Resnet34_fvs_No_Noise_150k_RMSELoss,RMSELoss,2026-07-21 12:41:33,77/200,2026-07-21 18:27:04,0.012993,0.065183,False,0.00001250,276.28,53488677,8,42
Resnet34_fvs_No_Noise_150k_RMSELoss_20260721_124133,Resnet34_fvs_No_Noise_150k_RMSELoss,RMSELoss,2026-07-21 12:41:33,78/200,2026-07-21 18:31:41,0.012904,0.065037,True,0.00001250,277.46,53488677,8,42
Resnet34_fvs_No_Noise_150k_RMSELoss_20260721_124133,Resnet34_fvs_No_Noise_150k_RMSELoss,RMSELoss,2026-07-21 12:41:33,79/200,2026-07-21 18:36:30,0.012821,0.065212,False,0.00001250,277.56,53488677,8,42
Resnet34_fvs_No_Noise_150k_RMSELoss_20260721_124133,Resnet34_fvs_No_Noise_150k_RMSELoss,RMSELoss,2026-07-21 12:41:33,80/200,2026-07-21 18:41:07,0.012701,0.065142,False,0.00000625,276.69,53488677,8,42
Resnet34_fvs_No_Noise_150k_RMSELoss_20260721_124133,Resnet34_fvs_No_Noise_150k_RMSELoss,RMSELoss,2026-07-21 12:41:33,81/200,2026-07-21 18:45:44,0.012187,0.065170,False,0.00000625,276.63,53488677,8,42
Resnet34_fvs_No_Noise_150k_RMSELoss_20260721_124133,Resnet34_fvs_No_Noise_150k_RMSELoss,RMSELoss,2026-07-21 12:41:33,82/200,2026-07-21 18:50:18,0.011841,0.065168,False,0.00000625,274.46,53488677,8,42
Resnet34_fvs_No_Noise_150k_RMSELoss_20260721_124133,Resnet34_fvs_No_Noise_150k_RMSELoss,RMSELoss,2026-07-21 12:41:33,83/200,2026-07-21 18:54:53,0.011696,0.065221,False,0.00000625,275.44,53488677,8,42
Resnet34_fvs_No_Noise_150k_RMSELoss_20260721_124133,Resnet34_fvs_No_Noise_150k_RMSELoss,RMSELoss,2026-07-21 12:41:33,84/200,2026-07-21 18:59:27,0.011590,0.065061,False,0.00000625,273.52,53488677,8,42
Resnet34_fvs_No_Noise_150k_RMSELoss_20260721_124133,Resnet34_fvs_No_Noise_150k_RMSELoss,RMSELoss,2026-07-21 12:41:33,85/200,2026-07-21 19:04:01,0.011517,0.065157,False,0.00000625,273.82,53488677,8,42
Resnet34_fvs_No_Noise_150k_RMSELoss_20260721_124133,Resnet34_fvs_No_Noise_150k_RMSELoss,RMSELoss,2026-07-21 12:41:33,86/200,2026-07-21 19:08:32,0.011418,0.065132,False,0.00000625,271.58,53488677,8,42
Resnet34_fvs_No_Noise_150k_RMSELoss_20260721_124133,Resnet34_fvs_No_Noise_150k_RMSELoss,RMSELoss,2026-07-21 12:41:33,87/200,2026-07-21 19:13:05,0.011391,0.065102,False,0.00000625,272.80,53488677,8,42
Resnet34_fvs_No_Noise_150k_RMSELoss_20260721_124133,Resnet34_fvs_No_Noise_150k_RMSELoss,RMSELoss,2026-07-21 12:41:33,88/200,2026-07-21 19:17:44,0.011302,0.065160,False,0.00000625,278.99,53488677,8,42
Resnet34_fvs_No_Noise_150k_RMSELoss_20260721_124133,Resnet34_fvs_No_Noise_150k_RMSELoss,RMSELoss,2026-07-21 12:41:33,89/200,2026-07-21 19:22:18,0.011261,0.064996,True,0.00000625,274.24,53488677,8,42
Resnet34_fvs_No_Noise_150k_RMSELoss_20260721_124133,Resnet34_fvs_No_Noise_150k_RMSELoss,RMSELoss,2026-07-21 12:41:33,90/200,2026-07-21 19:27:03,0.011205,0.065048,False,0.00000625,274.13,53488677,8,42
Resnet34_fvs_No_Noise_150k_RMSELoss_20260721_124133,Resnet34_fvs_No_Noise_150k_RMSELoss,RMSELoss,2026-07-21 12:41:33,91/200,2026-07-21 19:31:38,0.011158,0.065231,False,0.00000625,274.45,53488677,8,42
Resnet34_fvs_No_Noise_150k_RMSELoss_20260721_124133,Resnet34_fvs_No_Noise_150k_RMSELoss,RMSELoss,2026-07-21 12:41:33,92/200,2026-07-21 19:36:12,0.011112,0.065122,False,0.00000625,274.63,53488677,8,42
Resnet34_fvs_No_Noise_150k_RMSELoss_20260721_124133,Resnet34_fvs_No_Noise_150k_RMSELoss,RMSELoss,2026-07-21 12:41:33,93/200,2026-07-21 19:40:46,0.011036,0.065034,False,0.00000625,273.82,53488677,8,42
Resnet34_fvs_No_Noise_150k_RMSELoss_20260721_124133,Resnet34_fvs_No_Noise_150k_RMSELoss,RMSELoss,2026-07-21 12:41:33,94/200,2026-07-21 19:45:21,0.011010,0.065155,False,0.00000625,274.24,53488677,8,42
Resnet34_fvs_No_Noise_150k_RMSELoss_20260721_124133,Resnet34_fvs_No_Noise_150k_RMSELoss,RMSELoss,2026-07-21 12:41:33,95/200,2026-07-21 19:49:54,0.010943,0.065064,False,0.00000625,273.27,53488677,8,42
Resnet34_fvs_No_Noise_150k_RMSELoss_20260721_124133,Resnet34_fvs_No_Noise_150k_RMSELoss,RMSELoss,2026-07-21 12:41:33,96/200,2026-07-21 19:54:27,0.010885,0.065066,False,0.00000625,273.15,53488677,8,42
Resnet34_fvs_No_Noise_150k_RMSELoss_20260721_124133,Resnet34_fvs_No_Noise_150k_RMSELoss,RMSELoss,2026-07-21 12:41:33,97/200,2026-07-21 19:59:01,0.010859,0.065119,False,0.00000625,274.05,53488677,8,42
Resnet34_fvs_No_Noise_150k_RMSELoss_20260721_124133,Resnet34_fvs_No_Noise_150k_RMSELoss,RMSELoss,2026-07-21 12:41:33,98/200,2026-07-21 20:03:35,0.010803,0.065081,False,0.00000625,274.29,53488677,8,42
Resnet34_fvs_No_Noise_150k_RMSELoss_20260721_124133,Resnet34_fvs_No_Noise_150k_RMSELoss,RMSELoss,2026-07-21 12:41:33,99/200,2026-07-21 20:08:11,0.010744,0.065145,False,0.00000625,275.21,53488677,8,42
Resnet34_fvs_No_Noise_150k_RMSELoss_20260721_124133,Resnet34_fvs_No_Noise_150k_RMSELoss,RMSELoss,2026-07-21 12:41:33,100/200,2026-07-21 20:12:44,0.010709,0.064969,True,0.00000313,273.65,53488677,8,42
Resnet34_fvs_No_Noise_150k_RMSELoss_20260721_124133,Resnet34_fvs_No_Noise_150k_RMSELoss,RMSELoss,2026-07-21 12:41:33,101/200,2026-07-21 20:17:30,0.010449,0.065152,False,0.00000313,274.61,53488677,8,42
Resnet34_fvs_No_Noise_150k_RMSELoss_20260721_124133,Resnet34_fvs_No_Noise_150k_RMSELoss,RMSELoss,2026-07-21 12:41:33,102/200,2026-07-21 20:22:05,0.010319,0.065041,False,0.00000313,274.92,53488677,8,42
Resnet34_fvs_No_Noise_150k_RMSELoss_20260721_124133,Resnet34_fvs_No_Noise_150k_RMSELoss,RMSELoss,2026-07-21 12:41:33,103/200,2026-07-21 20:26:41,0.010277,0.065079,False,0.00000313,275.60,53488677,8,42
Resnet34_fvs_No_Noise_150k_RMSELoss_20260721_124133,Resnet34_fvs_No_Noise_150k_RMSELoss,RMSELoss,2026-07-21 12:41:33,104/200,2026-07-21 20:31:22,0.010243,0.065061,False,0.00000313,281.58,53488677,8,42
Resnet34_fvs_No_Noise_150k_RMSELoss_20260721_124133,Resnet34_fvs_No_Noise_150k_RMSELoss,RMSELoss,2026-07-21 12:41:33,105/200,2026-07-21 20:35:57,0.010169,0.065120,False,0.00000313,275.07,53488677,8,42
Resnet34_fvs_No_Noise_150k_RMSELoss_20260721_124133,Resnet34_fvs_No_Noise_150k_RMSELoss,RMSELoss,2026-07-21 12:41:33,106/200,2026-07-21 20:40:33,0.010142,0.065068,False,0.00000313,275.19,53488677,8,42
Resnet34_fvs_No_Noise_150k_RMSELoss_20260721_124133,Resnet34_fvs_No_Noise_150k_RMSELoss,RMSELoss,2026-07-21 12:41:33,107/200,2026-07-21 20:45:06,0.010119,0.065045,False,0.00000313,273.85,53488677,8,42
Resnet34_fvs_No_Noise_150k_RMSELoss_20260721_124133,Resnet34_fvs_No_Noise_150k_RMSELoss,RMSELoss,2026-07-21 12:41:33,108/200,2026-07-21 20:49:42,0.010079,0.065005,False,0.00000313,275.70,53488677,8,42
Resnet34_fvs_No_Noise_150k_RMSELoss_20260721_124133,Resnet34_fvs_No_Noise_150k_RMSELoss,RMSELoss,2026-07-21 12:41:33,109/200,2026-07-21 20:54:16,0.010058,0.065070,False,0.00000313,273.48,53488677,8,42
Resnet34_fvs_No_Noise_150k_RMSELoss_20260721_124133,Resnet34_fvs_No_Noise_150k_RMSELoss,RMSELoss,2026-07-21 12:41:33,110/200,2026-07-21 20:58:51,0.010016,0.065064,False,0.00000313,275.11,53488677,8,42
Resnet34_fvs_No_Noise_150k_RMSELoss_20260721_124133,Resnet34_fvs_No_Noise_150k_RMSELoss,RMSELoss,2026-07-21 12:41:33,111/200,2026-07-21 21:03:25,0.009993,0.065074,False,0.00000313,274.03,53488677,8,42
Resnet34_fvs_No_Noise_150k_RMSELoss_20260721_124133,Resnet34_fvs_No_Noise_150k_RMSELoss,RMSELoss,2026-07-21 12:41:33,112/200,2026-07-21 21:07:59,0.009962,0.064943,True,0.00000313,274.48,53488677,8,42
Resnet34_fvs_No_Noise_150k_RMSELoss_20260721_124133,Resnet34_fvs_No_Noise_150k_RMSELoss,RMSELoss,2026-07-21 12:41:33,113/200,2026-07-21 21:12:44,0.009937,0.065091,False,0.00000313,273.65,53488677,8,42
Resnet34_fvs_No_Noise_150k_RMSELoss_20260721_124133,Resnet34_fvs_No_Noise_150k_RMSELoss,RMSELoss,2026-07-21 12:41:33,114/200,2026-07-21 21:17:21,0.009925,0.065078,False,0.00000313,277.52,53488677,8,42
Resnet34_fvs_No_Noise_150k_RMSELoss_20260721_124133,Resnet34_fvs_No_Noise_150k_RMSELoss,RMSELoss,2026-07-21 12:41:33,115/200,2026-07-21 21:21:57,0.009884,0.065061,False,0.00000313,275.73,53488677,8,42
Resnet34_fvs_No_Noise_150k_RMSELoss_20260721_124133,Resnet34_fvs_No_Noise_150k_RMSELoss,RMSELoss,2026-07-21 12:41:33,116/200,2026-07-21 21:26:31,0.009869,0.065011,False,0.00000313,274.18,53488677,8,42
Resnet34_fvs_No_Noise_150k_RMSELoss_20260721_124133,Resnet34_fvs_No_Noise_150k_RMSELoss,RMSELoss,2026-07-21 12:41:33,117/200,2026-07-21 21:31:07,0.009831,0.065104,False,0.00000313,275.59,53488677,8,42
Resnet34_fvs_No_Noise_150k_RMSELoss_20260721_124133,Resnet34_fvs_No_Noise_150k_RMSELoss,RMSELoss,2026-07-21 12:41:33,118/200,2026-07-21 21:35:41,0.009829,0.065053,False,0.00000313,274.46,53488677,8,42
Resnet34_fvs_No_Noise_150k_RMSELoss_20260721_124133,Resnet34_fvs_No_Noise_150k_RMSELoss,RMSELoss,2026-07-21 12:41:33,119/200,2026-07-21 21:40:16,0.009809,0.065054,False,0.00000313,274.54,53488677,8,42
Resnet34_fvs_No_Noise_150k_RMSELoss_20260721_124133,Resnet34_fvs_No_Noise_150k_RMSELoss,RMSELoss,2026-07-21 12:41:33,120/200,2026-07-21 21:44:50,0.009761,0.065009,False,0.00000156,274.47,53488677,8,42
Resnet34_fvs_No_Noise_150k_RMSELoss_20260721_124133,Resnet34_fvs_No_Noise_150k_RMSELoss,RMSELoss,2026-07-21 12:41:33,121/200,2026-07-21 21:49:27,0.009683,0.065070,False,0.00000156,276.36,53488677,8,42
Resnet34_fvs_No_Noise_150k_RMSELoss_20260721_124133,Resnet34_fvs_No_Noise_150k_RMSELoss,RMSELoss,2026-07-21 12:41:33,122/200,2026-07-21 21:54:00,0.009619,0.065125,False,0.00000156,273.54,53488677,8,42
Resnet34_fvs_No_Noise_150k_RMSELoss_20260721_124133,Resnet34_fvs_No_Noise_150k_RMSELoss,RMSELoss,2026-07-21 12:41:33,123/200,2026-07-21 21:58:35,0.009583,0.065032,False,0.00000156,274.71,53488677,8,42
Resnet34_fvs_No_Noise_150k_RMSELoss_20260721_124133,Resnet34_fvs_No_Noise_150k_RMSELoss,RMSELoss,2026-07-21 12:41:33,124/200,2026-07-21 22:03:10,0.009562,0.065056,False,0.00000156,275.00,53488677,8,42
Resnet34_fvs_No_Noise_150k_RMSELoss_20260721_124133,Resnet34_fvs_No_Noise_150k_RMSELoss,RMSELoss,2026-07-21 12:41:33,125/200,2026-07-21 22:07:46,0.009521,0.065088,False,0.00000156,276.00,53488677,8,42
Resnet34_fvs_No_Noise_150k_RMSELoss_20260721_124133,Resnet34_fvs_No_Noise_150k_RMSELoss,RMSELoss,2026-07-21 12:41:33,126/200,2026-07-21 22:12:22,0.009526,0.065058,False,0.00000156,275.71,53488677,8,42
Resnet34_fvs_No_Noise_150k_RMSELoss_20260721_124133,Resnet34_fvs_No_Noise_150k_RMSELoss,RMSELoss,2026-07-21 12:41:33,127/200,2026-07-21 22:16:56,0.009486,0.065103,False,0.00000156,274.56,53488677,8,42
Resnet34_fvs_No_Noise_150k_RMSELoss_20260721_124133,Resnet34_fvs_No_Noise_150k_RMSELoss,RMSELoss,2026-07-21 12:41:33,128/200,2026-07-21 22:21:30,0.009480,0.064978,False,0.00000156,274.01,53488677,8,42
Resnet34_fvs_No_Noise_150k_RMSELoss_20260721_124133,Resnet34_fvs_No_Noise_150k_RMSELoss,RMSELoss,2026-07-21 12:41:33,129/200,2026-07-21 22:26:02,0.009473,0.065023,False,0.00000156,271.86,53488677,8,42
Resnet34_fvs_No_Noise_150k_RMSELoss_20260721_124133,Resnet34_fvs_No_Noise_150k_RMSELoss,RMSELoss,2026-07-21 12:41:33,130/200,2026-07-21 22:30:35,0.009447,0.065046,False,0.00000156,272.66,53488677,8,42
Resnet34_fvs_No_Noise_150k_RMSELoss_20260721_124133,Resnet34_fvs_No_Noise_150k_RMSELoss,RMSELoss,2026-07-21 12:41:33,131/200,2026-07-21 22:35:07,0.009431,0.065010,False,0.00000156,271.99,53488677,8,42
Resnet34_fvs_No_Noise_150k_RMSELoss_20260721_124133,Resnet34_fvs_No_Noise_150k_RMSELoss,RMSELoss,2026-07-21 12:41:33,132/200,2026-07-21 22:39:40,0.009425,0.064907,True,0.00000156,272.79,53488677,8,42
Resnet34_fvs_No_Noise_150k_RMSELoss_20260721_124133,Resnet34_fvs_No_Noise_150k_RMSELoss,RMSELoss,2026-07-21 12:41:33,133/200,2026-07-21 22:44:31,0.009402,0.065062,False,0.00000156,280.21,53488677,8,42
Resnet34_fvs_No_Noise_150k_RMSELoss_20260721_124133,Resnet34_fvs_No_Noise_150k_RMSELoss,RMSELoss,2026-07-21 12:41:33,134/200,2026-07-21 22:49:08,0.009396,0.065071,False,0.00000156,276.86,53488677,8,42
Resnet34_fvs_No_Noise_150k_RMSELoss_20260721_124133,Resnet34_fvs_No_Noise_150k_RMSELoss,RMSELoss,2026-07-21 12:41:33,135/200,2026-07-21 22:53:42,0.009376,0.065124,False,0.00000156,273.96,53488677,8,42
Resnet34_fvs_No_Noise_150k_RMSELoss_20260721_124133,Resnet34_fvs_No_Noise_150k_RMSELoss,RMSELoss,2026-07-21 12:41:33,136/200,2026-07-21 22:58:16,0.009364,0.064975,False,0.00000156,273.89,53488677,8,42
Resnet34_fvs_No_Noise_150k_RMSELoss_20260721_124133,Resnet34_fvs_No_Noise_150k_RMSELoss,RMSELoss,2026-07-21 12:41:33,137/200,2026-07-21 23:02:52,0.009359,0.065011,False,0.00000156,275.76,53488677,8,42
Resnet34_fvs_No_Noise_150k_RMSELoss_20260721_124133,Resnet34_fvs_No_Noise_150k_RMSELoss,RMSELoss,2026-07-21 12:41:33,138/200,2026-07-21 23:07:27,0.009333,0.065080,False,0.00000156,274.94,53488677,8,42
Resnet34_fvs_No_Noise_150k_RMSELoss_20260721_124133,Resnet34_fvs_No_Noise_150k_RMSELoss,RMSELoss,2026-07-21 12:41:33,139/200,2026-07-21 23:12:02,0.009329,0.065070,False,0.00000156,275.72,53488677,8,42
Resnet34_fvs_No_Noise_150k_RMSELoss_20260721_124133,Resnet34_fvs_No_Noise_150k_RMSELoss,RMSELoss,2026-07-21 12:41:33,140/200,2026-07-21 23:16:35,0.009309,0.064957,False,0.00000078,272.59,53488677,8,42
Resnet34_fvs_No_Noise_150k_RMSELoss_20260721_124133,Resnet34_fvs_No_Noise_150k_RMSELoss,RMSELoss,2026-07-21 12:41:33,141/200,2026-07-21 23:21:09,0.009276,0.065030,False,0.00000078,273.49,53488677,8,42
Resnet34_fvs_No_Noise_150k_RMSELoss_20260721_124133,Resnet34_fvs_No_Noise_150k_RMSELoss,RMSELoss,2026-07-21 12:41:33,142/200,2026-07-21 23:25:40,0.009251,0.065047,False,0.00000078,271.80,53488677,8,42
Resnet34_fvs_No_Noise_150k_RMSELoss_20260721_124133,Resnet34_fvs_No_Noise_150k_RMSELoss,RMSELoss,2026-07-21 12:41:33,143/200,2026-07-21 23:30:12,0.009230,0.065036,False,0.00000078,271.89,53488677,8,42
Resnet34_fvs_No_Noise_150k_RMSELoss_20260721_124133,Resnet34_fvs_No_Noise_150k_RMSELoss,RMSELoss,2026-07-21 12:41:33,144/200,2026-07-21 23:34:45,0.009212,0.065071,False,0.00000078,272.46,53488677,8,42
Resnet34_fvs_No_Noise_150k_RMSELoss_20260721_124133,Resnet34_fvs_No_Noise_150k_RMSELoss,RMSELoss,2026-07-21 12:41:33,145/200,2026-07-21 23:39:16,0.009226,0.065025,False,0.00000078,271.72,53488677,8,42
Resnet34_fvs_No_Noise_150k_RMSELoss_20260721_124133,Resnet34_fvs_No_Noise_150k_RMSELoss,RMSELoss,2026-07-21 12:41:33,146/200,2026-07-21 23:43:50,0.009192,0.065114,False,0.00000078,273.24,53488677,8,42
Resnet34_fvs_No_Noise_150k_RMSELoss_20260721_124133,Resnet34_fvs_No_Noise_150k_RMSELoss,RMSELoss,2026-07-21 12:41:33,147/200,2026-07-21 23:48:28,0.009195,0.065039,False,0.00000078,277.88,53488677,8,42
Resnet34_fvs_No_Noise_150k_RMSELoss_20260721_124133,Resnet34_fvs_No_Noise_150k_RMSELoss,RMSELoss,2026-07-21 12:41:33,148/200,2026-07-21 23:53:02,0.009184,0.065101,False,0.00000078,274.29,53488677,8,42
Resnet34_fvs_No_Noise_150k_RMSELoss_20260721_124133,Resnet34_fvs_No_Noise_150k_RMSELoss,RMSELoss,2026-07-21 12:41:33,149/200,2026-07-21 23:57:34,0.009189,0.065092,False,0.00000078,271.81,53488677,8,42
Resnet34_fvs_No_Noise_150k_RMSELoss_20260721_124133,Resnet34_fvs_No_Noise_150k_RMSELoss,RMSELoss,2026-07-21 12:41:33,150/200,2026-07-22 00:02:07,0.009181,0.065075,False,0.00000078,273.69,53488677,8,42
Resnet34_fvs_No_Noise_150k_RMSELoss_20260721_124133,Resnet34_fvs_No_Noise_150k_RMSELoss,RMSELoss,2026-07-21 12:41:33,151/200,2026-07-22 00:06:40,0.009159,0.065045,False,0.00000078,272.95,53488677,8,42
Resnet34_fvs_No_Noise_150k_RMSELoss_20260721_124133,Resnet34_fvs_No_Noise_150k_RMSELoss,RMSELoss,2026-07-21 12:41:33,152/200,2026-07-22 00:11:14,0.009157,0.065066,False,0.00000078,273.69,53488677,8,42
Resnet34_fvs_No_Noise_150k_RMSELoss_20260721_124133,Resnet34_fvs_No_Noise_150k_RMSELoss,RMSELoss,2026-07-21 12:41:33,153/200,2026-07-22 00:15:47,0.009150,0.065056,False,0.00000078,272.92,53488677,8,42
Resnet34_fvs_No_Noise_150k_RMSELoss_20260721_124133,Resnet34_fvs_No_Noise_150k_RMSELoss,RMSELoss,2026-07-21 12:41:33,154/200,2026-07-22 00:20:24,0.009158,0.064990,False,0.00000078,277.41,53488677,8,42
Resnet34_fvs_No_Noise_150k_RMSELoss_20260721_124133,Resnet34_fvs_No_Noise_150k_RMSELoss,RMSELoss,2026-07-21 12:41:33,155/200,2026-07-22 00:25:00,0.009126,0.065057,False,0.00000078,276.05,53488677,8,42
Resnet34_fvs_No_Noise_150k_RMSELoss_20260721_124133,Resnet34_fvs_No_Noise_150k_RMSELoss,RMSELoss,2026-07-21 12:41:33,156/200,2026-07-22 00:29:35,0.009130,0.065118,False,0.00000078,274.16,53488677,8,42
Resnet34_fvs_No_Noise_150k_RMSELoss_20260721_124133,Resnet34_fvs_No_Noise_150k_RMSELoss,RMSELoss,2026-07-21 12:41:33,157/200,2026-07-22 00:34:13,0.009117,0.065035,False,0.00000078,277.97,53488677,8,42
Resnet34_fvs_No_Noise_150k_RMSELoss_20260721_124133,Resnet34_fvs_No_Noise_150k_RMSELoss,RMSELoss,2026-07-21 12:41:33,158/200,2026-07-22 00:38:49,0.009109,0.065013,False,0.00000078,276.25,53488677,8,42
Resnet34_fvs_No_Noise_150k_RMSELoss_20260721_124133,Resnet34_fvs_No_Noise_150k_RMSELoss,RMSELoss,2026-07-21 12:41:33,159/200,2026-07-22 00:43:25,0.009102,0.065079,False,0.00000078,275.66,53488677,8,42
Resnet34_fvs_No_Noise_150k_RMSELoss_20260721_124133,Resnet34_fvs_No_Noise_150k_RMSELoss,RMSELoss,2026-07-21 12:41:33,160/200,2026-07-22 00:48:01,0.009090,0.065047,False,0.00000039,276.60,53488677,8,42
Resnet34_fvs_No_Noise_150k_RMSELoss_20260721_124133,Resnet34_fvs_No_Noise_150k_RMSELoss,RMSELoss,2026-07-21 12:41:33,161/200,2026-07-22 00:52:39,0.009092,0.065064,False,0.00000039,277.34,53488677,8,42
Resnet34_fvs_No_Noise_150k_RMSELoss_20260721_124133,Resnet34_fvs_No_Noise_150k_RMSELoss,RMSELoss,2026-07-21 12:41:33,162/200,2026-07-22 00:57:16,0.009060,0.065047,False,0.00000039,277.42,53488677,8,42
Resnet34_fvs_No_Noise_150k_RMSELoss_20260721_124133,Resnet34_fvs_No_Noise_150k_RMSELoss,RMSELoss,2026-07-21 12:41:33,163/200,2026-07-22 01:01:53,0.009067,0.065040,False,0.00000039,277.31,53488677,8,42
Resnet34_fvs_No_Noise_150k_RMSELoss_20260721_124133,Resnet34_fvs_No_Noise_150k_RMSELoss,RMSELoss,2026-07-21 12:41:33,164/200,2026-07-22 01:06:27,0.009048,0.065075,False,0.00000039,274.06,53488677,8,42
Resnet34_fvs_No_Noise_150k_RMSELoss_20260721_124133,Resnet34_fvs_No_Noise_150k_RMSELoss,RMSELoss,2026-07-21 12:41:33,165/200,2026-07-22 01:11:02,0.009044,0.065037,False,0.00000039,274.40,53488677,8,42
Resnet34_fvs_No_Noise_150k_RMSELoss_20260721_124133,Resnet34_fvs_No_Noise_150k_RMSELoss,RMSELoss,2026-07-21 12:41:33,166/200,2026-07-22 01:15:41,0.009044,0.065119,False,0.00000039,278.90,53488677,8,42
Resnet34_fvs_No_Noise_150k_RMSELoss_20260721_124133,Resnet34_fvs_No_Noise_150k_RMSELoss,RMSELoss,2026-07-21 12:41:33,167/200,2026-07-22 01:20:16,0.009037,0.065002,False,0.00000039,275.44,53488677,8,42
Resnet34_fvs_No_Noise_150k_RMSELoss_20260721_124133,Resnet34_fvs_No_Noise_150k_RMSELoss,RMSELoss,2026-07-21 12:41:33,168/200,2026-07-22 01:24:51,0.009033,0.065072,False,0.00000039,275.13,53488677,8,42
Resnet34_fvs_No_Noise_150k_RMSELoss_20260721_124133,Resnet34_fvs_No_Noise_150k_RMSELoss,RMSELoss,2026-07-21 12:41:33,169/200,2026-07-22 01:29:26,0.009022,0.065024,False,0.00000039,274.48,53488677,8,42
Resnet34_fvs_No_Noise_150k_RMSELoss_20260721_124133,Resnet34_fvs_No_Noise_150k_RMSELoss,RMSELoss,2026-07-21 12:41:33,170/200,2026-07-22 01:34:00,0.009033,0.065077,False,0.00000039,274.78,53488677,8,42
Resnet34_fvs_No_Noise_150k_RMSELoss_20260721_124133,Resnet34_fvs_No_Noise_150k_RMSELoss,RMSELoss,2026-07-21 12:41:33,171/200,2026-07-22 01:38:33,0.009023,0.065059,False,0.00000039,272.68,53488677,8,42
Resnet34_fvs_No_Noise_150k_RMSELoss_20260721_124133,Resnet34_fvs_No_Noise_150k_RMSELoss,RMSELoss,2026-07-21 12:41:33,172/200,2026-07-22 01:43:07,0.009027,0.065067,False,0.00000039,273.32,53488677,8,42
Resnet34_fvs_No_Noise_150k_RMSELoss_20260721_124133,Resnet34_fvs_No_Noise_150k_RMSELoss,RMSELoss,2026-07-21 12:41:33,173/200,2026-07-22 01:47:39,0.009020,0.065042,False,0.00000039,272.43,53488677,8,42
Resnet34_fvs_No_Noise_150k_RMSELoss_20260721_124133,Resnet34_fvs_No_Noise_150k_RMSELoss,RMSELoss,2026-07-21 12:41:33,174/200,2026-07-22 01:52:11,0.009036,0.065097,False,0.00000039,272.11,53488677,8,42
Resnet34_fvs_No_Noise_150k_RMSELoss_20260721_124133,Resnet34_fvs_No_Noise_150k_RMSELoss,RMSELoss,2026-07-21 12:41:33,175/200,2026-07-22 01:56:43,0.009006,0.065038,False,0.00000039,272.28,53488677,8,42
Resnet34_fvs_No_Noise_150k_RMSELoss_20260721_124133,Resnet34_fvs_No_Noise_150k_RMSELoss,RMSELoss,2026-07-21 12:41:33,176/200,2026-07-22 02:01:15,0.009003,0.064995,False,0.00000039,271.90,53488677,8,42
Resnet34_fvs_No_Noise_150k_RMSELoss_20260721_124133,Resnet34_fvs_No_Noise_150k_RMSELoss,RMSELoss,2026-07-21 12:41:33,177/200,2026-07-22 02:05:48,0.009001,0.065047,False,0.00000039,272.99,53488677,8,42
Densenet121_No_Noise_250k_RMSELoss_20260722_024802,Densenet121_No_Noise_250k_RMSELoss,RMSELoss,2026-07-22 02:48:02,1/200,2026-07-22 02:56:58,0.110780,0.096126,True,0.00010000,534.41,39682149,8,42
Densenet121_No_Noise_250k_RMSELoss_20260722_024802,Densenet121_No_Noise_250k_RMSELoss,RMSELoss,2026-07-22 02:48:02,2/200,2026-07-22 03:06:10,0.095569,0.092161,True,0.00010000,540.97,39682149,8,42
Densenet121_No_Noise_250k_RMSELoss_20260722_024802,Densenet121_No_Noise_250k_RMSELoss,RMSELoss,2026-07-22 02:48:02,3/200,2026-07-22 03:15:24,0.089188,0.087244,True,0.00010000,543.16,39682149,8,42
Densenet121_No_Noise_250k_RMSELoss_20260722_024802,Densenet121_No_Noise_250k_RMSELoss,RMSELoss,2026-07-22 02:48:02,4/200,2026-07-22 03:24:32,0.084512,0.082383,True,0.00010000,536.57,39682149,8,42
Densenet121_No_Noise_250k_RMSELoss_20260722_024802,Densenet121_No_Noise_250k_RMSELoss,RMSELoss,2026-07-22 02:48:02,5/200,2026-07-22 03:33:38,0.081303,0.081636,True,0.00010000,534.35,39682149,8,42
Densenet121_No_Noise_250k_RMSELoss_20260722_024802,Densenet121_No_Noise_250k_RMSELoss,RMSELoss,2026-07-22 02:48:02,6/200,2026-07-22 03:42:38,0.078594,0.079230,True,0.00010000,529.45,39682149,8,42
Densenet121_No_Noise_250k_RMSELoss_20260722_024802,Densenet121_No_Noise_250k_RMSELoss,RMSELoss,2026-07-22 02:48:02,7/200,2026-07-22 03:51:47,0.076123,0.078077,True,0.00010000,537.31,39682149,8,42
Densenet121_No_Noise_250k_RMSELoss_20260722_024802,Densenet121_No_Noise_250k_RMSELoss,RMSELoss,2026-07-22 02:48:02,8/200,2026-07-22 04:00:57,0.074151,0.075299,True,0.00010000,538.64,39682149,8,42
Densenet121_No_Noise_250k_RMSELoss_20260722_024802,Densenet121_No_Noise_250k_RMSELoss,RMSELoss,2026-07-22 02:48:02,9/200,2026-07-22 04:10:05,0.072018,0.075904,False,0.00010000,536.35,39682149,8,42
Densenet121_No_Noise_250k_RMSELoss_20260722_024802,Densenet121_No_Noise_250k_RMSELoss,RMSELoss,2026-07-22 02:48:02,10/200,2026-07-22 04:18:55,0.069954,0.071935,True,0.00010000,530.44,39682149,8,42
Densenet121_No_Noise_250k_RMSELoss_20260722_024802,Densenet121_No_Noise_250k_RMSELoss,RMSELoss,2026-07-22 02:48:02,11/200,2026-07-22 04:28:05,0.068045,0.072443,False,0.00010000,537.83,39682149,8,42
Densenet121_No_Noise_250k_RMSELoss_20260722_024802,Densenet121_No_Noise_250k_RMSELoss,RMSELoss,2026-07-22 02:48:02,12/200,2026-07-22 04:37:01,0.066594,0.072061,False,0.00010000,536.27,39682149,8,42
Densenet121_No_Noise_250k_RMSELoss_20260722_024802,Densenet121_No_Noise_250k_RMSELoss,RMSELoss,2026-07-22 02:48:02,13/200,2026-07-22 04:45:56,0.064895,0.070826,True,0.00010000,534.92,39682149,8,42
Densenet121_No_Noise_250k_RMSELoss_20260722_024802,Densenet121_No_Noise_250k_RMSELoss,RMSELoss,2026-07-22 02:48:02,14/200,2026-07-22 04:55:03,0.063431,0.071462,False,0.00010000,535.77,39682149,8,42
Densenet121_No_Noise_250k_RMSELoss_20260722_024802,Densenet121_No_Noise_250k_RMSELoss,RMSELoss,2026-07-22 02:48:02,15/200,2026-07-22 05:04:05,0.061924,0.070625,True,0.00010000,542.27,39682149,8,42
Densenet121_No_Noise_250k_RMSELoss_20260722_024802,Densenet121_No_Noise_250k_RMSELoss,RMSELoss,2026-07-22 02:48:02,16/200,2026-07-22 05:13:15,0.060400,0.069904,True,0.00010000,538.24,39682149,8,42
Densenet121_No_Noise_250k_RMSELoss_20260722_024802,Densenet121_No_Noise_250k_RMSELoss,RMSELoss,2026-07-22 02:48:02,17/200,2026-07-22 05:22:20,0.059237,0.070449,False,0.00010000,533.63,39682149,8,42
Densenet121_No_Noise_250k_RMSELoss_20260722_024802,Densenet121_No_Noise_250k_RMSELoss,RMSELoss,2026-07-22 02:48:02,18/200,2026-07-22 05:31:15,0.058071,0.071357,False,0.00010000,535.33,39682149,8,42
Densenet121_No_Noise_250k_RMSELoss_20260722_024802,Densenet121_No_Noise_250k_RMSELoss,RMSELoss,2026-07-22 02:48:02,19/200,2026-07-22 05:40:12,0.056690,0.070081,False,0.00010000,536.34,39682149,8,42
Densenet121_No_Noise_250k_RMSELoss_20260722_024802,Densenet121_No_Noise_250k_RMSELoss,RMSELoss,2026-07-22 02:48:02,20/200,2026-07-22 05:49:11,0.055608,0.067845,True,0.00005000,539.85,39682149,8,42
Densenet121_No_Noise_250k_RMSELoss_20260722_024802,Densenet121_No_Noise_250k_RMSELoss,RMSELoss,2026-07-22 02:48:02,21/200,2026-07-22 05:58:15,0.049925,0.065307,True,0.00005000,532.44,39682149,8,42
Densenet121_No_Noise_250k_RMSELoss_20260722_024802,Densenet121_No_Noise_250k_RMSELoss,RMSELoss,2026-07-22 02:48:02,22/200,2026-07-22 06:07:25,0.047269,0.065552,False,0.00005000,537.38,39682149,8,42
Densenet121_No_Noise_250k_RMSELoss_20260722_024802,Densenet121_No_Noise_250k_RMSELoss,RMSELoss,2026-07-22 02:48:02,23/200,2026-07-22 06:16:18,0.045788,0.064882,True,0.00005000,533.66,39682149,8,42
Densenet121_No_Noise_250k_RMSELoss_20260722_024802,Densenet121_No_Noise_250k_RMSELoss,RMSELoss,2026-07-22 02:48:02,24/200,2026-07-22 06:25:28,0.044615,0.064625,True,0.00005000,537.74,39682149,8,42
Densenet121_No_Noise_250k_RMSELoss_20260722_024802,Densenet121_No_Noise_250k_RMSELoss,RMSELoss,2026-07-22 02:48:02,25/200,2026-07-22 06:34:38,0.043534,0.064416,True,0.00005000,539.20,39682149,8,42
Densenet121_No_Noise_250k_RMSELoss_20260722_024802,Densenet121_No_Noise_250k_RMSELoss,RMSELoss,2026-07-22 02:48:02,26/200,2026-07-22 06:43:47,0.042648,0.064299,True,0.00005000,537.27,39682149,8,42
Densenet121_No_Noise_250k_RMSELoss_20260722_024802,Densenet121_No_Noise_250k_RMSELoss,RMSELoss,2026-07-22 02:48:02,27/200,2026-07-22 06:52:56,0.041800,0.064651,False,0.00005000,537.22,39682149,8,42
Densenet121_No_Noise_250k_RMSELoss_20260722_024802,Densenet121_No_Noise_250k_RMSELoss,RMSELoss,2026-07-22 02:48:02,28/200,2026-07-22 07:01:53,0.040914,0.064425,False,0.00005000,536.48,39682149,8,42
Densenet121_No_Noise_250k_RMSELoss_20260722_024802,Densenet121_No_Noise_250k_RMSELoss,RMSELoss,2026-07-22 02:48:02,29/200,2026-07-22 07:10:49,0.040190,0.064483,False,0.00005000,536.34,39682149,8,42
Densenet121_No_Noise_250k_RMSELoss_20260722_024802,Densenet121_No_Noise_250k_RMSELoss,RMSELoss,2026-07-22 02:48:02,30/200,2026-07-22 07:19:40,0.039624,0.064320,False,0.00005000,531.28,39682149,8,42
Densenet121_No_Noise_250k_RMSELoss_20260722_024802,Densenet121_No_Noise_250k_RMSELoss,RMSELoss,2026-07-22 02:48:02,31/200,2026-07-22 07:28:36,0.038878,0.064135,True,0.00005000,535.69,39682149,8,42
Densenet121_No_Noise_250k_RMSELoss_20260722_024802,Densenet121_No_Noise_250k_RMSELoss,RMSELoss,2026-07-22 02:48:02,32/200,2026-07-22 07:37:50,0.038257,0.063420,True,0.00005000,541.70,39682149,8,42
Densenet121_No_Noise_250k_RMSELoss_20260722_024802,Densenet121_No_Noise_250k_RMSELoss,RMSELoss,2026-07-22 02:48:02,33/200,2026-07-22 07:47:00,0.037619,0.064196,False,0.00005000,538.52,39682149,8,42
Densenet121_No_Noise_250k_RMSELoss_20260722_024802,Densenet121_No_Noise_250k_RMSELoss,RMSELoss,2026-07-22 02:48:02,34/200,2026-07-22 07:55:55,0.037157,0.064616,False,0.00005000,535.11,39682149,8,42
Densenet121_No_Noise_250k_RMSELoss_20260722_024802,Densenet121_No_Noise_250k_RMSELoss,RMSELoss,2026-07-22 02:48:02,35/200,2026-07-22 08:04:52,0.036671,0.064103,False,0.00005000,536.58,39682149,8,42
Densenet121_No_Noise_250k_RMSELoss_20260722_024802,Densenet121_No_Noise_250k_RMSELoss,RMSELoss,2026-07-22 02:48:02,36/200,2026-07-22 08:13:55,0.036106,0.064383,False,0.00005000,542.99,39682149,8,42
Densenet121_No_Noise_250k_RMSELoss_20260722_024802,Densenet121_No_Noise_250k_RMSELoss,RMSELoss,2026-07-22 02:48:02,37/200,2026-07-22 08:22:50,0.035599,0.064510,False,0.00005000,535.81,39682149,8,42
Densenet121_No_Noise_250k_RMSELoss_20260722_024802,Densenet121_No_Noise_250k_RMSELoss,RMSELoss,2026-07-22 02:48:02,38/200,2026-07-22 08:31:51,0.035261,0.063756,False,0.00005000,540.37,39682149,8,42
Densenet121_No_Noise_250k_RMSELoss_20260722_024802,Densenet121_No_Noise_250k_RMSELoss,RMSELoss,2026-07-22 02:48:02,39/200,2026-07-22 08:40:46,0.034813,0.063780,False,0.00005000,534.98,39682149,8,42
Densenet121_No_Noise_250k_RMSELoss_20260722_024802,Densenet121_No_Noise_250k_RMSELoss,RMSELoss,2026-07-22 02:48:02,40/200,2026-07-22 08:49:42,0.034270,0.064138,False,0.00002500,536.26,39682149,8,42
Densenet121_No_Noise_250k_RMSELoss_20260722_024802,Densenet121_No_Noise_250k_RMSELoss,RMSELoss,2026-07-22 02:48:02,41/200,2026-07-22 08:58:43,0.031296,0.062091,True,0.00002500,541.02,39682149,8,42
Densenet121_No_Noise_250k_RMSELoss_20260722_024802,Densenet121_No_Noise_250k_RMSELoss,RMSELoss,2026-07-22 02:48:02,42/200,2026-07-22 09:07:57,0.029366,0.062085,True,0.00002500,542.03,39682149,8,42
Densenet121_No_Noise_250k_RMSELoss_20260722_024802,Densenet121_No_Noise_250k_RMSELoss,RMSELoss,2026-07-22 02:48:02,43/200,2026-07-22 09:17:08,0.028503,0.062386,False,0.00002500,539.89,39682149,8,42
Densenet121_No_Noise_250k_RMSELoss_20260722_024802,Densenet121_No_Noise_250k_RMSELoss,RMSELoss,2026-07-22 02:48:02,44/200,2026-07-22 09:26:04,0.028093,0.062015,True,0.00002500,536.15,39682149,8,42
Densenet121_No_Noise_250k_RMSELoss_20260722_024802,Densenet121_No_Noise_250k_RMSELoss,RMSELoss,2026-07-22 02:48:02,45/200,2026-07-22 09:35:16,0.027587,0.062024,False,0.00002500,540.30,39682149,8,42
Densenet121_No_Noise_250k_RMSELoss_20260722_024802,Densenet121_No_Noise_250k_RMSELoss,RMSELoss,2026-07-22 02:48:02,46/200,2026-07-22 09:44:15,0.027219,0.062438,False,0.00002500,538.86,39682149,8,42
Densenet121_No_Noise_250k_RMSELoss_20260722_024802,Densenet121_No_Noise_250k_RMSELoss,RMSELoss,2026-07-22 02:48:02,47/200,2026-07-22 09:53:12,0.026888,0.062187,False,0.00002500,537.57,39682149,8,42
Densenet121_No_Noise_250k_RMSELoss_20260722_024802,Densenet121_No_Noise_250k_RMSELoss,RMSELoss,2026-07-22 02:48:02,48/200,2026-07-22 10:02:08,0.026555,0.062372,False,0.00002500,535.86,39682149,8,42
Densenet121_No_Noise_250k_RMSELoss_20260722_024802,Densenet121_No_Noise_250k_RMSELoss,RMSELoss,2026-07-22 02:48:02,49/200,2026-07-22 10:11:05,0.026218,0.061949,True,0.00002500,537.07,39682149,8,42
Densenet121_No_Noise_250k_RMSELoss_20260722_024802,Densenet121_No_Noise_250k_RMSELoss,RMSELoss,2026-07-22 02:48:02,50/200,2026-07-22 10:20:11,0.025933,0.062836,False,0.00002500,534.38,39682149,8,42
Densenet121_No_Noise_250k_RMSELoss_20260722_024802,Densenet121_No_Noise_250k_RMSELoss,RMSELoss,2026-07-22 02:48:02,51/200,2026-07-22 10:29:05,0.025601,0.062350,False,0.00002500,534.32,39682149,8,42
Densenet121_No_Noise_250k_RMSELoss_20260722_024802,Densenet121_No_Noise_250k_RMSELoss,RMSELoss,2026-07-22 02:48:02,52/200,2026-07-22 10:37:54,0.025362,0.062464,False,0.00002500,529.50,39682149,8,42
Densenet121_No_Noise_250k_RMSELoss_20260722_024802,Densenet121_No_Noise_250k_RMSELoss,RMSELoss,2026-07-22 02:48:02,53/200,2026-07-22 10:46:48,0.025098,0.062976,False,0.00002500,534.08,39682149,8,42
Densenet121_No_Noise_250k_RMSELoss_20260722_024802,Densenet121_No_Noise_250k_RMSELoss,RMSELoss,2026-07-22 02:48:02,54/200,2026-07-22 10:55:40,0.024791,0.062536,False,0.00002500,531.15,39682149,8,42
Densenet121_No_Noise_250k_RMSELoss_20260722_024802,Densenet121_No_Noise_250k_RMSELoss,RMSELoss,2026-07-22 02:48:02,55/200,2026-07-22 11:04:34,0.024578,0.062110,False,0.00002500,534.61,39682149,8,42
Densenet121_No_Noise_250k_RMSELoss_20260722_024802,Densenet121_No_Noise_250k_RMSELoss,RMSELoss,2026-07-22 02:48:02,56/200,2026-07-22 11:13:26,0.024415,0.062236,False,0.00002500,531.88,39682149,8,42
Densenet121_No_Noise_250k_RMSELoss_20260722_024802,Densenet121_No_Noise_250k_RMSELoss,RMSELoss,2026-07-22 02:48:02,57/200,2026-07-22 11:22:28,0.024155,0.062333,False,0.00002500,541.74,39682149,8,42
Densenet121_No_Noise_250k_RMSELoss_20260722_024802,Densenet121_No_Noise_250k_RMSELoss,RMSELoss,2026-07-22 02:48:02,58/200,2026-07-22 11:31:28,0.023960,0.087706,False,0.00002500,540.40,39682149,8,42
Densenet121_No_Noise_250k_RMSELoss_20260722_024802,Densenet121_No_Noise_250k_RMSELoss,RMSELoss,2026-07-22 02:48:02,59/200,2026-07-22 11:40:29,0.023670,0.061762,True,0.00002500,540.32,39682149,8,42
Densenet121_No_Noise_250k_RMSELoss_20260722_024802,Densenet121_No_Noise_250k_RMSELoss,RMSELoss,2026-07-22 02:48:02,60/200,2026-07-22 11:49:35,0.023520,0.062315,False,0.00001250,535.09,39682149,8,42
Densenet121_No_Noise_250k_RMSELoss_20260722_024802,Densenet121_No_Noise_250k_RMSELoss,RMSELoss,2026-07-22 02:48:02,61/200,2026-07-22 11:58:33,0.022035,0.062135,False,0.00001250,538.20,39682149,8,42
Densenet121_No_Noise_250k_RMSELoss_20260722_024802,Densenet121_No_Noise_250k_RMSELoss,RMSELoss,2026-07-22 02:48:02,62/200,2026-07-22 12:07:33,0.021099,0.062272,False,0.00001250,540.51,39682149,8,42
Densenet121_No_Noise_250k_RMSELoss_20260722_024802,Densenet121_No_Noise_250k_RMSELoss,RMSELoss,2026-07-22 02:48:02,63/200,2026-07-22 12:16:31,0.020723,0.065873,False,0.00001250,537.57,39682149,8,42
Densenet121_No_Noise_250k_RMSELoss_20260722_024802,Densenet121_No_Noise_250k_RMSELoss,RMSELoss,2026-07-22 02:48:02,64/200,2026-07-22 12:25:22,0.020491,0.061508,True,0.00001250,530.80,39682149,8,42
Densenet121_No_Noise_250k_RMSELoss_20260722_024802,Densenet121_No_Noise_250k_RMSELoss,RMSELoss,2026-07-22 02:48:02,65/200,2026-07-22 12:34:31,0.020235,0.062165,False,0.00001250,537.94,39682149,8,42
Densenet121_No_Noise_250k_RMSELoss_20260722_024802,Densenet121_No_Noise_250k_RMSELoss,RMSELoss,2026-07-22 02:48:02,66/200,2026-07-22 12:43:35,0.020096,0.064076,False,0.00001250,544.05,39682149,8,42
Densenet121_No_Noise_250k_RMSELoss_20260722_024802,Densenet121_No_Noise_250k_RMSELoss,RMSELoss,2026-07-22 02:48:02,67/200,2026-07-22 12:52:36,0.019907,0.061341,True,0.00001250,540.71,39682149,8,42
Densenet121_No_Noise_250k_RMSELoss_20260722_024802,Densenet121_No_Noise_250k_RMSELoss,RMSELoss,2026-07-22 02:48:02,68/200,2026-07-22 13:01:50,0.019757,0.063020,False,0.00001250,542.68,39682149,8,42
Densenet121_No_Noise_250k_RMSELoss_20260722_024802,Densenet121_No_Noise_250k_RMSELoss,RMSELoss,2026-07-22 02:48:02,69/200,2026-07-22 13:10:49,0.019619,0.065624,False,0.00001250,538.74,39682149,8,42
Densenet121_No_Noise_250k_RMSELoss_20260722_024802,Densenet121_No_Noise_250k_RMSELoss,RMSELoss,2026-07-22 02:48:02,70/200,2026-07-22 13:19:41,0.019502,0.063650,False,0.00001250,532.82,39682149,8,42
Densenet121_No_Noise_250k_RMSELoss_20260722_024802,Densenet121_No_Noise_250k_RMSELoss,RMSELoss,2026-07-22 02:48:02,71/200,2026-07-22 13:28:29,0.019323,0.064168,False,0.00001250,527.92,39682149,8,42
Densenet121_No_Noise_250k_RMSELoss_20260722_024802,Densenet121_No_Noise_250k_RMSELoss,RMSELoss,2026-07-22 02:48:02,72/200,2026-07-22 13:37:22,0.019205,0.062902,False,0.00001250,532.20,39682149,8,42
Densenet121_No_Noise_250k_RMSELoss_20260722_024802,Densenet121_No_Noise_250k_RMSELoss,RMSELoss,2026-07-22 02:48:02,73/200,2026-07-22 13:46:12,0.019057,0.065638,False,0.00001250,530.48,39682149,8,42
Densenet121_No_Noise_250k_RMSELoss_20260722_024802,Densenet121_No_Noise_250k_RMSELoss,RMSELoss,2026-07-22 02:48:02,74/200,2026-07-22 13:55:02,0.018953,0.061561,False,0.00001250,529.96,39682149,8,42
Densenet121_No_Noise_250k_RMSELoss_20260722_024802,Densenet121_No_Noise_250k_RMSELoss,RMSELoss,2026-07-22 02:48:02,75/200,2026-07-22 14:03:54,0.018866,0.061475,False,0.00001250,531.44,39682149,8,42
Densenet121_No_Noise_250k_RMSELoss_20260722_024802,Densenet121_No_Noise_250k_RMSELoss,RMSELoss,2026-07-22 02:48:02,76/200,2026-07-22 14:12:48,0.018748,0.062288,False,0.00001250,534.42,39682149,8,42
Densenet121_No_Noise_250k_RMSELoss_20260722_024802,Densenet121_No_Noise_250k_RMSELoss,RMSELoss,2026-07-22 02:48:02,77/200,2026-07-22 14:21:41,0.018582,0.066333,False,0.00001250,533.05,39682149,8,42
Densenet121_No_Noise_250k_RMSELoss_20260722_024802,Densenet121_No_Noise_250k_RMSELoss,RMSELoss,2026-07-22 02:48:02,78/200,2026-07-22 14:30:32,0.018513,0.061788,False,0.00001250,531.49,39682149,8,42
Densenet121_No_Noise_250k_RMSELoss_20260722_024802,Densenet121_No_Noise_250k_RMSELoss,RMSELoss,2026-07-22 02:48:02,79/200,2026-07-22 14:39:28,0.018372,0.064125,False,0.00001250,535.14,39682149,8,42
Densenet121_No_Noise_250k_RMSELoss_20260722_024802,Densenet121_No_Noise_250k_RMSELoss,RMSELoss,2026-07-22 02:48:02,80/200,2026-07-22 14:48:18,0.018262,0.061265,True,0.00000625,530.43,39682149,8,42
Densenet121_No_Noise_250k_RMSELoss_20260722_024802,Densenet121_No_Noise_250k_RMSELoss,RMSELoss,2026-07-22 02:48:02,81/200,2026-07-22 14:57:18,0.017586,0.062134,False,0.00000625,528.21,39682149,8,42
Densenet121_No_Noise_250k_RMSELoss_20260722_024802,Densenet121_No_Noise_250k_RMSELoss,RMSELoss,2026-07-22 02:48:02,82/200,2026-07-22 15:06:10,0.017195,0.061092,True,0.00000625,531.67,39682149,8,42
Densenet121_No_Noise_250k_RMSELoss_20260722_024802,Densenet121_No_Noise_250k_RMSELoss,RMSELoss,2026-07-22 02:48:02,83/200,2026-07-22 15:15:09,0.017082,0.061505,False,0.00000625,528.73,39682149,8,42
Densenet121_No_Noise_250k_RMSELoss_20260722_024802,Densenet121_No_Noise_250k_RMSELoss,RMSELoss,2026-07-22 02:48:02,84/200,2026-07-22 15:24:12,0.016952,0.063260,False,0.00000625,542.32,39682149,8,42
Densenet121_No_Noise_250k_RMSELoss_20260722_024802,Densenet121_No_Noise_250k_RMSELoss,RMSELoss,2026-07-22 02:48:02,85/200,2026-07-22 15:33:11,0.016829,0.079014,False,0.00000625,539.13,39682149,8,42
Densenet121_No_Noise_250k_RMSELoss_20260722_024802,Densenet121_No_Noise_250k_RMSELoss,RMSELoss,2026-07-22 02:48:02,86/200,2026-07-22 15:42:16,0.016779,0.061522,False,0.00000625,544.74,39682149,8,42
Densenet121_No_Noise_250k_RMSELoss_20260722_024802,Densenet121_No_Noise_250k_RMSELoss,RMSELoss,2026-07-22 02:48:02,87/200,2026-07-22 15:51:12,0.016722,0.061462,False,0.00000625,536.56,39682149,8,42
Densenet121_No_Noise_250k_RMSELoss_20260722_024802,Densenet121_No_Noise_250k_RMSELoss,RMSELoss,2026-07-22 02:48:02,88/200,2026-07-22 16:00:06,0.016622,0.061121,False,0.00000625,533.83,39682149,8,42
Densenet121_No_Noise_250k_RMSELoss_20260722_024802,Densenet121_No_Noise_250k_RMSELoss,RMSELoss,2026-07-22 02:48:02,89/200,2026-07-22 16:08:58,0.016538,0.070973,False,0.00000625,531.98,39682149,8,42
Densenet121_No_Noise_250k_RMSELoss_20260722_024802,Densenet121_No_Noise_250k_RMSELoss,RMSELoss,2026-07-22 02:48:02,90/200,2026-07-22 16:17:48,0.016438,0.062808,False,0.00000625,529.81,39682149,8,42
Densenet121_No_Noise_250k_RMSELoss_20260722_024802,Densenet121_No_Noise_250k_RMSELoss,RMSELoss,2026-07-22 02:48:02,91/200,2026-07-22 16:26:39,0.016395,0.061846,False,0.00000625,531.60,39682149,8,42
Densenet121_No_Noise_250k_RMSELoss_20260722_024802,Densenet121_No_Noise_250k_RMSELoss,RMSELoss,2026-07-22 02:48:02,92/200,2026-07-22 16:35:34,0.016343,0.064545,False,0.00000625,534.80,39682149,8,42
Densenet121_No_Noise_250k_RMSELoss_20260722_024802,Densenet121_No_Noise_250k_RMSELoss,RMSELoss,2026-07-22 02:48:02,93/200,2026-07-22 16:44:29,0.016264,0.061544,False,0.00000625,535.11,39682149,8,42
Densenet121_No_Noise_250k_RMSELoss_20260722_024802,Densenet121_No_Noise_250k_RMSELoss,RMSELoss,2026-07-22 02:48:02,94/200,2026-07-22 16:53:23,0.016224,0.063137,False,0.00000625,533.30,39682149,8,42
Densenet121_No_Noise_250k_RMSELoss_20260722_024802,Densenet121_No_Noise_250k_RMSELoss,RMSELoss,2026-07-22 02:48:02,95/200,2026-07-22 17:02:19,0.016142,0.064686,False,0.00000625,536.30,39682149,8,42
Densenet121_No_Noise_250k_RMSELoss_20260722_024802,Densenet121_No_Noise_250k_RMSELoss,RMSELoss,2026-07-22 02:48:02,96/200,2026-07-22 17:11:20,0.016142,0.061243,False,0.00000625,541.51,39682149,8,42
Densenet121_No_Noise_250k_RMSELoss_20260722_024802,Densenet121_No_Noise_250k_RMSELoss,RMSELoss,2026-07-22 02:48:02,97/200,2026-07-22 17:20:18,0.016011,0.074351,False,0.00000625,537.88,39682149,8,42
Densenet121_No_Noise_250k_RMSELoss_20260722_024802,Densenet121_No_Noise_250k_RMSELoss,RMSELoss,2026-07-22 02:48:02,98/200,2026-07-22 17:29:15,0.015955,0.069716,False,0.00000625,536.56,39682149,8,42
Densenet121_No_Noise_250k_RMSELoss_20260722_024802,Densenet121_No_Noise_250k_RMSELoss,RMSELoss,2026-07-22 02:48:02,99/200,2026-07-22 17:38:13,0.015927,0.060956,True,0.00000625,538.27,39682149,8,42
Densenet121_No_Noise_250k_RMSELoss_20260722_024802,Densenet121_No_Noise_250k_RMSELoss,RMSELoss,2026-07-22 02:48:02,100/200,2026-07-22 17:47:26,0.015890,0.064400,False,0.00000313,540.82,39682149,8,42
Densenet121_No_Noise_250k_RMSELoss_20260722_024802,Densenet121_No_Noise_250k_RMSELoss,RMSELoss,2026-07-22 02:48:02,101/200,2026-07-22 17:56:23,0.015505,0.079666,False,0.00000313,537.33,39682149,8,42
Densenet121_No_Noise_250k_RMSELoss_20260722_024802,Densenet121_No_Noise_250k_RMSELoss,RMSELoss,2026-07-22 02:48:02,102/200,2026-07-22 18:05:18,0.015419,0.061848,False,0.00000313,535.11,39682149,8,42
Densenet121_No_Noise_250k_RMSELoss_20260722_024802,Densenet121_No_Noise_250k_RMSELoss,RMSELoss,2026-07-22 02:48:02,103/200,2026-07-22 18:14:14,0.015338,0.090871,False,0.00000313,535.94,39682149,8,42
Densenet121_No_Noise_250k_RMSELoss_20260722_024802,Densenet121_No_Noise_250k_RMSELoss,RMSELoss,2026-07-22 02:48:02,104/200,2026-07-22 18:23:13,0.015265,0.065894,False,0.00000313,538.92,39682149,8,42
Densenet121_No_Noise_250k_RMSELoss_20260722_024802,Densenet121_No_Noise_250k_RMSELoss,RMSELoss,2026-07-22 02:48:02,105/200,2026-07-22 18:32:00,0.015224,0.071122,False,0.00000313,526.72,39682149,8,42
Densenet121_No_Noise_250k_RMSELoss_20260722_024802,Densenet121_No_Noise_250k_RMSELoss,RMSELoss,2026-07-22 02:48:02,106/200,2026-07-22 18:40:48,0.015189,0.066171,False,0.00000313,527.68,39682149,8,42
Densenet121_No_Noise_250k_RMSELoss_20260722_024802,Densenet121_No_Noise_250k_RMSELoss,RMSELoss,2026-07-22 02:48:02,107/200,2026-07-22 18:49:35,0.015141,0.067849,False,0.00000313,527.61,39682149,8,42
Densenet121_No_Noise_250k_RMSELoss_20260722_024802,Densenet121_No_Noise_250k_RMSELoss,RMSELoss,2026-07-22 02:48:02,108/200,2026-07-22 18:58:23,0.015106,0.063807,False,0.00000313,527.56,39682149,8,42
Densenet121_No_Noise_250k_RMSELoss_20260722_024802,Densenet121_No_Noise_250k_RMSELoss,RMSELoss,2026-07-22 02:48:02,109/200,2026-07-22 19:07:18,0.015061,0.098640,False,0.00000313,535.23,39682149,8,42
Densenet121_No_Noise_250k_RMSELoss_20260722_024802,Densenet121_No_Noise_250k_RMSELoss,RMSELoss,2026-07-22 02:48:02,110/200,2026-07-22 19:16:12,0.015046,0.069207,False,0.00000313,533.99,39682149,8,42
Densenet121_No_Noise_250k_RMSELoss_20260722_024802,Densenet121_No_Noise_250k_RMSELoss,RMSELoss,2026-07-22 02:48:02,111/200,2026-07-22 19:25:11,0.015023,0.066384,False,0.00000313,538.73,39682149,8,42
Densenet121_No_Noise_250k_RMSELoss_20260722_024802,Densenet121_No_Noise_250k_RMSELoss,RMSELoss,2026-07-22 02:48:02,112/200,2026-07-22 19:33:58,0.014935,0.062840,False,0.00000313,526.70,39682149,8,42
Densenet121_No_Noise_250k_RMSELoss_20260722_024802,Densenet121_No_Noise_250k_RMSELoss,RMSELoss,2026-07-22 02:48:02,113/200,2026-07-22 19:42:46,0.014951,0.061565,False,0.00000313,528.69,39682149,8,42
Densenet121_No_Noise_250k_RMSELoss_20260722_024802,Densenet121_No_Noise_250k_RMSELoss,RMSELoss,2026-07-22 02:48:02,114/200,2026-07-22 19:51:35,0.014900,0.063444,False,0.00000313,528.89,39682149,8,42
Densenet121_No_Noise_250k_RMSELoss_20260722_024802,Densenet121_No_Noise_250k_RMSELoss,RMSELoss,2026-07-22 02:48:02,115/200,2026-07-22 20:00:24,0.014852,0.062999,False,0.00000313,528.51,39682149,8,42
Densenet121_No_Noise_250k_RMSELoss_20260722_024802,Densenet121_No_Noise_250k_RMSELoss,RMSELoss,2026-07-22 02:48:02,116/200,2026-07-22 20:09:08,0.014844,0.064293,False,0.00000313,524.39,39682149,8,42
Densenet121_No_Noise_250k_RMSELoss_20260722_024802,Densenet121_No_Noise_250k_RMSELoss,RMSELoss,2026-07-22 02:48:02,117/200,2026-07-22 20:17:56,0.014825,0.061192,False,0.00000313,527.99,39682149,8,42
Densenet121_No_Noise_250k_RMSELoss_20260722_024802,Densenet121_No_Noise_250k_RMSELoss,RMSELoss,2026-07-22 02:48:02,118/200,2026-07-22 20:26:43,0.014849,0.064317,False,0.00000313,526.93,39682149,8,42
Densenet121_No_Noise_250k_RMSELoss_20260722_024802,Densenet121_No_Noise_250k_RMSELoss,RMSELoss,2026-07-22 02:48:02,119/200,2026-07-22 20:35:26,0.014773,0.073386,False,0.00000313,523.13,39682149,8,42
Densenet121_No_Noise_250k_RMSELoss_20260722_024802,Densenet121_No_Noise_250k_RMSELoss,RMSELoss,2026-07-22 02:48:02,120/200,2026-07-22 20:44:11,0.014740,0.087297,False,0.00000156,525.09,39682149,8,42
Densenet121_No_Noise_250k_RMSELoss_20260722_024802,Densenet121_No_Noise_250k_RMSELoss,RMSELoss,2026-07-22 02:48:02,121/200,2026-07-22 20:52:54,0.014584,0.085470,False,0.00000156,522.42,39682149,8,42
Densenet121_No_Noise_250k_RMSELoss_20260722_024802,Densenet121_No_Noise_250k_RMSELoss,RMSELoss,2026-07-22 02:48:02,122/200,2026-07-22 21:01:39,0.014524,0.076639,False,0.00000156,525.67,39682149,8,42
Densenet121_No_Noise_250k_RMSELoss_20260722_024802,Densenet121_No_Noise_250k_RMSELoss,RMSELoss,2026-07-22 02:48:02,123/200,2026-07-22 21:10:32,0.014484,0.079641,False,0.00000156,532.52,39682149,8,42
Densenet121_No_Noise_250k_RMSELoss_20260722_024802,Densenet121_No_Noise_250k_RMSELoss,RMSELoss,2026-07-22 02:48:02,124/200,2026-07-22 21:19:23,0.014474,0.070391,False,0.00000156,531.49,39682149,8,42
Densenet121_No_Noise_250k_RMSELoss_20260722_024802,Densenet121_No_Noise_250k_RMSELoss,RMSELoss,2026-07-22 02:48:02,125/200,2026-07-22 21:28:14,0.014478,0.063438,False,0.00000156,530.91,39682149,8,42
Densenet121_No_Noise_250k_RMSELoss_20260722_024802,Densenet121_No_Noise_250k_RMSELoss,RMSELoss,2026-07-22 02:48:02,126/200,2026-07-22 21:37:03,0.014402,0.062709,False,0.00000156,528.58,39682149,8,42
Densenet121_No_Noise_250k_RMSELoss_20260722_024802,Densenet121_No_Noise_250k_RMSELoss,RMSELoss,2026-07-22 02:48:02,127/200,2026-07-22 21:45:50,0.014408,0.061531,False,0.00000156,527.00,39682149,8,42
Densenet121_No_Noise_250k_RMSELoss_20260722_024802,Densenet121_No_Noise_250k_RMSELoss,RMSELoss,2026-07-22 02:48:02,128/200,2026-07-22 21:54:31,0.014358,0.080728,False,0.00000156,521.31,39682149,8,42
Densenet121_No_Noise_250k_RMSELoss_20260722_024802,Densenet121_No_Noise_250k_RMSELoss,RMSELoss,2026-07-22 02:48:02,129/200,2026-07-22 22:03:12,0.014385,0.065232,False,0.00000156,520.80,39682149,8,42
Densenet121_No_Noise_250k_RMSELoss_20260722_024802,Densenet121_No_Noise_250k_RMSELoss,RMSELoss,2026-07-22 02:48:02,130/200,2026-07-22 22:11:57,0.014367,0.062386,False,0.00000156,525.34,39682149,8,42
Densenet121_No_Noise_250k_RMSELoss_20260722_024802,Densenet121_No_Noise_250k_RMSELoss,RMSELoss,2026-07-22 02:48:02,131/200,2026-07-22 22:20:40,0.014351,0.102771,False,0.00000156,522.52,39682149,8,42
Densenet121_No_Noise_250k_RMSELoss_20260722_024802,Densenet121_No_Noise_250k_RMSELoss,RMSELoss,2026-07-22 02:48:02,132/200,2026-07-22 22:29:24,0.014290,0.065185,False,0.00000156,523.85,39682149,8,42
Densenet121_No_Noise_250k_RMSELoss_20260722_024802,Densenet121_No_Noise_250k_RMSELoss,RMSELoss,2026-07-22 02:48:02,133/200,2026-07-22 22:38:07,0.014296,0.063314,False,0.00000156,522.87,39682149,8,42
Densenet121_No_Noise_250k_RMSELoss_20260722_024802,Densenet121_No_Noise_250k_RMSELoss,RMSELoss,2026-07-22 02:48:02,134/200,2026-07-22 22:46:47,0.014287,0.065560,False,0.00000156,520.87,39682149,8,42
Densenet121_No_Noise_250k_RMSELoss_20260722_024802,Densenet121_No_Noise_250k_RMSELoss,RMSELoss,2026-07-22 02:48:02,135/200,2026-07-22 22:55:33,0.014243,0.082715,False,0.00000156,525.80,39682149,8,42
Densenet121_No_Noise_250k_RMSELoss_20260722_024802,Densenet121_No_Noise_250k_RMSELoss,RMSELoss,2026-07-22 02:48:02,136/200,2026-07-22 23:04:19,0.014227,0.082213,False,0.00000156,525.64,39682149,8,42
Densenet121_No_Noise_250k_RMSELoss_20260722_024802,Densenet121_No_Noise_250k_RMSELoss,RMSELoss,2026-07-22 02:48:02,137/200,2026-07-22 23:13:12,0.014229,0.100341,False,0.00000156,533.28,39682149,8,42
Densenet121_No_Noise_250k_RMSELoss_20260722_024802,Densenet121_No_Noise_250k_RMSELoss,RMSELoss,2026-07-22 02:48:02,138/200,2026-07-22 23:22:01,0.014199,0.063516,False,0.00000156,529.16,39682149,8,42
Densenet121_No_Noise_250k_RMSELoss_20260722_024802,Densenet121_No_Noise_250k_RMSELoss,RMSELoss,2026-07-22 02:48:02,139/200,2026-07-22 23:30:57,0.014203,0.068904,False,0.00000156,535.48,39682149,8,42
Densenet121_No_Noise_250k_RMSELoss_20260722_024802,Densenet121_No_Noise_250k_RMSELoss,RMSELoss,2026-07-22 02:48:02,140/200,2026-07-22 23:39:44,0.014179,0.066506,False,0.00000078,527.15,39682149,8,42
Densenet121_No_Noise_250k_RMSELoss_20260722_024802,Densenet121_No_Noise_250k_RMSELoss,RMSELoss,2026-07-22 02:48:02,141/200,2026-07-22 23:48:46,0.014121,0.063764,False,0.00000078,541.75,39682149,8,42
Densenet121_No_Noise_250k_RMSELoss_20260722_024802,Densenet121_No_Noise_250k_RMSELoss,RMSELoss,2026-07-22 02:48:02,142/200,2026-07-22 23:57:33,0.014100,0.061191,False,0.00000078,527.51,39682149,8,42
Densenet121_No_Noise_250k_RMSELoss_20260722_024802,Densenet121_No_Noise_250k_RMSELoss,RMSELoss,2026-07-22 02:48:02,143/200,2026-07-23 00:06:22,0.014095,0.068679,False,0.00000078,528.33,39682149,8,42
Densenet121_No_Noise_250k_RMSELoss_20260722_024802,Densenet121_No_Noise_250k_RMSELoss,RMSELoss,2026-07-22 02:48:02,144/200,2026-07-23 00:15:03,0.014049,0.084356,False,0.00000078,521.74,39682149,8,42
ModelSwinT_No_Noise_250k_RMSELoss_20260723_025656,ModelSwinT_No_Noise_250k_RMSELoss,RMSELoss,2026-07-23 02:56:56,1/200,2026-07-23 03:03:56,0.121580,0.104409,True,0.00010000,418.42,59985503,8,42
ModelSwinT_No_Noise_250k_RMSELoss_20260723_025656,ModelSwinT_No_Noise_250k_RMSELoss,RMSELoss,2026-07-23 02:56:56,2/200,2026-07-23 03:11:06,0.102687,0.101631,True,0.00010000,418.78,59985503,8,42
ModelSwinT_No_Noise_250k_RMSELoss_20260723_025656,ModelSwinT_No_Noise_250k_RMSELoss,RMSELoss,2026-07-23 02:56:56,3/200,2026-07-23 03:18:14,0.096462,0.095217,True,0.00010000,417.76,59985503,8,42
ModelSwinT_No_Noise_250k_RMSELoss_20260723_025656,ModelSwinT_No_Noise_250k_RMSELoss,RMSELoss,2026-07-23 02:56:56,4/200,2026-07-23 03:25:25,0.092505,0.089104,True,0.00010000,419.14,59985503,8,42
ModelSwinT_No_Noise_250k_RMSELoss_20260723_025656,ModelSwinT_No_Noise_250k_RMSELoss,RMSELoss,2026-07-23 02:56:56,5/200,2026-07-23 03:32:36,0.089500,0.094227,False,0.00010000,419.50,59985503,8,42
ModelSwinT_No_Noise_250k_RMSELoss_20260723_025656,ModelSwinT_No_Noise_250k_RMSELoss,RMSELoss,2026-07-23 02:56:56,6/200,2026-07-23 03:39:30,0.087134,0.086339,True,0.00010000,414.23,59985503,8,42
ModelSwinT_No_Noise_250k_RMSELoss_20260723_025656,ModelSwinT_No_Noise_250k_RMSELoss,RMSELoss,2026-07-23 02:56:56,7/200,2026-07-23 03:46:35,0.084995,0.085807,True,0.00010000,413.83,59985503,8,42
ModelSwinT_No_Noise_250k_RMSELoss_20260723_025656,ModelSwinT_No_Noise_250k_RMSELoss,RMSELoss,2026-07-23 02:56:56,8/200,2026-07-23 03:53:41,0.083099,0.084060,True,0.00010000,415.07,59985503,8,42
ModelSwinT_No_Noise_250k_RMSELoss_20260723_025656,ModelSwinT_No_Noise_250k_RMSELoss,RMSELoss,2026-07-23 02:56:56,9/200,2026-07-23 04:00:48,0.081379,0.083773,True,0.00010000,415.44,59985503,8,42
ModelSwinT_No_Noise_250k_RMSELoss_20260723_025656,ModelSwinT_No_Noise_250k_RMSELoss,RMSELoss,2026-07-23 02:56:56,10/200,2026-07-23 04:07:53,0.079596,0.081806,True,0.00010000,414.82,59985503,8,42
ModelSwinT_No_Noise_250k_RMSELoss_20260723_025656,ModelSwinT_No_Noise_250k_RMSELoss,RMSELoss,2026-07-23 02:56:56,11/200,2026-07-23 04:15:00,0.077786,0.080997,True,0.00010000,415.96,59985503,8,42
ModelSwinT_No_Noise_250k_RMSELoss_20260723_025656,ModelSwinT_No_Noise_250k_RMSELoss,RMSELoss,2026-07-23 02:56:56,12/200,2026-07-23 04:22:06,0.076526,0.081554,False,0.00010000,414.53,59985503,8,42
ModelSwinT_No_Noise_250k_RMSELoss_20260723_025656,ModelSwinT_No_Noise_250k_RMSELoss,RMSELoss,2026-07-23 02:56:56,13/200,2026-07-23 04:29:00,0.074864,0.080558,True,0.00010000,414.17,59985503,8,42
ModelSwinT_No_Noise_250k_RMSELoss_20260723_025656,ModelSwinT_No_Noise_250k_RMSELoss,RMSELoss,2026-07-23 02:56:56,14/200,2026-07-23 04:36:06,0.073499,0.079426,True,0.00010000,414.65,59985503,8,42
ModelSwinT_No_Noise_250k_RMSELoss_20260723_025656,ModelSwinT_No_Noise_250k_RMSELoss,RMSELoss,2026-07-23 02:56:56,15/200,2026-07-23 04:43:09,0.072429,0.078630,True,0.00010000,412.72,59985503,8,42
ModelSwinT_No_Noise_250k_RMSELoss_20260723_025656,ModelSwinT_No_Noise_250k_RMSELoss,RMSELoss,2026-07-23 02:56:56,16/200,2026-07-23 04:50:18,0.071089,0.078756,False,0.00010000,417.32,59985503,8,42
ModelSwinT_No_Noise_250k_RMSELoss_20260723_025656,ModelSwinT_No_Noise_250k_RMSELoss,RMSELoss,2026-07-23 02:56:56,17/200,2026-07-23 04:57:11,0.069986,0.078573,True,0.00010000,412.88,59985503,8,42
ModelSwinT_No_Noise_250k_RMSELoss_20260723_025656,ModelSwinT_No_Noise_250k_RMSELoss,RMSELoss,2026-07-23 02:56:56,18/200,2026-07-23 05:04:15,0.069045,0.077679,True,0.00010000,413.40,59985503,8,42
ModelSwinT_No_Noise_250k_RMSELoss_20260723_025656,ModelSwinT_No_Noise_250k_RMSELoss,RMSELoss,2026-07-23 02:56:56,19/200,2026-07-23 05:11:24,0.067996,0.076531,True,0.00010000,418.16,59985503,8,42
ModelSwinT_No_Noise_250k_RMSELoss_20260723_025656,ModelSwinT_No_Noise_250k_RMSELoss,RMSELoss,2026-07-23 02:56:56,20/200,2026-07-23 05:18:28,0.067068,0.077037,False,0.00005000,413.37,59985503,8,42
ModelSwinT_No_Noise_250k_RMSELoss_20260723_025656,ModelSwinT_No_Noise_250k_RMSELoss,RMSELoss,2026-07-23 02:56:56,21/200,2026-07-23 05:25:21,0.061750,0.073237,True,0.00005000,413.14,59985503,8,42
ModelSwinT_No_Noise_250k_RMSELoss_20260723_025656,ModelSwinT_No_Noise_250k_RMSELoss,RMSELoss,2026-07-23 02:56:56,22/200,2026-07-23 05:32:26,0.059691,0.072419,True,0.00005000,413.05,59985503,8,42
ModelSwinT_No_Noise_250k_RMSELoss_20260723_025656,ModelSwinT_No_Noise_250k_RMSELoss,RMSELoss,2026-07-23 02:56:56,23/200,2026-07-23 05:39:30,0.058487,0.072240,True,0.00005000,413.39,59985503,8,42
ModelSwinT_No_Noise_250k_RMSELoss_20260723_025656,ModelSwinT_No_Noise_250k_RMSELoss,RMSELoss,2026-07-23 02:56:56,24/200,2026-07-23 05:46:36,0.057532,0.071920,True,0.00005000,414.78,59985503,8,42
ModelSwinT_No_Noise_250k_RMSELoss_20260723_025656,ModelSwinT_No_Noise_250k_RMSELoss,RMSELoss,2026-07-23 02:56:56,25/200,2026-07-23 05:53:43,0.056597,0.072625,False,0.00005000,416.16,59985503,8,42
ModelSwinT_No_Noise_250k_RMSELoss_20260723_025656,ModelSwinT_No_Noise_250k_RMSELoss,RMSELoss,2026-07-23 02:56:56,26/200,2026-07-23 06:00:36,0.055785,0.071800,True,0.00005000,413.30,59985503,8,42
ModelSwinT_No_Noise_250k_RMSELoss_20260723_025656,ModelSwinT_No_Noise_250k_RMSELoss,RMSELoss,2026-07-23 02:56:56,27/200,2026-07-23 06:07:41,0.055108,0.071142,True,0.00005000,414.49,59985503,8,42
ModelSwinT_No_Noise_250k_RMSELoss_20260723_025656,ModelSwinT_No_Noise_250k_RMSELoss,RMSELoss,2026-07-23 02:56:56,28/200,2026-07-23 06:14:46,0.054370,0.072522,False,0.00005000,413.53,59985503,8,42
ModelSwinT_No_Noise_250k_RMSELoss_20260723_025656,ModelSwinT_No_Noise_250k_RMSELoss,RMSELoss,2026-07-23 02:56:56,29/200,2026-07-23 06:21:43,0.053686,0.071357,False,0.00005000,417.19,59985503,8,42
ModelSwinT_No_Noise_250k_RMSELoss_20260723_025656,ModelSwinT_No_Noise_250k_RMSELoss,RMSELoss,2026-07-23 02:56:56,30/200,2026-07-23 06:28:38,0.053169,0.070724,True,0.00005000,414.71,59985503,8,42
ModelSwinT_No_Noise_250k_RMSELoss_20260723_025656,ModelSwinT_No_Noise_250k_RMSELoss,RMSELoss,2026-07-23 02:56:56,31/200,2026-07-23 06:35:42,0.052572,0.071313,False,0.00005000,413.31,59985503,8,42
ModelSwinT_No_Noise_250k_RMSELoss_20260723_025656,ModelSwinT_No_Noise_250k_RMSELoss,RMSELoss,2026-07-23 02:56:56,32/200,2026-07-23 06:42:35,0.051960,0.070963,False,0.00005000,412.61,59985503,8,42
ModelSwinT_No_Noise_250k_RMSELoss_20260723_025656,ModelSwinT_No_Noise_250k_RMSELoss,RMSELoss,2026-07-23 02:56:56,33/200,2026-07-23 06:49:28,0.051471,0.070659,True,0.00005000,413.68,59985503,8,42
ModelSwinT_No_Noise_250k_RMSELoss_20260723_025656,ModelSwinT_No_Noise_250k_RMSELoss,RMSELoss,2026-07-23 02:56:56,34/200,2026-07-23 06:56:32,0.051039,0.071764,False,0.00005000,413.38,59985503,8,42
ModelSwinT_No_Noise_250k_RMSELoss_20260723_025656,ModelSwinT_No_Noise_250k_RMSELoss,RMSELoss,2026-07-23 02:56:56,35/200,2026-07-23 07:03:26,0.050490,0.070464,True,0.00005000,413.78,59985503,8,42
ModelSwinT_No_Noise_250k_RMSELoss_20260723_025656,ModelSwinT_No_Noise_250k_RMSELoss,RMSELoss,2026-07-23 02:56:56,36/200,2026-07-23 07:10:35,0.050082,0.070291,True,0.00005000,418.00,59985503,8,42
ModelSwinT_No_Noise_250k_RMSELoss_20260723_025656,ModelSwinT_No_Noise_250k_RMSELoss,RMSELoss,2026-07-23 02:56:56,37/200,2026-07-23 07:17:43,0.049583,0.070740,False,0.00005000,416.99,59985503,8,42
ModelSwinT_No_Noise_250k_RMSELoss_20260723_025656,ModelSwinT_No_Noise_250k_RMSELoss,RMSELoss,2026-07-23 02:56:56,38/200,2026-07-23 07:24:44,0.049138,0.070274,True,0.00005000,420.70,59985503,8,42
ModelSwinT_No_Noise_250k_RMSELoss_20260723_025656,ModelSwinT_No_Noise_250k_RMSELoss,RMSELoss,2026-07-23 02:56:56,39/200,2026-07-23 07:31:53,0.048611,0.070131,True,0.00005000,417.63,59985503,8,42
ModelSwinT_No_Noise_250k_RMSELoss_20260723_025656,ModelSwinT_No_Noise_250k_RMSELoss,RMSELoss,2026-07-23 02:56:56,40/200,2026-07-23 07:39:00,0.048101,0.070437,False,0.00002500,416.19,59985503,8,42
ModelSwinT_No_Noise_250k_RMSELoss_20260723_025656,ModelSwinT_No_Noise_250k_RMSELoss,RMSELoss,2026-07-23 02:56:56,41/200,2026-07-23 07:45:55,0.045038,0.068887,True,0.00002500,414.90,59985503,8,42
ModelSwinT_No_Noise_250k_RMSELoss_20260723_025656,ModelSwinT_No_Noise_250k_RMSELoss,RMSELoss,2026-07-23 02:56:56,42/200,2026-07-23 07:53:01,0.043722,0.068921,False,0.00002500,415.03,59985503,8,42
ModelSwinT_No_Noise_250k_RMSELoss_20260723_025656,ModelSwinT_No_Noise_250k_RMSELoss,RMSELoss,2026-07-23 02:56:56,43/200,2026-07-23 07:59:57,0.043128,0.068512,True,0.00002500,415.71,59985503,8,42
ModelSwinT_No_Noise_250k_RMSELoss_20260723_025656,ModelSwinT_No_Noise_250k_RMSELoss,RMSELoss,2026-07-23 02:56:56,44/200,2026-07-23 08:07:03,0.042631,0.068543,False,0.00002500,415.66,59985503,8,42
ModelSwinT_No_Noise_250k_RMSELoss_20260723_025656,ModelSwinT_No_Noise_250k_RMSELoss,RMSELoss,2026-07-23 02:56:56,45/200,2026-07-23 08:14:01,0.042208,0.068417,True,0.00002500,417.77,59985503,8,42
ModelSwinT_No_Noise_250k_RMSELoss_20260723_025656,ModelSwinT_No_Noise_250k_RMSELoss,RMSELoss,2026-07-23 02:56:56,46/200,2026-07-23 08:21:13,0.041762,0.068243,True,0.00002500,421.22,59985503,8,42
ModelSwinT_No_Noise_250k_RMSELoss_20260723_025656,ModelSwinT_No_Noise_250k_RMSELoss,RMSELoss,2026-07-23 02:56:56,47/200,2026-07-23 08:28:20,0.041382,0.068318,False,0.00002500,415.91,59985503,8,42
ModelSwinT_No_Noise_250k_RMSELoss_20260723_025656,ModelSwinT_No_Noise_250k_RMSELoss,RMSELoss,2026-07-23 02:56:56,48/200,2026-07-23 08:35:15,0.041233,0.068246,False,0.00002500,415.80,59985503,8,42
ModelSwinT_No_Noise_250k_RMSELoss_20260723_025656,ModelSwinT_No_Noise_250k_RMSELoss,RMSELoss,2026-07-23 02:56:56,49/200,2026-07-23 08:42:10,0.040675,0.068916,False,0.00002500,414.89,59985503,8,42
ModelSwinT_No_Noise_250k_RMSELoss_20260723_025656,ModelSwinT_No_Noise_250k_RMSELoss,RMSELoss,2026-07-23 02:56:56,50/200,2026-07-23 08:49:06,0.040428,0.068476,False,0.00002500,416.18,59985503,8,42
ModelSwinT_No_Noise_250k_RMSELoss_20260723_025656,ModelSwinT_No_Noise_250k_RMSELoss,RMSELoss,2026-07-23 02:56:56,51/200,2026-07-23 08:56:04,0.040259,0.068691,False,0.00002500,417.24,59985503,8,42
ModelSwinT_No_Noise_250k_RMSELoss_20260723_025656,ModelSwinT_No_Noise_250k_RMSELoss,RMSELoss,2026-07-23 02:56:56,52/200,2026-07-23 09:03:01,0.039858,0.068425,False,0.00002500,416.85,59985503,8,42
ModelSwinT_No_Noise_250k_RMSELoss_20260723_025656,ModelSwinT_No_Noise_250k_RMSELoss,RMSELoss,2026-07-23 02:56:56,53/200,2026-07-23 09:09:56,0.039574,0.068385,False,0.00002500,415.15,59985503,8,42
ModelSwinT_No_Noise_250k_RMSELoss_20260723_025656,ModelSwinT_No_Noise_250k_RMSELoss,RMSELoss,2026-07-23 02:56:56,54/200,2026-07-23 09:16:54,0.039327,0.068494,False,0.00002500,417.89,59985503,8,42
ModelSwinT_No_Noise_250k_RMSELoss_20260723_025656,ModelSwinT_No_Noise_250k_RMSELoss,RMSELoss,2026-07-23 02:56:56,55/200,2026-07-23 09:23:56,0.039073,0.068307,False,0.00002500,422.01,59985503,8,42
ModelSwinT_No_Noise_250k_RMSELoss_20260723_025656,ModelSwinT_No_Noise_250k_RMSELoss,RMSELoss,2026-07-23 02:56:56,56/200,2026-07-23 09:30:53,0.038724,0.068441,False,0.00002500,416.91,59985503,8,42
ModelSwinT_No_Noise_250k_RMSELoss_20260723_025656,ModelSwinT_No_Noise_250k_RMSELoss,RMSELoss,2026-07-23 02:56:56,57/200,2026-07-23 09:37:49,0.038576,0.068149,True,0.00002500,416.53,59985503,8,42
ModelSwinT_No_Noise_250k_RMSELoss_20260723_025656,ModelSwinT_No_Noise_250k_RMSELoss,RMSELoss,2026-07-23 02:56:56,58/200,2026-07-23 09:44:58,0.038378,0.067856,True,0.00002500,417.21,59985503,8,42
ModelSwinT_No_Noise_250k_RMSELoss_20260723_025656,ModelSwinT_No_Noise_250k_RMSELoss,RMSELoss,2026-07-23 02:56:56,59/200,2026-07-23 09:52:06,0.038072,0.068132,False,0.00002500,416.67,59985503,8,42
ModelSwinT_No_Noise_250k_RMSELoss_20260723_025656,ModelSwinT_No_Noise_250k_RMSELoss,RMSELoss,2026-07-23 02:56:56,60/200,2026-07-23 09:58:59,0.037784,0.067909,False,0.00001250,413.21,59985503,8,42
ModelSwinT_No_Noise_250k_RMSELoss_20260723_025656,ModelSwinT_No_Noise_250k_RMSELoss,RMSELoss,2026-07-23 02:56:56,61/200,2026-07-23 10:05:56,0.036134,0.067775,True,0.00001250,416.76,59985503,8,42
ModelSwinT_No_Noise_250k_RMSELoss_20260723_025656,ModelSwinT_No_Noise_250k_RMSELoss,RMSELoss,2026-07-23 02:56:56,62/200,2026-07-23 10:13:00,0.035380,0.067905,False,0.00001250,414.22,59985503,8,42
ModelSwinT_No_Noise_250k_RMSELoss_20260723_025656,ModelSwinT_No_Noise_250k_RMSELoss,RMSELoss,2026-07-23 02:56:56,63/200,2026-07-23 10:19:54,0.035101,0.067736,True,0.00001250,413.57,59985503,8,42
ModelSwinT_No_Noise_250k_RMSELoss_20260723_025656,ModelSwinT_No_Noise_250k_RMSELoss,RMSELoss,2026-07-23 02:56:56,64/200,2026-07-23 10:27:01,0.034728,0.067490,True,0.00001250,415.35,59985503,8,42
ModelSwinT_No_Noise_250k_RMSELoss_20260723_025656,ModelSwinT_No_Noise_250k_RMSELoss,RMSELoss,2026-07-23 02:56:56,65/200,2026-07-23 10:34:07,0.034661,0.067676,False,0.00001250,415.23,59985503,8,42
ModelSwinT_No_Noise_250k_RMSELoss_20260723_025656,ModelSwinT_No_Noise_250k_RMSELoss,RMSELoss,2026-07-23 02:56:56,66/200,2026-07-23 10:41:01,0.034354,0.067650,False,0.00001250,414.23,59985503,8,42
ModelSwinT_No_Noise_250k_RMSELoss_20260723_025656,ModelSwinT_No_Noise_250k_RMSELoss,RMSELoss,2026-07-23 02:56:56,67/200,2026-07-23 10:47:53,0.034279,0.067935,False,0.00001250,412.57,59985503,8,42
ModelSwinT_No_Noise_250k_RMSELoss_20260723_025656,ModelSwinT_No_Noise_250k_RMSELoss,RMSELoss,2026-07-23 02:56:56,68/200,2026-07-23 10:54:47,0.034053,0.067615,False,0.00001250,413.22,59985503,8,42
ModelSwinT_No_Noise_250k_RMSELoss_20260723_025656,ModelSwinT_No_Noise_250k_RMSELoss,RMSELoss,2026-07-23 02:56:56,69/200,2026-07-23 11:01:40,0.033908,0.067545,False,0.00001250,413.30,59985503,8,42
ModelSwinT_No_Noise_250k_RMSELoss_20260723_025656,ModelSwinT_No_Noise_250k_RMSELoss,RMSELoss,2026-07-23 02:56:56,70/200,2026-07-23 11:08:34,0.033777,0.067667,False,0.00001250,413.61,59985503,8,42
ModelSwinT_No_Noise_250k_RMSELoss_20260723_025656,ModelSwinT_No_Noise_250k_RMSELoss,RMSELoss,2026-07-23 02:56:56,71/200,2026-07-23 11:15:27,0.033509,0.067282,True,0.00001250,413.37,59985503,8,42
ModelSwinT_No_Noise_250k_RMSELoss_20260723_025656,ModelSwinT_No_Noise_250k_RMSELoss,RMSELoss,2026-07-23 02:56:56,72/200,2026-07-23 11:22:31,0.033487,0.067561,False,0.00001250,413.03,59985503,8,42
ModelSwinT_No_Noise_250k_RMSELoss_20260723_025656,ModelSwinT_No_Noise_250k_RMSELoss,RMSELoss,2026-07-23 02:56:56,73/200,2026-07-23 11:29:25,0.033282,0.067574,False,0.00001250,414.57,59985503,8,42
ModelSwinT_No_Noise_250k_RMSELoss_20260723_025656,ModelSwinT_No_Noise_250k_RMSELoss,RMSELoss,2026-07-23 02:56:56,74/200,2026-07-23 11:36:23,0.033142,0.067624,False,0.00001250,417.64,59985503,8,42
ModelSwinT_No_Noise_250k_RMSELoss_20260723_025656,ModelSwinT_No_Noise_250k_RMSELoss,RMSELoss,2026-07-23 02:56:56,75/200,2026-07-23 11:43:17,0.033005,0.067537,False,0.00001250,414.26,59985503,8,42
ModelSwinT_No_Noise_250k_RMSELoss_20260723_025656,ModelSwinT_No_Noise_250k_RMSELoss,RMSELoss,2026-07-23 02:56:56,76/200,2026-07-23 11:50:11,0.032707,0.067299,False,0.00001250,413.81,59985503,8,42
ModelSwinT_No_Noise_250k_RMSELoss_20260723_025656,ModelSwinT_No_Noise_250k_RMSELoss,RMSELoss,2026-07-23 02:56:56,77/200,2026-07-23 11:57:05,0.032631,0.067314,False,0.00001250,414.47,59985503,8,42
ModelSwinT_No_Noise_250k_RMSELoss_20260723_025656,ModelSwinT_No_Noise_250k_RMSELoss,RMSELoss,2026-07-23 02:56:56,78/200,2026-07-23 12:03:59,0.032507,0.067715,False,0.00001250,413.60,59985503,8,42
ModelSwinT_No_Noise_250k_RMSELoss_20260723_025656,ModelSwinT_No_Noise_250k_RMSELoss,RMSELoss,2026-07-23 02:56:56,79/200,2026-07-23 12:10:52,0.032391,0.067654,False,0.00001250,412.83,59985503,8,42
ModelSwinT_No_Noise_250k_RMSELoss_20260723_025656,ModelSwinT_No_Noise_250k_RMSELoss,RMSELoss,2026-07-23 02:56:56,80/200,2026-07-23 12:17:53,0.032323,0.067211,True,0.00000625,421.04,59985503,8,42
ModelSwinT_No_Noise_250k_RMSELoss_20260723_025656,ModelSwinT_No_Noise_250k_RMSELoss,RMSELoss,2026-07-23 02:56:56,81/200,2026-07-23 12:24:58,0.031265,0.067272,False,0.00000625,413.86,59985503,8,42
ModelSwinT_No_Noise_250k_RMSELoss_20260723_025656,ModelSwinT_No_Noise_250k_RMSELoss,RMSELoss,2026-07-23 02:56:56,82/200,2026-07-23 12:31:52,0.031129,0.067250,False,0.00000625,414.42,59985503,8,42
ModelSwinT_No_Noise_250k_RMSELoss_20260723_025656,ModelSwinT_No_Noise_250k_RMSELoss,RMSELoss,2026-07-23 02:56:56,83/200,2026-07-23 12:38:47,0.030860,0.067150,True,0.00000625,414.94,59985503,8,42
ModelSwinT_No_Noise_250k_RMSELoss_20260723_025656,ModelSwinT_No_Noise_250k_RMSELoss,RMSELoss,2026-07-23 02:56:56,84/200,2026-07-23 12:45:53,0.030940,0.067215,False,0.00000625,415.06,59985503,8,42
ModelSwinT_No_Noise_250k_RMSELoss_20260723_025656,ModelSwinT_No_Noise_250k_RMSELoss,RMSELoss,2026-07-23 02:56:56,85/200,2026-07-23 12:52:49,0.030856,0.067135,True,0.00000625,415.60,59985503,8,42
ModelSwinT_No_Noise_250k_RMSELoss_20260723_025656,ModelSwinT_No_Noise_250k_RMSELoss,RMSELoss,2026-07-23 02:56:56,86/200,2026-07-23 12:59:53,0.030626,0.067225,False,0.00000625,413.77,59985503,8,42
ModelSwinT_No_Noise_250k_RMSELoss_20260723_025656,ModelSwinT_No_Noise_250k_RMSELoss,RMSELoss,2026-07-23 02:56:56,87/200,2026-07-23 13:06:49,0.030473,0.067207,False,0.00000625,415.70,59985503,8,42
ModelSwinT_No_Noise_250k_RMSELoss_20260723_025656,ModelSwinT_No_Noise_250k_RMSELoss,RMSELoss,2026-07-23 02:56:56,88/200,2026-07-23 13:13:48,0.030350,0.067187,False,0.00000625,419.49,59985503,8,42
ModelSwinT_No_Noise_250k_RMSELoss_20260723_025656,ModelSwinT_No_Noise_250k_RMSELoss,RMSELoss,2026-07-23 02:56:56,89/200,2026-07-23 13:20:43,0.030506,0.067254,False,0.00000625,414.12,59985503,8,42
ModelSwinT_No_Noise_250k_RMSELoss_20260723_025656,ModelSwinT_No_Noise_250k_RMSELoss,RMSELoss,2026-07-23 02:56:56,90/200,2026-07-23 13:27:36,0.030161,0.067192,False,0.00000625,413.36,59985503,8,42
ModelSwinT_No_Noise_250k_RMSELoss_20260723_025656,ModelSwinT_No_Noise_250k_RMSELoss,RMSELoss,2026-07-23 02:56:56,91/200,2026-07-23 13:34:31,0.030246,0.067106,True,0.00000625,415.48,59985503,8,42
ModelSwinT_No_Noise_250k_RMSELoss_20260723_025656,ModelSwinT_No_Noise_250k_RMSELoss,RMSELoss,2026-07-23 02:56:56,92/200,2026-07-23 13:41:38,0.030046,0.067145,False,0.00000625,415.53,59985503,8,42
ModelSwinT_No_Noise_250k_RMSELoss_20260723_025656,ModelSwinT_No_Noise_250k_RMSELoss,RMSELoss,2026-07-23 02:56:56,93/200,2026-07-23 13:48:32,0.030031,0.067201,False,0.00000625,414.54,59985503,8,42
ModelSwinT_No_Noise_250k_RMSELoss_20260723_025656,ModelSwinT_No_Noise_250k_RMSELoss,RMSELoss,2026-07-23 02:56:56,94/200,2026-07-23 13:55:25,0.029888,0.067087,True,0.00000625,412.78,59985503,8,42
ModelSwinT_No_Noise_250k_RMSELoss_20260723_025656,ModelSwinT_No_Noise_250k_RMSELoss,RMSELoss,2026-07-23 02:56:56,95/200,2026-07-23 14:02:30,0.029838,0.067250,False,0.00000625,414.02,59985503,8,42
ModelSwinT_No_Noise_250k_RMSELoss_20260723_025656,ModelSwinT_No_Noise_250k_RMSELoss,RMSELoss,2026-07-23 02:56:56,96/200,2026-07-23 14:09:24,0.029779,0.067112,False,0.00000625,413.58,59985503,8,42
ModelSwinT_No_Noise_250k_RMSELoss_20260723_025656,ModelSwinT_No_Noise_250k_RMSELoss,RMSELoss,2026-07-23 02:56:56,97/200,2026-07-23 14:16:18,0.029717,0.067454,False,0.00000625,414.36,59985503,8,42
ModelSwinT_No_Noise_250k_RMSELoss_20260723_025656,ModelSwinT_No_Noise_250k_RMSELoss,RMSELoss,2026-07-23 02:56:56,98/200,2026-07-23 14:23:12,0.029508,0.067180,False,0.00000625,414.50,59985503,8,42
ModelSwinT_No_Noise_250k_RMSELoss_20260723_025656,ModelSwinT_No_Noise_250k_RMSELoss,RMSELoss,2026-07-23 02:56:56,99/200,2026-07-23 14:30:06,0.029530,0.067134,False,0.00000625,413.30,59985503,8,42
ModelSwinT_No_Noise_250k_RMSELoss_20260723_025656,ModelSwinT_No_Noise_250k_RMSELoss,RMSELoss,2026-07-23 02:56:56,100/200,2026-07-23 14:37:00,0.029446,0.067180,False,0.00000313,413.77,59985503,8,42
ModelSwinT_No_Noise_250k_RMSELoss_20260723_025656,ModelSwinT_No_Noise_250k_RMSELoss,RMSELoss,2026-07-23 02:56:56,101/200,2026-07-23 14:43:58,0.029079,0.067046,True,0.00000313,418.23,59985503,8,42
ModelSwinT_No_Noise_250k_RMSELoss_20260723_025656,ModelSwinT_No_Noise_250k_RMSELoss,RMSELoss,2026-07-23 02:56:56,102/200,2026-07-23 14:51:03,0.028980,0.067012,True,0.00000313,414.76,59985503,8,42
ModelSwinT_No_Noise_250k_RMSELoss_20260723_025656,ModelSwinT_No_Noise_250k_RMSELoss,RMSELoss,2026-07-23 02:56:56,103/200,2026-07-23 14:58:08,0.028981,0.067015,False,0.00000313,414.04,59985503,8,42
ModelSwinT_No_Noise_250k_RMSELoss_20260723_025656,ModelSwinT_No_Noise_250k_RMSELoss,RMSELoss,2026-07-23 02:56:56,104/200,2026-07-23 15:05:03,0.028875,0.066944,True,0.00000313,415.12,59985503,8,42
ModelSwinT_No_Noise_250k_RMSELoss_20260723_025656,ModelSwinT_No_Noise_250k_RMSELoss,RMSELoss,2026-07-23 02:56:56,105/200,2026-07-23 15:12:06,0.028794,0.067176,False,0.00000313,412.26,59985503,8,42
ModelSwinT_No_Noise_250k_RMSELoss_20260723_025656,ModelSwinT_No_Noise_250k_RMSELoss,RMSELoss,2026-07-23 02:56:56,106/200,2026-07-23 15:18:59,0.028769,0.066989,False,0.00000313,412.97,59985503,8,42
ModelSwinT_No_Noise_250k_RMSELoss_20260723_025656,ModelSwinT_No_Noise_250k_RMSELoss,RMSELoss,2026-07-23 02:56:56,107/200,2026-07-23 15:25:53,0.028639,0.067050,False,0.00000313,413.25,59985503,8,42
ModelSwinT_No_Noise_250k_RMSELoss_20260723_025656,ModelSwinT_No_Noise_250k_RMSELoss,RMSELoss,2026-07-23 02:56:56,108/200,2026-07-23 15:32:48,0.028727,0.067122,False,0.00000313,415.27,59985503,8,42
ModelSwinT_No_Noise_250k_RMSELoss_20260723_025656,ModelSwinT_No_Noise_250k_RMSELoss,RMSELoss,2026-07-23 02:56:56,109/200,2026-07-23 15:39:47,0.028603,0.067080,False,0.00000313,419.02,59985503,8,42
ModelSwinT_No_Noise_250k_RMSELoss_20260723_025656,ModelSwinT_No_Noise_250k_RMSELoss,RMSELoss,2026-07-23 02:56:56,110/200,2026-07-23 15:46:43,0.028382,0.067013,False,0.00000313,415.92,59985503,8,42
ModelSwinT_No_Noise_250k_RMSELoss_20260723_025656,ModelSwinT_No_Noise_250k_RMSELoss,RMSELoss,2026-07-23 02:56:56,111/200,2026-07-23 15:53:38,0.028452,0.067002,False,0.00000313,415.46,59985503,8,42
ModelSwinT_No_Noise_250k_RMSELoss_20260723_025656,ModelSwinT_No_Noise_250k_RMSELoss,RMSELoss,2026-07-23 02:56:56,112/200,2026-07-23 16:00:33,0.028571,0.066980,False,0.00000313,414.92,59985503,8,42
ModelSwinT_No_Noise_250k_RMSELoss_20260723_025656,ModelSwinT_No_Noise_250k_RMSELoss,RMSELoss,2026-07-23 02:56:56,113/200,2026-07-23 16:07:27,0.028407,0.067124,False,0.00000313,413.62,59985503,8,42
ModelSwinT_No_Noise_250k_RMSELoss_20260723_025656,ModelSwinT_No_Noise_250k_RMSELoss,RMSELoss,2026-07-23 02:56:56,114/200,2026-07-23 16:14:20,0.028450,0.067121,False,0.00000313,413.60,59985503,8,42
ModelSwinT_No_Noise_250k_RMSELoss_20260723_025656,ModelSwinT_No_Noise_250k_RMSELoss,RMSELoss,2026-07-23 02:56:56,115/200,2026-07-23 16:21:15,0.028337,0.067037,False,0.00000313,414.71,59985503,8,42
ModelSwinT_No_Noise_250k_RMSELoss_20260723_025656,ModelSwinT_No_Noise_250k_RMSELoss,RMSELoss,2026-07-23 02:56:56,116/200,2026-07-23 16:28:10,0.028295,0.067136,False,0.00000313,414.39,59985503,8,42
ModelSwinT_No_Noise_250k_RMSELoss_20260723_025656,ModelSwinT_No_Noise_250k_RMSELoss,RMSELoss,2026-07-23 02:56:56,117/200,2026-07-23 16:35:07,0.028143,0.067091,False,0.00000313,417.24,59985503,8,42
ModelSwinT_No_Noise_250k_RMSELoss_20260723_025656,ModelSwinT_No_Noise_250k_RMSELoss,RMSELoss,2026-07-23 02:56:56,118/200,2026-07-23 16:42:02,0.028276,0.067007,False,0.00000313,414.98,59985503,8,42
ModelSwinT_No_Noise_250k_RMSELoss_20260723_025656,ModelSwinT_No_Noise_250k_RMSELoss,RMSELoss,2026-07-23 02:56:56,119/200,2026-07-23 16:48:59,0.028057,0.067074,False,0.00000313,417.30,59985503,8,42
ModelSwinT_No_Noise_250k_RMSELoss_20260723_025656,ModelSwinT_No_Noise_250k_RMSELoss,RMSELoss,2026-07-23 02:56:56,120/200,2026-07-23 16:56:19,0.028058,0.066994,False,0.00000156,439.72,59985503,8,42
ModelSwinT_No_Noise_250k_RMSELoss_20260723_025656,ModelSwinT_No_Noise_250k_RMSELoss,RMSELoss,2026-07-23 02:56:56,121/200,2026-07-23 17:04:16,0.027953,0.067047,False,0.00000156,476.80,59985503,8,42
ModelSwinT_No_Noise_250k_RMSELoss_20260723_025656,ModelSwinT_No_Noise_250k_RMSELoss,RMSELoss,2026-07-23 02:56:56,122/200,2026-07-23 17:12:14,0.027782,0.066991,False,0.00000156,478.73,59985503,8,42
ModelSwinT_No_Noise_250k_RMSELoss_20260723_025656,ModelSwinT_No_Noise_250k_RMSELoss,RMSELoss,2026-07-23 02:56:56,123/200,2026-07-23 17:20:10,0.027915,0.067008,False,0.00000156,475.56,59985503,8,42
ModelSwinT_No_Noise_250k_RMSELoss_20260723_025656,ModelSwinT_No_Noise_250k_RMSELoss,RMSELoss,2026-07-23 02:56:56,124/200,2026-07-23 17:28:07,0.027726,0.067022,False,0.00000156,476.61,59985503,8,42
ModelSwinT_No_Noise_250k_RMSELoss_20260723_025656,ModelSwinT_No_Noise_250k_RMSELoss,RMSELoss,2026-07-23 02:56:56,125/200,2026-07-23 17:36:00,0.027741,0.067060,False,0.00000156,473.60,59985503,8,42
ModelSwinT_No_Noise_250k_RMSELoss_20260723_025656,ModelSwinT_No_Noise_250k_RMSELoss,RMSELoss,2026-07-23 02:56:56,126/200,2026-07-23 17:43:51,0.027706,0.066937,True,0.00000156,470.46,59985503,8,42
ModelSwinT_No_Noise_250k_RMSELoss_20260723_025656,ModelSwinT_No_Noise_250k_RMSELoss,RMSELoss,2026-07-23 02:56:56,127/200,2026-07-23 17:51:55,0.027657,0.067065,False,0.00000156,472.72,59985503,8,42
ModelSwinT_No_Noise_250k_RMSELoss_20260723_025656,ModelSwinT_No_Noise_250k_RMSELoss,RMSELoss,2026-07-23 02:56:56,128/200,2026-07-23 17:59:39,0.027765,0.067104,False,0.00000156,464.62,59985503,8,42
ModelSwinT_No_Noise_250k_RMSELoss_20260723_025656,ModelSwinT_No_Noise_250k_RMSELoss,RMSELoss,2026-07-23 02:56:56,129/200,2026-07-23 18:07:12,0.027634,0.067104,False,0.00000156,452.01,59985503,8,42
ModelSwinT_No_Noise_250k_RMSELoss_20260723_025656,ModelSwinT_No_Noise_250k_RMSELoss,RMSELoss,2026-07-23 02:56:56,130/200,2026-07-23 18:14:45,0.027598,0.066996,False,0.00000156,453.16,59985503,8,42
ModelSwinT_No_Noise_250k_RMSELoss_20260723_025656,ModelSwinT_No_Noise_250k_RMSELoss,RMSELoss,2026-07-23 02:56:56,131/200,2026-07-23 18:22:17,0.027597,0.067015,False,0.00000156,452.51,59985503,8,42
ModelSwinT_No_Noise_250k_RMSELoss_20260723_025656,ModelSwinT_No_Noise_250k_RMSELoss,RMSELoss,2026-07-23 02:56:56,132/200,2026-07-23 18:29:48,0.027583,0.067047,False,0.00000156,450.62,59985503,8,42
ModelSwinT_No_Noise_250k_RMSELoss_20260723_025656,ModelSwinT_No_Noise_250k_RMSELoss,RMSELoss,2026-07-23 02:56:56,133/200,2026-07-23 18:37:19,0.027581,0.067024,False,0.00000156,450.67,59985503,8,42
ModelSwinT_No_Noise_250k_RMSELoss_20260723_025656,ModelSwinT_No_Noise_250k_RMSELoss,RMSELoss,2026-07-23 02:56:56,134/200,2026-07-23 18:44:54,0.027499,0.067044,False,0.00000156,455.55,59985503,8,42
ModelSwinT_No_Noise_250k_RMSELoss_20260723_025656,ModelSwinT_No_Noise_250k_RMSELoss,RMSELoss,2026-07-23 02:56:56,135/200,2026-07-23 18:52:27,0.027582,0.067022,False,0.00000156,453.29,59985503,8,42
ModelSwinT_No_Noise_250k_RMSELoss_20260723_025656,ModelSwinT_No_Noise_250k_RMSELoss,RMSELoss,2026-07-23 02:56:56,136/200,2026-07-23 19:00:03,0.027425,0.066847,True,0.00000156,455.48,59985503,8,42
ModelSwinT_No_Noise_250k_RMSELoss_20260723_025656,ModelSwinT_No_Noise_250k_RMSELoss,RMSELoss,2026-07-23 02:56:56,137/200,2026-07-23 19:07:50,0.027414,0.066969,False,0.00000156,455.49,59985503,8,42
ModelSwinT_No_Noise_250k_RMSELoss_20260723_025656,ModelSwinT_No_Noise_250k_RMSELoss,RMSELoss,2026-07-23 02:56:56,138/200,2026-07-23 19:15:24,0.027478,0.067040,False,0.00000156,454.22,59985503,8,42
ModelSwinT_No_Noise_250k_RMSELoss_20260723_025656,ModelSwinT_No_Noise_250k_RMSELoss,RMSELoss,2026-07-23 02:56:56,139/200,2026-07-23 19:23:02,0.027521,0.067032,False,0.00000156,458.27,59985503,8,42
ModelSwinT_No_Noise_250k_RMSELoss_20260723_025656,ModelSwinT_No_Noise_250k_RMSELoss,RMSELoss,2026-07-23 02:56:56,140/200,2026-07-23 19:30:32,0.027383,0.066948,False,0.00000078,449.87,59985503,8,42
ModelSwinT_No_Noise_250k_RMSELoss_20260723_025656,ModelSwinT_No_Noise_250k_RMSELoss,RMSELoss,2026-07-23 02:56:56,141/200,2026-07-23 19:38:07,0.027304,0.067007,False,0.00000078,454.99,59985503,8,42
ModelSwinT_No_Noise_250k_RMSELoss_20260723_025656,ModelSwinT_No_Noise_250k_RMSELoss,RMSELoss,2026-07-23 02:56:56,142/200,2026-07-23 19:45:40,0.027332,0.066994,False,0.00000078,452.92,59985503,8,42
ModelSwinT_No_Noise_250k_RMSELoss_20260723_025656,ModelSwinT_No_Noise_250k_RMSELoss,RMSELoss,2026-07-23 02:56:56,143/200,2026-07-23 19:53:10,0.027293,0.067004,False,0.00000078,449.54,59985503,8,42
ModelSwinT_No_Noise_250k_RMSELoss_20260723_025656,ModelSwinT_No_Noise_250k_RMSELoss,RMSELoss,2026-07-23 02:56:56,144/200,2026-07-23 20:00:37,0.027228,0.067026,False,0.00000078,446.78,59985503,8,42
ModelSwinT_No_Noise_250k_RMSELoss_20260723_025656,ModelSwinT_No_Noise_250k_RMSELoss,RMSELoss,2026-07-23 02:56:56,145/200,2026-07-23 20:08:03,0.027330,0.067016,False,0.00000078,446.87,59985503,8,42
ModelSwinT_No_Noise_250k_RMSELoss_20260723_025656,ModelSwinT_No_Noise_250k_RMSELoss,RMSELoss,2026-07-23 02:56:56,146/200,2026-07-23 20:15:30,0.027229,0.067038,False,0.00000078,446.47,59985503,8,42
ModelSwinT_No_Noise_250k_RMSELoss_20260723_025656,ModelSwinT_No_Noise_250k_RMSELoss,RMSELoss,2026-07-23 02:56:56,147/200,2026-07-23 20:22:55,0.027222,0.066966,False,0.00000078,445.11,59985503,8,42
ModelSwinT_No_Noise_250k_RMSELoss_20260723_025656,ModelSwinT_No_Noise_250k_RMSELoss,RMSELoss,2026-07-23 02:56:56,148/200,2026-07-23 20:30:25,0.027179,0.067067,False,0.00000078,450.38,59985503,8,42
ModelSwinT_No_Noise_250k_RMSELoss_20260723_025656,ModelSwinT_No_Noise_250k_RMSELoss,RMSELoss,2026-07-23 02:56:56,149/200,2026-07-23 20:37:54,0.027155,0.067047,False,0.00000078,448.69,59985503,8,42
ModelSwinT_No_Noise_250k_RMSELoss_20260723_025656,ModelSwinT_No_Noise_250k_RMSELoss,RMSELoss,2026-07-23 02:56:56,150/200,2026-07-23 20:45:25,0.027154,0.067073,False,0.00000078,451.35,59985503,8,42
ModelSwinT_No_Noise_250k_RMSELoss_20260723_025656,ModelSwinT_No_Noise_250k_RMSELoss,RMSELoss,2026-07-23 02:56:56,151/200,2026-07-23 20:52:54,0.027273,0.066987,False,0.00000078,448.74,59985503,8,42
ModelSwinT_No_Noise_250k_RMSELoss_20260723_025656,ModelSwinT_No_Noise_250k_RMSELoss,RMSELoss,2026-07-23 02:56:56,152/200,2026-07-23 21:00:23,0.027240,0.067020,False,0.00000078,448.69,59985503,8,42
ModelSwinT_No_Noise_250k_RMSELoss_20260723_025656,ModelSwinT_No_Noise_250k_RMSELoss,RMSELoss,2026-07-23 02:56:56,153/200,2026-07-23 21:07:52,0.027198,0.066963,False,0.00000078,449.05,59985503,8,42
ModelSwinT_No_Noise_250k_RMSELoss_20260723_025656,ModelSwinT_No_Noise_250k_RMSELoss,RMSELoss,2026-07-23 02:56:56,154/200,2026-07-23 21:15:20,0.027082,0.067048,False,0.00000078,447.76,59985503,8,42
ModelSwinT_No_Noise_250k_RMSELoss_20260723_025656,ModelSwinT_No_Noise_250k_RMSELoss,RMSELoss,2026-07-23 02:56:56,155/200,2026-07-23 21:22:51,0.027105,0.067042,False,0.00000078,451.76,59985503,8,42
ModelSwinT_No_Noise_250k_RMSELoss_20260723_025656,ModelSwinT_No_Noise_250k_RMSELoss,RMSELoss,2026-07-23 02:56:56,156/200,2026-07-23 21:30:21,0.027165,0.067021,False,0.00000078,449.79,59985503,8,42
ModelSwinT_No_Noise_250k_RMSELoss_20260723_025656,ModelSwinT_No_Noise_250k_RMSELoss,RMSELoss,2026-07-23 02:56:56,157/200,2026-07-23 21:37:51,0.027137,0.066945,False,0.00000078,450.13,59985503,8,42
ModelSwinT_No_Noise_250k_RMSELoss_20260723_025656,ModelSwinT_No_Noise_250k_RMSELoss,RMSELoss,2026-07-23 02:56:56,158/200,2026-07-23 21:45:24,0.027228,0.066961,False,0.00000078,452.41,59985503,8,42
ModelSwinT_No_Noise_250k_RMSELoss_20260723_025656,ModelSwinT_No_Noise_250k_RMSELoss,RMSELoss,2026-07-23 02:56:56,159/200,2026-07-23 21:52:52,0.027223,0.067032,False,0.00000078,448.38,59985503,8,42
ModelSwinT_No_Noise_250k_RMSELoss_20260723_025656,ModelSwinT_No_Noise_250k_RMSELoss,RMSELoss,2026-07-23 02:56:56,160/200,2026-07-23 22:00:23,0.027093,0.066968,False,0.00000039,450.59,59985503,8,42
ModelSwinT_No_Noise_250k_RMSELoss_20260723_025656,ModelSwinT_No_Noise_250k_RMSELoss,RMSELoss,2026-07-23 02:56:56,161/200,2026-07-23 22:07:54,0.027042,0.066993,False,0.00000039,451.39,59985503,8,42
ModelSwinT_No_Noise_250k_RMSELoss_20260723_025656,ModelSwinT_No_Noise_250k_RMSELoss,RMSELoss,2026-07-23 02:56:56,162/200,2026-07-23 22:15:27,0.026904,0.066968,False,0.00000039,452.97,59985503,8,42
ModelSwinT_No_Noise_250k_RMSELoss_20260723_025656,ModelSwinT_No_Noise_250k_RMSELoss,RMSELoss,2026-07-23 02:56:56,163/200,2026-07-23 22:22:54,0.027032,0.066967,False,0.00000039,446.42,59985503,8,42
ModelSwinT_No_Noise_250k_RMSELoss_20260723_025656,ModelSwinT_No_Noise_250k_RMSELoss,RMSELoss,2026-07-23 02:56:56,164/200,2026-07-23 22:30:23,0.027002,0.067002,False,0.00000039,449.55,59985503,8,42
ModelSwinT_No_Noise_250k_RMSELoss_20260723_025656,ModelSwinT_No_Noise_250k_RMSELoss,RMSELoss,2026-07-23 02:56:56,165/200,2026-07-23 22:37:50,0.026978,0.066957,False,0.00000039,446.97,59985503,8,42
ModelSwinT_No_Noise_250k_RMSELoss_20260723_025656,ModelSwinT_No_Noise_250k_RMSELoss,RMSELoss,2026-07-23 02:56:56,166/200,2026-07-23 22:45:18,0.027052,0.066966,False,0.00000039,447.45,59985503,8,42
ModelSwinT_No_Noise_250k_RMSELoss_20260723_025656,ModelSwinT_No_Noise_250k_RMSELoss,RMSELoss,2026-07-23 02:56:56,167/200,2026-07-23 22:52:46,0.027001,0.066987,False,0.00000039,448.22,59985503,8,42
ModelSwinT_No_Noise_250k_RMSELoss_20260723_025656,ModelSwinT_No_Noise_250k_RMSELoss,RMSELoss,2026-07-23 02:56:56,168/200,2026-07-23 23:00:13,0.026986,0.067005,False,0.00000039,446.98,59985503,8,42
ModelSwinT_No_Noise_250k_RMSELoss_20260723_025656,ModelSwinT_No_Noise_250k_RMSELoss,RMSELoss,2026-07-23 02:56:56,169/200,2026-07-23 23:07:42,0.026961,0.066957,False,0.00000039,449.51,59985503,8,42
ModelSwinT_No_Noise_250k_RMSELoss_20260723_025656,ModelSwinT_No_Noise_250k_RMSELoss,RMSELoss,2026-07-23 02:56:56,170/200,2026-07-23 23:15:12,0.026893,0.066979,False,0.00000039,449.71,59985503,8,42
ModelSwinT_No_Noise_250k_RMSELoss_20260723_025656,ModelSwinT_No_Noise_250k_RMSELoss,RMSELoss,2026-07-23 02:56:56,171/200,2026-07-23 23:22:41,0.027069,0.066953,False,0.00000039,448.56,59985503,8,42
ModelSwinT_No_Noise_250k_RMSELoss_20260723_025656,ModelSwinT_No_Noise_250k_RMSELoss,RMSELoss,2026-07-23 02:56:56,172/200,2026-07-23 23:30:09,0.026853,0.066999,False,0.00000039,448.02,59985503,8,42
ModelSwinT_No_Noise_250k_RMSELoss_20260723_025656,ModelSwinT_No_Noise_250k_RMSELoss,RMSELoss,2026-07-23 02:56:56,173/200,2026-07-23 23:37:50,0.027035,0.066968,False,0.00000039,460.99,59985503,8,42
ModelSwinT_No_Noise_250k_RMSELoss_20260723_025656,ModelSwinT_No_Noise_250k_RMSELoss,RMSELoss,2026-07-23 02:56:56,174/200,2026-07-23 23:45:27,0.027074,0.066916,False,0.00000039,457.68,59985503,8,42
ModelSwinT_No_Noise_250k_RMSELoss_20260723_025656,ModelSwinT_No_Noise_250k_RMSELoss,RMSELoss,2026-07-23 02:56:56,175/200,2026-07-23 23:53:08,0.026967,0.066968,False,0.00000039,460.29,59985503,8,42
ModelSwinT_No_Noise_250k_RMSELoss_20260723_025656,ModelSwinT_No_Noise_250k_RMSELoss,RMSELoss,2026-07-23 02:56:56,176/200,2026-07-24 00:00:45,0.026951,0.067031,False,0.00000039,457.48,59985503,8,42
ModelSwinT_No_Noise_250k_RMSELoss_20260723_025656,ModelSwinT_No_Noise_250k_RMSELoss,RMSELoss,2026-07-23 02:56:56,177/200,2026-07-24 00:08:21,0.026916,0.067045,False,0.00000039,455.78,59985503,8,42
ModelSwinT_No_Noise_250k_RMSELoss_20260723_025656,ModelSwinT_No_Noise_250k_RMSELoss,RMSELoss,2026-07-23 02:56:56,178/200,2026-07-24 00:15:54,0.026769,0.066982,False,0.00000039,453.35,59985503,8,42
ModelSwinT_No_Noise_250k_RMSELoss_20260723_025656,ModelSwinT_No_Noise_250k_RMSELoss,RMSELoss,2026-07-23 02:56:56,179/200,2026-07-24 00:23:27,0.026850,0.067031,False,0.00000039,453.17,59985503,8,42
ModelSwinT_No_Noise_250k_RMSELoss_20260723_025656,ModelSwinT_No_Noise_250k_RMSELoss,RMSELoss,2026-07-23 02:56:56,180/200,2026-07-24 00:30:58,0.026833,0.067029,False,0.00000020,450.75,59985503,8,42
ModelSwinT_No_Noise_250k_RMSELoss_20260723_025656,ModelSwinT_No_Noise_250k_RMSELoss,RMSELoss,2026-07-23 02:56:56,181/200,2026-07-24 00:38:28,0.027027,0.066972,False,0.00000020,449.44,59985503,8,42
ModelEfficientNetB0_fvs_No_Noise_250k_RMSELoss_20260724_030444,ModelEfficientNetB0_fvs_No_Noise_250k_RMSELoss,RMSELoss,2026-07-24 03:04:44,1/200,2026-07-24 03:11:04,0.112557,0.095598,True,0.00010000,377.98,36997985,8,42
ModelEfficientNetB0_fvs_No_Noise_250k_RMSELoss_20260724_030444,ModelEfficientNetB0_fvs_No_Noise_250k_RMSELoss,RMSELoss,2026-07-24 03:04:44,2/200,2026-07-24 03:17:37,0.095246,0.089613,True,0.00010000,381.95,36997985,8,42
ModelEfficientNetB0_fvs_No_Noise_250k_RMSELoss_20260724_030444,ModelEfficientNetB0_fvs_No_Noise_250k_RMSELoss,RMSELoss,2026-07-24 03:04:44,3/200,2026-07-24 03:24:12,0.089012,0.085758,True,0.00010000,384.17,36997985,8,42
ModelEfficientNetB0_fvs_No_Noise_250k_RMSELoss_20260724_030444,ModelEfficientNetB0_fvs_No_Noise_250k_RMSELoss,RMSELoss,2026-07-24 03:04:44,4/200,2026-07-24 03:30:44,0.084436,0.080893,True,0.00010000,380.69,36997985,8,42
ModelEfficientNetB0_fvs_No_Noise_250k_RMSELoss_20260724_030444,ModelEfficientNetB0_fvs_No_Noise_250k_RMSELoss,RMSELoss,2026-07-24 03:04:44,5/200,2026-07-24 03:37:19,0.081269,0.082804,False,0.00010000,383.69,36997985,8,42
ModelEfficientNetB0_fvs_No_Noise_250k_RMSELoss_20260724_030444,ModelEfficientNetB0_fvs_No_Noise_250k_RMSELoss,RMSELoss,2026-07-24 03:04:44,6/200,2026-07-24 03:43:37,0.078556,0.078387,True,0.00010000,377.91,36997985,8,42
ModelEfficientNetB0_fvs_No_Noise_250k_RMSELoss_20260724_030444,ModelEfficientNetB0_fvs_No_Noise_250k_RMSELoss,RMSELoss,2026-07-24 03:04:44,7/200,2026-07-24 03:50:02,0.076234,0.080810,False,0.00010000,374.51,36997985,8,42
ModelEfficientNetB0_fvs_No_Noise_250k_RMSELoss_20260724_030444,ModelEfficientNetB0_fvs_No_Noise_250k_RMSELoss,RMSELoss,2026-07-24 03:04:44,8/200,2026-07-24 03:56:17,0.074297,0.076662,True,0.00010000,374.70,36997985,8,42
ModelEfficientNetB0_fvs_No_Noise_250k_RMSELoss_20260724_030444,ModelEfficientNetB0_fvs_No_Noise_250k_RMSELoss,RMSELoss,2026-07-24 03:04:44,9/200,2026-07-24 04:02:37,0.072523,0.075096,True,0.00010000,369.27,36997985,8,42
ModelEfficientNetB0_fvs_No_Noise_250k_RMSELoss_20260724_030444,ModelEfficientNetB0_fvs_No_Noise_250k_RMSELoss,RMSELoss,2026-07-24 03:04:44,10/200,2026-07-24 04:08:59,0.070726,0.075816,False,0.00010000,371.70,36997985,8,42
ModelEfficientNetB0_fvs_No_Noise_250k_RMSELoss_20260724_030444,ModelEfficientNetB0_fvs_No_Noise_250k_RMSELoss,RMSELoss,2026-07-24 03:04:44,11/200,2026-07-24 04:15:18,0.069164,0.072649,True,0.00010000,379.22,36997985,8,42
ModelEfficientNetB0_fvs_No_Noise_250k_RMSELoss_20260724_030444,ModelEfficientNetB0_fvs_No_Noise_250k_RMSELoss,RMSELoss,2026-07-24 03:04:44,12/200,2026-07-24 04:21:49,0.067664,0.073809,False,0.00010000,378.93,36997985,8,42
ModelEfficientNetB0_fvs_No_Noise_250k_RMSELoss_20260724_030444,ModelEfficientNetB0_fvs_No_Noise_250k_RMSELoss,RMSELoss,2026-07-24 03:04:44,13/200,2026-07-24 04:28:12,0.066278,0.072718,False,0.00010000,382.91,36997985,8,42
ModelEfficientNetB0_fvs_No_Noise_250k_RMSELoss_20260724_030444,ModelEfficientNetB0_fvs_No_Noise_250k_RMSELoss,RMSELoss,2026-07-24 03:04:44,14/200,2026-07-24 04:34:31,0.065071,0.072480,True,0.00010000,379.69,36997985,8,42
ModelEfficientNetB0_fvs_No_Noise_250k_RMSELoss_20260724_030444,ModelEfficientNetB0_fvs_No_Noise_250k_RMSELoss,RMSELoss,2026-07-24 03:04:44,15/200,2026-07-24 04:41:01,0.063936,0.071164,True,0.00010000,378.88,36997985,8,42
ModelEfficientNetB0_fvs_No_Noise_250k_RMSELoss_20260724_030444,ModelEfficientNetB0_fvs_No_Noise_250k_RMSELoss,RMSELoss,2026-07-24 03:04:44,16/200,2026-07-24 04:47:30,0.062685,0.071020,True,0.00010000,377.03,36997985,8,42
ModelEfficientNetB0_fvs_No_Noise_250k_RMSELoss_20260724_030444,ModelEfficientNetB0_fvs_No_Noise_250k_RMSELoss,RMSELoss,2026-07-24 03:04:44,17/200,2026-07-24 04:54:00,0.061549,0.071049,False,0.00010000,378.84,36997985,8,42
ModelEfficientNetB0_fvs_No_Noise_250k_RMSELoss_20260724_030444,ModelEfficientNetB0_fvs_No_Noise_250k_RMSELoss,RMSELoss,2026-07-24 03:04:44,18/200,2026-07-24 05:00:17,0.060588,0.070622,True,0.00010000,376.48,36997985,8,42
ModelEfficientNetB0_fvs_No_Noise_250k_RMSELoss_20260724_030444,ModelEfficientNetB0_fvs_No_Noise_250k_RMSELoss,RMSELoss,2026-07-24 03:04:44,19/200,2026-07-24 05:06:46,0.059548,0.070765,False,0.00010000,378.29,36997985,8,42
ModelEfficientNetB0_fvs_No_Noise_250k_RMSELoss_20260724_030444,ModelEfficientNetB0_fvs_No_Noise_250k_RMSELoss,RMSELoss,2026-07-24 03:04:44,20/200,2026-07-24 05:13:06,0.058658,0.070399,True,0.00005000,380.10,36997985,8,42
ModelEfficientNetB0_fvs_No_Noise_250k_RMSELoss_20260724_030444,ModelEfficientNetB0_fvs_No_Noise_250k_RMSELoss,RMSELoss,2026-07-24 03:04:44,21/200,2026-07-24 05:19:38,0.053825,0.067766,True,0.00005000,379.91,36997985,8,42
ModelEfficientNetB0_fvs_No_Noise_250k_RMSELoss_20260724_030444,ModelEfficientNetB0_fvs_No_Noise_250k_RMSELoss,RMSELoss,2026-07-24 03:04:44,22/200,2026-07-24 05:26:08,0.052061,0.067524,True,0.00005000,378.71,36997985,8,42
ModelEfficientNetB0_fvs_No_Noise_250k_RMSELoss_20260724_030444,ModelEfficientNetB0_fvs_No_Noise_250k_RMSELoss,RMSELoss,2026-07-24 03:04:44,23/200,2026-07-24 05:32:36,0.051089,0.067235,True,0.00005000,376.59,36997985,8,42
ModelEfficientNetB0_fvs_No_Noise_250k_RMSELoss_20260724_030444,ModelEfficientNetB0_fvs_No_Noise_250k_RMSELoss,RMSELoss,2026-07-24 03:04:44,24/200,2026-07-24 05:39:06,0.050164,0.066995,True,0.00005000,379.10,36997985,8,42
ModelEfficientNetB0_fvs_No_Noise_250k_RMSELoss_20260724_030444,ModelEfficientNetB0_fvs_No_Noise_250k_RMSELoss,RMSELoss,2026-07-24 03:04:44,25/200,2026-07-24 05:45:33,0.049268,0.066905,True,0.00005000,376.51,36997985,8,42
ModelEfficientNetB0_fvs_No_Noise_250k_RMSELoss_20260724_030444,ModelEfficientNetB0_fvs_No_Noise_250k_RMSELoss,RMSELoss,2026-07-24 03:04:44,26/200,2026-07-24 05:52:02,0.048743,0.066570,True,0.00005000,377.81,36997985,8,42
ModelEfficientNetB0_fvs_No_Noise_250k_RMSELoss_20260724_030444,ModelEfficientNetB0_fvs_No_Noise_250k_RMSELoss,RMSELoss,2026-07-24 03:04:44,27/200,2026-07-24 05:58:29,0.047989,0.067893,False,0.00005000,375.84,36997985,8,42
ModelEfficientNetB0_fvs_No_Noise_250k_RMSELoss_20260724_030444,ModelEfficientNetB0_fvs_No_Noise_250k_RMSELoss,RMSELoss,2026-07-24 03:04:44,28/200,2026-07-24 06:04:44,0.047312,0.067279,False,0.00005000,374.68,36997985,8,42
ModelEfficientNetB0_fvs_No_Noise_250k_RMSELoss_20260724_030444,ModelEfficientNetB0_fvs_No_Noise_250k_RMSELoss,RMSELoss,2026-07-24 03:04:44,29/200,2026-07-24 06:10:59,0.046702,0.066459,True,0.00005000,375.44,36997985,8,42
ModelEfficientNetB0_fvs_No_Noise_250k_RMSELoss_20260724_030444,ModelEfficientNetB0_fvs_No_Noise_250k_RMSELoss,RMSELoss,2026-07-24 03:04:44,30/200,2026-07-24 06:17:26,0.045931,0.066113,True,0.00005000,376.71,36997985,8,42
ModelEfficientNetB0_fvs_No_Noise_250k_RMSELoss_20260724_030444,ModelEfficientNetB0_fvs_No_Noise_250k_RMSELoss,RMSELoss,2026-07-24 03:04:44,31/200,2026-07-24 06:23:56,0.045528,0.066194,False,0.00005000,378.89,36997985,8,42
ModelEfficientNetB0_fvs_No_Noise_250k_RMSELoss_20260724_030444,ModelEfficientNetB0_fvs_No_Noise_250k_RMSELoss,RMSELoss,2026-07-24 03:04:44,32/200,2026-07-24 06:30:10,0.045021,0.066820,False,0.00005000,373.96,36997985,8,42
ModelEfficientNetB0_fvs_No_Noise_250k_RMSELoss_20260724_030444,ModelEfficientNetB0_fvs_No_Noise_250k_RMSELoss,RMSELoss,2026-07-24 03:04:44,33/200,2026-07-24 06:36:24,0.044518,0.066287,False,0.00005000,373.23,36997985,8,42
ModelEfficientNetB0_fvs_No_Noise_250k_RMSELoss_20260724_030444,ModelEfficientNetB0_fvs_No_Noise_250k_RMSELoss,RMSELoss,2026-07-24 03:04:44,34/200,2026-07-24 06:42:37,0.043774,0.066929,False,0.00005000,373.53,36997985,8,42
ModelEfficientNetB0_fvs_No_Noise_250k_RMSELoss_20260724_030444,ModelEfficientNetB0_fvs_No_Noise_250k_RMSELoss,RMSELoss,2026-07-24 03:04:44,35/200,2026-07-24 06:48:51,0.043452,0.066529,False,0.00005000,373.98,36997985,8,42
ModelEfficientNetB0_fvs_No_Noise_250k_RMSELoss_20260724_030444,ModelEfficientNetB0_fvs_No_Noise_250k_RMSELoss,RMSELoss,2026-07-24 03:04:44,36/200,2026-07-24 06:55:05,0.042835,0.066662,False,0.00005000,373.90,36997985,8,42
ModelEfficientNetB0_fvs_No_Noise_250k_RMSELoss_20260724_030444,ModelEfficientNetB0_fvs_No_Noise_250k_RMSELoss,RMSELoss,2026-07-24 03:04:44,37/200,2026-07-24 07:01:15,0.042480,0.066358,False,0.00005000,370.09,36997985,8,42
ModelEfficientNetB0_fvs_No_Noise_250k_RMSELoss_20260724_030444,ModelEfficientNetB0_fvs_No_Noise_250k_RMSELoss,RMSELoss,2026-07-24 03:04:44,38/200,2026-07-24 07:07:31,0.041974,0.065946,True,0.00005000,375.79,36997985,8,42
ModelEfficientNetB0_fvs_No_Noise_250k_RMSELoss_20260724_030444,ModelEfficientNetB0_fvs_No_Noise_250k_RMSELoss,RMSELoss,2026-07-24 03:04:44,39/200,2026-07-24 07:13:56,0.041549,0.066417,False,0.00005000,374.30,36997985,8,42
ModelEfficientNetB0_fvs_No_Noise_250k_RMSELoss_20260724_030444,ModelEfficientNetB0_fvs_No_Noise_250k_RMSELoss,RMSELoss,2026-07-24 03:04:44,40/200,2026-07-24 07:20:11,0.041044,0.066349,False,0.00002500,374.50,36997985,8,42
ModelEfficientNetB0_fvs_No_Noise_250k_RMSELoss_20260724_030444,ModelEfficientNetB0_fvs_No_Noise_250k_RMSELoss,RMSELoss,2026-07-24 03:04:44,41/200,2026-07-24 07:26:30,0.038463,0.064915,True,0.00002500,379.20,36997985,8,42
ModelEfficientNetB0_fvs_No_Noise_250k_RMSELoss_20260724_030444,ModelEfficientNetB0_fvs_No_Noise_250k_RMSELoss,RMSELoss,2026-07-24 03:04:44,42/200,2026-07-24 07:33:04,0.037346,0.065556,False,0.00002500,382.52,36997985,8,42
ModelEfficientNetB0_fvs_No_Noise_250k_RMSELoss_20260724_030444,ModelEfficientNetB0_fvs_No_Noise_250k_RMSELoss,RMSELoss,2026-07-24 03:04:44,43/200,2026-07-24 07:39:27,0.036848,0.065134,False,0.00002500,382.70,36997985,8,42
ModelEfficientNetB0_fvs_No_Noise_250k_RMSELoss_20260724_030444,ModelEfficientNetB0_fvs_No_Noise_250k_RMSELoss,RMSELoss,2026-07-24 03:04:44,44/200,2026-07-24 07:45:53,0.036433,0.065637,False,0.00002500,386.63,36997985,8,42
ModelEfficientNetB0_fvs_No_Noise_250k_RMSELoss_20260724_030444,ModelEfficientNetB0_fvs_No_Noise_250k_RMSELoss,RMSELoss,2026-07-24 03:04:44,45/200,2026-07-24 07:52:14,0.036153,0.064691,True,0.00002500,380.85,36997985,8,42
ModelEfficientNetB0_fvs_No_Noise_250k_RMSELoss_20260724_030444,ModelEfficientNetB0_fvs_No_Noise_250k_RMSELoss,RMSELoss,2026-07-24 03:04:44,46/200,2026-07-24 07:58:47,0.035764,0.064473,True,0.00002500,380.65,36997985,8,42
ModelEfficientNetB0_fvs_No_Noise_250k_RMSELoss_20260724_030444,ModelEfficientNetB0_fvs_No_Noise_250k_RMSELoss,RMSELoss,2026-07-24 03:04:44,47/200,2026-07-24 08:05:16,0.035496,0.064824,False,0.00002500,378.14,36997985,8,42
ModelEfficientNetB0_fvs_No_Noise_250k_RMSELoss_20260724_030444,ModelEfficientNetB0_fvs_No_Noise_250k_RMSELoss,RMSELoss,2026-07-24 03:04:44,48/200,2026-07-24 08:11:37,0.035200,0.064816,False,0.00002500,380.34,36997985,8,42
ModelEfficientNetB0_fvs_No_Noise_250k_RMSELoss_20260724_030444,ModelEfficientNetB0_fvs_No_Noise_250k_RMSELoss,RMSELoss,2026-07-24 03:04:44,49/200,2026-07-24 08:17:55,0.034969,0.064931,False,0.00002500,377.90,36997985,8,42
ModelEfficientNetB0_fvs_No_Noise_250k_RMSELoss_20260724_030444,ModelEfficientNetB0_fvs_No_Noise_250k_RMSELoss,RMSELoss,2026-07-24 03:04:44,50/200,2026-07-24 08:24:11,0.034660,0.064692,False,0.00002500,376.66,36997985,8,42
ModelEfficientNetB0_fvs_No_Noise_250k_RMSELoss_20260724_030444,ModelEfficientNetB0_fvs_No_Noise_250k_RMSELoss,RMSELoss,2026-07-24 03:04:44,51/200,2026-07-24 08:30:32,0.034334,0.064753,False,0.00002500,380.26,36997985,8,42
ModelEfficientNetB0_fvs_No_Noise_250k_RMSELoss_20260724_030444,ModelEfficientNetB0_fvs_No_Noise_250k_RMSELoss,RMSELoss,2026-07-24 03:04:44,52/200,2026-07-24 08:36:52,0.033978,0.064458,True,0.00002500,380.53,36997985,8,42
ModelEfficientNetB0_fvs_No_Noise_250k_RMSELoss_20260724_030444,ModelEfficientNetB0_fvs_No_Noise_250k_RMSELoss,RMSELoss,2026-07-24 03:04:44,53/200,2026-07-24 08:43:21,0.033758,0.065002,False,0.00002500,377.89,36997985,8,42
ModelEfficientNetB0_fvs_No_Noise_250k_RMSELoss_20260724_030444,ModelEfficientNetB0_fvs_No_Noise_250k_RMSELoss,RMSELoss,2026-07-24 03:04:44,54/200,2026-07-24 08:49:38,0.033567,0.064920,False,0.00002500,376.94,36997985,8,42
ModelEfficientNetB0_fvs_No_Noise_250k_RMSELoss_20260724_030444,ModelEfficientNetB0_fvs_No_Noise_250k_RMSELoss,RMSELoss,2026-07-24 03:04:44,55/200,2026-07-24 08:55:59,0.033306,0.064566,False,0.00002500,380.72,36997985,8,42
ModelEfficientNetB0_fvs_No_Noise_250k_RMSELoss_20260724_030444,ModelEfficientNetB0_fvs_No_Noise_250k_RMSELoss,RMSELoss,2026-07-24 03:04:44,56/200,2026-07-24 09:02:22,0.033107,0.064661,False,0.00002500,382.97,36997985,8,42
ModelEfficientNetB0_fvs_No_Noise_250k_RMSELoss_20260724_030444,ModelEfficientNetB0_fvs_No_Noise_250k_RMSELoss,RMSELoss,2026-07-24 03:04:44,57/200,2026-07-24 09:08:41,0.032871,0.064642,False,0.00002500,379.77,36997985,8,42
ModelEfficientNetB0_fvs_No_Noise_250k_RMSELoss_20260724_030444,ModelEfficientNetB0_fvs_No_Noise_250k_RMSELoss,RMSELoss,2026-07-24 03:04:44,58/200,2026-07-24 09:15:01,0.032734,0.064286,True,0.00002500,379.57,36997985,8,42
ModelEfficientNetB0_fvs_No_Noise_250k_RMSELoss_20260724_030444,ModelEfficientNetB0_fvs_No_Noise_250k_RMSELoss,RMSELoss,2026-07-24 03:04:44,59/200,2026-07-24 09:21:31,0.032417,0.064504,False,0.00002500,378.71,36997985,8,42
ModelEfficientNetB0_fvs_No_Noise_250k_RMSELoss_20260724_030444,ModelEfficientNetB0_fvs_No_Noise_250k_RMSELoss,RMSELoss,2026-07-24 03:04:44,60/200,2026-07-24 09:27:51,0.032211,0.064178,True,0.00001250,379.50,36997985,8,42
ModelEfficientNetB0_fvs_No_Noise_250k_RMSELoss_20260724_030444,ModelEfficientNetB0_fvs_No_Noise_250k_RMSELoss,RMSELoss,2026-07-24 03:04:44,61/200,2026-07-24 09:34:21,0.030997,0.063824,True,0.00001250,379.37,36997985,8,42
ModelEfficientNetB0_fvs_No_Noise_250k_RMSELoss_20260724_030444,ModelEfficientNetB0_fvs_No_Noise_250k_RMSELoss,RMSELoss,2026-07-24 03:04:44,62/200,2026-07-24 09:40:54,0.030446,0.063935,False,0.00001250,381.08,36997985,8,42
ModelEfficientNetB0_fvs_No_Noise_250k_RMSELoss_20260724_030444,ModelEfficientNetB0_fvs_No_Noise_250k_RMSELoss,RMSELoss,2026-07-24 03:04:44,63/200,2026-07-24 09:47:12,0.030216,0.063495,True,0.00001250,378.11,36997985,8,42
ModelEfficientNetB0_fvs_No_Noise_250k_RMSELoss_20260724_030444,ModelEfficientNetB0_fvs_No_Noise_250k_RMSELoss,RMSELoss,2026-07-24 03:04:44,64/200,2026-07-24 09:53:43,0.030010,0.063683,False,0.00001250,379.58,36997985,8,42
ModelEfficientNetB0_fvs_No_Noise_250k_RMSELoss_20260724_030444,ModelEfficientNetB0_fvs_No_Noise_250k_RMSELoss,RMSELoss,2026-07-24 03:04:44,65/200,2026-07-24 10:00:01,0.029812,0.063757,False,0.00001250,377.25,36997985,8,42
ModelEfficientNetB0_fvs_No_Noise_250k_RMSELoss_20260724_030444,ModelEfficientNetB0_fvs_No_Noise_250k_RMSELoss,RMSELoss,2026-07-24 03:04:44,66/200,2026-07-24 10:06:09,0.029664,0.063463,True,0.00001250,367.82,36997985,8,42
ModelEfficientNetB0_fvs_No_Noise_250k_RMSELoss_20260724_030444,ModelEfficientNetB0_fvs_No_Noise_250k_RMSELoss,RMSELoss,2026-07-24 03:04:44,67/200,2026-07-24 10:11:25,0.029616,0.063631,False,0.00001250,306.55,36997985,8,42
ModelEfficientNetB0_fvs_No_Noise_250k_RMSELoss_20260724_030444,ModelEfficientNetB0_fvs_No_Noise_250k_RMSELoss,RMSELoss,2026-07-24 03:04:44,68/200,2026-07-24 10:16:03,0.029310,0.063849,False,0.00001250,278.28,36997985,8,42
ModelEfficientNetB0_fvs_No_Noise_250k_RMSELoss_20260724_030444,ModelEfficientNetB0_fvs_No_Noise_250k_RMSELoss,RMSELoss,2026-07-24 03:04:44,69/200,2026-07-24 10:20:46,0.029279,0.063538,False,0.00001250,283.11,36997985,8,42
ModelEfficientNetB0_fvs_No_Noise_250k_RMSELoss_20260724_030444,ModelEfficientNetB0_fvs_No_Noise_250k_RMSELoss,RMSELoss,2026-07-24 03:04:44,70/200,2026-07-24 10:25:24,0.029118,0.063672,False,0.00001250,277.71,36997985,8,42
ModelEfficientNetB0_fvs_No_Noise_250k_RMSELoss_20260724_030444,ModelEfficientNetB0_fvs_No_Noise_250k_RMSELoss,RMSELoss,2026-07-24 03:04:44,71/200,2026-07-24 10:30:05,0.028961,0.063222,True,0.00001250,281.33,36997985,8,42
ModelEfficientNetB0_fvs_No_Noise_250k_RMSELoss_20260724_030444,ModelEfficientNetB0_fvs_No_Noise_250k_RMSELoss,RMSELoss,2026-07-24 03:04:44,72/200,2026-07-24 10:34:59,0.028739,0.063698,False,0.00001250,283.97,36997985,8,42
ModelEfficientNetB0_fvs_No_Noise_250k_RMSELoss_20260724_030444,ModelEfficientNetB0_fvs_No_Noise_250k_RMSELoss,RMSELoss,2026-07-24 03:04:44,73/200,2026-07-24 10:39:38,0.028737,0.063607,False,0.00001250,279.29,36997985,8,42
ModelEfficientNetB0_fvs_No_Noise_250k_RMSELoss_20260724_030444,ModelEfficientNetB0_fvs_No_Noise_250k_RMSELoss,RMSELoss,2026-07-24 03:04:44,74/200,2026-07-24 10:44:16,0.028592,0.063589,False,0.00001250,278.06,36997985,8,42
ModelEfficientNetB0_fvs_No_Noise_250k_RMSELoss_20260724_030444,ModelEfficientNetB0_fvs_No_Noise_250k_RMSELoss,RMSELoss,2026-07-24 03:04:44,75/200,2026-07-24 10:48:51,0.028464,0.063740,False,0.00001250,275.15,36997985,8,42
ModelEfficientNetB0_fvs_No_Noise_250k_RMSELoss_20260724_030444,ModelEfficientNetB0_fvs_No_Noise_250k_RMSELoss,RMSELoss,2026-07-24 03:04:44,76/200,2026-07-24 10:53:29,0.028280,0.063633,False,0.00001250,277.49,36997985,8,42
ModelEfficientNetB0_fvs_No_Noise_250k_RMSELoss_20260724_030444,ModelEfficientNetB0_fvs_No_Noise_250k_RMSELoss,RMSELoss,2026-07-24 03:04:44,77/200,2026-07-24 10:58:09,0.028186,0.063440,False,0.00001250,279.73,36997985,8,42
ModelEfficientNetB0_fvs_No_Noise_250k_RMSELoss_20260724_030444,ModelEfficientNetB0_fvs_No_Noise_250k_RMSELoss,RMSELoss,2026-07-24 03:04:44,78/200,2026-07-24 11:02:47,0.028106,0.063397,False,0.00001250,278.72,36997985,8,42
ModelEfficientNetB0_fvs_No_Noise_250k_RMSELoss_20260724_030444,ModelEfficientNetB0_fvs_No_Noise_250k_RMSELoss,RMSELoss,2026-07-24 03:04:44,79/200,2026-07-24 11:07:26,0.028020,0.063816,False,0.00001250,278.32,36997985,8,42
ModelEfficientNetB0_fvs_No_Noise_250k_RMSELoss_20260724_030444,ModelEfficientNetB0_fvs_No_Noise_250k_RMSELoss,RMSELoss,2026-07-24 03:04:44,80/200,2026-07-24 11:12:06,0.027883,0.063476,False,0.00000625,279.90,36997985,8,42
ModelEfficientNetB0_fvs_No_Noise_250k_RMSELoss_20260724_030444,ModelEfficientNetB0_fvs_No_Noise_250k_RMSELoss,RMSELoss,2026-07-24 03:04:44,81/200,2026-07-24 11:16:46,0.027192,0.063308,False,0.00000625,280.71,36997985,8,42
ModelEfficientNetB0_fvs_No_Noise_250k_RMSELoss_20260724_030444,ModelEfficientNetB0_fvs_No_Noise_250k_RMSELoss,RMSELoss,2026-07-24 03:04:44,82/200,2026-07-24 11:21:26,0.027034,0.063249,False,0.00000625,279.86,36997985,8,42
ModelEfficientNetB0_fvs_No_Noise_250k_RMSELoss_20260724_030444,ModelEfficientNetB0_fvs_No_Noise_250k_RMSELoss,RMSELoss,2026-07-24 03:04:44,83/200,2026-07-24 11:26:09,0.026987,0.063449,False,0.00000625,282.28,36997985,8,42
ModelEfficientNetB0_fvs_No_Noise_250k_RMSELoss_20260724_030444,ModelEfficientNetB0_fvs_No_Noise_250k_RMSELoss,RMSELoss,2026-07-24 03:04:44,84/200,2026-07-24 11:30:52,0.026858,0.063291,False,0.00000625,283.47,36997985,8,42
ModelEfficientNetB0_fvs_No_Noise_250k_RMSELoss_20260724_030444,ModelEfficientNetB0_fvs_No_Noise_250k_RMSELoss,RMSELoss,2026-07-24 03:04:44,85/200,2026-07-24 11:35:29,0.026896,0.063223,False,0.00000625,277.17,36997985,8,42
ModelEfficientNetB0_fvs_No_Noise_250k_RMSELoss_20260724_030444,ModelEfficientNetB0_fvs_No_Noise_250k_RMSELoss,RMSELoss,2026-07-24 03:04:44,86/200,2026-07-24 11:40:09,0.026727,0.063200,True,0.00000625,280.09,36997985,8,42
ModelEfficientNetB0_fvs_No_Noise_250k_RMSELoss_20260724_030444,ModelEfficientNetB0_fvs_No_Noise_250k_RMSELoss,RMSELoss,2026-07-24 03:04:44,87/200,2026-07-24 11:45:01,0.026648,0.063069,True,0.00000625,281.39,36997985,8,42
ModelEfficientNetB0_fvs_No_Noise_250k_RMSELoss_20260724_030444,ModelEfficientNetB0_fvs_No_Noise_250k_RMSELoss,RMSELoss,2026-07-24 03:04:44,88/200,2026-07-24 11:49:55,0.026577,0.063334,False,0.00000625,284.63,36997985,8,42
ModelEfficientNetB0_fvs_No_Noise_250k_RMSELoss_20260724_030444,ModelEfficientNetB0_fvs_No_Noise_250k_RMSELoss,RMSELoss,2026-07-24 03:04:44,89/200,2026-07-24 11:54:37,0.026510,0.063047,True,0.00000625,282.39,36997985,8,42
ModelEfficientNetB0_fvs_No_Noise_250k_RMSELoss_20260724_030444,ModelEfficientNetB0_fvs_No_Noise_250k_RMSELoss,RMSELoss,2026-07-24 03:04:44,90/200,2026-07-24 11:59:23,0.026424,0.063474,False,0.00000625,275.90,36997985,8,42
ModelEfficientNetB0_fvs_No_Noise_250k_RMSELoss_20260724_030444,ModelEfficientNetB0_fvs_No_Noise_250k_RMSELoss,RMSELoss,2026-07-24 03:04:44,91/200,2026-07-24 12:04:03,0.026382,0.063355,False,0.00000625,279.81,36997985,8,42
ModelEfficientNetB0_fvs_No_Noise_250k_RMSELoss_20260724_030444,ModelEfficientNetB0_fvs_No_Noise_250k_RMSELoss,RMSELoss,2026-07-24 03:04:44,92/200,2026-07-24 12:08:46,0.026362,0.063261,False,0.00000625,283.01,36997985,8,42
ModelEfficientNetB0_fvs_No_Noise_250k_RMSELoss_20260724_030444,ModelEfficientNetB0_fvs_No_Noise_250k_RMSELoss,RMSELoss,2026-07-24 03:04:44,93/200,2026-07-24 12:13:14,0.026234,0.063233,False,0.00000625,268.42,36997985,8,42
ModelEfficientNetB0_fvs_No_Noise_250k_RMSELoss_20260724_030444,ModelEfficientNetB0_fvs_No_Noise_250k_RMSELoss,RMSELoss,2026-07-24 03:04:44,94/200,2026-07-24 12:17:42,0.026125,0.063208,False,0.00000625,267.65,36997985,8,42
ModelEfficientNetB0_fvs_No_Noise_250k_RMSELoss_20260724_030444,ModelEfficientNetB0_fvs_No_Noise_250k_RMSELoss,RMSELoss,2026-07-24 03:04:44,95/200,2026-07-24 12:22:08,0.026122,0.063137,False,0.00000625,265.69,36997985,8,42
ModelEfficientNetB0_fvs_No_Noise_250k_RMSELoss_20260724_030444,ModelEfficientNetB0_fvs_No_Noise_250k_RMSELoss,RMSELoss,2026-07-24 03:04:44,96/200,2026-07-24 12:26:34,0.026060,0.063000,True,0.00000625,266.18,36997985,8,42
ModelEfficientNetB0_fvs_No_Noise_250k_RMSELoss_20260724_030444,ModelEfficientNetB0_fvs_No_Noise_250k_RMSELoss,RMSELoss,2026-07-24 03:04:44,97/200,2026-07-24 12:31:11,0.026026,0.063461,False,0.00000625,267.68,36997985,8,42
ModelEfficientNetB0_fvs_No_Noise_250k_RMSELoss_20260724_030444,ModelEfficientNetB0_fvs_No_Noise_250k_RMSELoss,RMSELoss,2026-07-24 03:04:44,98/200,2026-07-24 12:35:40,0.025896,0.062924,True,0.00000625,268.51,36997985,8,42
ModelEfficientNetB0_fvs_No_Noise_250k_RMSELoss_20260724_030444,ModelEfficientNetB0_fvs_No_Noise_250k_RMSELoss,RMSELoss,2026-07-24 03:04:44,99/200,2026-07-24 12:40:15,0.025826,0.063091,False,0.00000625,265.40,36997985,8,42
ModelEfficientNetB0_fvs_No_Noise_250k_RMSELoss_20260724_030444,ModelEfficientNetB0_fvs_No_Noise_250k_RMSELoss,RMSELoss,2026-07-24 03:04:44,100/200,2026-07-24 12:44:43,0.025862,0.062880,True,0.00000313,267.96,36997985,8,42
ModelEfficientNetB0_fvs_No_Noise_250k_RMSELoss_20260724_030444,ModelEfficientNetB0_fvs_No_Noise_250k_RMSELoss,RMSELoss,2026-07-24 03:04:44,101/200,2026-07-24 12:49:17,0.025532,0.062976,False,0.00000313,264.77,36997985,8,42
ModelEfficientNetB0_fvs_No_Noise_250k_RMSELoss_20260724_030444,ModelEfficientNetB0_fvs_No_Noise_250k_RMSELoss,RMSELoss,2026-07-24 03:04:44,102/200,2026-07-24 12:53:42,0.025375,0.063036,False,0.00000313,264.78,36997985,8,42
ModelEfficientNetB0_fvs_No_Noise_250k_RMSELoss_20260724_030444,ModelEfficientNetB0_fvs_No_Noise_250k_RMSELoss,RMSELoss,2026-07-24 03:04:44,103/200,2026-07-24 12:58:06,0.025403,0.062913,False,0.00000313,264.25,36997985,8,42
ModelEfficientNetB0_fvs_No_Noise_250k_RMSELoss_20260724_030444,ModelEfficientNetB0_fvs_No_Noise_250k_RMSELoss,RMSELoss,2026-07-24 03:04:44,104/200,2026-07-24 13:02:32,0.025362,0.063005,False,0.00000313,265.66,36997985,8,42
ModelEfficientNetB0_fvs_No_Noise_250k_RMSELoss_20260724_030444,ModelEfficientNetB0_fvs_No_Noise_250k_RMSELoss,RMSELoss,2026-07-24 03:04:44,105/200,2026-07-24 13:06:56,0.025263,0.063104,False,0.00000313,264.38,36997985,8,42
ModelEfficientNetB0_fvs_No_Noise_250k_RMSELoss_20260724_030444,ModelEfficientNetB0_fvs_No_Noise_250k_RMSELoss,RMSELoss,2026-07-24 03:04:44,106/200,2026-07-24 13:11:26,0.025331,0.063101,False,0.00000313,269.62,36997985,8,42
ModelEfficientNetB0_fvs_No_Noise_250k_RMSELoss_20260724_030444,ModelEfficientNetB0_fvs_No_Noise_250k_RMSELoss,RMSELoss,2026-07-24 03:04:44,107/200,2026-07-24 13:15:51,0.025221,0.063016,False,0.00000313,264.89,36997985,8,42
ModelEfficientNetB0_fvs_No_Noise_250k_RMSELoss_20260724_030444,ModelEfficientNetB0_fvs_No_Noise_250k_RMSELoss,RMSELoss,2026-07-24 03:04:44,108/200,2026-07-24 13:20:15,0.025146,0.063119,False,0.00000313,263.67,36997985,8,42
ModelEfficientNetB0_fvs_No_Noise_250k_RMSELoss_20260724_030444,ModelEfficientNetB0_fvs_No_Noise_250k_RMSELoss,RMSELoss,2026-07-24 03:04:44,109/200,2026-07-24 13:24:39,0.025164,0.063238,False,0.00000313,264.04,36997985,8,42
ModelEfficientNetB0_fvs_No_Noise_250k_RMSELoss_20260724_030444,ModelEfficientNetB0_fvs_No_Noise_250k_RMSELoss,RMSELoss,2026-07-24 03:04:44,110/200,2026-07-24 13:29:03,0.025074,0.063225,False,0.00000313,263.93,36997985,8,42
ModelEfficientNetB0_fvs_No_Noise_250k_RMSELoss_20260724_030444,ModelEfficientNetB0_fvs_No_Noise_250k_RMSELoss,RMSELoss,2026-07-24 03:04:44,111/200,2026-07-24 13:33:27,0.025066,0.062952,False,0.00000313,263.91,36997985,8,42
ModelEfficientNetB0_fvs_No_Noise_250k_RMSELoss_20260724_030444,ModelEfficientNetB0_fvs_No_Noise_250k_RMSELoss,RMSELoss,2026-07-24 03:04:44,112/200,2026-07-24 13:37:52,0.025023,0.062855,True,0.00000313,265.09,36997985,8,42
ModelEfficientNetB0_fvs_No_Noise_250k_RMSELoss_20260724_030444,ModelEfficientNetB0_fvs_No_Noise_250k_RMSELoss,RMSELoss,2026-07-24 03:04:44,113/200,2026-07-24 13:42:26,0.024916,0.062959,False,0.00000313,264.77,36997985,8,42
ModelEfficientNetB0_fvs_No_Noise_250k_RMSELoss_20260724_030444,ModelEfficientNetB0_fvs_No_Noise_250k_RMSELoss,RMSELoss,2026-07-24 03:04:44,114/200,2026-07-24 13:46:54,0.024965,0.063078,False,0.00000313,267.60,36997985,8,42
ModelEfficientNetB0_fvs_No_Noise_250k_RMSELoss_20260724_030444,ModelEfficientNetB0_fvs_No_Noise_250k_RMSELoss,RMSELoss,2026-07-24 03:04:44,115/200,2026-07-24 13:51:17,0.024867,0.063083,False,0.00000313,262.94,36997985,8,42
ModelEfficientNetB0_fvs_No_Noise_250k_RMSELoss_20260724_030444,ModelEfficientNetB0_fvs_No_Noise_250k_RMSELoss,RMSELoss,2026-07-24 03:04:44,116/200,2026-07-24 13:55:40,0.024877,0.062850,True,0.00000313,263.50,36997985,8,42
ModelEfficientNetB0_fvs_No_Noise_250k_RMSELoss_20260724_030444,ModelEfficientNetB0_fvs_No_Noise_250k_RMSELoss,RMSELoss,2026-07-24 03:04:44,117/200,2026-07-24 14:00:14,0.024829,0.062983,False,0.00000313,264.41,36997985,8,42
ModelEfficientNetB0_fvs_No_Noise_250k_RMSELoss_20260724_030444,ModelEfficientNetB0_fvs_No_Noise_250k_RMSELoss,RMSELoss,2026-07-24 03:04:44,118/200,2026-07-24 14:04:39,0.024873,0.063033,False,0.00000313,264.62,36997985,8,42
ModelEfficientNetB0_fvs_No_Noise_250k_RMSELoss_20260724_030444,ModelEfficientNetB0_fvs_No_Noise_250k_RMSELoss,RMSELoss,2026-07-24 03:04:44,119/200,2026-07-24 14:09:03,0.024796,0.062811,True,0.00000313,264.28,36997985,8,42
ModelEfficientNetB0_fvs_No_Noise_250k_RMSELoss_20260724_030444,ModelEfficientNetB0_fvs_No_Noise_250k_RMSELoss,RMSELoss,2026-07-24 03:04:44,120/200,2026-07-24 14:13:37,0.024730,0.063018,False,0.00000156,264.05,36997985,8,42
ModelEfficientNetB0_fvs_No_Noise_250k_RMSELoss_20260724_030444,ModelEfficientNetB0_fvs_No_Noise_250k_RMSELoss,RMSELoss,2026-07-24 03:04:44,121/200,2026-07-24 14:18:01,0.024629,0.062813,False,0.00000156,264.61,36997985,8,42
ModelEfficientNetB0_fvs_No_Noise_250k_RMSELoss_20260724_030444,ModelEfficientNetB0_fvs_No_Noise_250k_RMSELoss,RMSELoss,2026-07-24 03:04:44,122/200,2026-07-24 14:22:24,0.024619,0.062819,False,0.00000156,262.43,36997985,8,42
ModelEfficientNetB0_fvs_No_Noise_250k_RMSELoss_20260724_030444,ModelEfficientNetB0_fvs_No_Noise_250k_RMSELoss,RMSELoss,2026-07-24 03:04:44,123/200,2026-07-24 14:26:47,0.024602,0.062934,False,0.00000156,263.13,36997985,8,42
ModelEfficientNetB0_fvs_No_Noise_250k_RMSELoss_20260724_030444,ModelEfficientNetB0_fvs_No_Noise_250k_RMSELoss,RMSELoss,2026-07-24 03:04:44,124/200,2026-07-24 14:31:10,0.024582,0.063002,False,0.00000156,262.78,36997985,8,42
ModelEfficientNetB0_fvs_No_Noise_250k_RMSELoss_20260724_030444,ModelEfficientNetB0_fvs_No_Noise_250k_RMSELoss,RMSELoss,2026-07-24 03:04:44,125/200,2026-07-24 14:35:33,0.024560,0.062849,False,0.00000156,263.08,36997985,8,42
ModelEfficientNetB0_fvs_No_Noise_250k_RMSELoss_20260724_030444,ModelEfficientNetB0_fvs_No_Noise_250k_RMSELoss,RMSELoss,2026-07-24 03:04:44,126/200,2026-07-24 14:40:01,0.024508,0.062870,False,0.00000156,268.05,36997985,8,42
ModelEfficientNetB0_fvs_No_Noise_250k_RMSELoss_20260724_030444,ModelEfficientNetB0_fvs_No_Noise_250k_RMSELoss,RMSELoss,2026-07-24 03:04:44,127/200,2026-07-24 14:44:31,0.024548,0.062779,True,0.00000156,269.62,36997985,8,42
ModelEfficientNetB0_fvs_No_Noise_250k_RMSELoss_20260724_030444,ModelEfficientNetB0_fvs_No_Noise_250k_RMSELoss,RMSELoss,2026-07-24 03:04:44,128/200,2026-07-24 14:49:05,0.024484,0.062938,False,0.00000156,264.95,36997985,8,42
ModelEfficientNetB0_fvs_No_Noise_250k_RMSELoss_20260724_030444,ModelEfficientNetB0_fvs_No_Noise_250k_RMSELoss,RMSELoss,2026-07-24 03:04:44,129/200,2026-07-24 14:53:31,0.024498,0.062801,False,0.00000156,266.02,36997985,8,42
ModelEfficientNetB0_fvs_No_Noise_250k_RMSELoss_20260724_030444,ModelEfficientNetB0_fvs_No_Noise_250k_RMSELoss,RMSELoss,2026-07-24 03:04:44,130/200,2026-07-24 14:57:58,0.024373,0.062695,True,0.00000156,266.42,36997985,8,42
ModelEfficientNetB0_fvs_No_Noise_250k_RMSELoss_20260724_030444,ModelEfficientNetB0_fvs_No_Noise_250k_RMSELoss,RMSELoss,2026-07-24 03:04:44,131/200,2026-07-24 15:02:33,0.024394,0.062863,False,0.00000156,265.21,36997985,8,42
ModelEfficientNetB0_fvs_No_Noise_250k_RMSELoss_20260724_030444,ModelEfficientNetB0_fvs_No_Noise_250k_RMSELoss,RMSELoss,2026-07-24 03:04:44,132/200,2026-07-24 15:06:59,0.024431,0.062806,False,0.00000156,266.52,36997985,8,42
ModelEfficientNetB0_fvs_No_Noise_250k_RMSELoss_20260724_030444,ModelEfficientNetB0_fvs_No_Noise_250k_RMSELoss,RMSELoss,2026-07-24 03:04:44,133/200,2026-07-24 15:11:25,0.024397,0.062759,False,0.00000156,266.03,36997985,8,42
ModelEfficientNetB0_fvs_No_Noise_250k_RMSELoss_20260724_030444,ModelEfficientNetB0_fvs_No_Noise_250k_RMSELoss,RMSELoss,2026-07-24 03:04:44,134/200,2026-07-24 15:15:55,0.024385,0.062824,False,0.00000156,270.29,36997985,8,42
ModelEfficientNetB0_fvs_No_Noise_250k_RMSELoss_20260724_030444,ModelEfficientNetB0_fvs_No_Noise_250k_RMSELoss,RMSELoss,2026-07-24 03:04:44,135/200,2026-07-24 15:20:21,0.024342,0.062879,False,0.00000156,265.13,36997985,8,42
ModelEfficientNetB0_fvs_No_Noise_250k_RMSELoss_20260724_030444,ModelEfficientNetB0_fvs_No_Noise_250k_RMSELoss,RMSELoss,2026-07-24 03:04:44,136/200,2026-07-24 15:24:47,0.024307,0.062842,False,0.00000156,266.64,36997985,8,42
ModelEfficientNetB0_fvs_No_Noise_250k_RMSELoss_20260724_030444,ModelEfficientNetB0_fvs_No_Noise_250k_RMSELoss,RMSELoss,2026-07-24 03:04:44,137/200,2026-07-24 15:29:13,0.024418,0.062885,False,0.00000156,265.74,36997985,8,42
ModelEfficientNetB0_fvs_No_Noise_250k_RMSELoss_20260724_030444,ModelEfficientNetB0_fvs_No_Noise_250k_RMSELoss,RMSELoss,2026-07-24 03:04:44,138/200,2026-07-24 15:33:39,0.024345,0.062800,False,0.00000156,265.79,36997985,8,42
ModelEfficientNetB0_fvs_No_Noise_250k_RMSELoss_20260724_030444,ModelEfficientNetB0_fvs_No_Noise_250k_RMSELoss,RMSELoss,2026-07-24 03:04:44,139/200,2026-07-24 15:38:04,0.024248,0.062821,False,0.00000156,265.15,36997985,8,42
ModelEfficientNetB0_fvs_No_Noise_250k_RMSELoss_20260724_030444,ModelEfficientNetB0_fvs_No_Noise_250k_RMSELoss,RMSELoss,2026-07-24 03:04:44,140/200,2026-07-24 15:42:31,0.024282,0.062872,False,0.00000078,267.35,36997985,8,42
ModelEfficientNetB0_fvs_No_Noise_250k_RMSELoss_20260724_030444,ModelEfficientNetB0_fvs_No_Noise_250k_RMSELoss,RMSELoss,2026-07-24 03:04:44,141/200,2026-07-24 15:46:58,0.024222,0.062854,False,0.00000078,266.38,36997985,8,42
ModelEfficientNetB0_fvs_No_Noise_250k_RMSELoss_20260724_030444,ModelEfficientNetB0_fvs_No_Noise_250k_RMSELoss,RMSELoss,2026-07-24 03:04:44,142/200,2026-07-24 15:51:25,0.024207,0.062710,False,0.00000078,266.99,36997985,8,42
ModelEfficientNetB0_fvs_No_Noise_250k_RMSELoss_20260724_030444,ModelEfficientNetB0_fvs_No_Noise_250k_RMSELoss,RMSELoss,2026-07-24 03:04:44,143/200,2026-07-24 15:55:50,0.024154,0.063093,False,0.00000078,265.26,36997985,8,42
ModelEfficientNetB0_fvs_No_Noise_250k_RMSELoss_20260724_030444,ModelEfficientNetB0_fvs_No_Noise_250k_RMSELoss,RMSELoss,2026-07-24 03:04:44,144/200,2026-07-24 16:00:14,0.024152,0.062845,False,0.00000078,264.40,36997985,8,42
ModelEfficientNetB0_fvs_No_Noise_250k_RMSELoss_20260724_030444,ModelEfficientNetB0_fvs_No_Noise_250k_RMSELoss,RMSELoss,2026-07-24 03:04:44,145/200,2026-07-24 16:04:41,0.024154,0.062828,False,0.00000078,266.70,36997985,8,42
ModelEfficientNetB0_fvs_No_Noise_250k_RMSELoss_20260724_030444,ModelEfficientNetB0_fvs_No_Noise_250k_RMSELoss,RMSELoss,2026-07-24 03:04:44,146/200,2026-07-24 16:09:08,0.024164,0.062716,False,0.00000078,266.82,36997985,8,42
ModelEfficientNetB0_fvs_No_Noise_250k_RMSELoss_20260724_030444,ModelEfficientNetB0_fvs_No_Noise_250k_RMSELoss,RMSELoss,2026-07-24 03:04:44,147/200,2026-07-24 16:13:34,0.024135,0.062843,False,0.00000078,266.42,36997985,8,42
ModelEfficientNetB0_fvs_No_Noise_250k_RMSELoss_20260724_030444,ModelEfficientNetB0_fvs_No_Noise_250k_RMSELoss,RMSELoss,2026-07-24 03:04:44,148/200,2026-07-24 16:18:01,0.024114,0.062829,False,0.00000078,266.83,36997985,8,42
ModelEfficientNetB0_fvs_No_Noise_250k_RMSELoss_20260724_030444,ModelEfficientNetB0_fvs_No_Noise_250k_RMSELoss,RMSELoss,2026-07-24 03:04:44,149/200,2026-07-24 16:22:27,0.024135,0.062950,False,0.00000078,266.05,36997985,8,42
ModelEfficientNetB0_fvs_No_Noise_250k_RMSELoss_20260724_030444,ModelEfficientNetB0_fvs_No_Noise_250k_RMSELoss,RMSELoss,2026-07-24 03:04:44,150/200,2026-07-24 16:26:53,0.024100,0.062850,False,0.00000078,265.76,36997985,8,42
ModelEfficientNetB0_fvs_No_Noise_250k_RMSELoss_20260724_030444,ModelEfficientNetB0_fvs_No_Noise_250k_RMSELoss,RMSELoss,2026-07-24 03:04:44,151/200,2026-07-24 16:31:19,0.024101,0.062783,False,0.00000078,266.28,36997985,8,42
ModelEfficientNetB0_fvs_No_Noise_250k_RMSELoss_20260724_030444,ModelEfficientNetB0_fvs_No_Noise_250k_RMSELoss,RMSELoss,2026-07-24 03:04:44,152/200,2026-07-24 16:35:43,0.024063,0.062886,False,0.00000078,264.03,36997985,8,42
ModelEfficientNetB0_fvs_No_Noise_250k_RMSELoss_20260724_030444,ModelEfficientNetB0_fvs_No_Noise_250k_RMSELoss,RMSELoss,2026-07-24 03:04:44,153/200,2026-07-24 16:40:07,0.024134,0.062887,False,0.00000078,264.03,36997985,8,42
ModelEfficientNetB0_fvs_No_Noise_250k_RMSELoss_20260724_030444,ModelEfficientNetB0_fvs_No_Noise_250k_RMSELoss,RMSELoss,2026-07-24 03:04:44,154/200,2026-07-24 16:44:33,0.024044,0.062854,False,0.00000078,265.45,36997985,8,42
ModelEfficientNetB0_fvs_No_Noise_250k_RMSELoss_20260724_030444,ModelEfficientNetB0_fvs_No_Noise_250k_RMSELoss,RMSELoss,2026-07-24 03:04:44,155/200,2026-07-24 16:48:57,0.024041,0.062732,False,0.00000078,264.26,36997985,8,42
ModelEfficientNetB0_fvs_No_Noise_250k_RMSELoss_20260724_030444,ModelEfficientNetB0_fvs_No_Noise_250k_RMSELoss,RMSELoss,2026-07-24 03:04:44,156/200,2026-07-24 16:53:21,0.024044,0.062722,False,0.00000078,263.91,36997985,8,42
ModelEfficientNetB0_fvs_No_Noise_250k_RMSELoss_20260724_030444,ModelEfficientNetB0_fvs_No_Noise_250k_RMSELoss,RMSELoss,2026-07-24 03:04:44,157/200,2026-07-24 16:57:46,0.024075,0.062891,False,0.00000078,264.79,36997985,8,42
ModelEfficientNetB0_fvs_No_Noise_250k_RMSELoss_20260724_030444,ModelEfficientNetB0_fvs_No_Noise_250k_RMSELoss,RMSELoss,2026-07-24 03:04:44,158/200,2026-07-24 17:02:12,0.024045,0.062769,False,0.00000078,266.28,36997985,8,42
ModelEfficientNetB0_fvs_No_Noise_250k_RMSELoss_20260724_030444,ModelEfficientNetB0_fvs_No_Noise_250k_RMSELoss,RMSELoss,2026-07-24 03:04:44,159/200,2026-07-24 17:06:41,0.024045,0.062836,False,0.00000078,268.74,36997985,8,42
ModelEfficientNetB0_fvs_No_Noise_250k_RMSELoss_20260724_030444,ModelEfficientNetB0_fvs_No_Noise_250k_RMSELoss,RMSELoss,2026-07-24 03:04:44,160/200,2026-07-24 17:11:05,0.023987,0.062900,False,0.00000039,264.62,36997985,8,42
ModelEfficientNetB0_fvs_No_Noise_250k_RMSELoss_20260724_030444,ModelEfficientNetB0_fvs_No_Noise_250k_RMSELoss,RMSELoss,2026-07-24 03:04:44,161/200,2026-07-24 17:15:31,0.023991,0.062794,False,0.00000039,265.47,36997985,8,42
ModelEfficientNetB0_fvs_No_Noise_250k_RMSELoss_20260724_030444,ModelEfficientNetB0_fvs_No_Noise_250k_RMSELoss,RMSELoss,2026-07-24 03:04:44,162/200,2026-07-24 17:19:54,0.023952,0.062924,False,0.00000039,263.47,36997985,8,42
ModelEfficientNetB0_fvs_No_Noise_250k_RMSELoss_20260724_030444,ModelEfficientNetB0_fvs_No_Noise_250k_RMSELoss,RMSELoss,2026-07-24 03:04:44,163/200,2026-07-24 17:24:18,0.023932,0.062818,False,0.00000039,263.57,36997985,8,42
ModelEfficientNetB0_fvs_No_Noise_250k_RMSELoss_20260724_030444,ModelEfficientNetB0_fvs_No_Noise_250k_RMSELoss,RMSELoss,2026-07-24 03:04:44,164/200,2026-07-24 17:28:41,0.023913,0.062788,False,0.00000039,263.19,36997985,8,42
ModelEfficientNetB0_fvs_No_Noise_250k_RMSELoss_20260724_030444,ModelEfficientNetB0_fvs_No_Noise_250k_RMSELoss,RMSELoss,2026-07-24 03:04:44,165/200,2026-07-24 17:33:08,0.024003,0.062909,False,0.00000039,267.16,36997985,8,42
ModelEfficientNetB0_fvs_No_Noise_250k_RMSELoss_20260724_030444,ModelEfficientNetB0_fvs_No_Noise_250k_RMSELoss,RMSELoss,2026-07-24 03:04:44,166/200,2026-07-24 17:37:32,0.023950,0.062897,False,0.00000039,263.71,36997985,8,42
ModelEfficientNetB0_fvs_No_Noise_250k_RMSELoss_20260724_030444,ModelEfficientNetB0_fvs_No_Noise_250k_RMSELoss,RMSELoss,2026-07-24 03:04:44,167/200,2026-07-24 17:41:57,0.023984,0.062801,False,0.00000039,265.24,36997985,8,42
ModelEfficientNetB0_fvs_No_Noise_250k_RMSELoss_20260724_030444,ModelEfficientNetB0_fvs_No_Noise_250k_RMSELoss,RMSELoss,2026-07-24 03:04:44,168/200,2026-07-24 17:46:22,0.023965,0.062702,False,0.00000039,264.97,36997985,8,42
ModelEfficientNetB0_fvs_No_Noise_250k_RMSELoss_20260724_030444,ModelEfficientNetB0_fvs_No_Noise_250k_RMSELoss,RMSELoss,2026-07-24 03:04:44,169/200,2026-07-24 17:50:47,0.023875,0.062671,True,0.00000039,264.87,36997985,8,42
ModelEfficientNetB0_fvs_No_Noise_250k_RMSELoss_20260724_030444,ModelEfficientNetB0_fvs_No_Noise_250k_RMSELoss,RMSELoss,2026-07-24 03:04:44,170/200,2026-07-24 17:55:20,0.023966,0.062697,False,0.00000039,263.46,36997985,8,42
ModelEfficientNetB0_fvs_No_Noise_250k_RMSELoss_20260724_030444,ModelEfficientNetB0_fvs_No_Noise_250k_RMSELoss,RMSELoss,2026-07-24 03:04:44,171/200,2026-07-24 17:59:46,0.023967,0.062795,False,0.00000039,265.68,36997985,8,42
ModelEfficientNetB0_fvs_No_Noise_250k_RMSELoss_20260724_030444,ModelEfficientNetB0_fvs_No_Noise_250k_RMSELoss,RMSELoss,2026-07-24 03:04:44,172/200,2026-07-24 18:04:11,0.023994,0.062765,False,0.00000039,265.20,36997985,8,42
ModelEfficientNetB0_fvs_No_Noise_250k_RMSELoss_20260724_030444,ModelEfficientNetB0_fvs_No_Noise_250k_RMSELoss,RMSELoss,2026-07-24 03:04:44,173/200,2026-07-24 18:08:36,0.023936,0.062817,False,0.00000039,264.98,36997985,8,42
ModelEfficientNetB0_fvs_No_Noise_250k_RMSELoss_20260724_030444,ModelEfficientNetB0_fvs_No_Noise_250k_RMSELoss,RMSELoss,2026-07-24 03:04:44,174/200,2026-07-24 18:13:00,0.023972,0.062933,False,0.00000039,263.29,36997985,8,42
ModelEfficientNetB0_fvs_No_Noise_250k_RMSELoss_20260724_030444,ModelEfficientNetB0_fvs_No_Noise_250k_RMSELoss,RMSELoss,2026-07-24 03:04:44,175/200,2026-07-24 18:17:24,0.023913,0.062939,False,0.00000039,264.20,36997985,8,42
ModelEfficientNetB0_fvs_No_Noise_250k_RMSELoss_20260724_030444,ModelEfficientNetB0_fvs_No_Noise_250k_RMSELoss,RMSELoss,2026-07-24 03:04:44,176/200,2026-07-24 18:21:47,0.023924,0.062704,False,0.00000039,263.46,36997985,8,42
ModelEfficientNetB0_fvs_No_Noise_250k_RMSELoss_20260724_030444,ModelEfficientNetB0_fvs_No_Noise_250k_RMSELoss,RMSELoss,2026-07-24 03:04:44,177/200,2026-07-24 18:26:10,0.023859,0.062789,False,0.00000039,263.18,36997985,8,42
ModelEfficientNetB0_fvs_No_Noise_250k_RMSELoss_20260724_030444,ModelEfficientNetB0_fvs_No_Noise_250k_RMSELoss,RMSELoss,2026-07-24 03:04:44,178/200,2026-07-24 18:30:35,0.023938,0.062724,False,0.00000039,264.34,36997985,8,42
ModelEfficientNetB0_fvs_No_Noise_250k_RMSELoss_20260724_030444,ModelEfficientNetB0_fvs_No_Noise_250k_RMSELoss,RMSELoss,2026-07-24 03:04:44,179/200,2026-07-24 18:35:02,0.023910,0.062864,False,0.00000039,267.06,36997985,8,42
ModelEfficientNetB0_fvs_No_Noise_250k_RMSELoss_20260724_030444,ModelEfficientNetB0_fvs_No_Noise_250k_RMSELoss,RMSELoss,2026-07-24 03:04:44,180/200,2026-07-24 18:39:26,0.023938,0.062785,False,0.00000020,263.80,36997985,8,42
ModelEfficientNetB0_fvs_No_Noise_250k_RMSELoss_20260724_030444,ModelEfficientNetB0_fvs_No_Noise_250k_RMSELoss,RMSELoss,2026-07-24 03:04:44,181/200,2026-07-24 18:43:51,0.023940,0.062895,False,0.00000020,265.00,36997985,8,42
ModelEfficientNetB0_fvs_No_Noise_250k_RMSELoss_20260724_030444,ModelEfficientNetB0_fvs_No_Noise_250k_RMSELoss,RMSELoss,2026-07-24 03:04:44,182/200,2026-07-24 18:48:14,0.023881,0.062816,False,0.00000020,263.48,36997985,8,42
ModelEfficientNetB0_fvs_No_Noise_250k_RMSELoss_20260724_030444,ModelEfficientNetB0_fvs_No_Noise_250k_RMSELoss,RMSELoss,2026-07-24 03:04:44,183/200,2026-07-24 18:52:39,0.023858,0.062790,False,0.00000020,264.40,36997985,8,42
ModelEfficientNetB0_fvs_No_Noise_250k_RMSELoss_20260724_030444,ModelEfficientNetB0_fvs_No_Noise_250k_RMSELoss,RMSELoss,2026-07-24 03:04:44,184/200,2026-07-24 18:57:02,0.023847,0.062747,False,0.00000020,263.33,36997985,8,42
ModelEfficientNetB0_fvs_No_Noise_250k_RMSELoss_20260724_030444,ModelEfficientNetB0_fvs_No_Noise_250k_RMSELoss,RMSELoss,2026-07-24 03:04:44,185/200,2026-07-24 19:01:27,0.023906,0.062948,False,0.00000020,264.72,36997985,8,42
ModelEfficientNetB0_fvs_No_Noise_250k_RMSELoss_20260724_030444,ModelEfficientNetB0_fvs_No_Noise_250k_RMSELoss,RMSELoss,2026-07-24 03:04:44,186/200,2026-07-24 19:05:53,0.023898,0.062834,False,0.00000020,266.15,36997985,8,42
ModelEfficientNetB0_fvs_No_Noise_250k_RMSELoss_20260724_030444,ModelEfficientNetB0_fvs_No_Noise_250k_RMSELoss,RMSELoss,2026-07-24 03:04:44,187/200,2026-07-24 19:10:17,0.023824,0.062933,False,0.00000020,264.57,36997985,8,42
ModelEfficientNetB0_fvs_No_Noise_250k_RMSELoss_20260724_030444,ModelEfficientNetB0_fvs_No_Noise_250k_RMSELoss,RMSELoss,2026-07-24 03:04:44,188/200,2026-07-24 19:14:43,0.023911,0.062744,False,0.00000020,265.26,36997985,8,42
ModelEfficientNetB0_fvs_No_Noise_250k_RMSELoss_20260724_030444,ModelEfficientNetB0_fvs_No_Noise_250k_RMSELoss,RMSELoss,2026-07-24 03:04:44,189/200,2026-07-24 19:19:06,0.023861,0.062789,False,0.00000020,263.71,36997985,8,42
ModelEfficientNetB0_fvs_No_Noise_250k_RMSELoss_20260724_030444,ModelEfficientNetB0_fvs_No_Noise_250k_RMSELoss,RMSELoss,2026-07-24 03:04:44,190/200,2026-07-24 19:23:31,0.023860,0.062850,False,0.00000020,264.57,36997985,8,42
ModelEfficientNetB0_fvs_No_Noise_250k_RMSELoss_20260724_030444,ModelEfficientNetB0_fvs_No_Noise_250k_RMSELoss,RMSELoss,2026-07-24 03:04:44,191/200,2026-07-24 19:27:54,0.023886,0.062867,False,0.00000020,262.65,36997985,8,42
ModelEfficientNetB0_fvs_No_Noise_250k_RMSELoss_20260724_030444,ModelEfficientNetB0_fvs_No_Noise_250k_RMSELoss,RMSELoss,2026-07-24 03:04:44,192/200,2026-07-24 19:32:19,0.023886,0.062869,False,0.00000020,264.96,36997985,8,42
ModelEfficientNetB0_fvs_No_Noise_250k_RMSELoss_20260724_030444,ModelEfficientNetB0_fvs_No_Noise_250k_RMSELoss,RMSELoss,2026-07-24 03:04:44,193/200,2026-07-24 19:36:46,0.023817,0.062804,False,0.00000020,267.60,36997985,8,42
ModelEfficientNetB0_fvs_No_Noise_250k_RMSELoss_20260724_030444,ModelEfficientNetB0_fvs_No_Noise_250k_RMSELoss,RMSELoss,2026-07-24 03:04:44,194/200,2026-07-24 19:41:12,0.023852,0.062844,False,0.00000020,265.87,36997985,8,42
ModelEfficientNetB0_fvs_No_Noise_250k_RMSELoss_20260724_030444,ModelEfficientNetB0_fvs_No_Noise_250k_RMSELoss,RMSELoss,2026-07-24 03:04:44,195/200,2026-07-24 19:45:35,0.023954,0.062994,False,0.00000020,262.90,36997985,8,42
ModelEfficientNetB0_fvs_No_Noise_250k_RMSELoss_20260724_030444,ModelEfficientNetB0_fvs_No_Noise_250k_RMSELoss,RMSELoss,2026-07-24 03:04:44,196/200,2026-07-24 19:49:59,0.023841,0.062703,False,0.00000020,264.00,36997985,8,42
ModelEfficientNetB0_fvs_No_Noise_250k_RMSELoss_20260724_030444,ModelEfficientNetB0_fvs_No_Noise_250k_RMSELoss,RMSELoss,2026-07-24 03:04:44,197/200,2026-07-24 19:54:24,0.023911,0.062771,False,0.00000020,265.41,36997985,8,42
ModelEfficientNetB0_fvs_No_Noise_250k_RMSELoss_20260724_030444,ModelEfficientNetB0_fvs_No_Noise_250k_RMSELoss,RMSELoss,2026-07-24 03:04:44,198/200,2026-07-24 19:58:49,0.023827,0.063003,False,0.00000020,264.47,36997985,8,42
ModelEfficientNetB0_fvs_No_Noise_250k_RMSELoss_20260724_030444,ModelEfficientNetB0_fvs_No_Noise_250k_RMSELoss,RMSELoss,2026-07-24 03:04:44,199/200,2026-07-24 20:03:15,0.023808,0.062785,False,0.00000020,265.79,36997985,8,42
ModelEfficientNetB0_fvs_No_Noise_250k_RMSELoss_20260724_030444,ModelEfficientNetB0_fvs_No_Noise_250k_RMSELoss,RMSELoss,2026-07-24 03:04:44,200/200,2026-07-24 20:07:39,0.023866,0.062703,False,0.00000010,264.63,36997985,8,42
